"D:/UE4t/Tutorial1/myGames/EndlessRunner/Content/Construction_VOL1/Textures/Unique/TX_Decal_01a_ALB.uasset" 0
"D:/UE4t/Tutorial1/myGames/EndlessRunner/Content/Construction_VOL1/Textures/Unique/TX_Decal_01a_ALB.uexp" 1
"D:/UE4t/Tutorial1/myGames/EndlessRunner/Content/Construction_VOL1/Textures/Unique/TX_Decal_01a_ALB.ubulk" 2
"D:/UE4t/Tutorial1/myGames/EndlessRunner/Content/Construction_VOL1/Materials/Masters/MM_Decal_01.uasset" 3
"D:/UE4t/Tutorial1/myGames/EndlessRunner/Content/Construction_VOL1/Materials/Masters/MM_Decal_01.uexp" 4
"D:/UE4t/Tutorial1/myGames/EndlessRunner/Content/Construction_VOL1/Materials/Instances/MI_Decal_01a.uasset" 5
"D:/UE4t/Tutorial1/myGames/EndlessRunner/Content/Construction_VOL1/Materials/Instances/MI_Decal_01a.uexp" 6
"D:/UE4t/Tutorial1/myGames/EndlessRunner/Content/Construction_VOL1/Textures/Tileable/TX_Dirt_01_ALB.uasset" 7
"D:/UE4t/Tutorial1/myGames/EndlessRunner/Content/Construction_VOL1/Textures/Tileable/TX_Dirt_01_ALB.uexp" 8
"D:/UE4t/Tutorial1/myGames/EndlessRunner/Content/Construction_VOL1/Textures/Tileable/TX_Dirt_01_ALB.ubulk" 9
"../../../Engine/Content/Functions/Engine_MaterialFunctions01/Gradient/LinearGradient.uasset" 10
"../../../Engine/Content/Functions/Engine_MaterialFunctions01/Gradient/LinearGradient.uexp" 11
"../../../Engine/Content/Functions/Engine_MaterialFunctions01/ImageAdjustment/CheapContrast.uasset" 12
"../../../Engine/Content/Functions/Engine_MaterialFunctions01/ImageAdjustment/CheapContrast.uexp" 13
"D:/UE4t/Tutorial1/myGames/EndlessRunner/Content/Construction_VOL1/Materials/Functions/MI_VertexBlend_02a.uasset" 14
"D:/UE4t/Tutorial1/myGames/EndlessRunner/Content/Construction_VOL1/Materials/Functions/MI_VertexBlend_02a.uexp" 15
"D:/UE4t/Tutorial1/myGames/EndlessRunner/Content/Construction_VOL1/Textures/Utility/TX_Fill_01_RMA.uasset" 16
"D:/UE4t/Tutorial1/myGames/EndlessRunner/Content/Construction_VOL1/Textures/Utility/TX_Fill_01_RMA.uexp" 17
"D:/UE4t/Tutorial1/myGames/EndlessRunner/Content/Construction_VOL1/Textures/Utility/TX_Fill_01_RMA.ubulk" 18
"D:/UE4t/Tutorial1/myGames/EndlessRunner/Content/Construction_VOL1/Textures/Utility/TX_Fill_01_NRM.uasset" 19
"D:/UE4t/Tutorial1/myGames/EndlessRunner/Content/Construction_VOL1/Textures/Utility/TX_Fill_01_NRM.uexp" 20
"D:/UE4t/Tutorial1/myGames/EndlessRunner/Content/Construction_VOL1/Textures/Utility/TX_Fill_01_NRM.ubulk" 21
"D:/UE4t/Tutorial1/myGames/EndlessRunner/Content/Construction_VOL1/Textures/Utility/TX_Fill_01_ALB.uasset" 22
"D:/UE4t/Tutorial1/myGames/EndlessRunner/Content/Construction_VOL1/Textures/Utility/TX_Fill_01_ALB.uexp" 23
"D:/UE4t/Tutorial1/myGames/EndlessRunner/Content/Construction_VOL1/Textures/Utility/TX_Fill_01_ALB.ubulk" 24
"../../../Engine/Content/Functions/MaterialLayerFunctions/MatLayerBlend_Simple.uasset" 25
"../../../Engine/Content/Functions/MaterialLayerFunctions/MatLayerBlend_Simple.uexp" 26
"../../../Engine/Content/Functions/MaterialLayerFunctions/MatLayerBlend_BreakBaseColor.uasset" 27
"../../../Engine/Content/Functions/MaterialLayerFunctions/MatLayerBlend_BreakBaseColor.uexp" 28
"../../../Engine/Content/EngineMaterials/BlendFunc_DefBlend.uasset" 29
"../../../Engine/Content/EngineMaterials/BlendFunc_DefBlend.uexp" 30
"../../../Engine/Content/EngineMaterials/BlendFunc_DefBase.uasset" 31
"../../../Engine/Content/EngineMaterials/BlendFunc_DefBase.uexp" 32
"../../../Engine/Content/Functions/Engine_MaterialFunctions03/Blends/Blend_Overlay.uasset" 33
"../../../Engine/Content/Functions/Engine_MaterialFunctions03/Blends/Blend_Overlay.uexp" 34
"../../../Engine/Content/Functions/Engine_MaterialFunctions02/Utility/BlendAngleCorrectedNormals.uasset" 35
"../../../Engine/Content/Functions/Engine_MaterialFunctions02/Utility/BlendAngleCorrectedNormals.uexp" 36
"D:/UE4t/Tutorial1/myGames/EndlessRunner/Content/Construction_VOL1/Textures/Tileable/TX_Noise_NRM.uasset" 37
"D:/UE4t/Tutorial1/myGames/EndlessRunner/Content/Construction_VOL1/Textures/Tileable/TX_Noise_NRM.uexp" 38
"D:/UE4t/Tutorial1/myGames/EndlessRunner/Content/Construction_VOL1/Textures/Tileable/TX_Noise_NRM.ubulk" 39
"D:/UE4t/Tutorial1/myGames/EndlessRunner/Content/Construction_VOL1/Textures/Tileable/TX_Micro_MASK.uasset" 40
"D:/UE4t/Tutorial1/myGames/EndlessRunner/Content/Construction_VOL1/Textures/Tileable/TX_Micro_MASK.uexp" 41
"D:/UE4t/Tutorial1/myGames/EndlessRunner/Content/Construction_VOL1/Textures/Tileable/TX_Micro_MASK.ubulk" 42
"../../../Engine/Content/Functions/Engine_MaterialFunctions01/Texturing/FlattenNormal.uasset" 43
"../../../Engine/Content/Functions/Engine_MaterialFunctions01/Texturing/FlattenNormal.uexp" 44
"D:/UE4t/Tutorial1/myGames/EndlessRunner/Content/Construction_VOL1/Materials/Functions/MF_MicroDetail_01a.uasset" 45
"D:/UE4t/Tutorial1/myGames/EndlessRunner/Content/Construction_VOL1/Materials/Functions/MF_MicroDetail_01a.uexp" 46
"D:/UE4t/Tutorial1/myGames/EndlessRunner/Content/Construction_VOL1/Materials/Masters/MM_MasterMaterial_01.uasset" 47
"D:/UE4t/Tutorial1/myGames/EndlessRunner/Content/Construction_VOL1/Materials/Masters/MM_MasterMaterial_01.uexp" 48
"D:/UE4t/Tutorial1/myGames/EndlessRunner/Content/Construction_VOL1/Textures/Unique/TX_Propane_01_RMA.uasset" 49
"D:/UE4t/Tutorial1/myGames/EndlessRunner/Content/Construction_VOL1/Textures/Unique/TX_Propane_01_RMA.uexp" 50
"D:/UE4t/Tutorial1/myGames/EndlessRunner/Content/Construction_VOL1/Textures/Unique/TX_Propane_01_RMA.ubulk" 51
"D:/UE4t/Tutorial1/myGames/EndlessRunner/Content/Construction_VOL1/Textures/Unique/TX_Propane_01_NRM.uasset" 52
"D:/UE4t/Tutorial1/myGames/EndlessRunner/Content/Construction_VOL1/Textures/Unique/TX_Propane_01_NRM.uexp" 53
"D:/UE4t/Tutorial1/myGames/EndlessRunner/Content/Construction_VOL1/Textures/Unique/TX_Propane_01_NRM.ubulk" 54
"D:/UE4t/Tutorial1/myGames/EndlessRunner/Content/Construction_VOL1/Textures/Unique/TX_Propane_01_ALB.uasset" 55
"D:/UE4t/Tutorial1/myGames/EndlessRunner/Content/Construction_VOL1/Textures/Unique/TX_Propane_01_ALB.uexp" 56
"D:/UE4t/Tutorial1/myGames/EndlessRunner/Content/Construction_VOL1/Textures/Unique/TX_Propane_01_ALB.ubulk" 57
"D:/UE4t/Tutorial1/myGames/EndlessRunner/Content/Construction_VOL1/Materials/Instances/MI_Propanetank_01a.uasset" 58
"D:/UE4t/Tutorial1/myGames/EndlessRunner/Content/Construction_VOL1/Materials/Instances/MI_Propanetank_01a.uexp" 59
"D:/UE4t/Tutorial1/myGames/EndlessRunner/Content/Construction_VOL1/Textures/Unique/TX_ConstructionPylons_01_RMA.uasset" 60
"D:/UE4t/Tutorial1/myGames/EndlessRunner/Content/Construction_VOL1/Textures/Unique/TX_ConstructionPylons_01_RMA.uexp" 61
"D:/UE4t/Tutorial1/myGames/EndlessRunner/Content/Construction_VOL1/Textures/Unique/TX_ConstructionPylons_01_RMA.ubulk" 62
"D:/UE4t/Tutorial1/myGames/EndlessRunner/Content/Construction_VOL1/Textures/Unique/TX_ConstructionPylons_01_NRM.uasset" 63
"D:/UE4t/Tutorial1/myGames/EndlessRunner/Content/Construction_VOL1/Textures/Unique/TX_ConstructionPylons_01_NRM.uexp" 64
"D:/UE4t/Tutorial1/myGames/EndlessRunner/Content/Construction_VOL1/Textures/Unique/TX_ConstructionPylons_01_NRM.ubulk" 65
"D:/UE4t/Tutorial1/myGames/EndlessRunner/Content/Construction_VOL1/Textures/Unique/TX_ConstructionPylons_01_ALB.uasset" 66
"D:/UE4t/Tutorial1/myGames/EndlessRunner/Content/Construction_VOL1/Textures/Unique/TX_ConstructionPylons_01_ALB.uexp" 67
"D:/UE4t/Tutorial1/myGames/EndlessRunner/Content/Construction_VOL1/Textures/Unique/TX_ConstructionPylons_01_ALB.ubulk" 68
"D:/UE4t/Tutorial1/myGames/EndlessRunner/Content/Construction_VOL1/Materials/Instances/MI_ConstructionPylon_01a.uasset" 69
"D:/UE4t/Tutorial1/myGames/EndlessRunner/Content/Construction_VOL1/Materials/Instances/MI_ConstructionPylon_01a.uexp" 70
"D:/UE4t/Tutorial1/myGames/EndlessRunner/Content/Construction_VOL1/Meshes/SM_ConstructionPylons_01g.uasset" 71
"D:/UE4t/Tutorial1/myGames/EndlessRunner/Content/Construction_VOL1/Meshes/SM_ConstructionPylons_01g.uexp" 72
"D:/UE4t/Tutorial1/myGames/EndlessRunner/Content/Construction_VOL1/Textures/Tileable/TX_RockyMud_02_ALB.uasset" 73
"D:/UE4t/Tutorial1/myGames/EndlessRunner/Content/Construction_VOL1/Textures/Tileable/TX_RockyMud_02_ALB.uexp" 74
"D:/UE4t/Tutorial1/myGames/EndlessRunner/Content/Construction_VOL1/Textures/Tileable/TX_RockyMud_02_ALB.ubulk" 75
"D:/UE4t/Tutorial1/myGames/EndlessRunner/Content/Construction_VOL1/Materials/Functions/MF_VertexBlend_01a.uasset" 76
"D:/UE4t/Tutorial1/myGames/EndlessRunner/Content/Construction_VOL1/Materials/Functions/MF_VertexBlend_01a.uexp" 77
"D:/UE4t/Tutorial1/myGames/EndlessRunner/Content/Construction_VOL1/Textures/Tileable/TX_RockyMud_02_RHA.uasset" 78
"D:/UE4t/Tutorial1/myGames/EndlessRunner/Content/Construction_VOL1/Textures/Tileable/TX_RockyMud_02_RHA.uexp" 79
"D:/UE4t/Tutorial1/myGames/EndlessRunner/Content/Construction_VOL1/Textures/Tileable/TX_RockyMud_02_RHA.ubulk" 80
"D:/UE4t/Tutorial1/myGames/EndlessRunner/Content/Construction_VOL1/Textures/Tileable/TX_RockyMud_02_NRM.uasset" 81
"D:/UE4t/Tutorial1/myGames/EndlessRunner/Content/Construction_VOL1/Textures/Tileable/TX_RockyMud_02_NRM.uexp" 82
"D:/UE4t/Tutorial1/myGames/EndlessRunner/Content/Construction_VOL1/Textures/Tileable/TX_RockyMud_02_NRM.ubulk" 83
"D:/UE4t/Tutorial1/myGames/EndlessRunner/Content/Construction_VOL1/Textures/Tileable/TX_RockyMud_01_RHA.uasset" 84
"D:/UE4t/Tutorial1/myGames/EndlessRunner/Content/Construction_VOL1/Textures/Tileable/TX_RockyMud_01_RHA.uexp" 85
"D:/UE4t/Tutorial1/myGames/EndlessRunner/Content/Construction_VOL1/Textures/Tileable/TX_RockyMud_01_RHA.ubulk" 86
"D:/UE4t/Tutorial1/myGames/EndlessRunner/Content/Construction_VOL1/Textures/Tileable/TX_RockyMud_01_NRM.uasset" 87
"D:/UE4t/Tutorial1/myGames/EndlessRunner/Content/Construction_VOL1/Textures/Tileable/TX_RockyMud_01_NRM.uexp" 88
"D:/UE4t/Tutorial1/myGames/EndlessRunner/Content/Construction_VOL1/Textures/Tileable/TX_RockyMud_01_NRM.ubulk" 89
"D:/UE4t/Tutorial1/myGames/EndlessRunner/Content/Construction_VOL1/Textures/Tileable/TX_RockyMud_01_ALB.uasset" 90
"D:/UE4t/Tutorial1/myGames/EndlessRunner/Content/Construction_VOL1/Textures/Tileable/TX_RockyMud_01_ALB.uexp" 91
"D:/UE4t/Tutorial1/myGames/EndlessRunner/Content/Construction_VOL1/Textures/Tileable/TX_RockyMud_01_ALB.ubulk" 92
"D:/UE4t/Tutorial1/myGames/EndlessRunner/Content/Construction_VOL1/Materials/Masters/MM_Background_01a.uasset" 93
"D:/UE4t/Tutorial1/myGames/EndlessRunner/Content/Construction_VOL1/Materials/Masters/MM_Background_01a.uexp" 94
"D:/UE4t/Tutorial1/myGames/EndlessRunner/Content/Construction_VOL1/Materials/Instances/MI_Background_01a.uasset" 95
"D:/UE4t/Tutorial1/myGames/EndlessRunner/Content/Construction_VOL1/Materials/Instances/MI_Background_01a.uexp" 96
"D:/UE4t/Tutorial1/myGames/EndlessRunner/Content/Construction_VOL1/Meshes/SM_ZBackdrop_01.uasset" 97
"D:/UE4t/Tutorial1/myGames/EndlessRunner/Content/Construction_VOL1/Meshes/SM_ZBackdrop_01.uexp" 98
"D:/UE4t/Tutorial1/myGames/EndlessRunner/Content/Construction_VOL1/Textures/Unique/TX_ConstructionFence_01a_DISP.uasset" 99
"D:/UE4t/Tutorial1/myGames/EndlessRunner/Content/Construction_VOL1/Textures/Unique/TX_ConstructionFence_01a_DISP.uexp" 100
"D:/UE4t/Tutorial1/myGames/EndlessRunner/Content/Construction_VOL1/Textures/Unique/TX_ConstructionFence_01a_DISP.ubulk" 101
"D:/UE4t/Tutorial1/myGames/EndlessRunner/Content/Construction_VOL1/Textures/Utility/TX_Backdrop_01_ALB.uasset" 102
"D:/UE4t/Tutorial1/myGames/EndlessRunner/Content/Construction_VOL1/Textures/Utility/TX_Backdrop_01_ALB.uexp" 103
"D:/UE4t/Tutorial1/myGames/EndlessRunner/Content/Construction_VOL1/Textures/Utility/TX_Backdrop_01_ALB.ubulk" 104
"D:/UE4t/Tutorial1/myGames/EndlessRunner/Content/Construction_VOL1/Textures/Utility/TX_Backdrop_01_NRM.uasset" 105
"D:/UE4t/Tutorial1/myGames/EndlessRunner/Content/Construction_VOL1/Textures/Utility/TX_Backdrop_01_NRM.uexp" 106
"D:/UE4t/Tutorial1/myGames/EndlessRunner/Content/Construction_VOL1/Textures/Utility/TX_Backdrop_01_NRM.ubulk" 107
"D:/UE4t/Tutorial1/myGames/EndlessRunner/Content/Construction_VOL2/Textures/Tileable/TX_Dirt_01_ALB.uasset" 108
"D:/UE4t/Tutorial1/myGames/EndlessRunner/Content/Construction_VOL2/Textures/Tileable/TX_Dirt_01_ALB.uexp" 109
"D:/UE4t/Tutorial1/myGames/EndlessRunner/Content/Construction_VOL2/Textures/Tileable/TX_Dirt_01_ALB.ubulk" 110
"D:/UE4t/Tutorial1/myGames/EndlessRunner/Content/Construction_VOL2/Materials/Functions/MI_VertexBlend_02a.uasset" 111
"D:/UE4t/Tutorial1/myGames/EndlessRunner/Content/Construction_VOL2/Materials/Functions/MI_VertexBlend_02a.uexp" 112
"D:/UE4t/Tutorial1/myGames/EndlessRunner/Content/Construction_VOL2/Materials/Masters/MM_PP_Sharpen.uasset" 113
"D:/UE4t/Tutorial1/myGames/EndlessRunner/Content/Construction_VOL2/Materials/Masters/MM_PP_Sharpen.uexp" 114
"D:/UE4t/Tutorial1/myGames/EndlessRunner/Content/Construction_VOL2/Textures/Tileable/TX_RockyMud_02_RHA.uasset" 115
"D:/UE4t/Tutorial1/myGames/EndlessRunner/Content/Construction_VOL2/Textures/Tileable/TX_RockyMud_02_RHA.uexp" 116
"D:/UE4t/Tutorial1/myGames/EndlessRunner/Content/Construction_VOL2/Textures/Tileable/TX_RockyMud_02_RHA.ubulk" 117
"D:/UE4t/Tutorial1/myGames/EndlessRunner/Content/Construction_VOL2/Textures/Tileable/TX_RockyMud_02_NRM.uasset" 118
"D:/UE4t/Tutorial1/myGames/EndlessRunner/Content/Construction_VOL2/Textures/Tileable/TX_RockyMud_02_NRM.uexp" 119
"D:/UE4t/Tutorial1/myGames/EndlessRunner/Content/Construction_VOL2/Textures/Tileable/TX_RockyMud_02_NRM.ubulk" 120
"D:/UE4t/Tutorial1/myGames/EndlessRunner/Content/Construction_VOL2/Textures/Tileable/TX_RockyMud_01_RHA.uasset" 121
"D:/UE4t/Tutorial1/myGames/EndlessRunner/Content/Construction_VOL2/Textures/Tileable/TX_RockyMud_01_RHA.uexp" 122
"D:/UE4t/Tutorial1/myGames/EndlessRunner/Content/Construction_VOL2/Textures/Tileable/TX_RockyMud_01_RHA.ubulk" 123
"D:/UE4t/Tutorial1/myGames/EndlessRunner/Content/Construction_VOL2/Textures/Tileable/TX_RockyMud_01_NRM.uasset" 124
"D:/UE4t/Tutorial1/myGames/EndlessRunner/Content/Construction_VOL2/Textures/Tileable/TX_RockyMud_01_NRM.uexp" 125
"D:/UE4t/Tutorial1/myGames/EndlessRunner/Content/Construction_VOL2/Textures/Tileable/TX_RockyMud_01_NRM.ubulk" 126
"D:/UE4t/Tutorial1/myGames/EndlessRunner/Content/Construction_VOL2/Textures/Tileable/TX_RockyMud_01_ALB.uasset" 127
"D:/UE4t/Tutorial1/myGames/EndlessRunner/Content/Construction_VOL2/Textures/Tileable/TX_RockyMud_01_ALB.uexp" 128
"D:/UE4t/Tutorial1/myGames/EndlessRunner/Content/Construction_VOL2/Textures/Tileable/TX_RockyMud_01_ALB.ubulk" 129
"D:/UE4t/Tutorial1/myGames/EndlessRunner/Content/Construction_VOL2/Textures/Tileable/TX_RockyMud_02_ALB.uasset" 130
"D:/UE4t/Tutorial1/myGames/EndlessRunner/Content/Construction_VOL2/Textures/Tileable/TX_RockyMud_02_ALB.uexp" 131
"D:/UE4t/Tutorial1/myGames/EndlessRunner/Content/Construction_VOL2/Textures/Tileable/TX_RockyMud_02_ALB.ubulk" 132
"D:/UE4t/Tutorial1/myGames/EndlessRunner/Content/Construction_VOL2/Materials/Functions/MF_VertexBlend_01a.uasset" 133
"D:/UE4t/Tutorial1/myGames/EndlessRunner/Content/Construction_VOL2/Materials/Functions/MF_VertexBlend_01a.uexp" 134
"D:/UE4t/Tutorial1/myGames/EndlessRunner/Content/Construction_VOL2/Materials/Masters/MM_Background_01a.uasset" 135
"D:/UE4t/Tutorial1/myGames/EndlessRunner/Content/Construction_VOL2/Materials/Masters/MM_Background_01a.uexp" 136
"D:/UE4t/Tutorial1/myGames/EndlessRunner/Content/Construction_VOL2/Materials/Instances/MI_Background_01a.uasset" 137
"D:/UE4t/Tutorial1/myGames/EndlessRunner/Content/Construction_VOL2/Materials/Instances/MI_Background_01a.uexp" 138
"D:/UE4t/Tutorial1/myGames/EndlessRunner/Content/Construction_VOL2/Meshes/SM_ZBackdrop_01.uasset" 139
"D:/UE4t/Tutorial1/myGames/EndlessRunner/Content/Construction_VOL2/Meshes/SM_ZBackdrop_01.uexp" 140
"D:/UE4t/Tutorial1/myGames/EndlessRunner/Content/Construction_VOL2/Textures/Tileable/TX_DebrisTile_ALB.uasset" 141
"D:/UE4t/Tutorial1/myGames/EndlessRunner/Content/Construction_VOL2/Textures/Tileable/TX_DebrisTile_ALB.uexp" 142
"D:/UE4t/Tutorial1/myGames/EndlessRunner/Content/Construction_VOL2/Textures/Tileable/TX_DebrisTile_ALB.ubulk" 143
"D:/UE4t/Tutorial1/myGames/EndlessRunner/Content/Construction_VOL2/Textures/Tileable/TX_DebrisTile_NRM.uasset" 144
"D:/UE4t/Tutorial1/myGames/EndlessRunner/Content/Construction_VOL2/Textures/Tileable/TX_DebrisTile_NRM.uexp" 145
"D:/UE4t/Tutorial1/myGames/EndlessRunner/Content/Construction_VOL2/Textures/Tileable/TX_DebrisTile_NRM.ubulk" 146
"D:/UE4t/Tutorial1/myGames/EndlessRunner/Content/Construction_VOL2/Textures/Tileable/TX_DebrisTile_RMA.uasset" 147
"D:/UE4t/Tutorial1/myGames/EndlessRunner/Content/Construction_VOL2/Textures/Tileable/TX_DebrisTile_RMA.uexp" 148
"D:/UE4t/Tutorial1/myGames/EndlessRunner/Content/Construction_VOL2/Textures/Tileable/TX_DebrisTile_RMA.ubulk" 149
"D:/UE4t/Tutorial1/myGames/EndlessRunner/Content/Construction_VOL2/Textures/Utility/TX_Backdrop_01_ALB.uasset" 150
"D:/UE4t/Tutorial1/myGames/EndlessRunner/Content/Construction_VOL2/Textures/Utility/TX_Backdrop_01_ALB.uexp" 151
"D:/UE4t/Tutorial1/myGames/EndlessRunner/Content/Construction_VOL2/Textures/Utility/TX_Backdrop_01_ALB.ubulk" 152
"D:/UE4t/Tutorial1/myGames/EndlessRunner/Content/Construction_VOL2/Textures/Utility/TX_Backdrop_01_NRM.uasset" 153
"D:/UE4t/Tutorial1/myGames/EndlessRunner/Content/Construction_VOL2/Textures/Utility/TX_Backdrop_01_NRM.uexp" 154
"D:/UE4t/Tutorial1/myGames/EndlessRunner/Content/Construction_VOL2/Textures/Utility/TX_Backdrop_01_NRM.ubulk" 155
"D:/UE4t/Tutorial1/myGames/EndlessRunner/Content/Construction_VOL2/Textures/Utility/TX_Microdetail_MASK.uasset" 156
"D:/UE4t/Tutorial1/myGames/EndlessRunner/Content/Construction_VOL2/Textures/Utility/TX_Microdetail_MASK.uexp" 157
"D:/UE4t/Tutorial1/myGames/EndlessRunner/Content/Construction_VOL2/Textures/Utility/TX_Microdetail_MASK.ubulk" 158
"D:/UE4t/Tutorial1/myGames/EndlessRunner/Content/Man/Mesh/Full/SK_Man_Full_01_PhysicsAsset.uasset" 159
"D:/UE4t/Tutorial1/myGames/EndlessRunner/Content/Man/Mesh/Full/SK_Man_Full_01_PhysicsAsset.uexp" 160
"D:/UE4t/Tutorial1/myGames/EndlessRunner/Content/Man/Textures/Body/T_Man_Body_Normals.uasset" 161
"D:/UE4t/Tutorial1/myGames/EndlessRunner/Content/Man/Textures/Body/T_Man_Body_Normals.uexp" 162
"D:/UE4t/Tutorial1/myGames/EndlessRunner/Content/Man/Textures/Body/T_Man_Body_Normals.ubulk" 163
"D:/UE4t/Tutorial1/myGames/EndlessRunner/Content/Man/Textures/Body/T_Man_Body_Metallic.uasset" 164
"D:/UE4t/Tutorial1/myGames/EndlessRunner/Content/Man/Textures/Body/T_Man_Body_Metallic.uexp" 165
"D:/UE4t/Tutorial1/myGames/EndlessRunner/Content/Man/Textures/Body/T_Man_Body_Metallic.ubulk" 166
"D:/UE4t/Tutorial1/myGames/EndlessRunner/Content/Man/Textures/Body/T_Man_Body_Ao.uasset" 167
"D:/UE4t/Tutorial1/myGames/EndlessRunner/Content/Man/Textures/Body/T_Man_Body_Ao.uexp" 168
"D:/UE4t/Tutorial1/myGames/EndlessRunner/Content/Man/Textures/Body/T_Man_Body_Ao.ubulk" 169
"D:/UE4t/Tutorial1/myGames/EndlessRunner/Content/Man/Textures/Body/T_Man_Body_Albedo.uasset" 170
"D:/UE4t/Tutorial1/myGames/EndlessRunner/Content/Man/Textures/Body/T_Man_Body_Albedo.uexp" 171
"D:/UE4t/Tutorial1/myGames/EndlessRunner/Content/Man/Textures/Body/T_Man_Body_Albedo.ubulk" 172
"D:/UE4t/Tutorial1/myGames/EndlessRunner/Content/Man/Materials/M_MAn_Body.uasset" 173
"D:/UE4t/Tutorial1/myGames/EndlessRunner/Content/Man/Materials/M_MAn_Body.uexp" 174
"D:/UE4t/Tutorial1/myGames/EndlessRunner/Content/Man/Demo/Mesh/UE4_Mannequin_Skeleton.uasset" 175
"D:/UE4t/Tutorial1/myGames/EndlessRunner/Content/Man/Demo/Mesh/UE4_Mannequin_Skeleton.uexp" 176
"D:/UE4t/Tutorial1/myGames/EndlessRunner/Content/Man/Mesh/Full/SK_Man_Full_01.uasset" 177
"D:/UE4t/Tutorial1/myGames/EndlessRunner/Content/Man/Mesh/Full/SK_Man_Full_01.uexp" 178
"D:/UE4t/Tutorial1/myGames/EndlessRunner/Content/Content/Enums/EwichSide.uasset" 179
"D:/UE4t/Tutorial1/myGames/EndlessRunner/Content/Content/Enums/EwichSide.uexp" 180
"D:/UE4t/Tutorial1/myGames/EndlessRunner/Content/Content/BluePrints/Game/BP_GameState.uasset" 181
"D:/UE4t/Tutorial1/myGames/EndlessRunner/Content/Content/BluePrints/Game/BP_GameState.uexp" 182
"D:/UE4t/Tutorial1/myGames/EndlessRunner/Content/Content/UI/EndScreen_WB.uasset" 183
"D:/UE4t/Tutorial1/myGames/EndlessRunner/Content/Content/UI/EndScreen_WB.uexp" 184
"D:/UE4t/Tutorial1/myGames/EndlessRunner/Content/Content/BluePrints/Game/Course/Obstracles/Obstracle_Parent.uasset" 185
"D:/UE4t/Tutorial1/myGames/EndlessRunner/Content/Content/BluePrints/Game/Course/Obstracles/Obstracle_Parent.uexp" 186
"D:/UE4t/Tutorial1/myGames/EndlessRunner/Content/Man/Demo/Animations/ThirdPersonWalk.uasset" 187
"D:/UE4t/Tutorial1/myGames/EndlessRunner/Content/Man/Demo/Animations/ThirdPersonWalk.uexp" 188
"D:/UE4t/Tutorial1/myGames/EndlessRunner/Content/Man/Demo/Animations/ThirdPersonRun.uasset" 189
"D:/UE4t/Tutorial1/myGames/EndlessRunner/Content/Man/Demo/Animations/ThirdPersonRun.uexp" 190
"D:/UE4t/Tutorial1/myGames/EndlessRunner/Content/Man/Demo/Animations/ThirdPersonIdle.uasset" 191
"D:/UE4t/Tutorial1/myGames/EndlessRunner/Content/Man/Demo/Animations/ThirdPersonIdle.uexp" 192
"D:/UE4t/Tutorial1/myGames/EndlessRunner/Content/Content/BluePrints/Game/Character/walkRunAnime.uasset" 193
"D:/UE4t/Tutorial1/myGames/EndlessRunner/Content/Content/BluePrints/Game/Character/walkRunAnime.uexp" 194
"D:/UE4t/Tutorial1/myGames/EndlessRunner/Content/Man/Demo/Animations/ThirdPersonJump_Loop.uasset" 195
"D:/UE4t/Tutorial1/myGames/EndlessRunner/Content/Man/Demo/Animations/ThirdPersonJump_Loop.uexp" 196
"D:/UE4t/Tutorial1/myGames/EndlessRunner/Content/Man/Demo/Animations/ThirdPerson_Jump.uasset" 197
"D:/UE4t/Tutorial1/myGames/EndlessRunner/Content/Man/Demo/Animations/ThirdPerson_Jump.uexp" 198
"D:/UE4t/Tutorial1/myGames/EndlessRunner/Content/Content/BluePrints/Game/Character/Character_AnimeBP.uasset" 199
"D:/UE4t/Tutorial1/myGames/EndlessRunner/Content/Content/BluePrints/Game/Character/Character_AnimeBP.uexp" 200
"../../../Engine/Content/EditorBlueprintResources/StandardMacros.uasset" 201
"../../../Engine/Content/EditorBlueprintResources/StandardMacros.uexp" 202
"D:/UE4t/Tutorial1/myGames/EndlessRunner/Content/Content/BluePrints/Game/Character/BP_Character.uasset" 203
"D:/UE4t/Tutorial1/myGames/EndlessRunner/Content/Content/BluePrints/Game/Character/BP_Character.uexp" 204
"D:/UE4t/Tutorial1/myGames/EndlessRunner/Content/Content/BluePrints/Main_GI.uasset" 205
"D:/UE4t/Tutorial1/myGames/EndlessRunner/Content/Content/BluePrints/Main_GI.uexp" 206
"D:/UE4t/Tutorial1/myGames/EndlessRunner/Content/Content/BluePrints/Game/Character/subCharacter/Adam.uasset" 207
"D:/UE4t/Tutorial1/myGames/EndlessRunner/Content/Content/BluePrints/Game/Character/subCharacter/Adam.uexp" 208
"D:/UE4t/Tutorial1/myGames/EndlessRunner/Content/Man/Mesh/Full/SK_Man_Full_02_PhysicsAsset.uasset" 209
"D:/UE4t/Tutorial1/myGames/EndlessRunner/Content/Man/Mesh/Full/SK_Man_Full_02_PhysicsAsset.uexp" 210
"D:/UE4t/Tutorial1/myGames/EndlessRunner/Content/Man/Textures/Cloth/T_Man_Cloth_Down_Normals.uasset" 211
"D:/UE4t/Tutorial1/myGames/EndlessRunner/Content/Man/Textures/Cloth/T_Man_Cloth_Down_Normals.uexp" 212
"D:/UE4t/Tutorial1/myGames/EndlessRunner/Content/Man/Textures/Cloth/T_Man_Cloth_Down_Normals.ubulk" 213
"D:/UE4t/Tutorial1/myGames/EndlessRunner/Content/Man/Textures/Cloth/T_Man_Cloth_Down_Metallic.uasset" 214
"D:/UE4t/Tutorial1/myGames/EndlessRunner/Content/Man/Textures/Cloth/T_Man_Cloth_Down_Metallic.uexp" 215
"D:/UE4t/Tutorial1/myGames/EndlessRunner/Content/Man/Textures/Cloth/T_Man_Cloth_Down_Metallic.ubulk" 216
"D:/UE4t/Tutorial1/myGames/EndlessRunner/Content/Man/Textures/Cloth/T_Man_Cloth_Down_Ao.uasset" 217
"D:/UE4t/Tutorial1/myGames/EndlessRunner/Content/Man/Textures/Cloth/T_Man_Cloth_Down_Ao.uexp" 218
"D:/UE4t/Tutorial1/myGames/EndlessRunner/Content/Man/Textures/Cloth/T_Man_Cloth_Down_Ao.ubulk" 219
"D:/UE4t/Tutorial1/myGames/EndlessRunner/Content/Man/Textures/Cloth/T_Man_Cloth_Down_Albedo_01.uasset" 220
"D:/UE4t/Tutorial1/myGames/EndlessRunner/Content/Man/Textures/Cloth/T_Man_Cloth_Down_Albedo_01.uexp" 221
"D:/UE4t/Tutorial1/myGames/EndlessRunner/Content/Man/Textures/Cloth/T_Man_Cloth_Down_Albedo_01.ubulk" 222
"D:/UE4t/Tutorial1/myGames/EndlessRunner/Content/Man/Materials/M_Man_Cloth_Down_01.uasset" 223
"D:/UE4t/Tutorial1/myGames/EndlessRunner/Content/Man/Materials/M_Man_Cloth_Down_01.uexp" 224
"D:/UE4t/Tutorial1/myGames/EndlessRunner/Content/Man/Mesh/Full/SK_Man_Full_02.uasset" 225
"D:/UE4t/Tutorial1/myGames/EndlessRunner/Content/Man/Mesh/Full/SK_Man_Full_02.uexp" 226
"D:/UE4t/Tutorial1/myGames/EndlessRunner/Content/Content/BluePrints/Game/Character/subCharacter/John.uasset" 227
"D:/UE4t/Tutorial1/myGames/EndlessRunner/Content/Content/BluePrints/Game/Character/subCharacter/John.uexp" 228
"D:/UE4t/Tutorial1/myGames/EndlessRunner/Content/Man/Mesh/Full/SK_Man_Full_03_PhysicsAsset.uasset" 229
"D:/UE4t/Tutorial1/myGames/EndlessRunner/Content/Man/Mesh/Full/SK_Man_Full_03_PhysicsAsset.uexp" 230
"D:/UE4t/Tutorial1/myGames/EndlessRunner/Content/Man/Textures/Cloth/T_Man_Cloth_Up_Normals.uasset" 231
"D:/UE4t/Tutorial1/myGames/EndlessRunner/Content/Man/Textures/Cloth/T_Man_Cloth_Up_Normals.uexp" 232
"D:/UE4t/Tutorial1/myGames/EndlessRunner/Content/Man/Textures/Cloth/T_Man_Cloth_Up_Normals.ubulk" 233
"D:/UE4t/Tutorial1/myGames/EndlessRunner/Content/Man/Textures/Cloth/T_Man_Cloth_Up_Metallic.uasset" 234
"D:/UE4t/Tutorial1/myGames/EndlessRunner/Content/Man/Textures/Cloth/T_Man_Cloth_Up_Metallic.uexp" 235
"D:/UE4t/Tutorial1/myGames/EndlessRunner/Content/Man/Textures/Cloth/T_Man_Cloth_Up_Metallic.ubulk" 236
"D:/UE4t/Tutorial1/myGames/EndlessRunner/Content/Man/Textures/Cloth/T_Man_Cloth_Up_Ao.uasset" 237
"D:/UE4t/Tutorial1/myGames/EndlessRunner/Content/Man/Textures/Cloth/T_Man_Cloth_Up_Ao.uexp" 238
"D:/UE4t/Tutorial1/myGames/EndlessRunner/Content/Man/Textures/Cloth/T_Man_Cloth_Up_Ao.ubulk" 239
"D:/UE4t/Tutorial1/myGames/EndlessRunner/Content/Man/Textures/Cloth/T_Man_Cloth_Up_Albedo_01.uasset" 240
"D:/UE4t/Tutorial1/myGames/EndlessRunner/Content/Man/Textures/Cloth/T_Man_Cloth_Up_Albedo_01.uexp" 241
"D:/UE4t/Tutorial1/myGames/EndlessRunner/Content/Man/Textures/Cloth/T_Man_Cloth_Up_Albedo_01.ubulk" 242
"D:/UE4t/Tutorial1/myGames/EndlessRunner/Content/Man/Materials/M_Man_Cloth_Up_01.uasset" 243
"D:/UE4t/Tutorial1/myGames/EndlessRunner/Content/Man/Materials/M_Man_Cloth_Up_01.uexp" 244
"D:/UE4t/Tutorial1/myGames/EndlessRunner/Content/Man/Mesh/Full/SK_Man_Full_03.uasset" 245
"D:/UE4t/Tutorial1/myGames/EndlessRunner/Content/Man/Mesh/Full/SK_Man_Full_03.uexp" 246
"D:/UE4t/Tutorial1/myGames/EndlessRunner/Content/Content/BluePrints/Game/Character/subCharacter/Json.uasset" 247
"D:/UE4t/Tutorial1/myGames/EndlessRunner/Content/Content/BluePrints/Game/Character/subCharacter/Json.uexp" 248
"D:/UE4t/Tutorial1/myGames/EndlessRunner/Content/Man/Mesh/Full/SK_Man_Full_04_PhysicsAsset.uasset" 249
"D:/UE4t/Tutorial1/myGames/EndlessRunner/Content/Man/Mesh/Full/SK_Man_Full_04_PhysicsAsset.uexp" 250
"D:/UE4t/Tutorial1/myGames/EndlessRunner/Content/Man/Mesh/Full/SK_Man_Full_04.uasset" 251
"D:/UE4t/Tutorial1/myGames/EndlessRunner/Content/Man/Mesh/Full/SK_Man_Full_04.uexp" 252
"D:/UE4t/Tutorial1/myGames/EndlessRunner/Content/Content/BluePrints/Game/Character/subCharacter/Reed.uasset" 253
"D:/UE4t/Tutorial1/myGames/EndlessRunner/Content/Content/BluePrints/Game/Character/subCharacter/Reed.uexp" 254
"D:/UE4t/Tutorial1/myGames/EndlessRunner/Content/IndustryPropsPack6/Textures/BaseTextures/T_MASK2.uasset" 255
"D:/UE4t/Tutorial1/myGames/EndlessRunner/Content/IndustryPropsPack6/Textures/BaseTextures/T_MASK2.uexp" 256
"D:/UE4t/Tutorial1/myGames/EndlessRunner/Content/IndustryPropsPack6/Textures/BaseTextures/T_MASK2.ubulk" 257
"D:/UE4t/Tutorial1/myGames/EndlessRunner/Content/IndustryPropsPack6/Textures/BaseTextures/T_MASK1.uasset" 258
"D:/UE4t/Tutorial1/myGames/EndlessRunner/Content/IndustryPropsPack6/Textures/BaseTextures/T_MASK1.uexp" 259
"D:/UE4t/Tutorial1/myGames/EndlessRunner/Content/IndustryPropsPack6/Textures/BaseTextures/T_MASK1.ubulk" 260
"D:/UE4t/Tutorial1/myGames/EndlessRunner/Content/IndustryPropsPack6/Textures/BaseTextures/BG_D.uasset" 261
"D:/UE4t/Tutorial1/myGames/EndlessRunner/Content/IndustryPropsPack6/Textures/BaseTextures/BG_D.uexp" 262
"D:/UE4t/Tutorial1/myGames/EndlessRunner/Content/IndustryPropsPack6/Textures/BaseTextures/BB_D.uasset" 263
"D:/UE4t/Tutorial1/myGames/EndlessRunner/Content/IndustryPropsPack6/Textures/BaseTextures/BB_D.uexp" 264
"D:/UE4t/Tutorial1/myGames/EndlessRunner/Content/IndustryPropsPack6/Textures/BaseTextures/B_N.uasset" 265
"D:/UE4t/Tutorial1/myGames/EndlessRunner/Content/IndustryPropsPack6/Textures/BaseTextures/B_N.uexp" 266
"../../../Engine/Content/Functions/Engine_MaterialFunctions02/HueShift.uasset" 267
"../../../Engine/Content/Functions/Engine_MaterialFunctions02/HueShift.uexp" 268
"../../../Engine/Content/EngineDebugMaterials/HeatmapGradient.uasset" 269
"../../../Engine/Content/EngineDebugMaterials/HeatmapGradient.uexp" 270
"../../../Engine/Content/EngineDebugMaterials/HeatmapGradient.ubulk" 271
"../../../Engine/Content/Functions/Engine_MaterialFunctions01/ImageAdjustment/CheapContrast_RGB.uasset" 272
"../../../Engine/Content/Functions/Engine_MaterialFunctions01/ImageAdjustment/CheapContrast_RGB.uexp" 273
"../../../Engine/Content/Functions/Engine_MaterialFunctions01/ImageAdjustment/BlurSampleOffsets.uasset" 274
"../../../Engine/Content/Functions/Engine_MaterialFunctions01/ImageAdjustment/BlurSampleOffsets.uexp" 275
"../../../Engine/Content/Functions/Engine_MaterialFunctions02/Texturing/ScreenAlignedPixelToPixelUVs.uasset" 276
"../../../Engine/Content/Functions/Engine_MaterialFunctions02/Texturing/ScreenAlignedPixelToPixelUVs.uexp" 277
"../../../Engine/Content/EngineMaterials/Good64x64TilingNoiseHighFreq.uasset" 278
"../../../Engine/Content/EngineMaterials/Good64x64TilingNoiseHighFreq.uexp" 279
"../../../Engine/Content/Functions/Engine_MaterialFunctions02/Utility/DitherTemporalAA.uasset" 280
"../../../Engine/Content/Functions/Engine_MaterialFunctions02/Utility/DitherTemporalAA.uexp" 281
"D:/UE4t/Tutorial1/myGames/EndlessRunner/Content/IndustryPropsPack6/Materials/BaseMaterial/M_base.uasset" 282
"D:/UE4t/Tutorial1/myGames/EndlessRunner/Content/IndustryPropsPack6/Materials/BaseMaterial/M_base.uexp" 283
"D:/UE4t/Tutorial1/myGames/EndlessRunner/Content/IndustryPropsPack6/Textures/T_Newspaper01_SRM.uasset" 284
"D:/UE4t/Tutorial1/myGames/EndlessRunner/Content/IndustryPropsPack6/Textures/T_Newspaper01_SRM.uexp" 285
"D:/UE4t/Tutorial1/myGames/EndlessRunner/Content/IndustryPropsPack6/Textures/T_Newspaper01_SRM.ubulk" 286
"D:/UE4t/Tutorial1/myGames/EndlessRunner/Content/IndustryPropsPack6/Textures/T_Newspaper01_N.uasset" 287
"D:/UE4t/Tutorial1/myGames/EndlessRunner/Content/IndustryPropsPack6/Textures/T_Newspaper01_N.uexp" 288
"D:/UE4t/Tutorial1/myGames/EndlessRunner/Content/IndustryPropsPack6/Textures/T_Newspaper01_N.ubulk" 289
"D:/UE4t/Tutorial1/myGames/EndlessRunner/Content/IndustryPropsPack6/Textures/T_Newspaper01_D.uasset" 290
"D:/UE4t/Tutorial1/myGames/EndlessRunner/Content/IndustryPropsPack6/Textures/T_Newspaper01_D.uexp" 291
"D:/UE4t/Tutorial1/myGames/EndlessRunner/Content/IndustryPropsPack6/Textures/T_Newspaper01_D.ubulk" 292
"D:/UE4t/Tutorial1/myGames/EndlessRunner/Content/IndustryPropsPack6/Materials/MI_Newspaper01_2.uasset" 293
"D:/UE4t/Tutorial1/myGames/EndlessRunner/Content/IndustryPropsPack6/Materials/MI_Newspaper01_2.uexp" 294
"D:/UE4t/Tutorial1/myGames/EndlessRunner/Content/IndustryPropsPack6/Textures/T_Tarp02_N.uasset" 295
"D:/UE4t/Tutorial1/myGames/EndlessRunner/Content/IndustryPropsPack6/Textures/T_Tarp02_N.uexp" 296
"D:/UE4t/Tutorial1/myGames/EndlessRunner/Content/IndustryPropsPack6/Textures/T_Tarp02_N.ubulk" 297
"D:/UE4t/Tutorial1/myGames/EndlessRunner/Content/IndustryPropsPack6/Textures/BaseTextures/BW_D.uasset" 298
"D:/UE4t/Tutorial1/myGames/EndlessRunner/Content/IndustryPropsPack6/Textures/BaseTextures/BW_D.uexp" 299
"D:/UE4t/Tutorial1/myGames/EndlessRunner/Content/IndustryPropsPack6/Textures/BaseTextures/TC_HDR01.uasset" 300
"D:/UE4t/Tutorial1/myGames/EndlessRunner/Content/IndustryPropsPack6/Textures/BaseTextures/TC_HDR01.uexp" 301
"D:/UE4t/Tutorial1/myGames/EndlessRunner/Content/IndustryPropsPack6/Textures/BaseTextures/TC_HDR02.uasset" 302
"D:/UE4t/Tutorial1/myGames/EndlessRunner/Content/IndustryPropsPack6/Textures/BaseTextures/TC_HDR02.uexp" 303
"D:/UE4t/Tutorial1/myGames/EndlessRunner/Content/IndustryPropsPack6/Textures/BaseTextures/T_Dirt_N.uasset" 304
"D:/UE4t/Tutorial1/myGames/EndlessRunner/Content/IndustryPropsPack6/Textures/BaseTextures/T_Dirt_N.uexp" 305
"D:/UE4t/Tutorial1/myGames/EndlessRunner/Content/IndustryPropsPack6/Textures/BaseTextures/T_Dirt_N.ubulk" 306
"D:/UE4t/Tutorial1/myGames/EndlessRunner/Content/IndustryPropsPack6/Textures/BaseTextures/T_gradient_D.uasset" 307
"D:/UE4t/Tutorial1/myGames/EndlessRunner/Content/IndustryPropsPack6/Textures/BaseTextures/T_gradient_D.uexp" 308
"D:/UE4t/Tutorial1/myGames/EndlessRunner/Content/IndustryPropsPack6/Textures/BaseTextures/T_gradient_D.ubulk" 309
"D:/UE4t/Tutorial1/myGames/EndlessRunner/Content/Man/Demo/Mesh/SK_Mannequin.uasset" 310
"D:/UE4t/Tutorial1/myGames/EndlessRunner/Content/Man/Demo/Mesh/SK_Mannequin.uexp" 311
"D:/UE4t/Tutorial1/myGames/EndlessRunner/Content/Man/Maps/Demo_BuiltData.uasset" 312
"D:/UE4t/Tutorial1/myGames/EndlessRunner/Content/Man/Maps/Demo_BuiltData.uexp" 313
"D:/UE4t/Tutorial1/myGames/EndlessRunner/Content/Man/Maps/Demo_BuiltData.ubulk" 314
"D:/UE4t/Tutorial1/myGames/EndlessRunner/Content/Man/Textures/Cloth/T_Man_Cloth_Down_Albedo_02.uasset" 315
"D:/UE4t/Tutorial1/myGames/EndlessRunner/Content/Man/Textures/Cloth/T_Man_Cloth_Down_Albedo_02.uexp" 316
"D:/UE4t/Tutorial1/myGames/EndlessRunner/Content/Man/Textures/Cloth/T_Man_Cloth_Down_Albedo_02.ubulk" 317
"D:/UE4t/Tutorial1/myGames/EndlessRunner/Content/Man/Materials/M_Man_Cloth_Down_02.uasset" 318
"D:/UE4t/Tutorial1/myGames/EndlessRunner/Content/Man/Materials/M_Man_Cloth_Down_02.uexp" 319
"D:/UE4t/Tutorial1/myGames/EndlessRunner/Content/Man/Textures/Cloth/T_Man_Cloth_Down_Albedo_03.uasset" 320
"D:/UE4t/Tutorial1/myGames/EndlessRunner/Content/Man/Textures/Cloth/T_Man_Cloth_Down_Albedo_03.uexp" 321
"D:/UE4t/Tutorial1/myGames/EndlessRunner/Content/Man/Textures/Cloth/T_Man_Cloth_Down_Albedo_03.ubulk" 322
"D:/UE4t/Tutorial1/myGames/EndlessRunner/Content/Man/Materials/M_Man_Cloth_Down_03.uasset" 323
"D:/UE4t/Tutorial1/myGames/EndlessRunner/Content/Man/Materials/M_Man_Cloth_Down_03.uexp" 324
"D:/UE4t/Tutorial1/myGames/EndlessRunner/Content/Man/Textures/Cloth/T_Man_Cloth_Up_Albedo_02.uasset" 325
"D:/UE4t/Tutorial1/myGames/EndlessRunner/Content/Man/Textures/Cloth/T_Man_Cloth_Up_Albedo_02.uexp" 326
"D:/UE4t/Tutorial1/myGames/EndlessRunner/Content/Man/Textures/Cloth/T_Man_Cloth_Up_Albedo_02.ubulk" 327
"D:/UE4t/Tutorial1/myGames/EndlessRunner/Content/Man/Materials/M_Man_Cloth_Up_02.uasset" 328
"D:/UE4t/Tutorial1/myGames/EndlessRunner/Content/Man/Materials/M_Man_Cloth_Up_02.uexp" 329
"D:/UE4t/Tutorial1/myGames/EndlessRunner/Content/Man/Textures/Cloth/T_Man_Cloth_Up_Albedo_03.uasset" 330
"D:/UE4t/Tutorial1/myGames/EndlessRunner/Content/Man/Textures/Cloth/T_Man_Cloth_Up_Albedo_03.uexp" 331
"D:/UE4t/Tutorial1/myGames/EndlessRunner/Content/Man/Textures/Cloth/T_Man_Cloth_Up_Albedo_03.ubulk" 332
"D:/UE4t/Tutorial1/myGames/EndlessRunner/Content/Man/Materials/M_Man_Cloth_Up_03.uasset" 333
"D:/UE4t/Tutorial1/myGames/EndlessRunner/Content/Man/Materials/M_Man_Cloth_Up_03.uexp" 334
"D:/UE4t/Tutorial1/myGames/EndlessRunner/Content/PN_Banana/UE4_ThirdPerson/Mannequin/Character/Mesh/SK_Mannequin_PhysicsAsset.uasset" 335
"D:/UE4t/Tutorial1/myGames/EndlessRunner/Content/PN_Banana/UE4_ThirdPerson/Mannequin/Character/Mesh/SK_Mannequin_PhysicsAsset.uexp" 336
"D:/UE4t/Tutorial1/myGames/EndlessRunner/Content/PN_Banana/UE4_ThirdPerson/Mannequin/Character/Textures/UE4Man_Logo_N.uasset" 337
"D:/UE4t/Tutorial1/myGames/EndlessRunner/Content/PN_Banana/UE4_ThirdPerson/Mannequin/Character/Textures/UE4Man_Logo_N.uexp" 338
"D:/UE4t/Tutorial1/myGames/EndlessRunner/Content/PN_Banana/UE4_ThirdPerson/Mannequin/Character/Textures/UE4Man_Logo_N.ubulk" 339
"D:/UE4t/Tutorial1/myGames/EndlessRunner/Content/PN_Banana/UE4_ThirdPerson/Mannequin/Character/Textures/UE4_Mannequin_MAT_MASKA.uasset" 340
"D:/UE4t/Tutorial1/myGames/EndlessRunner/Content/PN_Banana/UE4_ThirdPerson/Mannequin/Character/Textures/UE4_Mannequin_MAT_MASKA.uexp" 341
"D:/UE4t/Tutorial1/myGames/EndlessRunner/Content/PN_Banana/UE4_ThirdPerson/Mannequin/Character/Textures/UE4_Mannequin_MAT_MASKA.ubulk" 342
"D:/UE4t/Tutorial1/myGames/EndlessRunner/Content/PN_Banana/UE4_ThirdPerson/Mannequin/Character/Textures/UE4_Mannequin__normals.uasset" 343
"D:/UE4t/Tutorial1/myGames/EndlessRunner/Content/PN_Banana/UE4_ThirdPerson/Mannequin/Character/Textures/UE4_Mannequin__normals.uexp" 344
"D:/UE4t/Tutorial1/myGames/EndlessRunner/Content/PN_Banana/UE4_ThirdPerson/Mannequin/Character/Textures/UE4_Mannequin__normals.ubulk" 345
"D:/UE4t/Tutorial1/myGames/EndlessRunner/Content/PN_Banana/UE4_ThirdPerson/Mannequin/Character/Materials/MaterialLayers/T_ML_Aluminum01_N.uasset" 346
"D:/UE4t/Tutorial1/myGames/EndlessRunner/Content/PN_Banana/UE4_ThirdPerson/Mannequin/Character/Materials/MaterialLayers/T_ML_Aluminum01_N.uexp" 347
"D:/UE4t/Tutorial1/myGames/EndlessRunner/Content/PN_Banana/UE4_ThirdPerson/Mannequin/Character/Materials/MaterialLayers/T_ML_Aluminum01_N.ubulk" 348
"D:/UE4t/Tutorial1/myGames/EndlessRunner/Content/PN_Banana/UE4_ThirdPerson/Mannequin/Character/Materials/MaterialLayers/T_ML_Aluminum01.uasset" 349
"D:/UE4t/Tutorial1/myGames/EndlessRunner/Content/PN_Banana/UE4_ThirdPerson/Mannequin/Character/Materials/MaterialLayers/T_ML_Aluminum01.uexp" 350
"D:/UE4t/Tutorial1/myGames/EndlessRunner/Content/PN_Banana/UE4_ThirdPerson/Mannequin/Character/Materials/MaterialLayers/T_ML_Aluminum01.ubulk" 351
"D:/UE4t/Tutorial1/myGames/EndlessRunner/Content/PN_Banana/UE4_ThirdPerson/Mannequin/Character/Materials/MaterialLayers/ML_SoftMetal_UE4.uasset" 352
"D:/UE4t/Tutorial1/myGames/EndlessRunner/Content/PN_Banana/UE4_ThirdPerson/Mannequin/Character/Materials/MaterialLayers/ML_SoftMetal_UE4.uexp" 353
"D:/UE4t/Tutorial1/myGames/EndlessRunner/Content/PN_Banana/UE4_ThirdPerson/Mannequin/Character/Textures/UE4_LOGO_CARD.uasset" 354
"D:/UE4t/Tutorial1/myGames/EndlessRunner/Content/PN_Banana/UE4_ThirdPerson/Mannequin/Character/Textures/UE4_LOGO_CARD.uexp" 355
"D:/UE4t/Tutorial1/myGames/EndlessRunner/Content/PN_Banana/UE4_ThirdPerson/Mannequin/Character/Textures/UE4_LOGO_CARD.ubulk" 356
"D:/UE4t/Tutorial1/myGames/EndlessRunner/Content/PN_Banana/UE4_ThirdPerson/Mannequin/Character/Materials/MaterialLayers/ML_Plastic_Shiny_Beige_LOGO.uasset" 357
"D:/UE4t/Tutorial1/myGames/EndlessRunner/Content/PN_Banana/UE4_ThirdPerson/Mannequin/Character/Materials/MaterialLayers/ML_Plastic_Shiny_Beige_LOGO.uexp" 358
"D:/UE4t/Tutorial1/myGames/EndlessRunner/Content/PN_Banana/UE4_ThirdPerson/Mannequin/Character/Materials/MaterialLayers/ML_Plastic_Shiny_Beige.uasset" 359
"D:/UE4t/Tutorial1/myGames/EndlessRunner/Content/PN_Banana/UE4_ThirdPerson/Mannequin/Character/Materials/MaterialLayers/ML_Plastic_Shiny_Beige.uexp" 360
"D:/UE4t/Tutorial1/myGames/EndlessRunner/Content/PN_Banana/UE4_ThirdPerson/Mannequin/Character/Materials/MaterialLayers/T_ML_Rubber_Blue_01_N.uasset" 361
"D:/UE4t/Tutorial1/myGames/EndlessRunner/Content/PN_Banana/UE4_ThirdPerson/Mannequin/Character/Materials/MaterialLayers/T_ML_Rubber_Blue_01_N.uexp" 362
"D:/UE4t/Tutorial1/myGames/EndlessRunner/Content/PN_Banana/UE4_ThirdPerson/Mannequin/Character/Materials/MaterialLayers/T_ML_Rubber_Blue_01_N.ubulk" 363
"D:/UE4t/Tutorial1/myGames/EndlessRunner/Content/PN_Banana/UE4_ThirdPerson/Mannequin/Character/Materials/MaterialLayers/T_ML_Rubber_Blue_01_D.uasset" 364
"D:/UE4t/Tutorial1/myGames/EndlessRunner/Content/PN_Banana/UE4_ThirdPerson/Mannequin/Character/Materials/MaterialLayers/T_ML_Rubber_Blue_01_D.uexp" 365
"D:/UE4t/Tutorial1/myGames/EndlessRunner/Content/PN_Banana/UE4_ThirdPerson/Mannequin/Character/Materials/MaterialLayers/T_ML_Rubber_Blue_01_D.ubulk" 366
"D:/UE4t/Tutorial1/myGames/EndlessRunner/Content/PN_Banana/UE4_ThirdPerson/Mannequin/Character/Materials/MaterialLayers/ML_GlossyBlack_Latex_UE4.uasset" 367
"D:/UE4t/Tutorial1/myGames/EndlessRunner/Content/PN_Banana/UE4_ThirdPerson/Mannequin/Character/Materials/MaterialLayers/ML_GlossyBlack_Latex_UE4.uexp" 368
"../../../Engine/Content/Functions/MaterialLayerFunctions/MatLayerBlend_NormalBlend.uasset" 369
"../../../Engine/Content/Functions/MaterialLayerFunctions/MatLayerBlend_NormalBlend.uexp" 370
"D:/UE4t/Tutorial1/myGames/EndlessRunner/Content/PN_Banana/UE4_ThirdPerson/Mannequin/Character/Materials/M_UE4Man_Body.uasset" 371
"D:/UE4t/Tutorial1/myGames/EndlessRunner/Content/PN_Banana/UE4_ThirdPerson/Mannequin/Character/Materials/M_UE4Man_Body.uexp" 372
"D:/UE4t/Tutorial1/myGames/EndlessRunner/Content/PN_Banana/UE4_ThirdPerson/Mannequin/Character/Materials/M_UE4Man_ChestLogo.uasset" 373
"D:/UE4t/Tutorial1/myGames/EndlessRunner/Content/PN_Banana/UE4_ThirdPerson/Mannequin/Character/Materials/M_UE4Man_ChestLogo.uexp" 374
"D:/UE4t/Tutorial1/myGames/EndlessRunner/Content/PN_Banana/UE4_ThirdPerson/Mannequin/Character/Mesh/UE4_Mannequin_Skeleton.uasset" 375
"D:/UE4t/Tutorial1/myGames/EndlessRunner/Content/PN_Banana/UE4_ThirdPerson/Mannequin/Character/Mesh/UE4_Mannequin_Skeleton.uexp" 376
"D:/UE4t/Tutorial1/myGames/EndlessRunner/Content/PN_Banana/UE4_ThirdPerson/Mannequin/Character/Mesh/SK_Mannequin.uasset" 377
"D:/UE4t/Tutorial1/myGames/EndlessRunner/Content/PN_Banana/UE4_ThirdPerson/Mannequin/Character/Mesh/SK_Mannequin.uexp" 378
"D:/UE4t/Tutorial1/myGames/EndlessRunner/Content/PN_Banana/UE4_ThirdPerson/Mannequin/Animations/ThirdPersonWalk.uasset" 379
"D:/UE4t/Tutorial1/myGames/EndlessRunner/Content/PN_Banana/UE4_ThirdPerson/Mannequin/Animations/ThirdPersonWalk.uexp" 380
"D:/UE4t/Tutorial1/myGames/EndlessRunner/Content/PN_Banana/UE4_ThirdPerson/Mannequin/Animations/ThirdPersonRun.uasset" 381
"D:/UE4t/Tutorial1/myGames/EndlessRunner/Content/PN_Banana/UE4_ThirdPerson/Mannequin/Animations/ThirdPersonRun.uexp" 382
"D:/UE4t/Tutorial1/myGames/EndlessRunner/Content/PN_Banana/UE4_ThirdPerson/Mannequin/Animations/ThirdPersonIdle.uasset" 383
"D:/UE4t/Tutorial1/myGames/EndlessRunner/Content/PN_Banana/UE4_ThirdPerson/Mannequin/Animations/ThirdPersonIdle.uexp" 384
"D:/UE4t/Tutorial1/myGames/EndlessRunner/Content/PN_Banana/UE4_ThirdPerson/Mannequin/Animations/ThirdPerson_IdleRun_2D.uasset" 385
"D:/UE4t/Tutorial1/myGames/EndlessRunner/Content/PN_Banana/UE4_ThirdPerson/Mannequin/Animations/ThirdPerson_IdleRun_2D.uexp" 386
"D:/UE4t/Tutorial1/myGames/EndlessRunner/Content/PN_Banana/UE4_ThirdPerson/Mannequin/Animations/ThirdPerson_Jump.uasset" 387
"D:/UE4t/Tutorial1/myGames/EndlessRunner/Content/PN_Banana/UE4_ThirdPerson/Mannequin/Animations/ThirdPerson_Jump.uexp" 388
"D:/UE4t/Tutorial1/myGames/EndlessRunner/Content/PN_Banana/UE4_ThirdPerson/Mannequin/Animations/ThirdPersonJump_Start.uasset" 389
"D:/UE4t/Tutorial1/myGames/EndlessRunner/Content/PN_Banana/UE4_ThirdPerson/Mannequin/Animations/ThirdPersonJump_Start.uexp" 390
"D:/UE4t/Tutorial1/myGames/EndlessRunner/Content/PN_Banana/UE4_ThirdPerson/Mannequin/Animations/ThirdPersonJump_Loop.uasset" 391
"D:/UE4t/Tutorial1/myGames/EndlessRunner/Content/PN_Banana/UE4_ThirdPerson/Mannequin/Animations/ThirdPersonJump_Loop.uexp" 392
"D:/UE4t/Tutorial1/myGames/EndlessRunner/Content/PN_Banana/UE4_ThirdPerson/Mannequin/Animations/ThirdPerson_AnimBP.uasset" 393
"D:/UE4t/Tutorial1/myGames/EndlessRunner/Content/PN_Banana/UE4_ThirdPerson/Mannequin/Animations/ThirdPerson_AnimBP.uexp" 394
"D:/UE4t/Tutorial1/myGames/EndlessRunner/Content/PN_Banana/UE4_ThirdPerson/Blueprints/ThirdPersonCharacter.uasset" 395
"D:/UE4t/Tutorial1/myGames/EndlessRunner/Content/PN_Banana/UE4_ThirdPerson/Blueprints/ThirdPersonCharacter.uexp" 396
"D:/UE4t/Tutorial1/myGames/EndlessRunner/Content/PN_Banana/UE4_ThirdPerson/Blueprints/ThirdPersonGameMode.uasset" 397
"D:/UE4t/Tutorial1/myGames/EndlessRunner/Content/PN_Banana/UE4_ThirdPerson/Blueprints/ThirdPersonGameMode.uexp" 398
"D:/UE4t/Tutorial1/myGames/EndlessRunner/Content/PN_Banana/UE4_ThirdPerson/Mannequin/Animations/ThirdPersonJump_End.uasset" 399
"D:/UE4t/Tutorial1/myGames/EndlessRunner/Content/PN_Banana/UE4_ThirdPerson/Mannequin/Animations/ThirdPersonJump_End.uexp" 400
"D:/UE4t/Tutorial1/myGames/EndlessRunner/Content/texture/highway-lanes-ue/highway-lanes_height.uasset" 401
"D:/UE4t/Tutorial1/myGames/EndlessRunner/Content/texture/highway-lanes-ue/highway-lanes_height.uexp" 402
"D:/UE4t/Tutorial1/myGames/EndlessRunner/Content/texture/highway-lanes-ue/highway-lanes_height.ubulk" 403
"D:/UE4t/Tutorial1/myGames/EndlessRunner/Content/texture/highway-lanes-ue/highway-lanes_preview.uasset" 404
"D:/UE4t/Tutorial1/myGames/EndlessRunner/Content/texture/highway-lanes-ue/highway-lanes_preview.uexp" 405
"../../../Engine/Content/Animation/DefaultAnimBoneCompressionSettings.uasset" 406
"../../../Engine/Content/Animation/DefaultAnimBoneCompressionSettings.uexp" 407
"../../../Engine/Content/Animation/DefaultAnimCurveCompressionSettings.uasset" 408
"../../../Engine/Content/Animation/DefaultAnimCurveCompressionSettings.uexp" 409
"../../../Engine/Content/Functions/Engine_MaterialFunctions01/Opacity/CameraDepthFade.uasset" 410
"../../../Engine/Content/Functions/Engine_MaterialFunctions01/Opacity/CameraDepthFade.uexp" 411
"../../../Engine/Content/EngineMaterials/T_Default_Material_Grid_N.uasset" 412
"../../../Engine/Content/EngineMaterials/T_Default_Material_Grid_N.uexp" 413
"../../../Engine/Content/EngineMaterials/T_Default_Material_Grid_N.ubulk" 414
"../../../Engine/Content/EngineMaterials/T_Default_Material_Grid_M.uasset" 415
"../../../Engine/Content/EngineMaterials/T_Default_Material_Grid_M.uexp" 416
"../../../Engine/Content/EngineMaterials/T_Default_Material_Grid_M.ubulk" 417
"../../../Engine/Content/EngineMaterials/WorldGridMaterial.uasset" 418
"../../../Engine/Content/EngineMaterials/WorldGridMaterial.uexp" 419
"../../../Engine/Content/ArtTools/RenderToTexture/Meshes/S_1_Unit_Plane.uasset" 420
"../../../Engine/Content/ArtTools/RenderToTexture/Meshes/S_1_Unit_Plane.uexp" 421
"../../../Engine/Content/EngineMaterials/DefaultMaterial.uasset" 422
"../../../Engine/Content/EngineMaterials/DefaultMaterial.uexp" 423
"../../../Engine/Content/BasicShapes/Cone.uasset" 424
"../../../Engine/Content/BasicShapes/Cone.uexp" 425
"../../../Engine/Content/EditorLandscapeResources/DataLayer.uasset" 426
"../../../Engine/Content/EditorLandscapeResources/DataLayer.uexp" 427
"../../../Engine/Content/EditorLandscapeResources/DefaultAlphaTexture.uasset" 428
"../../../Engine/Content/EditorLandscapeResources/DefaultAlphaTexture.uexp" 429
"../../../Engine/Content/EditorMaterials/MAT_Groups_Toggle.uasset" 430
"../../../Engine/Content/EditorMaterials/MAT_Groups_Toggle.uexp" 431
"../../../Engine/Content/EditorMaterials/MAT_Groups_Visibility.uasset" 432
"../../../Engine/Content/EditorMaterials/MAT_Groups_Visibility.uexp" 433
"../../../Engine/Content/EditorMaterials/PreviewShadowIndicator.uasset" 434
"../../../Engine/Content/EditorMaterials/PreviewShadowIndicator.uexp" 435
"../../../Engine/Content/EditorMaterials/PreviewShadowIndicator.ubulk" 436
"../../../Engine/Content/EditorMaterials/PreviewShadowIndicatorMaterial.uasset" 437
"../../../Engine/Content/EditorMaterials/PreviewShadowIndicatorMaterial.uexp" 438
"../../../Engine/Content/EditorMaterials/MatineeGroups/MAT_ColorTrack.uasset" 439
"../../../Engine/Content/EditorMaterials/MatineeGroups/MAT_ColorTrack.uexp" 440
"../../../Engine/Content/EditorMaterials/MatineeGroups/MAT_Groups_Anim.uasset" 441
"../../../Engine/Content/EditorMaterials/MatineeGroups/MAT_Groups_Anim.uexp" 442
"../../../Engine/Content/EditorMaterials/MatineeGroups/MAT_Groups_AudioMaster.uasset" 443
"../../../Engine/Content/EditorMaterials/MatineeGroups/MAT_Groups_AudioMaster.uexp" 444
"../../../Engine/Content/EditorMaterials/MatineeGroups/MAT_Groups_Director.uasset" 445
"../../../Engine/Content/EditorMaterials/MatineeGroups/MAT_Groups_Director.uexp" 446
"../../../Engine/Content/EditorMaterials/MatineeGroups/MAT_Groups_Event.uasset" 447
"../../../Engine/Content/EditorMaterials/MatineeGroups/MAT_Groups_Event.uexp" 448
"../../../Engine/Content/EditorMaterials/MatineeGroups/MAT_Groups_Fade.uasset" 449
"../../../Engine/Content/EditorMaterials/MatineeGroups/MAT_Groups_Fade.uexp" 450
"../../../Engine/Content/EditorMaterials/MatineeGroups/MAT_Groups_Float.uasset" 451
"../../../Engine/Content/EditorMaterials/MatineeGroups/MAT_Groups_Float.uexp" 452
"../../../Engine/Content/EditorMaterials/MatineeGroups/MAT_Groups_Move.uasset" 453
"../../../Engine/Content/EditorMaterials/MatineeGroups/MAT_Groups_Move.uexp" 454
"../../../Engine/Content/EditorMaterials/MatineeGroups/MAT_Groups_Slomo.uasset" 455
"../../../Engine/Content/EditorMaterials/MatineeGroups/MAT_Groups_Slomo.uexp" 456
"../../../Engine/Content/EditorMaterials/MatineeGroups/MAT_Groups_Sound.uasset" 457
"../../../Engine/Content/EditorMaterials/MatineeGroups/MAT_Groups_Sound.uexp" 458
"../../../Engine/Content/EditorMaterials/MatineeGroups/MAT_Groups_Vector.uasset" 459
"../../../Engine/Content/EditorMaterials/MatineeGroups/MAT_Groups_Vector.uexp" 460
"../../../Engine/Content/EditorMaterials/ParticleSystems/PSysThumbnail_NoImage.uasset" 461
"../../../Engine/Content/EditorMaterials/ParticleSystems/PSysThumbnail_NoImage.uexp" 462
"../../../Engine/Content/EditorMaterials/ParticleSystems/PSysThumbnail_NoImage.ubulk" 463
"../../../Engine/Content/EditorMaterials/ParticleSystems/PSysThumbnail_OOD.uasset" 464
"../../../Engine/Content/EditorMaterials/ParticleSystems/PSysThumbnail_OOD.uexp" 465
"../../../Engine/Content/EditorMaterials/ParticleSystems/PSysThumbnail_OOD.ubulk" 466
"../../../Engine/Content/EditorMaterials/Camera/CineMat.uasset" 467
"../../../Engine/Content/EditorMaterials/Camera/CineMat.uexp" 468
"../../../Engine/Content/EditorMaterials/Camera/MI_CineMat_Rig.uasset" 469
"../../../Engine/Content/EditorMaterials/Camera/MI_CineMat_Rig.uexp" 470
"../../../Engine/Content/EditorMeshes/Camera/SM_CraneRig_Arm.uasset" 471
"../../../Engine/Content/EditorMeshes/Camera/SM_CraneRig_Arm.uexp" 472
"../../../Engine/Content/EditorMeshes/Camera/SM_CraneRig_Base.uasset" 473
"../../../Engine/Content/EditorMeshes/Camera/SM_CraneRig_Base.uexp" 474
"../../../Engine/Content/EditorMeshes/Camera/SM_CraneRig_Body.uasset" 475
"../../../Engine/Content/EditorMeshes/Camera/SM_CraneRig_Body.uexp" 476
"../../../Engine/Content/EditorMeshes/Camera/SM_CraneRig_Mount.uasset" 477
"../../../Engine/Content/EditorMeshes/Camera/SM_CraneRig_Mount.uexp" 478
"../../../Engine/Content/EditorMeshes/Camera/SM_RailRig_Mount.uasset" 479
"../../../Engine/Content/EditorMeshes/Camera/SM_RailRig_Mount.uexp" 480
"../../../Engine/Content/EditorMeshes/Camera/SM_RailRig_Track.uasset" 481
"../../../Engine/Content/EditorMeshes/Camera/SM_RailRig_Track.uexp" 482
"../../../Engine/Content/EditorResources/BSPVertex.uasset" 483
"../../../Engine/Content/EditorResources/BSPVertex.uexp" 484
"../../../Engine/Content/EditorResources/EmptyActor.uasset" 485
"../../../Engine/Content/EditorResources/EmptyActor.uexp" 486
"../../../Engine/Content/EditorResources/S_Actor.uasset" 487
"../../../Engine/Content/EditorResources/S_Actor.uexp" 488
"../../../Engine/Content/EditorResources/S_Actor.ubulk" 489
"../../../Engine/Content/EditorResources/S_Note.uasset" 490
"../../../Engine/Content/EditorResources/S_Note.uexp" 491
"../../../Engine/Content/EditorResources/S_Note.ubulk" 492
"../../../Engine/Content/EditorResources/S_Solver.uasset" 493
"../../../Engine/Content/EditorResources/S_Solver.uexp" 494
"../../../Engine/Content/EditorResources/S_Solver.ubulk" 495
"../../../Engine/Content/EditorResources/S_Terrain.uasset" 496
"../../../Engine/Content/EditorResources/S_Terrain.uexp" 497
"../../../Engine/Content/EditorResources/S_Terrain.ubulk" 498
"../../../Engine/Content/EditorResources/S_Trigger.uasset" 499
"../../../Engine/Content/EditorResources/S_Trigger.uexp" 500
"../../../Engine/Content/EditorResources/S_Trigger.ubulk" 501
"../../../Engine/Content/EditorResources/LightIcons/S_LightError.uasset" 502
"../../../Engine/Content/EditorResources/LightIcons/S_LightError.uexp" 503
"../../../Engine/Content/EditorResources/SequenceRecorder/Countdown.uasset" 504
"../../../Engine/Content/EditorResources/SequenceRecorder/Countdown.uexp" 505
"../../../Engine/Content/EditorResources/SequenceRecorder/RecordingIndicator.uasset" 506
"../../../Engine/Content/EditorResources/SequenceRecorder/RecordingIndicator.uexp" 507
"../../../Engine/Content/EngineDamageTypes/DmgTypeBP_Environmental.uasset" 508
"../../../Engine/Content/EngineDamageTypes/DmgTypeBP_Environmental.uexp" 509
"../../../Engine/Content/EngineDebugMaterials/DebugEditorMaterial.uasset" 510
"../../../Engine/Content/EngineDebugMaterials/DebugEditorMaterial.uexp" 511
"../../../Engine/Content/EngineDebugMaterials/DebugMeshMaterial.uasset" 512
"../../../Engine/Content/EngineDebugMaterials/DebugMeshMaterial.uexp" 513
"../../../Engine/Content/EngineDebugMaterials/M_SimpleUnlitTranslucent.uasset" 514
"../../../Engine/Content/EngineDebugMaterials/M_SimpleUnlitTranslucent.uexp" 515
"../../../Engine/Content/EngineDebugMaterials/VolumeToRender.uasset" 516
"../../../Engine/Content/EngineDebugMaterials/VolumeToRender.uexp" 517
"../../../Engine/Content/Functions/Engine_MaterialFunctions02/Utility/CameraDirectionVector.uasset" 518
"../../../Engine/Content/Functions/Engine_MaterialFunctions02/Utility/CameraDirectionVector.uexp" 519
"../../../Engine/Content/EngineDebugMaterials/M_VolumeRenderSphereTracePP.uasset" 520
"../../../Engine/Content/EngineDebugMaterials/M_VolumeRenderSphereTracePP.uexp" 521
"../../../Engine/Content/Functions/Engine_MaterialFunctions01/Shading/ConvertFromDiffSpec.uasset" 522
"../../../Engine/Content/Functions/Engine_MaterialFunctions01/Shading/ConvertFromDiffSpec.uexp" 523
"../../../Engine/Content/EngineDebugMaterials/VertexColorMaterial.uasset" 524
"../../../Engine/Content/EngineDebugMaterials/VertexColorMaterial.uexp" 525
"../../../Engine/Content/EngineDebugMaterials/WireframeMaterial.uasset" 526
"../../../Engine/Content/EngineDebugMaterials/WireframeMaterial.uexp" 527
"../../../Engine/Content/EngineFonts/Faces/RobotoRegular.uasset" 528
"../../../Engine/Content/EngineFonts/Faces/RobotoRegular.uexp" 529
"../../../Engine/Content/EngineFonts/Faces/RobotoRegular.ufont" 530
"../../../Engine/Content/EngineFonts/Faces/RobotoLight.uasset" 531
"../../../Engine/Content/EngineFonts/Faces/RobotoLight.uexp" 532
"../../../Engine/Content/EngineFonts/Faces/RobotoLight.ufont" 533
"../../../Engine/Content/EngineFonts/Faces/RobotoItalic.uasset" 534
"../../../Engine/Content/EngineFonts/Faces/RobotoItalic.uexp" 535
"../../../Engine/Content/EngineFonts/Faces/RobotoItalic.ufont" 536
"../../../Engine/Content/EngineFonts/Faces/RobotoBoldItalic.uasset" 537
"../../../Engine/Content/EngineFonts/Faces/RobotoBoldItalic.uexp" 538
"../../../Engine/Content/EngineFonts/Faces/RobotoBoldItalic.ufont" 539
"../../../Engine/Content/EngineFonts/Faces/RobotoBold.uasset" 540
"../../../Engine/Content/EngineFonts/Faces/RobotoBold.uexp" 541
"../../../Engine/Content/EngineFonts/Faces/RobotoBold.ufont" 542
"../../../Engine/Content/EngineFonts/Faces/DroidSansFallback.uasset" 543
"../../../Engine/Content/EngineFonts/Faces/DroidSansFallback.uexp" 544
"../../../Engine/Content/EngineFonts/Faces/DroidSansFallback.ufont" 545
"../../../Engine/Content/EngineFonts/Roboto.uasset" 546
"../../../Engine/Content/EngineFonts/Roboto.uexp" 547
"../../../Engine/Content/EngineMaterials/BaseFlattenNormalMap.uasset" 548
"../../../Engine/Content/EngineMaterials/BaseFlattenNormalMap.uexp" 549
"../../../Engine/Content/EngineMaterials/BaseFlattenGrayscaleMap.uasset" 550
"../../../Engine/Content/EngineMaterials/BaseFlattenGrayscaleMap.uexp" 551
"../../../Engine/Content/EngineMaterials/BaseFlattenEmissiveMap.uasset" 552
"../../../Engine/Content/EngineMaterials/BaseFlattenEmissiveMap.uexp" 553
"../../../Engine/Content/EngineMaterials/BaseFlattenDiffuseMap.uasset" 554
"../../../Engine/Content/EngineMaterials/BaseFlattenDiffuseMap.uexp" 555
"../../../Engine/Content/EngineMaterials/BaseFlattenMaterial.uasset" 556
"../../../Engine/Content/EngineMaterials/BaseFlattenMaterial.uexp" 557
"../../../Engine/Content/EngineMaterials/BlueNoise.uasset" 558
"../../../Engine/Content/EngineMaterials/BlueNoise.uexp" 559
"../../../Engine/Content/EngineMaterials/DefaultBloomKernel.uasset" 560
"../../../Engine/Content/EngineMaterials/DefaultBloomKernel.uexp" 561
"../../../Engine/Content/EngineMaterials/DefaultBokeh.uasset" 562
"../../../Engine/Content/EngineMaterials/DefaultBokeh.uexp" 563
"../../../Engine/Content/EngineMaterials/DefaultDiffuse.uasset" 564
"../../../Engine/Content/EngineMaterials/DefaultDiffuse.uexp" 565
"../../../Engine/Content/EngineMaterials/DefaultDiffuse.ubulk" 566
"../../../Engine/Content/EngineMaterials/DefaultDeferredDecalMaterial.uasset" 567
"../../../Engine/Content/EngineMaterials/DefaultDeferredDecalMaterial.uexp" 568
"../../../Engine/Content/EngineMaterials/DefaultLightFunctionMaterial.uasset" 569
"../../../Engine/Content/EngineMaterials/DefaultLightFunctionMaterial.uexp" 570
"../../../Engine/Content/Functions/Engine_MaterialFunctions02/Utility/BreakOutFloat2Components.uasset" 571
"../../../Engine/Content/Functions/Engine_MaterialFunctions02/Utility/BreakOutFloat2Components.uexp" 572
"../../../Engine/Content/EngineMaterials/DefaultPostProcessMaterial.uasset" 573
"../../../Engine/Content/EngineMaterials/DefaultPostProcessMaterial.uexp" 574
"../../../Engine/Content/EngineFonts/RobotoDistanceField.uasset" 575
"../../../Engine/Content/EngineFonts/RobotoDistanceField.uexp" 576
"../../../Engine/Content/EngineMaterials/DefaultTextMaterialOpaque.uasset" 577
"../../../Engine/Content/EngineMaterials/DefaultTextMaterialOpaque.uexp" 578
"../../../Engine/Content/EngineMaterials/DefaultWhiteGrid.uasset" 579
"../../../Engine/Content/EngineMaterials/DefaultWhiteGrid.uexp" 580
"../../../Engine/Content/EngineMaterials/DefaultWhiteGrid.ubulk" 581
"../../../Engine/Content/EngineMaterials/DefaultWhiteGrid_Low.uasset" 582
"../../../Engine/Content/EngineMaterials/DefaultWhiteGrid_Low.uexp" 583
"../../../Engine/Content/EngineMaterials/EmissiveMeshMaterial.uasset" 584
"../../../Engine/Content/EngineMaterials/EmissiveMeshMaterial.uexp" 585
"../../../Engine/Content/EngineMaterials/GizmoMaterial.uasset" 586
"../../../Engine/Content/EngineMaterials/GizmoMaterial.uexp" 587
"../../../Engine/Content/EngineMaterials/MiniFont.uasset" 588
"../../../Engine/Content/EngineMaterials/MiniFont.uexp" 589
"../../../Engine/Content/EngineMaterials/InvalidLightmapSettings.uasset" 590
"../../../Engine/Content/EngineMaterials/InvalidLightmapSettings.uexp" 591
"../../../Engine/Content/EngineMaterials/InvalidLightmapSettings.ubulk" 592
"../../../Engine/Content/EngineMaterials/M_InvalidLightmapSettings.uasset" 593
"../../../Engine/Content/EngineMaterials/M_InvalidLightmapSettings.uexp" 594
"../../../Engine/Content/Functions/Engine_MaterialFunctions02/WorldPositionOffset/CameraOffset.uasset" 595
"../../../Engine/Content/Functions/Engine_MaterialFunctions02/WorldPositionOffset/CameraOffset.uexp" 596
"../../../Engine/Content/EngineMaterials/PhAT_JointLimitMaterial.uasset" 597
"../../../Engine/Content/EngineMaterials/PhAT_JointLimitMaterial.uexp" 598
"../../../Engine/Content/EngineMaterials/DefaultCalibrationColor.uasset" 599
"../../../Engine/Content/EngineMaterials/DefaultCalibrationColor.uexp" 600
"../../../Engine/Content/EngineMaterials/PPM_DefaultCalibrationColor.uasset" 601
"../../../Engine/Content/EngineMaterials/PPM_DefaultCalibrationColor.uexp" 602
"../../../Engine/Content/EngineMaterials/DefaultCalibrationGrayscale.uasset" 603
"../../../Engine/Content/EngineMaterials/DefaultCalibrationGrayscale.uexp" 604
"../../../Engine/Content/EngineMaterials/PPM_DefaultCalibrationGrayscale.uasset" 605
"../../../Engine/Content/EngineMaterials/PPM_DefaultCalibrationGrayscale.uexp" 606
"../../../Engine/Content/EngineMaterials/PreintegratedSkinBRDF.uasset" 607
"../../../Engine/Content/EngineMaterials/PreintegratedSkinBRDF.uexp" 608
"../../../Engine/Content/EngineMaterials/RemoveSurfaceMaterial.uasset" 609
"../../../Engine/Content/EngineMaterials/RemoveSurfaceMaterial.uexp" 610
"../../../Engine/Content/EngineMaterials/WeightMapPlaceholderTexture.uasset" 611
"../../../Engine/Content/EngineMaterials/WeightMapPlaceholderTexture.uexp" 612
"../../../Engine/Content/EngineResources/WhiteSquareTexture.uasset" 613
"../../../Engine/Content/EngineResources/WhiteSquareTexture.uexp" 614
"../../../Engine/Content/EngineMaterials/Widget3DPassThrough.uasset" 615
"../../../Engine/Content/EngineMaterials/Widget3DPassThrough.uexp" 616
"../../../Engine/Content/EngineMaterials/Widget3DPassThrough_Masked.uasset" 617
"../../../Engine/Content/EngineMaterials/Widget3DPassThrough_Masked.uexp" 618
"../../../Engine/Content/EngineMaterials/Widget3DPassThrough_Opaque.uasset" 619
"../../../Engine/Content/EngineMaterials/Widget3DPassThrough_Opaque.uexp" 620
"../../../Engine/Content/EngineMaterials/Widget3DPassThrough_Masked_OneSided.uasset" 621
"../../../Engine/Content/EngineMaterials/Widget3DPassThrough_Masked_OneSided.uexp" 622
"../../../Engine/Content/EngineMaterials/Widget3DPassThrough_Opaque_OneSided.uasset" 623
"../../../Engine/Content/EngineMaterials/Widget3DPassThrough_Opaque_OneSided.uexp" 624
"../../../Engine/Content/EngineMaterials/Widget3DPassThrough_Translucent.uasset" 625
"../../../Engine/Content/EngineMaterials/Widget3DPassThrough_Translucent.uexp" 626
"../../../Engine/Content/EngineMaterials/Widget3DPassThrough_Translucent_OneSided.uasset" 627
"../../../Engine/Content/EngineMaterials/Widget3DPassThrough_Translucent_OneSided.uexp" 628
"../../../Engine/Content/EngineMeshes/Cylinder.uasset" 629
"../../../Engine/Content/EngineMeshes/Cylinder.uexp" 630
"../../../Engine/Content/EngineMeshes/Sphere.uasset" 631
"../../../Engine/Content/EngineMeshes/Sphere.uexp" 632
"../../../Engine/Content/EngineResources/DefaultTextureCube.uasset" 633
"../../../Engine/Content/EngineResources/DefaultTextureCube.uexp" 634
"../../../Engine/Content/EngineResources/DefaultVolumeTexture2D.uasset" 635
"../../../Engine/Content/EngineResources/DefaultVolumeTexture2D.uexp" 636
"../../../Engine/Content/EngineResources/DefaultVolumeTexture.uasset" 637
"../../../Engine/Content/EngineResources/DefaultVolumeTexture.uexp" 638
"../../../Engine/Content/EngineResources/GradientTexture0.uasset" 639
"../../../Engine/Content/EngineResources/GradientTexture0.uexp" 640
"../../../Engine/Content/EngineSky/VolumetricClouds/T_NoiseShape64.uasset" 641
"../../../Engine/Content/EngineSky/VolumetricClouds/T_NoiseShape64.uexp" 642
"../../../Engine/Content/EngineSky/VolumetricClouds/T_NoiseShape64.ubulk" 643
"../../../Engine/Content/EngineSky/VolumetricClouds/T_VolumeNoiseShape64.uasset" 644
"../../../Engine/Content/EngineSky/VolumetricClouds/T_VolumeNoiseShape64.uexp" 645
"../../../Engine/Content/EngineSky/VolumetricClouds/T_NoiseErosion.uasset" 646
"../../../Engine/Content/EngineSky/VolumetricClouds/T_NoiseErosion.uexp" 647
"../../../Engine/Content/EngineSky/VolumetricClouds/T_NoiseErosion.ubulk" 648
"../../../Engine/Content/EngineSky/VolumetricClouds/T_VolumeNoiseErosion32.uasset" 649
"../../../Engine/Content/EngineSky/VolumetricClouds/T_VolumeNoiseErosion32.uexp" 650
"../../../Engine/Content/Functions/Engine_MaterialFunctions02/Utility/MakeFloat2.uasset" 651
"../../../Engine/Content/Functions/Engine_MaterialFunctions02/Utility/MakeFloat2.uexp" 652
"../../../Engine/Content/EngineSky/VolumetricClouds/CloudWeatherTexture.uasset" 653
"../../../Engine/Content/EngineSky/VolumetricClouds/CloudWeatherTexture.uexp" 654
"../../../Engine/Content/EngineSky/VolumetricClouds/CloudGradientTexture.uasset" 655
"../../../Engine/Content/EngineSky/VolumetricClouds/CloudGradientTexture.uexp" 656
"../../../Engine/Content/EngineSky/VolumetricClouds/m_SimpleVolumetricCloud.uasset" 657
"../../../Engine/Content/EngineSky/VolumetricClouds/m_SimpleVolumetricCloud.uexp" 658
"../../../Engine/Content/EngineSky/VolumetricClouds/m_SimpleVolumetricCloud_Inst.uasset" 659
"../../../Engine/Content/EngineSky/VolumetricClouds/m_SimpleVolumetricCloud_Inst.uexp" 660
"../../../Engine/Content/EngineSounds/Master.uasset" 661
"../../../Engine/Content/EngineSounds/Master.uexp" 662
"../../../Engine/Content/Functions/Engine_MaterialFunctions01/Shading/PowerToRoughness.uasset" 663
"../../../Engine/Content/Functions/Engine_MaterialFunctions01/Shading/PowerToRoughness.uexp" 664
"../../../Engine/Content/Maps/Templates/Thumbnails/Default.uasset" 665
"../../../Engine/Content/Maps/Templates/Thumbnails/Default.uexp" 666
"../../../Engine/Content/Maps/Templates/Thumbnails/TimeOfDay.uasset" 667
"../../../Engine/Content/Maps/Templates/Thumbnails/TimeOfDay.uexp" 668
"../../../Engine/Content/Maps/Templates/Thumbnails/VR-Basic.uasset" 669
"../../../Engine/Content/Maps/Templates/Thumbnails/VR-Basic.uexp" 670
"../../../Engine/Content/MobileResources/T_MobileControls_texture.uasset" 671
"../../../Engine/Content/MobileResources/T_MobileControls_texture.uexp" 672
"../../../Engine/Content/MobileResources/T_MobileMenu2.uasset" 673
"../../../Engine/Content/MobileResources/T_MobileMenu2.uexp" 674
"../../../Engine/Content/MobileResources/HUD/AnalogHat.uasset" 675
"../../../Engine/Content/MobileResources/HUD/AnalogHat.uexp" 676
"../../../Engine/Content/MobileResources/HUD/VirtualJoystick_Thumb.uasset" 677
"../../../Engine/Content/MobileResources/HUD/VirtualJoystick_Thumb.uexp" 678
"../../../Engine/Content/MobileResources/HUD/VirtualJoystick_Background.uasset" 679
"../../../Engine/Content/MobileResources/HUD/VirtualJoystick_Background.uexp" 680
"../../../Engine/Content/MobileResources/HUD/DefaultVirtualJoysticks.uasset" 681
"../../../Engine/Content/MobileResources/HUD/DefaultVirtualJoysticks.uexp" 682
"../../../Engine/Content/MobileResources/HUD/LeftVirtualJoystickOnly.uasset" 683
"../../../Engine/Content/MobileResources/HUD/LeftVirtualJoystickOnly.uexp" 684
"../../../Engine/Content/MobileResources/HUD/MobileHUDButton1_off.uasset" 685
"../../../Engine/Content/MobileResources/HUD/MobileHUDButton1_off.uexp" 686
"../../../Engine/Content/MobileResources/HUD/MobileHUDButton1_on.uasset" 687
"../../../Engine/Content/MobileResources/HUD/MobileHUDButton1_on.uexp" 688
"../../../Engine/Content/MobileResources/HUD/MobileHUDButton2_off.uasset" 689
"../../../Engine/Content/MobileResources/HUD/MobileHUDButton2_off.uexp" 690
"../../../Engine/Content/MobileResources/HUD/MobileHUDButton2_on.uasset" 691
"../../../Engine/Content/MobileResources/HUD/MobileHUDButton2_on.uexp" 692
"../../../Engine/Content/MobileResources/HUD/MobileHUDButton3.uasset" 693
"../../../Engine/Content/MobileResources/HUD/MobileHUDButton3.uexp" 694
"../../../Engine/Content/MobileResources/HUD/MobileHUDButtonFire.uasset" 695
"../../../Engine/Content/MobileResources/HUD/MobileHUDButtonFire.uexp" 696
"../../../Engine/Content/MobileResources/HUD/MobileHUDDirectionPad.uasset" 697
"../../../Engine/Content/MobileResources/HUD/MobileHUDDirectionPad.uexp" 698
"../../../Engine/Content/MobileResources/HUD/MobileHUDDirectionPad2.uasset" 699
"../../../Engine/Content/MobileResources/HUD/MobileHUDDirectionPad2.uexp" 700
"../../../Engine/Content/MobileResources/HUD/MobileHUDDirectionPad3.uasset" 701
"../../../Engine/Content/MobileResources/HUD/MobileHUDDirectionPad3.uexp" 702
"../../../Engine/Content/MobileResources/HUD/MobileHUDDirectionStick.uasset" 703
"../../../Engine/Content/MobileResources/HUD/MobileHUDDirectionStick.uexp" 704
"../../../Engine/Content/MobileResources/HUD/T_Castle_ThumbstickInner.uasset" 705
"../../../Engine/Content/MobileResources/HUD/T_Castle_ThumbstickInner.uexp" 706
"../../../Engine/Content/MobileResources/HUD/T_Castle_ThumbstickOutter.uasset" 707
"../../../Engine/Content/MobileResources/HUD/T_Castle_ThumbstickOutter.uexp" 708
"../../../Engine/Content/Tutorial/ContentIntroCurve.uasset" 709
"../../../Engine/Content/Tutorial/ContentIntroCurve.uexp" 710
"../../../Engine/Content/Tutorial/Basics/TutorialAssets/icon_tab_Levels_40x.uasset" 711
"../../../Engine/Content/Tutorial/Basics/TutorialAssets/icon_tab_Levels_40x.uexp" 712
"../../../Engine/Content/Tutorial/BlueprintTutorials/TutorialAssets/Blueprint_64x.uasset" 713
"../../../Engine/Content/Tutorial/BlueprintTutorials/TutorialAssets/Blueprint_64x.uexp" 714
"../../../Engine/Content/Tutorial/Landscape/TutorialAssets/Landscape.uasset" 715
"../../../Engine/Content/Tutorial/Landscape/TutorialAssets/Landscape.uexp" 716
"../../../Engine/Content/VREditor/LaserPointer/VR_LaserPower_01.uasset" 717
"../../../Engine/Content/VREditor/LaserPointer/VR_LaserPower_01.uexp" 718
"../../../Engine/Content/VREditor/LaserPointer/VR_LaserPower_01.ubulk" 719
"../../../Engine/Content/VREditor/TransformGizmo/TransformGizmoMaterial.uasset" 720
"../../../Engine/Content/VREditor/TransformGizmo/TransformGizmoMaterial.uexp" 721
"../../../Engine/Content/VREditor/TransformGizmo/TranslucentTransformGizmoMaterial.uasset" 722
"../../../Engine/Content/VREditor/TransformGizmo/TranslucentTransformGizmoMaterial.uexp" 723
"../../../Engine/Content/VREditor/TransformGizmo/BoundingBoxCorner.uasset" 724
"../../../Engine/Content/VREditor/TransformGizmo/BoundingBoxCorner.uexp" 725
"../../../Engine/Content/VREditor/TransformGizmo/BoundingBoxEdge.uasset" 726
"../../../Engine/Content/VREditor/TransformGizmo/BoundingBoxEdge.uexp" 727
"../../../Engine/Content/VREditor/TransformGizmo/PlaneTranslationHandle.uasset" 728
"../../../Engine/Content/VREditor/TransformGizmo/PlaneTranslationHandle.uexp" 729
"../../../Engine/Content/VREditor/TransformGizmo/Xray.uasset" 730
"../../../Engine/Content/VREditor/TransformGizmo/Xray.uexp" 731
"../../../Engine/Content/VREditor/TransformGizmo/Main.uasset" 732
"../../../Engine/Content/VREditor/TransformGizmo/Main.uexp" 733
"../../../Engine/Content/VREditor/TransformGizmo/SM_Sequencer_Key.uasset" 734
"../../../Engine/Content/VREditor/TransformGizmo/SM_Sequencer_Key.uexp" 735
"../../../Engine/Content/VREditor/TransformGizmo/SM_Sequencer_Node.uasset" 736
"../../../Engine/Content/VREditor/TransformGizmo/SM_Sequencer_Node.uexp" 737
"../../../Engine/Plugins/2D/Paper2D/Content/PlaceholderTextures/DummySpriteTexture.uasset" 738
"../../../Engine/Plugins/2D/Paper2D/Content/PlaceholderTextures/DummySpriteTexture.uexp" 739
"../../../Engine/Plugins/2D/Paper2D/Content/PlaceholderTextures/DummySpriteTexture.ubulk" 740
"../../../Engine/Plugins/2D/Paper2D/Content/DummySprite.uasset" 741
"../../../Engine/Plugins/2D/Paper2D/Content/DummySprite.uexp" 742
"../../../Engine/Plugins/2D/Paper2D/Content/DefaultPaperTerrainMaterial.uasset" 743
"../../../Engine/Plugins/2D/Paper2D/Content/DefaultPaperTerrainMaterial.uexp" 744
"../../../Engine/Plugins/2D/Paper2D/Content/DefaultSpriteMaterial.uasset" 745
"../../../Engine/Plugins/2D/Paper2D/Content/DefaultSpriteMaterial.uexp" 746
"../../../Engine/Plugins/2D/Paper2D/Content/MaskedUnlitSpriteMaterial.uasset" 747
"../../../Engine/Plugins/2D/Paper2D/Content/MaskedUnlitSpriteMaterial.uexp" 748
"../../../Engine/Plugins/2D/Paper2D/Content/OpaqueUnlitSpriteMaterial.uasset" 749
"../../../Engine/Plugins/2D/Paper2D/Content/OpaqueUnlitSpriteMaterial.uexp" 750
"../../../Engine/Content/Functions/Engine_MaterialFunctions02/Utility/BreakOutFloat3Components.uasset" 751
"../../../Engine/Content/Functions/Engine_MaterialFunctions02/Utility/BreakOutFloat3Components.uexp" 752
"../../../Engine/Content/Functions/Engine_MaterialFunctions02/Utility/VectorLength.uasset" 753
"../../../Engine/Content/Functions/Engine_MaterialFunctions02/Utility/VectorLength.uexp" 754
"../../../Engine/Content/Functions/Engine_MaterialFunctions02/WorldPositionOffset/ObjectScale.uasset" 755
"../../../Engine/Content/Functions/Engine_MaterialFunctions02/WorldPositionOffset/ObjectScale.uexp" 756
"../../../Engine/Content/Functions/Engine_MaterialFunctions02/ObjectLocalBounds.uasset" 757
"../../../Engine/Content/Functions/Engine_MaterialFunctions02/ObjectLocalBounds.uexp" 758
"../../../Engine/Plugins/Editor/SpeedTreeImporter/Content/SpeedTree9/UnpackInteger3.uasset" 759
"../../../Engine/Plugins/Editor/SpeedTreeImporter/Content/SpeedTree9/UnpackInteger3.uexp" 760
"../../../Engine/Plugins/Editor/SpeedTreeImporter/Content/SpeedTree9/UnpackDirection.uasset" 761
"../../../Engine/Plugins/Editor/SpeedTreeImporter/Content/SpeedTree9/UnpackDirection.uexp" 762
"../../../Engine/Plugins/Editor/SpeedTreeImporter/Content/SpeedTree9/game_wind_noise.uasset" 763
"../../../Engine/Plugins/Editor/SpeedTreeImporter/Content/SpeedTree9/game_wind_noise.uexp" 764
"../../../Engine/Plugins/Editor/SpeedTreeImporter/Content/SpeedTree9/game_wind_noise.ubulk" 765
"../../../Engine/Content/Functions/Engine_MaterialFunctions02/SafeNormalize.uasset" 766
"../../../Engine/Content/Functions/Engine_MaterialFunctions02/SafeNormalize.uexp" 767
"../../../Engine/Plugins/Editor/SpeedTreeImporter/Content/SpeedTree9/SpeedTreeWindMotion.uasset" 768
"../../../Engine/Plugins/Editor/SpeedTreeImporter/Content/SpeedTree9/SpeedTreeWindMotion.uexp" 769
"../../../Engine/Plugins/Editor/SpeedTreeImporter/Content/SpeedTree9/SpeedTreeBranchMotion.uasset" 770
"../../../Engine/Plugins/Editor/SpeedTreeImporter/Content/SpeedTree9/SpeedTreeBranchMotion.uexp" 771
"../../../Engine/Content/Functions/Engine_MaterialFunctions02/UVs/BoundingBoxBased_0-1_UVW.uasset" 772
"../../../Engine/Content/Functions/Engine_MaterialFunctions02/UVs/BoundingBoxBased_0-1_UVW.uexp" 773
"../../../Engine/Plugins/Editor/SpeedTreeImporter/Content/SpeedTree9/SpeedTreeWind.uasset" 774
"../../../Engine/Plugins/Editor/SpeedTreeImporter/Content/SpeedTree9/SpeedTreeWind.uexp" 775
"../../../Engine/Plugins/Editor/SpeedTreeImporter/Content/SpeedTree9/SpeedTreeBillboard.uasset" 776
"../../../Engine/Plugins/Editor/SpeedTreeImporter/Content/SpeedTree9/SpeedTreeBillboard.uexp" 777
"../../../Engine/Plugins/Editor/SpeedTreeImporter/Content/SpeedTree9/EmptyNormal.uasset" 778
"../../../Engine/Plugins/Editor/SpeedTreeImporter/Content/SpeedTree9/EmptyNormal.uexp" 779
"../../../Engine/Plugins/Editor/SpeedTreeImporter/Content/SpeedTree9/Empty.uasset" 780
"../../../Engine/Plugins/Editor/SpeedTreeImporter/Content/SpeedTree9/Empty.uexp" 781
"../../../Engine/Plugins/Editor/SpeedTreeImporter/Content/SpeedTree9/SpeedTreeBillboardMaster.uasset" 782
"../../../Engine/Plugins/Editor/SpeedTreeImporter/Content/SpeedTree9/SpeedTreeBillboardMaster.uexp" 783
"../../../Engine/Plugins/Editor/SpeedTreeImporter/Content/SpeedTree9/SpeedTreeCameraFacing.uasset" 784
"../../../Engine/Plugins/Editor/SpeedTreeImporter/Content/SpeedTree9/SpeedTreeCameraFacing.uexp" 785
"../../../Engine/Plugins/Editor/SpeedTreeImporter/Content/SpeedTree9/SpeedTreeMaster.uasset" 786
"../../../Engine/Plugins/Editor/SpeedTreeImporter/Content/SpeedTree9/SpeedTreeMaster.uexp" 787
"../../../Engine/Content/BasicShapes/Cylinder.uasset" 788
"../../../Engine/Content/BasicShapes/Cylinder.uexp" 789
"../../../Engine/Content/ArtTools/RenderToTexture/Materials/Debug/M_Emissive_Color.uasset" 790
"../../../Engine/Content/ArtTools/RenderToTexture/Materials/Debug/M_Emissive_Color.uexp" 791
"../../../Engine/Plugins/Lumin/MagicLeapPassableWorld/Content/MagicLeapARPinInfoActor.uasset" 792
"../../../Engine/Plugins/Lumin/MagicLeapPassableWorld/Content/MagicLeapARPinInfoActor.uexp" 793
"../../../Engine/Plugins/Runtime/OpenXR/Content/Devices/GoogleDaydream/MRTexture.uasset" 794
"../../../Engine/Plugins/Runtime/OpenXR/Content/Devices/GoogleDaydream/MRTexture.uexp" 795
"../../../Engine/Plugins/Runtime/OpenXR/Content/Devices/GoogleDaydream/MRTexture.ubulk" 796
"../../../Engine/Plugins/Runtime/OpenXR/Content/Devices/GoogleDaydream/BaseTexture.uasset" 797
"../../../Engine/Plugins/Runtime/OpenXR/Content/Devices/GoogleDaydream/BaseTexture.uexp" 798
"../../../Engine/Plugins/Runtime/OpenXR/Content/Devices/GoogleDaydream/BaseTexture.ubulk" 799
"../../../Engine/Content/EngineResources/Black.uasset" 800
"../../../Engine/Content/EngineResources/Black.uexp" 801
"../../../Engine/Plugins/Runtime/OpenXR/Content/Devices/M_XRController.uasset" 802
"../../../Engine/Plugins/Runtime/OpenXR/Content/Devices/M_XRController.uexp" 803
"../../../Engine/Plugins/Runtime/OpenXR/Content/Devices/GoogleDaydream/MI_GoogleDaydream.uasset" 804
"../../../Engine/Plugins/Runtime/OpenXR/Content/Devices/GoogleDaydream/MI_GoogleDaydream.uexp" 805
"../../../Engine/Plugins/Runtime/OpenXR/Content/Devices/GoogleDaydream/GoogleDaydreamController.uasset" 806
"../../../Engine/Plugins/Runtime/OpenXR/Content/Devices/GoogleDaydream/GoogleDaydreamController.uexp" 807
"../../../Engine/Plugins/Runtime/OpenXR/Content/Devices/HTCVive/BaseTexture.uasset" 808
"../../../Engine/Plugins/Runtime/OpenXR/Content/Devices/HTCVive/BaseTexture.uexp" 809
"../../../Engine/Plugins/Runtime/OpenXR/Content/Devices/HTCVive/BaseTexture.ubulk" 810
"../../../Engine/Plugins/Runtime/OpenXR/Content/Devices/HTCVive/MI_HTCVive.uasset" 811
"../../../Engine/Plugins/Runtime/OpenXR/Content/Devices/HTCVive/MI_HTCVive.uexp" 812
"../../../Engine/Plugins/Runtime/OpenXR/Content/Devices/HTCVive/HTCViveController.uasset" 813
"../../../Engine/Plugins/Runtime/OpenXR/Content/Devices/HTCVive/HTCViveController.uexp" 814
"../../../Engine/Plugins/Runtime/OpenXR/Content/Devices/MicrosoftMixedReality/NormalTexture.uasset" 815
"../../../Engine/Plugins/Runtime/OpenXR/Content/Devices/MicrosoftMixedReality/NormalTexture.uexp" 816
"../../../Engine/Plugins/Runtime/OpenXR/Content/Devices/MicrosoftMixedReality/NormalTexture.ubulk" 817
"../../../Engine/Plugins/Runtime/OpenXR/Content/Devices/MicrosoftMixedReality/MRTexture.uasset" 818
"../../../Engine/Plugins/Runtime/OpenXR/Content/Devices/MicrosoftMixedReality/MRTexture.uexp" 819
"../../../Engine/Plugins/Runtime/OpenXR/Content/Devices/MicrosoftMixedReality/MRTexture.ubulk" 820
"../../../Engine/Plugins/Runtime/OpenXR/Content/Devices/MicrosoftMixedReality/EmissiveTexture.uasset" 821
"../../../Engine/Plugins/Runtime/OpenXR/Content/Devices/MicrosoftMixedReality/EmissiveTexture.uexp" 822
"../../../Engine/Plugins/Runtime/OpenXR/Content/Devices/MicrosoftMixedReality/EmissiveTexture.ubulk" 823
"../../../Engine/Plugins/Runtime/OpenXR/Content/Devices/MicrosoftMixedReality/BaseTexture.uasset" 824
"../../../Engine/Plugins/Runtime/OpenXR/Content/Devices/MicrosoftMixedReality/BaseTexture.uexp" 825
"../../../Engine/Plugins/Runtime/OpenXR/Content/Devices/MicrosoftMixedReality/BaseTexture.ubulk" 826
"../../../Engine/Plugins/Runtime/OpenXR/Content/Devices/MicrosoftMixedReality/MI_MicrosoftMixedReality.uasset" 827
"../../../Engine/Plugins/Runtime/OpenXR/Content/Devices/MicrosoftMixedReality/MI_MicrosoftMixedReality.uexp" 828
"../../../Engine/Plugins/Runtime/OpenXR/Content/Devices/MicrosoftMixedReality/Left/left_MicrosoftMixedRealityController.uasset" 829
"../../../Engine/Plugins/Runtime/OpenXR/Content/Devices/MicrosoftMixedReality/Left/left_MicrosoftMixedRealityController.uexp" 830
"../../../Engine/Plugins/Runtime/OpenXR/Content/Devices/MicrosoftMixedReality/Right/right_MicrosoftMixedRealityController.uasset" 831
"../../../Engine/Plugins/Runtime/OpenXR/Content/Devices/MicrosoftMixedReality/Right/right_MicrosoftMixedRealityController.uexp" 832
"../../../Engine/Plugins/Runtime/OpenXR/Content/Devices/OculusGo/BaseTexture.uasset" 833
"../../../Engine/Plugins/Runtime/OpenXR/Content/Devices/OculusGo/BaseTexture.uexp" 834
"../../../Engine/Plugins/Runtime/OpenXR/Content/Devices/OculusGo/BaseTexture.ubulk" 835
"../../../Engine/Plugins/Runtime/OpenXR/Content/Devices/OculusGo/MI_OculusGo.uasset" 836
"../../../Engine/Plugins/Runtime/OpenXR/Content/Devices/OculusGo/MI_OculusGo.uexp" 837
"../../../Engine/Plugins/Runtime/OpenXR/Content/Devices/OculusGo/OculusGoController.uasset" 838
"../../../Engine/Plugins/Runtime/OpenXR/Content/Devices/OculusGo/OculusGoController.uexp" 839
"../../../Engine/Plugins/Runtime/OpenXR/Content/Devices/OculusTouch/MRTexture.uasset" 840
"../../../Engine/Plugins/Runtime/OpenXR/Content/Devices/OculusTouch/MRTexture.uexp" 841
"../../../Engine/Plugins/Runtime/OpenXR/Content/Devices/OculusTouch/MRTexture.ubulk" 842
"../../../Engine/Plugins/Runtime/OpenXR/Content/Devices/OculusTouch/BaseTexture.uasset" 843
"../../../Engine/Plugins/Runtime/OpenXR/Content/Devices/OculusTouch/BaseTexture.uexp" 844
"../../../Engine/Plugins/Runtime/OpenXR/Content/Devices/OculusTouch/BaseTexture.ubulk" 845
"../../../Engine/Plugins/Runtime/OpenXR/Content/Devices/OculusTouch/MI_OculusTouch.uasset" 846
"../../../Engine/Plugins/Runtime/OpenXR/Content/Devices/OculusTouch/MI_OculusTouch.uexp" 847
"../../../Engine/Plugins/Runtime/OpenXR/Content/Devices/OculusTouch/Left/left_OculusTouchController.uasset" 848
"../../../Engine/Plugins/Runtime/OpenXR/Content/Devices/OculusTouch/Left/left_OculusTouchController.uexp" 849
"../../../Engine/Plugins/Runtime/OpenXR/Content/Devices/OculusTouch/Right/right_OculusTouchController.uasset" 850
"../../../Engine/Plugins/Runtime/OpenXR/Content/Devices/OculusTouch/Right/right_OculusTouchController.uexp" 851
"../../../Engine/Plugins/Runtime/OpenXR/Content/Devices/OculusTouch_v2/MRTexture.uasset" 852
"../../../Engine/Plugins/Runtime/OpenXR/Content/Devices/OculusTouch_v2/MRTexture.uexp" 853
"../../../Engine/Plugins/Runtime/OpenXR/Content/Devices/OculusTouch_v2/MRTexture.ubulk" 854
"../../../Engine/Plugins/Runtime/OpenXR/Content/Devices/OculusTouch_v2/BaseTexture.uasset" 855
"../../../Engine/Plugins/Runtime/OpenXR/Content/Devices/OculusTouch_v2/BaseTexture.uexp" 856
"../../../Engine/Plugins/Runtime/OpenXR/Content/Devices/OculusTouch_v2/BaseTexture.ubulk" 857
"../../../Engine/Plugins/Runtime/OpenXR/Content/Devices/OculusTouch_v2/MI_OculusTouch_v2.uasset" 858
"../../../Engine/Plugins/Runtime/OpenXR/Content/Devices/OculusTouch_v2/MI_OculusTouch_v2.uexp" 859
"../../../Engine/Plugins/Runtime/OpenXR/Content/Devices/OculusTouch_v2/Left/left_OculusTouch_v2Controller.uasset" 860
"../../../Engine/Plugins/Runtime/OpenXR/Content/Devices/OculusTouch_v2/Left/left_OculusTouch_v2Controller.uexp" 861
"../../../Engine/Plugins/Runtime/OpenXR/Content/Devices/OculusTouch_v2/Right/right_OculusTouch_v2Controller.uasset" 862
"../../../Engine/Plugins/Runtime/OpenXR/Content/Devices/OculusTouch_v2/Right/right_OculusTouch_v2Controller.uexp" 863
"../../../Engine/Plugins/Runtime/OpenXR/Content/Devices/OculusTouch_v3/MRTexture.uasset" 864
"../../../Engine/Plugins/Runtime/OpenXR/Content/Devices/OculusTouch_v3/MRTexture.uexp" 865
"../../../Engine/Plugins/Runtime/OpenXR/Content/Devices/OculusTouch_v3/MRTexture.ubulk" 866
"../../../Engine/Plugins/Runtime/OpenXR/Content/Devices/OculusTouch_v3/BaseTexture.uasset" 867
"../../../Engine/Plugins/Runtime/OpenXR/Content/Devices/OculusTouch_v3/BaseTexture.uexp" 868
"../../../Engine/Plugins/Runtime/OpenXR/Content/Devices/OculusTouch_v3/BaseTexture.ubulk" 869
"../../../Engine/Plugins/Runtime/OpenXR/Content/Devices/OculusTouch_v3/MI_OculusTouch_v3.uasset" 870
"../../../Engine/Plugins/Runtime/OpenXR/Content/Devices/OculusTouch_v3/MI_OculusTouch_v3.uexp" 871
"../../../Engine/Plugins/Runtime/OpenXR/Content/Devices/OculusTouch_v3/Left/left_OculusTouch_v3Controller.uasset" 872
"../../../Engine/Plugins/Runtime/OpenXR/Content/Devices/OculusTouch_v3/Left/left_OculusTouch_v3Controller.uexp" 873
"../../../Engine/Plugins/Runtime/OpenXR/Content/Devices/OculusTouch_v3/Right/right_OculusTouch_v3Controller.uasset" 874
"../../../Engine/Plugins/Runtime/OpenXR/Content/Devices/OculusTouch_v3/Right/right_OculusTouch_v3Controller.uexp" 875
"../../../Engine/Plugins/Runtime/OpenXR/Content/Devices/ValveIndex/MRTexture.uasset" 876
"../../../Engine/Plugins/Runtime/OpenXR/Content/Devices/ValveIndex/MRTexture.uexp" 877
"../../../Engine/Plugins/Runtime/OpenXR/Content/Devices/ValveIndex/MRTexture.ubulk" 878
"../../../Engine/Plugins/Runtime/OpenXR/Content/Devices/ValveIndex/BaseTexture.uasset" 879
"../../../Engine/Plugins/Runtime/OpenXR/Content/Devices/ValveIndex/BaseTexture.uexp" 880
"../../../Engine/Plugins/Runtime/OpenXR/Content/Devices/ValveIndex/BaseTexture.ubulk" 881
"../../../Engine/Plugins/Runtime/OpenXR/Content/Devices/ValveIndex/Left/MI_left_ValveIndex.uasset" 882
"../../../Engine/Plugins/Runtime/OpenXR/Content/Devices/ValveIndex/Left/MI_left_ValveIndex.uexp" 883
"../../../Engine/Plugins/Runtime/OpenXR/Content/Devices/ValveIndex/Left/left_ValveIndexController.uasset" 884
"../../../Engine/Plugins/Runtime/OpenXR/Content/Devices/ValveIndex/Left/left_ValveIndexController.uexp" 885
"../../../Engine/Plugins/Runtime/OpenXR/Content/Devices/ValveIndex/Right/MI_right_ValveIndex.uasset" 886
"../../../Engine/Plugins/Runtime/OpenXR/Content/Devices/ValveIndex/Right/MI_right_ValveIndex.uexp" 887
"../../../Engine/Plugins/Runtime/OpenXR/Content/Devices/ValveIndex/Right/right_ValveIndexController.uasset" 888
"../../../Engine/Plugins/Runtime/OpenXR/Content/Devices/ValveIndex/Right/right_ValveIndexController.uexp" 889
"../../../Engine/Content/Functions/Engine_MaterialFunctions02/Utility/BreakOutFloat4Components.uasset" 890
"../../../Engine/Content/Functions/Engine_MaterialFunctions02/Utility/BreakOutFloat4Components.uexp" 891
"../../../Engine/Content/Functions/Engine_MaterialFunctions02/Utility/MakeFloat3.uasset" 892
"../../../Engine/Content/Functions/Engine_MaterialFunctions02/Utility/MakeFloat3.uexp" 893
"../../../Engine/Plugins/Runtime/Oculus/OculusVR/Content/Materials/OculusMR_ChromaKey.uasset" 894
"../../../Engine/Plugins/Runtime/Oculus/OculusVR/Content/Materials/OculusMR_ChromaKey.uexp" 895
"../../../Engine/Plugins/Runtime/Oculus/OculusVR/Content/Materials/OculusMR_OpaqueColoredMaterial.uasset" 896
"../../../Engine/Plugins/Runtime/Oculus/OculusVR/Content/Materials/OculusMR_OpaqueColoredMaterial.uexp" 897
"../../../Engine/Plugins/Runtime/Oculus/OculusVR/Content/Materials/PokeAHoleMaterial.uasset" 898
"../../../Engine/Plugins/Runtime/Oculus/OculusVR/Content/Materials/PokeAHoleMaterial.uexp" 899
"../../../Engine/Plugins/Runtime/Oculus/OculusVR/Content/Textures/touchController_controlmap.uasset" 900
"../../../Engine/Plugins/Runtime/Oculus/OculusVR/Content/Textures/touchController_controlmap.uexp" 901
"../../../Engine/Plugins/Runtime/Oculus/OculusVR/Content/Textures/touchController_controlmap.ubulk" 902
"../../../Engine/Plugins/Runtime/Oculus/OculusVR/Content/Textures/touchController_albedo.uasset" 903
"../../../Engine/Plugins/Runtime/Oculus/OculusVR/Content/Textures/touchController_albedo.uexp" 904
"../../../Engine/Plugins/Runtime/Oculus/OculusVR/Content/Textures/touchController_albedo.ubulk" 905
"../../../Engine/Plugins/Runtime/Oculus/OculusVR/Content/Materials/touchController_mat.uasset" 906
"../../../Engine/Plugins/Runtime/Oculus/OculusVR/Content/Materials/touchController_mat.uexp" 907
"../../../Engine/Plugins/Runtime/Oculus/OculusVR/Content/Meshes/LeftTouchController.uasset" 908
"../../../Engine/Plugins/Runtime/Oculus/OculusVR/Content/Meshes/LeftTouchController.uexp" 909
"../../../Engine/Plugins/Runtime/Oculus/OculusVR/Content/Textures/TouchForQuestRiftSController_albedo.uasset" 910
"../../../Engine/Plugins/Runtime/Oculus/OculusVR/Content/Textures/TouchForQuestRiftSController_albedo.uexp" 911
"../../../Engine/Plugins/Runtime/Oculus/OculusVR/Content/Textures/TouchForQuestRiftSController_albedo.ubulk" 912
"../../../Engine/Plugins/Runtime/Oculus/OculusVR/Content/Materials/TouchForQuestRiftSControllerMaterial.uasset" 913
"../../../Engine/Plugins/Runtime/Oculus/OculusVR/Content/Materials/TouchForQuestRiftSControllerMaterial.uexp" 914
"../../../Engine/Plugins/Runtime/Oculus/OculusVR/Content/Meshes/LeftTouchForQuestRiftSController.uasset" 915
"../../../Engine/Plugins/Runtime/Oculus/OculusVR/Content/Meshes/LeftTouchForQuestRiftSController.uexp" 916
"../../../Engine/Plugins/Runtime/Oculus/OculusVR/Content/Meshes/RiftHMD.uasset" 917
"../../../Engine/Plugins/Runtime/Oculus/OculusVR/Content/Meshes/RiftHMD.uexp" 918
"../../../Engine/Plugins/Runtime/Oculus/OculusVR/Content/Meshes/RightTouchController.uasset" 919
"../../../Engine/Plugins/Runtime/Oculus/OculusVR/Content/Meshes/RightTouchController.uexp" 920
"../../../Engine/Plugins/Runtime/Oculus/OculusVR/Content/Meshes/RightTouchForQuestRiftSController.uasset" 921
"../../../Engine/Plugins/Runtime/Oculus/OculusVR/Content/Meshes/RightTouchForQuestRiftSController.uexp" 922
"D:/UE4t/Tutorial1/myGames/EndlessRunner/Content/Content/UI/BP_MainMenuWB.uasset" 923
"D:/UE4t/Tutorial1/myGames/EndlessRunner/Content/Content/UI/BP_MainMenuWB.uexp" 924
"D:/UE4t/Tutorial1/myGames/EndlessRunner/Content/Content/BluePrints/MainMenu/MainMenuPlayerController.uasset" 925
"D:/UE4t/Tutorial1/myGames/EndlessRunner/Content/Content/BluePrints/MainMenu/MainMenuPlayerController.uexp" 926
"D:/UE4t/Tutorial1/myGames/EndlessRunner/Content/Content/BluePrints/MainMenu/BP_MainMenuGameMode.uasset" 927
"D:/UE4t/Tutorial1/myGames/EndlessRunner/Content/Content/BluePrints/MainMenu/BP_MainMenuGameMode.uexp" 928
"D:/UE4t/Tutorial1/myGames/EndlessRunner/Content/Maps/MainMenu.uexp" 929
"D:/UE4t/Tutorial1/myGames/EndlessRunner/Content/Maps/MainMenu.umap" 930
"D:/UE4t/Tutorial1/myGames/EndlessRunner/Content/Content/UI/HUD_WB.uasset" 931
"D:/UE4t/Tutorial1/myGames/EndlessRunner/Content/Content/UI/HUD_WB.uexp" 932
"D:/UE4t/Tutorial1/myGames/EndlessRunner/Content/Content/BluePrints/Game/BP_PlayerController.uasset" 933
"D:/UE4t/Tutorial1/myGames/EndlessRunner/Content/Content/BluePrints/Game/BP_PlayerController.uexp" 934
"D:/UE4t/Tutorial1/myGames/EndlessRunner/Content/Content/BluePrints/Game/BP_GameMode.uasset" 935
"D:/UE4t/Tutorial1/myGames/EndlessRunner/Content/Content/BluePrints/Game/BP_GameMode.uexp" 936
"../../../Engine/Content/BasicShapes/Plane.uasset" 937
"../../../Engine/Content/BasicShapes/Plane.uexp" 938
"../../../Engine/Content/BasicShapes/Cube.uasset" 939
"../../../Engine/Content/BasicShapes/Cube.uexp" 940
"D:/UE4t/Tutorial1/myGames/EndlessRunner/Content/texture/highway-lanes-ue/highway-lanes_roughness.uasset" 941
"D:/UE4t/Tutorial1/myGames/EndlessRunner/Content/texture/highway-lanes-ue/highway-lanes_roughness.uexp" 942
"D:/UE4t/Tutorial1/myGames/EndlessRunner/Content/texture/highway-lanes-ue/highway-lanes_roughness.ubulk" 943
"D:/UE4t/Tutorial1/myGames/EndlessRunner/Content/texture/highway-lanes-ue/highway-lanes_normal-dx.uasset" 944
"D:/UE4t/Tutorial1/myGames/EndlessRunner/Content/texture/highway-lanes-ue/highway-lanes_normal-dx.uexp" 945
"D:/UE4t/Tutorial1/myGames/EndlessRunner/Content/texture/highway-lanes-ue/highway-lanes_normal-dx.ubulk" 946
"D:/UE4t/Tutorial1/myGames/EndlessRunner/Content/texture/highway-lanes-ue/highway-lanes_metallic.uasset" 947
"D:/UE4t/Tutorial1/myGames/EndlessRunner/Content/texture/highway-lanes-ue/highway-lanes_metallic.uexp" 948
"D:/UE4t/Tutorial1/myGames/EndlessRunner/Content/texture/highway-lanes-ue/highway-lanes_metallic.ubulk" 949
"D:/UE4t/Tutorial1/myGames/EndlessRunner/Content/texture/highway-lanes-ue/highway-lanes_ao.uasset" 950
"D:/UE4t/Tutorial1/myGames/EndlessRunner/Content/texture/highway-lanes-ue/highway-lanes_ao.uexp" 951
"D:/UE4t/Tutorial1/myGames/EndlessRunner/Content/texture/highway-lanes-ue/highway-lanes_ao.ubulk" 952
"D:/UE4t/Tutorial1/myGames/EndlessRunner/Content/texture/highway-lanes-ue/highway-lanes_albedo.uasset" 953
"D:/UE4t/Tutorial1/myGames/EndlessRunner/Content/texture/highway-lanes-ue/highway-lanes_albedo.uexp" 954
"D:/UE4t/Tutorial1/myGames/EndlessRunner/Content/texture/highway-lanes-ue/highway-lanes_albedo.ubulk" 955
"D:/UE4t/Tutorial1/myGames/EndlessRunner/Content/texture/highway-lanes-ue/roadMat.uasset" 956
"D:/UE4t/Tutorial1/myGames/EndlessRunner/Content/texture/highway-lanes-ue/roadMat.uexp" 957
"../../../Engine/Content/BasicShapes/BasicShapeMaterial.uasset" 958
"../../../Engine/Content/BasicShapes/BasicShapeMaterial.uexp" 959
"D:/UE4t/Tutorial1/myGames/EndlessRunner/Content/Construction_VOL1/Textures/Unique/TX_FreightContainer_01b_RMA.uasset" 960
"D:/UE4t/Tutorial1/myGames/EndlessRunner/Content/Construction_VOL1/Textures/Unique/TX_FreightContainer_01b_RMA.uexp" 961
"D:/UE4t/Tutorial1/myGames/EndlessRunner/Content/Construction_VOL1/Textures/Unique/TX_FreightContainer_01b_RMA.ubulk" 962
"D:/UE4t/Tutorial1/myGames/EndlessRunner/Content/Construction_VOL1/Textures/Unique/TX_FreightContainer_01b_NRM.uasset" 963
"D:/UE4t/Tutorial1/myGames/EndlessRunner/Content/Construction_VOL1/Textures/Unique/TX_FreightContainer_01b_NRM.uexp" 964
"D:/UE4t/Tutorial1/myGames/EndlessRunner/Content/Construction_VOL1/Textures/Unique/TX_FreightContainer_01b_NRM.ubulk" 965
"D:/UE4t/Tutorial1/myGames/EndlessRunner/Content/Construction_VOL1/Textures/Unique/TX_FreightContainer_01b_ALB.uasset" 966
"D:/UE4t/Tutorial1/myGames/EndlessRunner/Content/Construction_VOL1/Textures/Unique/TX_FreightContainer_01b_ALB.uexp" 967
"D:/UE4t/Tutorial1/myGames/EndlessRunner/Content/Construction_VOL1/Textures/Unique/TX_FreightContainer_01b_ALB.ubulk" 968
"D:/UE4t/Tutorial1/myGames/EndlessRunner/Content/Construction_VOL1/Materials/Instances/MI_FreightContainer_01b.uasset" 969
"D:/UE4t/Tutorial1/myGames/EndlessRunner/Content/Construction_VOL1/Materials/Instances/MI_FreightContainer_01b.uexp" 970
"D:/UE4t/Tutorial1/myGames/EndlessRunner/Content/Construction_VOL1/Textures/Unique/TX_FreightContainer_01a_RMA.uasset" 971
"D:/UE4t/Tutorial1/myGames/EndlessRunner/Content/Construction_VOL1/Textures/Unique/TX_FreightContainer_01a_RMA.uexp" 972
"D:/UE4t/Tutorial1/myGames/EndlessRunner/Content/Construction_VOL1/Textures/Unique/TX_FreightContainer_01a_RMA.ubulk" 973
"D:/UE4t/Tutorial1/myGames/EndlessRunner/Content/Construction_VOL1/Textures/Unique/TX_FreightContainer_01a_NRM.uasset" 974
"D:/UE4t/Tutorial1/myGames/EndlessRunner/Content/Construction_VOL1/Textures/Unique/TX_FreightContainer_01a_NRM.uexp" 975
"D:/UE4t/Tutorial1/myGames/EndlessRunner/Content/Construction_VOL1/Textures/Unique/TX_FreightContainer_01a_NRM.ubulk" 976
"D:/UE4t/Tutorial1/myGames/EndlessRunner/Content/Construction_VOL1/Textures/Unique/TX_FreightContainer_01a_ALB.uasset" 977
"D:/UE4t/Tutorial1/myGames/EndlessRunner/Content/Construction_VOL1/Textures/Unique/TX_FreightContainer_01a_ALB.uexp" 978
"D:/UE4t/Tutorial1/myGames/EndlessRunner/Content/Construction_VOL1/Textures/Unique/TX_FreightContainer_01a_ALB.ubulk" 979
"D:/UE4t/Tutorial1/myGames/EndlessRunner/Content/Construction_VOL1/Materials/Instances/MI_FreightContainer_01a.uasset" 980
"D:/UE4t/Tutorial1/myGames/EndlessRunner/Content/Construction_VOL1/Materials/Instances/MI_FreightContainer_01a.uexp" 981
"D:/UE4t/Tutorial1/myGames/EndlessRunner/Content/Construction_VOL1/Meshes/SM_FreightContainer_01.uasset" 982
"D:/UE4t/Tutorial1/myGames/EndlessRunner/Content/Construction_VOL1/Meshes/SM_FreightContainer_01.uexp" 983
"D:/UE4t/Tutorial1/myGames/EndlessRunner/Content/Content/BluePrints/Game/Course/Obstracles/Obstracle_NoneDodgable.uasset" 984
"D:/UE4t/Tutorial1/myGames/EndlessRunner/Content/Content/BluePrints/Game/Course/Obstracles/Obstracle_NoneDodgable.uexp" 985
"D:/UE4t/Tutorial1/myGames/EndlessRunner/Content/Construction_VOL1/Textures/Unique/TX_Portapotty_01_RMA.uasset" 986
"D:/UE4t/Tutorial1/myGames/EndlessRunner/Content/Construction_VOL1/Textures/Unique/TX_Portapotty_01_RMA.uexp" 987
"D:/UE4t/Tutorial1/myGames/EndlessRunner/Content/Construction_VOL1/Textures/Unique/TX_Portapotty_01_RMA.ubulk" 988
"D:/UE4t/Tutorial1/myGames/EndlessRunner/Content/Construction_VOL1/Textures/Unique/TX_Portapotty_01_NRM.uasset" 989
"D:/UE4t/Tutorial1/myGames/EndlessRunner/Content/Construction_VOL1/Textures/Unique/TX_Portapotty_01_NRM.uexp" 990
"D:/UE4t/Tutorial1/myGames/EndlessRunner/Content/Construction_VOL1/Textures/Unique/TX_Portapotty_01_NRM.ubulk" 991
"D:/UE4t/Tutorial1/myGames/EndlessRunner/Content/Construction_VOL1/Textures/Unique/TX_Portapotty_01_ALB.uasset" 992
"D:/UE4t/Tutorial1/myGames/EndlessRunner/Content/Construction_VOL1/Textures/Unique/TX_Portapotty_01_ALB.uexp" 993
"D:/UE4t/Tutorial1/myGames/EndlessRunner/Content/Construction_VOL1/Textures/Unique/TX_Portapotty_01_ALB.ubulk" 994
"D:/UE4t/Tutorial1/myGames/EndlessRunner/Content/Construction_VOL1/Materials/Instances/MI_Portapotty_01a.uasset" 995
"D:/UE4t/Tutorial1/myGames/EndlessRunner/Content/Construction_VOL1/Materials/Instances/MI_Portapotty_01a.uexp" 996
"D:/UE4t/Tutorial1/myGames/EndlessRunner/Content/Construction_VOL1/Meshes/SM_Portapotty_01.uasset" 997
"D:/UE4t/Tutorial1/myGames/EndlessRunner/Content/Construction_VOL1/Meshes/SM_Portapotty_01.uexp" 998
"D:/UE4t/Tutorial1/myGames/EndlessRunner/Content/Content/BluePrints/Game/Course/Obstracles/Obstracle_NoneDodgable_Child3.uasset" 999
"D:/UE4t/Tutorial1/myGames/EndlessRunner/Content/Content/BluePrints/Game/Course/Obstracles/Obstracle_NoneDodgable_Child3.uexp" 1000
"D:/UE4t/Tutorial1/myGames/EndlessRunner/Content/Construction_VOL1/Textures/Unique/TX_LightGenerator_01a_NRM.uasset" 1001
"D:/UE4t/Tutorial1/myGames/EndlessRunner/Content/Construction_VOL1/Textures/Unique/TX_LightGenerator_01a_NRM.uexp" 1002
"D:/UE4t/Tutorial1/myGames/EndlessRunner/Content/Construction_VOL1/Textures/Unique/TX_LightGenerator_01a_NRM.ubulk" 1003
"D:/UE4t/Tutorial1/myGames/EndlessRunner/Content/Construction_VOL1/Textures/Unique/TX_LightGenerator_01a_ALB.uasset" 1004
"D:/UE4t/Tutorial1/myGames/EndlessRunner/Content/Construction_VOL1/Textures/Unique/TX_LightGenerator_01a_ALB.uexp" 1005
"D:/UE4t/Tutorial1/myGames/EndlessRunner/Content/Construction_VOL1/Textures/Unique/TX_LightGenerator_01a_ALB.ubulk" 1006
"D:/UE4t/Tutorial1/myGames/EndlessRunner/Content/Construction_VOL1/Textures/Unique/TX_LightGenerator_01a_RMA.uasset" 1007
"D:/UE4t/Tutorial1/myGames/EndlessRunner/Content/Construction_VOL1/Textures/Unique/TX_LightGenerator_01a_RMA.uexp" 1008
"D:/UE4t/Tutorial1/myGames/EndlessRunner/Content/Construction_VOL1/Textures/Unique/TX_LightGenerator_01a_RMA.ubulk" 1009
"D:/UE4t/Tutorial1/myGames/EndlessRunner/Content/Construction_VOL1/Materials/Instances/MI_Lightgenerator_01a.uasset" 1010
"D:/UE4t/Tutorial1/myGames/EndlessRunner/Content/Construction_VOL1/Materials/Instances/MI_Lightgenerator_01a.uexp" 1011
"D:/UE4t/Tutorial1/myGames/EndlessRunner/Content/Construction_VOL1/Textures/Unique/TX_LightGenerator_01b_RMA.uasset" 1012
"D:/UE4t/Tutorial1/myGames/EndlessRunner/Content/Construction_VOL1/Textures/Unique/TX_LightGenerator_01b_RMA.uexp" 1013
"D:/UE4t/Tutorial1/myGames/EndlessRunner/Content/Construction_VOL1/Textures/Unique/TX_LightGenerator_01b_RMA.ubulk" 1014
"D:/UE4t/Tutorial1/myGames/EndlessRunner/Content/Construction_VOL1/Textures/Unique/TX_LightGenerator_01b_NRM.uasset" 1015
"D:/UE4t/Tutorial1/myGames/EndlessRunner/Content/Construction_VOL1/Textures/Unique/TX_LightGenerator_01b_NRM.uexp" 1016
"D:/UE4t/Tutorial1/myGames/EndlessRunner/Content/Construction_VOL1/Textures/Unique/TX_LightGenerator_01b_NRM.ubulk" 1017
"D:/UE4t/Tutorial1/myGames/EndlessRunner/Content/Construction_VOL1/Textures/Unique/TX_LightGenerator_01b_ALB.uasset" 1018
"D:/UE4t/Tutorial1/myGames/EndlessRunner/Content/Construction_VOL1/Textures/Unique/TX_LightGenerator_01b_ALB.uexp" 1019
"D:/UE4t/Tutorial1/myGames/EndlessRunner/Content/Construction_VOL1/Textures/Unique/TX_LightGenerator_01b_ALB.ubulk" 1020
"D:/UE4t/Tutorial1/myGames/EndlessRunner/Content/Construction_VOL1/Materials/Instances/MI_Lightgenerator_01b.uasset" 1021
"D:/UE4t/Tutorial1/myGames/EndlessRunner/Content/Construction_VOL1/Materials/Instances/MI_Lightgenerator_01b.uexp" 1022
"D:/UE4t/Tutorial1/myGames/EndlessRunner/Content/Construction_VOL1/Meshes/SM_LightGenerator_01a.uasset" 1023
"D:/UE4t/Tutorial1/myGames/EndlessRunner/Content/Construction_VOL1/Meshes/SM_LightGenerator_01a.uexp" 1024
"D:/UE4t/Tutorial1/myGames/EndlessRunner/Content/Content/BluePrints/Game/Course/Obstracles/Obstracle_NoneDodgable_Child2.uasset" 1025
"D:/UE4t/Tutorial1/myGames/EndlessRunner/Content/Content/BluePrints/Game/Course/Obstracles/Obstracle_NoneDodgable_Child2.uexp" 1026
"D:/UE4t/Tutorial1/myGames/EndlessRunner/Content/Content/BluePrints/Game/Course/Obstracles/Obstracle_NoneDodgable_Child1.uasset" 1027
"D:/UE4t/Tutorial1/myGames/EndlessRunner/Content/Content/BluePrints/Game/Course/Obstracles/Obstracle_NoneDodgable_Child1.uexp" 1028
"D:/UE4t/Tutorial1/myGames/EndlessRunner/Content/IndustryPropsPack6/Textures/T_Barrel01_D.uasset" 1029
"D:/UE4t/Tutorial1/myGames/EndlessRunner/Content/IndustryPropsPack6/Textures/T_Barrel01_D.uexp" 1030
"D:/UE4t/Tutorial1/myGames/EndlessRunner/Content/IndustryPropsPack6/Textures/T_Barrel01_D.ubulk" 1031
"D:/UE4t/Tutorial1/myGames/EndlessRunner/Content/IndustryPropsPack6/Textures/T_Barrel01_SRM.uasset" 1032
"D:/UE4t/Tutorial1/myGames/EndlessRunner/Content/IndustryPropsPack6/Textures/T_Barrel01_SRM.uexp" 1033
"D:/UE4t/Tutorial1/myGames/EndlessRunner/Content/IndustryPropsPack6/Textures/T_Barrel01_SRM.ubulk" 1034
"D:/UE4t/Tutorial1/myGames/EndlessRunner/Content/IndustryPropsPack6/Textures/T_Barrel01_N.uasset" 1035
"D:/UE4t/Tutorial1/myGames/EndlessRunner/Content/IndustryPropsPack6/Textures/T_Barrel01_N.uexp" 1036
"D:/UE4t/Tutorial1/myGames/EndlessRunner/Content/IndustryPropsPack6/Textures/T_Barrel01_N.ubulk" 1037
"D:/UE4t/Tutorial1/myGames/EndlessRunner/Content/IndustryPropsPack6/Materials/MI_Barrel01_1.uasset" 1038
"D:/UE4t/Tutorial1/myGames/EndlessRunner/Content/IndustryPropsPack6/Materials/MI_Barrel01_1.uexp" 1039
"D:/UE4t/Tutorial1/myGames/EndlessRunner/Content/IndustryPropsPack6/Meshes/SM_Barrel01.uasset" 1040
"D:/UE4t/Tutorial1/myGames/EndlessRunner/Content/IndustryPropsPack6/Meshes/SM_Barrel01.uexp" 1041
"D:/UE4t/Tutorial1/myGames/EndlessRunner/Content/Content/BluePrints/Game/Course/Obstracles/Obstracle_Dodgable.uasset" 1042
"D:/UE4t/Tutorial1/myGames/EndlessRunner/Content/Content/BluePrints/Game/Course/Obstracles/Obstracle_Dodgable.uexp" 1043
"D:/UE4t/Tutorial1/myGames/EndlessRunner/Content/Construction_VOL1/Textures/Unique/TX_Trafficbarrier_RMA.uasset" 1044
"D:/UE4t/Tutorial1/myGames/EndlessRunner/Content/Construction_VOL1/Textures/Unique/TX_Trafficbarrier_RMA.uexp" 1045
"D:/UE4t/Tutorial1/myGames/EndlessRunner/Content/Construction_VOL1/Textures/Unique/TX_Trafficbarrier_RMA.ubulk" 1046
"D:/UE4t/Tutorial1/myGames/EndlessRunner/Content/Construction_VOL1/Textures/Unique/TX_Trafficbarrier_NRM.uasset" 1047
"D:/UE4t/Tutorial1/myGames/EndlessRunner/Content/Construction_VOL1/Textures/Unique/TX_Trafficbarrier_NRM.uexp" 1048
"D:/UE4t/Tutorial1/myGames/EndlessRunner/Content/Construction_VOL1/Textures/Unique/TX_Trafficbarrier_NRM.ubulk" 1049
"D:/UE4t/Tutorial1/myGames/EndlessRunner/Content/Construction_VOL1/Textures/Unique/TX_Trafficbarrier_ALB.uasset" 1050
"D:/UE4t/Tutorial1/myGames/EndlessRunner/Content/Construction_VOL1/Textures/Unique/TX_Trafficbarrier_ALB.uexp" 1051
"D:/UE4t/Tutorial1/myGames/EndlessRunner/Content/Construction_VOL1/Textures/Unique/TX_Trafficbarrier_ALB.ubulk" 1052
"D:/UE4t/Tutorial1/myGames/EndlessRunner/Content/Construction_VOL1/Materials/Instances/MI_Trafficbarrier_01a.uasset" 1053
"D:/UE4t/Tutorial1/myGames/EndlessRunner/Content/Construction_VOL1/Materials/Instances/MI_Trafficbarrier_01a.uexp" 1054
"D:/UE4t/Tutorial1/myGames/EndlessRunner/Content/Construction_VOL1/Meshes/SM_Trafficbarrier_01.uasset" 1055
"D:/UE4t/Tutorial1/myGames/EndlessRunner/Content/Construction_VOL1/Meshes/SM_Trafficbarrier_01.uexp" 1056
"D:/UE4t/Tutorial1/myGames/EndlessRunner/Content/Content/BluePrints/Game/Course/Obstracles/Obstracle_Dodgable_Child3.uasset" 1057
"D:/UE4t/Tutorial1/myGames/EndlessRunner/Content/Content/BluePrints/Game/Course/Obstracles/Obstracle_Dodgable_Child3.uexp" 1058
"D:/UE4t/Tutorial1/myGames/EndlessRunner/Content/Construction_VOL1/Meshes/SM_ConstructionPylons_01f.uasset" 1059
"D:/UE4t/Tutorial1/myGames/EndlessRunner/Content/Construction_VOL1/Meshes/SM_ConstructionPylons_01f.uexp" 1060
"D:/UE4t/Tutorial1/myGames/EndlessRunner/Content/Content/BluePrints/Game/Course/Obstracles/Obstracle_Dodgable_Child2.uasset" 1061
"D:/UE4t/Tutorial1/myGames/EndlessRunner/Content/Content/BluePrints/Game/Course/Obstracles/Obstracle_Dodgable_Child2.uexp" 1062
"D:/UE4t/Tutorial1/myGames/EndlessRunner/Content/Content/BluePrints/Game/Course/Obstracles/Obstracle_Dodgable_Child1.uasset" 1063
"D:/UE4t/Tutorial1/myGames/EndlessRunner/Content/Content/BluePrints/Game/Course/Obstracles/Obstracle_Dodgable_Child1.uexp" 1064
"D:/UE4t/Tutorial1/myGames/EndlessRunner/Content/Construction_VOL1/Textures/Unique/TX_ConstructionFence_01a_RMA.uasset" 1065
"D:/UE4t/Tutorial1/myGames/EndlessRunner/Content/Construction_VOL1/Textures/Unique/TX_ConstructionFence_01a_RMA.uexp" 1066
"D:/UE4t/Tutorial1/myGames/EndlessRunner/Content/Construction_VOL1/Textures/Unique/TX_ConstructionFence_01a_RMA.ubulk" 1067
"D:/UE4t/Tutorial1/myGames/EndlessRunner/Content/Construction_VOL1/Textures/Unique/TX_ConstructionFence_01a_NRM.uasset" 1068
"D:/UE4t/Tutorial1/myGames/EndlessRunner/Content/Construction_VOL1/Textures/Unique/TX_ConstructionFence_01a_NRM.uexp" 1069
"D:/UE4t/Tutorial1/myGames/EndlessRunner/Content/Construction_VOL1/Textures/Unique/TX_ConstructionFence_01a_NRM.ubulk" 1070
"D:/UE4t/Tutorial1/myGames/EndlessRunner/Content/Construction_VOL1/Textures/Unique/TX_ConstructionFence_01a_ALB.uasset" 1071
"D:/UE4t/Tutorial1/myGames/EndlessRunner/Content/Construction_VOL1/Textures/Unique/TX_ConstructionFence_01a_ALB.uexp" 1072
"D:/UE4t/Tutorial1/myGames/EndlessRunner/Content/Construction_VOL1/Textures/Unique/TX_ConstructionFence_01a_ALB.ubulk" 1073
"D:/UE4t/Tutorial1/myGames/EndlessRunner/Content/Construction_VOL1/Materials/Instances/MI_Fence_01a.uasset" 1074
"D:/UE4t/Tutorial1/myGames/EndlessRunner/Content/Construction_VOL1/Materials/Instances/MI_Fence_01a.uexp" 1075
"D:/UE4t/Tutorial1/myGames/EndlessRunner/Content/Construction_VOL1/Meshes/SM_construction_fence_01a.uasset" 1076
"D:/UE4t/Tutorial1/myGames/EndlessRunner/Content/Construction_VOL1/Meshes/SM_construction_fence_01a.uexp" 1077
"D:/UE4t/Tutorial1/myGames/EndlessRunner/Content/Content/BluePrints/Game/Course/Obstracle_BASE.uasset" 1078
"D:/UE4t/Tutorial1/myGames/EndlessRunner/Content/Content/BluePrints/Game/Course/Obstracle_BASE.uexp" 1079
"D:/UE4t/Tutorial1/myGames/EndlessRunner/Content/Maps/GameMap_BuiltData.uasset" 1080
"D:/UE4t/Tutorial1/myGames/EndlessRunner/Content/Maps/GameMap_BuiltData.uexp" 1081
"D:/UE4t/Tutorial1/myGames/EndlessRunner/Content/Maps/GameMap.uexp" 1082
"D:/UE4t/Tutorial1/myGames/EndlessRunner/Content/Maps/GameMap.umap" 1083
"D:/UE4t/Tutorial1/myGames/EndlessRunner/Content/Construction_VOL1/Textures/Unique/TX_CinderStack_RMA.uasset" 1084
"D:/UE4t/Tutorial1/myGames/EndlessRunner/Content/Construction_VOL1/Textures/Unique/TX_CinderStack_RMA.uexp" 1085
"D:/UE4t/Tutorial1/myGames/EndlessRunner/Content/Construction_VOL1/Textures/Unique/TX_CinderStack_RMA.ubulk" 1086
"D:/UE4t/Tutorial1/myGames/EndlessRunner/Content/Construction_VOL1/Textures/Unique/TX_CinderStack_NRM.uasset" 1087
"D:/UE4t/Tutorial1/myGames/EndlessRunner/Content/Construction_VOL1/Textures/Unique/TX_CinderStack_NRM.uexp" 1088
"D:/UE4t/Tutorial1/myGames/EndlessRunner/Content/Construction_VOL1/Textures/Unique/TX_CinderStack_NRM.ubulk" 1089
"D:/UE4t/Tutorial1/myGames/EndlessRunner/Content/Construction_VOL1/Textures/Unique/TX_CinderStack_ALB.uasset" 1090
"D:/UE4t/Tutorial1/myGames/EndlessRunner/Content/Construction_VOL1/Textures/Unique/TX_CinderStack_ALB.uexp" 1091
"D:/UE4t/Tutorial1/myGames/EndlessRunner/Content/Construction_VOL1/Textures/Unique/TX_CinderStack_ALB.ubulk" 1092
"D:/UE4t/Tutorial1/myGames/EndlessRunner/Content/Construction_VOL1/Materials/Instances/MI_Cinderstack_01a.uasset" 1093
"D:/UE4t/Tutorial1/myGames/EndlessRunner/Content/Construction_VOL1/Materials/Instances/MI_Cinderstack_01a.uexp" 1094
"D:/UE4t/Tutorial1/myGames/EndlessRunner/Content/Construction_VOL1/Meshes/SM_CinderStack_Single_01a.uasset" 1095
"D:/UE4t/Tutorial1/myGames/EndlessRunner/Content/Construction_VOL1/Meshes/SM_CinderStack_Single_01a.uexp" 1096
"D:/UE4t/Tutorial1/myGames/EndlessRunner/Content/Construction_VOL1/Meshes/SM_CinderStack_Pallete_01a.uasset" 1097
"D:/UE4t/Tutorial1/myGames/EndlessRunner/Content/Construction_VOL1/Meshes/SM_CinderStack_Pallete_01a.uexp" 1098
"D:/UE4t/Tutorial1/myGames/EndlessRunner/Content/Construction_VOL1/Meshes/SM_CinderStack_02a.uasset" 1099
"D:/UE4t/Tutorial1/myGames/EndlessRunner/Content/Construction_VOL1/Meshes/SM_CinderStack_02a.uexp" 1100
"D:/UE4t/Tutorial1/myGames/EndlessRunner/Content/Construction_VOL1/Blueprints/BP_Cinderstack_04.uasset" 1101
"D:/UE4t/Tutorial1/myGames/EndlessRunner/Content/Construction_VOL1/Blueprints/BP_Cinderstack_04.uexp" 1102
"D:/UE4t/Tutorial1/myGames/EndlessRunner/Content/Construction_VOL1/Textures/Unique/TX_ConcreteBag_01a_RMA.uasset" 1103
"D:/UE4t/Tutorial1/myGames/EndlessRunner/Content/Construction_VOL1/Textures/Unique/TX_ConcreteBag_01a_RMA.uexp" 1104
"D:/UE4t/Tutorial1/myGames/EndlessRunner/Content/Construction_VOL1/Textures/Unique/TX_ConcreteBag_01a_RMA.ubulk" 1105
"D:/UE4t/Tutorial1/myGames/EndlessRunner/Content/Construction_VOL1/Textures/Unique/TX_ConcreteBag_01a_NRM.uasset" 1106
"D:/UE4t/Tutorial1/myGames/EndlessRunner/Content/Construction_VOL1/Textures/Unique/TX_ConcreteBag_01a_NRM.uexp" 1107
"D:/UE4t/Tutorial1/myGames/EndlessRunner/Content/Construction_VOL1/Textures/Unique/TX_ConcreteBag_01a_NRM.ubulk" 1108
"D:/UE4t/Tutorial1/myGames/EndlessRunner/Content/Construction_VOL1/Textures/Unique/TX_ConcreteBag_01a_ALB.uasset" 1109
"D:/UE4t/Tutorial1/myGames/EndlessRunner/Content/Construction_VOL1/Textures/Unique/TX_ConcreteBag_01a_ALB.uexp" 1110
"D:/UE4t/Tutorial1/myGames/EndlessRunner/Content/Construction_VOL1/Textures/Unique/TX_ConcreteBag_01a_ALB.ubulk" 1111
"D:/UE4t/Tutorial1/myGames/EndlessRunner/Content/Construction_VOL1/Materials/Instances/MI_ConcreteBag_01a.uasset" 1112
"D:/UE4t/Tutorial1/myGames/EndlessRunner/Content/Construction_VOL1/Materials/Instances/MI_ConcreteBag_01a.uexp" 1113
"D:/UE4t/Tutorial1/myGames/EndlessRunner/Content/Construction_VOL1/Meshes/SM_ConcreteBag_03a.uasset" 1114
"D:/UE4t/Tutorial1/myGames/EndlessRunner/Content/Construction_VOL1/Meshes/SM_ConcreteBag_03a.uexp" 1115
"D:/UE4t/Tutorial1/myGames/EndlessRunner/Content/Construction_VOL1/Meshes/SM_ConcreteBag_05a.uasset" 1116
"D:/UE4t/Tutorial1/myGames/EndlessRunner/Content/Construction_VOL1/Meshes/SM_ConcreteBag_05a.uexp" 1117
"D:/UE4t/Tutorial1/myGames/EndlessRunner/Content/Construction_VOL1/Textures/Unique/TX_WoodenPalette_01_RMA.uasset" 1118
"D:/UE4t/Tutorial1/myGames/EndlessRunner/Content/Construction_VOL1/Textures/Unique/TX_WoodenPalette_01_RMA.uexp" 1119
"D:/UE4t/Tutorial1/myGames/EndlessRunner/Content/Construction_VOL1/Textures/Unique/TX_WoodenPalette_01_RMA.ubulk" 1120
"D:/UE4t/Tutorial1/myGames/EndlessRunner/Content/Construction_VOL1/Textures/Unique/TX_WoodenPalette_01_NRM.uasset" 1121
"D:/UE4t/Tutorial1/myGames/EndlessRunner/Content/Construction_VOL1/Textures/Unique/TX_WoodenPalette_01_NRM.uexp" 1122
"D:/UE4t/Tutorial1/myGames/EndlessRunner/Content/Construction_VOL1/Textures/Unique/TX_WoodenPalette_01_NRM.ubulk" 1123
"D:/UE4t/Tutorial1/myGames/EndlessRunner/Content/Construction_VOL1/Textures/Unique/TX_WoodenPalette_01_ALB.uasset" 1124
"D:/UE4t/Tutorial1/myGames/EndlessRunner/Content/Construction_VOL1/Textures/Unique/TX_WoodenPalette_01_ALB.uexp" 1125
"D:/UE4t/Tutorial1/myGames/EndlessRunner/Content/Construction_VOL1/Textures/Unique/TX_WoodenPalette_01_ALB.ubulk" 1126
"D:/UE4t/Tutorial1/myGames/EndlessRunner/Content/Construction_VOL1/Materials/Instances/MI_WoodenPalette_01a.uasset" 1127
"D:/UE4t/Tutorial1/myGames/EndlessRunner/Content/Construction_VOL1/Materials/Instances/MI_WoodenPalette_01a.uexp" 1128
"D:/UE4t/Tutorial1/myGames/EndlessRunner/Content/Construction_VOL1/Meshes/SM_woodenpalette_01.uasset" 1129
"D:/UE4t/Tutorial1/myGames/EndlessRunner/Content/Construction_VOL1/Meshes/SM_woodenpalette_01.uexp" 1130
"D:/UE4t/Tutorial1/myGames/EndlessRunner/Content/Construction_VOL1/Blueprints/BP_ConcreteStack_01.uasset" 1131
"D:/UE4t/Tutorial1/myGames/EndlessRunner/Content/Construction_VOL1/Blueprints/BP_ConcreteStack_01.uexp" 1132
"D:/UE4t/Tutorial1/myGames/EndlessRunner/Content/Construction_VOL1/Meshes/SM_ConcreteBag_01a.uasset" 1133
"D:/UE4t/Tutorial1/myGames/EndlessRunner/Content/Construction_VOL1/Meshes/SM_ConcreteBag_01a.uexp" 1134
"D:/UE4t/Tutorial1/myGames/EndlessRunner/Content/Construction_VOL1/Meshes/SM_ConcreteBag_02a.uasset" 1135
"D:/UE4t/Tutorial1/myGames/EndlessRunner/Content/Construction_VOL1/Meshes/SM_ConcreteBag_02a.uexp" 1136
"D:/UE4t/Tutorial1/myGames/EndlessRunner/Content/Construction_VOL1/Blueprints/BP_ConcreteStack_02.uasset" 1137
"D:/UE4t/Tutorial1/myGames/EndlessRunner/Content/Construction_VOL1/Blueprints/BP_ConcreteStack_02.uexp" 1138
"D:/UE4t/Tutorial1/myGames/EndlessRunner/Content/Construction_VOL1/Blueprints/BP_ConcreteStack_03.uasset" 1139
"D:/UE4t/Tutorial1/myGames/EndlessRunner/Content/Construction_VOL1/Blueprints/BP_ConcreteStack_03.uexp" 1140
"D:/UE4t/Tutorial1/myGames/EndlessRunner/Content/Construction_VOL1/Meshes/SM_construction_fence_connectors_01a.uasset" 1141
"D:/UE4t/Tutorial1/myGames/EndlessRunner/Content/Construction_VOL1/Meshes/SM_construction_fence_connectors_01a.uexp" 1142
"D:/UE4t/Tutorial1/myGames/EndlessRunner/Content/Construction_VOL1/Meshes/SM_construction_fence_support_01a.uasset" 1143
"D:/UE4t/Tutorial1/myGames/EndlessRunner/Content/Construction_VOL1/Meshes/SM_construction_fence_support_01a.uexp" 1144
"D:/UE4t/Tutorial1/myGames/EndlessRunner/Content/Construction_VOL1/Blueprints/BP_ConstructionFence_01a.uasset" 1145
"D:/UE4t/Tutorial1/myGames/EndlessRunner/Content/Construction_VOL1/Blueprints/BP_ConstructionFence_01a.uexp" 1146
"D:/UE4t/Tutorial1/myGames/EndlessRunner/Content/Construction_VOL1/Textures/Unique/TX_Drywall_01a_RMA.uasset" 1147
"D:/UE4t/Tutorial1/myGames/EndlessRunner/Content/Construction_VOL1/Textures/Unique/TX_Drywall_01a_RMA.uexp" 1148
"D:/UE4t/Tutorial1/myGames/EndlessRunner/Content/Construction_VOL1/Textures/Unique/TX_Drywall_01a_RMA.ubulk" 1149
"D:/UE4t/Tutorial1/myGames/EndlessRunner/Content/Construction_VOL1/Textures/Unique/TX_Drywall_01a_NRM.uasset" 1150
"D:/UE4t/Tutorial1/myGames/EndlessRunner/Content/Construction_VOL1/Textures/Unique/TX_Drywall_01a_NRM.uexp" 1151
"D:/UE4t/Tutorial1/myGames/EndlessRunner/Content/Construction_VOL1/Textures/Unique/TX_Drywall_01a_NRM.ubulk" 1152
"D:/UE4t/Tutorial1/myGames/EndlessRunner/Content/Construction_VOL1/Textures/Unique/TX_Drywall_01a_ALB.uasset" 1153
"D:/UE4t/Tutorial1/myGames/EndlessRunner/Content/Construction_VOL1/Textures/Unique/TX_Drywall_01a_ALB.uexp" 1154
"D:/UE4t/Tutorial1/myGames/EndlessRunner/Content/Construction_VOL1/Textures/Unique/TX_Drywall_01a_ALB.ubulk" 1155
"D:/UE4t/Tutorial1/myGames/EndlessRunner/Content/Construction_VOL1/Materials/Instances/MI_Drywall_01a.uasset" 1156
"D:/UE4t/Tutorial1/myGames/EndlessRunner/Content/Construction_VOL1/Materials/Instances/MI_Drywall_01a.uexp" 1157
"D:/UE4t/Tutorial1/myGames/EndlessRunner/Content/Construction_VOL1/Meshes/SM_Drywall_01a.uasset" 1158
"D:/UE4t/Tutorial1/myGames/EndlessRunner/Content/Construction_VOL1/Meshes/SM_Drywall_01a.uexp" 1159
"D:/UE4t/Tutorial1/myGames/EndlessRunner/Content/Construction_VOL1/Meshes/SM_Drywall_01b.uasset" 1160
"D:/UE4t/Tutorial1/myGames/EndlessRunner/Content/Construction_VOL1/Meshes/SM_Drywall_01b.uexp" 1161
"D:/UE4t/Tutorial1/myGames/EndlessRunner/Content/Construction_VOL1/Blueprints/BP_DrywallStack_01.uasset" 1162
"D:/UE4t/Tutorial1/myGames/EndlessRunner/Content/Construction_VOL1/Blueprints/BP_DrywallStack_01.uexp" 1163
"D:/UE4t/Tutorial1/myGames/EndlessRunner/Content/Construction_VOL1/Textures/Unique/TX_Portapotty_02_RMA.uasset" 1164
"D:/UE4t/Tutorial1/myGames/EndlessRunner/Content/Construction_VOL1/Textures/Unique/TX_Portapotty_02_RMA.uexp" 1165
"D:/UE4t/Tutorial1/myGames/EndlessRunner/Content/Construction_VOL1/Textures/Unique/TX_Portapotty_02_RMA.ubulk" 1166
"D:/UE4t/Tutorial1/myGames/EndlessRunner/Content/Construction_VOL1/Textures/Unique/TX_Portapotty_02_NRM.uasset" 1167
"D:/UE4t/Tutorial1/myGames/EndlessRunner/Content/Construction_VOL1/Textures/Unique/TX_Portapotty_02_NRM.uexp" 1168
"D:/UE4t/Tutorial1/myGames/EndlessRunner/Content/Construction_VOL1/Textures/Unique/TX_Portapotty_02_NRM.ubulk" 1169
"D:/UE4t/Tutorial1/myGames/EndlessRunner/Content/Construction_VOL1/Textures/Unique/TX_Portapotty_02_ALB.uasset" 1170
"D:/UE4t/Tutorial1/myGames/EndlessRunner/Content/Construction_VOL1/Textures/Unique/TX_Portapotty_02_ALB.uexp" 1171
"D:/UE4t/Tutorial1/myGames/EndlessRunner/Content/Construction_VOL1/Textures/Unique/TX_Portapotty_02_ALB.ubulk" 1172
"D:/UE4t/Tutorial1/myGames/EndlessRunner/Content/Construction_VOL1/Materials/Instances/MI_Portapotty_01b.uasset" 1173
"D:/UE4t/Tutorial1/myGames/EndlessRunner/Content/Construction_VOL1/Materials/Instances/MI_Portapotty_01b.uexp" 1174
"D:/UE4t/Tutorial1/myGames/EndlessRunner/Content/Construction_VOL1/Meshes/SM_Portapotty_02.uasset" 1175
"D:/UE4t/Tutorial1/myGames/EndlessRunner/Content/Construction_VOL1/Meshes/SM_Portapotty_02.uexp" 1176
"D:/UE4t/Tutorial1/myGames/EndlessRunner/Content/Construction_VOL1/Meshes/SM_Portapotty_03.uasset" 1177
"D:/UE4t/Tutorial1/myGames/EndlessRunner/Content/Construction_VOL1/Meshes/SM_Portapotty_03.uexp" 1178
"D:/UE4t/Tutorial1/myGames/EndlessRunner/Content/Construction_VOL1/Blueprints/BP_Portapotty_01.uasset" 1179
"D:/UE4t/Tutorial1/myGames/EndlessRunner/Content/Construction_VOL1/Blueprints/BP_Portapotty_01.uexp" 1180
"D:/UE4t/Tutorial1/myGames/EndlessRunner/Content/Construction_VOL1/Textures/Utility/TX_Cubemap_Stairs.uasset" 1181
"D:/UE4t/Tutorial1/myGames/EndlessRunner/Content/Construction_VOL1/Textures/Utility/TX_Cubemap_Stairs.uexp" 1182
"D:/UE4t/Tutorial1/myGames/EndlessRunner/Content/Construction_VOL1/Materials/Masters/MM_SkyBox.uasset" 1183
"D:/UE4t/Tutorial1/myGames/EndlessRunner/Content/Construction_VOL1/Materials/Masters/MM_SkyBox.uexp" 1184
"D:/UE4t/Tutorial1/myGames/EndlessRunner/Content/Construction_VOL1/Materials/Instances/MI_Skybox.uasset" 1185
"D:/UE4t/Tutorial1/myGames/EndlessRunner/Content/Construction_VOL1/Materials/Instances/MI_Skybox.uexp" 1186
"D:/UE4t/Tutorial1/myGames/EndlessRunner/Content/Construction_VOL1/Maps/Demonstration_BuiltData.uasset" 1187
"D:/UE4t/Tutorial1/myGames/EndlessRunner/Content/Construction_VOL1/Maps/Demonstration_BuiltData.uexp" 1188
"D:/UE4t/Tutorial1/myGames/EndlessRunner/Content/Construction_VOL1/Maps/Demonstration_BuiltData.ubulk" 1189
"D:/UE4t/Tutorial1/myGames/EndlessRunner/Content/Construction_VOL1/Materials/Masters/MM_PP_Sharpen.uasset" 1190
"D:/UE4t/Tutorial1/myGames/EndlessRunner/Content/Construction_VOL1/Materials/Masters/MM_PP_Sharpen.uexp" 1191
"D:/UE4t/Tutorial1/myGames/EndlessRunner/Content/Construction_VOL1/Textures/Unique/TX_OilBarrel_01a_RMA.uasset" 1192
"D:/UE4t/Tutorial1/myGames/EndlessRunner/Content/Construction_VOL1/Textures/Unique/TX_OilBarrel_01a_RMA.uexp" 1193
"D:/UE4t/Tutorial1/myGames/EndlessRunner/Content/Construction_VOL1/Textures/Unique/TX_OilBarrel_01a_RMA.ubulk" 1194
"D:/UE4t/Tutorial1/myGames/EndlessRunner/Content/Construction_VOL1/Textures/Unique/TX_OilBarrel_01a_NRM.uasset" 1195
"D:/UE4t/Tutorial1/myGames/EndlessRunner/Content/Construction_VOL1/Textures/Unique/TX_OilBarrel_01a_NRM.uexp" 1196
"D:/UE4t/Tutorial1/myGames/EndlessRunner/Content/Construction_VOL1/Textures/Unique/TX_OilBarrel_01a_NRM.ubulk" 1197
"D:/UE4t/Tutorial1/myGames/EndlessRunner/Content/Construction_VOL1/Textures/Unique/TX_OilBarrel_01a_ALB.uasset" 1198
"D:/UE4t/Tutorial1/myGames/EndlessRunner/Content/Construction_VOL1/Textures/Unique/TX_OilBarrel_01a_ALB.uexp" 1199
"D:/UE4t/Tutorial1/myGames/EndlessRunner/Content/Construction_VOL1/Textures/Unique/TX_OilBarrel_01a_ALB.ubulk" 1200
"D:/UE4t/Tutorial1/myGames/EndlessRunner/Content/Construction_VOL1/Materials/Instances/MI_OilBarrel_01a.uasset" 1201
"D:/UE4t/Tutorial1/myGames/EndlessRunner/Content/Construction_VOL1/Materials/Instances/MI_OilBarrel_01a.uexp" 1202
"D:/UE4t/Tutorial1/myGames/EndlessRunner/Content/Construction_VOL1/Meshes/SM_Barrel_01.uasset" 1203
"D:/UE4t/Tutorial1/myGames/EndlessRunner/Content/Construction_VOL1/Meshes/SM_Barrel_01.uexp" 1204
"D:/UE4t/Tutorial1/myGames/EndlessRunner/Content/Construction_VOL1/Textures/Unique/TX_CableReel_RMA.uasset" 1205
"D:/UE4t/Tutorial1/myGames/EndlessRunner/Content/Construction_VOL1/Textures/Unique/TX_CableReel_RMA.uexp" 1206
"D:/UE4t/Tutorial1/myGames/EndlessRunner/Content/Construction_VOL1/Textures/Unique/TX_CableReel_RMA.ubulk" 1207
"D:/UE4t/Tutorial1/myGames/EndlessRunner/Content/Construction_VOL1/Textures/Unique/TX_CableReel_NRM.uasset" 1208
"D:/UE4t/Tutorial1/myGames/EndlessRunner/Content/Construction_VOL1/Textures/Unique/TX_CableReel_NRM.uexp" 1209
"D:/UE4t/Tutorial1/myGames/EndlessRunner/Content/Construction_VOL1/Textures/Unique/TX_CableReel_NRM.ubulk" 1210
"D:/UE4t/Tutorial1/myGames/EndlessRunner/Content/Construction_VOL1/Textures/Unique/TX_CableReel_ALB.uasset" 1211
"D:/UE4t/Tutorial1/myGames/EndlessRunner/Content/Construction_VOL1/Textures/Unique/TX_CableReel_ALB.uexp" 1212
"D:/UE4t/Tutorial1/myGames/EndlessRunner/Content/Construction_VOL1/Textures/Unique/TX_CableReel_ALB.ubulk" 1213
"D:/UE4t/Tutorial1/myGames/EndlessRunner/Content/Construction_VOL1/Materials/Instances/MI_CableReel_01a.uasset" 1214
"D:/UE4t/Tutorial1/myGames/EndlessRunner/Content/Construction_VOL1/Materials/Instances/MI_CableReel_01a.uexp" 1215
"D:/UE4t/Tutorial1/myGames/EndlessRunner/Content/Construction_VOL1/Meshes/SM_CableReel.uasset" 1216
"D:/UE4t/Tutorial1/myGames/EndlessRunner/Content/Construction_VOL1/Meshes/SM_CableReel.uexp" 1217
"D:/UE4t/Tutorial1/myGames/EndlessRunner/Content/Construction_VOL1/Meshes/SM_ConcreteBag_04a.uasset" 1218
"D:/UE4t/Tutorial1/myGames/EndlessRunner/Content/Construction_VOL1/Meshes/SM_ConcreteBag_04a.uexp" 1219
"D:/UE4t/Tutorial1/myGames/EndlessRunner/Content/Construction_VOL1/Textures/Unique/TX_ConcretePipe_Set_RMA.uasset" 1220
"D:/UE4t/Tutorial1/myGames/EndlessRunner/Content/Construction_VOL1/Textures/Unique/TX_ConcretePipe_Set_RMA.uexp" 1221
"D:/UE4t/Tutorial1/myGames/EndlessRunner/Content/Construction_VOL1/Textures/Unique/TX_ConcretePipe_Set_RMA.ubulk" 1222
"D:/UE4t/Tutorial1/myGames/EndlessRunner/Content/Construction_VOL1/Textures/Unique/TX_ConcretePipe_Set_NRM.uasset" 1223
"D:/UE4t/Tutorial1/myGames/EndlessRunner/Content/Construction_VOL1/Textures/Unique/TX_ConcretePipe_Set_NRM.uexp" 1224
"D:/UE4t/Tutorial1/myGames/EndlessRunner/Content/Construction_VOL1/Textures/Unique/TX_ConcretePipe_Set_NRM.ubulk" 1225
"D:/UE4t/Tutorial1/myGames/EndlessRunner/Content/Construction_VOL1/Textures/Unique/TX_ConcretePipe_Set_ALB.uasset" 1226
"D:/UE4t/Tutorial1/myGames/EndlessRunner/Content/Construction_VOL1/Textures/Unique/TX_ConcretePipe_Set_ALB.uexp" 1227
"D:/UE4t/Tutorial1/myGames/EndlessRunner/Content/Construction_VOL1/Textures/Unique/TX_ConcretePipe_Set_ALB.ubulk" 1228
"D:/UE4t/Tutorial1/myGames/EndlessRunner/Content/Construction_VOL1/Materials/Instances/MI_ConcretePipe_01a.uasset" 1229
"D:/UE4t/Tutorial1/myGames/EndlessRunner/Content/Construction_VOL1/Materials/Instances/MI_ConcretePipe_01a.uexp" 1230
"D:/UE4t/Tutorial1/myGames/EndlessRunner/Content/Construction_VOL1/Meshes/SM_ConcretePipe_02.uasset" 1231
"D:/UE4t/Tutorial1/myGames/EndlessRunner/Content/Construction_VOL1/Meshes/SM_ConcretePipe_02.uexp" 1232
"D:/UE4t/Tutorial1/myGames/EndlessRunner/Content/Construction_VOL1/Meshes/SM_ConcretePipe_03.uasset" 1233
"D:/UE4t/Tutorial1/myGames/EndlessRunner/Content/Construction_VOL1/Meshes/SM_ConcretePipe_03.uexp" 1234
"D:/UE4t/Tutorial1/myGames/EndlessRunner/Content/Construction_VOL1/Meshes/SM_ConcretePipe_01.uasset" 1235
"D:/UE4t/Tutorial1/myGames/EndlessRunner/Content/Construction_VOL1/Meshes/SM_ConcretePipe_01.uexp" 1236
"D:/UE4t/Tutorial1/myGames/EndlessRunner/Content/Construction_VOL1/Meshes/SM_ConstructionPylons_01b.uasset" 1237
"D:/UE4t/Tutorial1/myGames/EndlessRunner/Content/Construction_VOL1/Meshes/SM_ConstructionPylons_01b.uexp" 1238
"D:/UE4t/Tutorial1/myGames/EndlessRunner/Content/Construction_VOL1/Meshes/SM_ConstructionPylons_01c.uasset" 1239
"D:/UE4t/Tutorial1/myGames/EndlessRunner/Content/Construction_VOL1/Meshes/SM_ConstructionPylons_01c.uexp" 1240
"D:/UE4t/Tutorial1/myGames/EndlessRunner/Content/Construction_VOL1/Meshes/SM_ConstructionPylons_01d.uasset" 1241
"D:/UE4t/Tutorial1/myGames/EndlessRunner/Content/Construction_VOL1/Meshes/SM_ConstructionPylons_01d.uexp" 1242
"D:/UE4t/Tutorial1/myGames/EndlessRunner/Content/Construction_VOL1/Meshes/SM_ConstructionPylons_01e.uasset" 1243
"D:/UE4t/Tutorial1/myGames/EndlessRunner/Content/Construction_VOL1/Meshes/SM_ConstructionPylons_01e.uexp" 1244
"D:/UE4t/Tutorial1/myGames/EndlessRunner/Content/Construction_VOL1/Textures/Unique/TX_Crates_01a_RMA.uasset" 1245
"D:/UE4t/Tutorial1/myGames/EndlessRunner/Content/Construction_VOL1/Textures/Unique/TX_Crates_01a_RMA.uexp" 1246
"D:/UE4t/Tutorial1/myGames/EndlessRunner/Content/Construction_VOL1/Textures/Unique/TX_Crates_01a_RMA.ubulk" 1247
"D:/UE4t/Tutorial1/myGames/EndlessRunner/Content/Construction_VOL1/Textures/Unique/TX_Crates_01a_NRM.uasset" 1248
"D:/UE4t/Tutorial1/myGames/EndlessRunner/Content/Construction_VOL1/Textures/Unique/TX_Crates_01a_NRM.uexp" 1249
"D:/UE4t/Tutorial1/myGames/EndlessRunner/Content/Construction_VOL1/Textures/Unique/TX_Crates_01a_NRM.ubulk" 1250
"D:/UE4t/Tutorial1/myGames/EndlessRunner/Content/Construction_VOL1/Textures/Unique/TX_Crates_01a_ALB.uasset" 1251
"D:/UE4t/Tutorial1/myGames/EndlessRunner/Content/Construction_VOL1/Textures/Unique/TX_Crates_01a_ALB.uexp" 1252
"D:/UE4t/Tutorial1/myGames/EndlessRunner/Content/Construction_VOL1/Textures/Unique/TX_Crates_01a_ALB.ubulk" 1253
"D:/UE4t/Tutorial1/myGames/EndlessRunner/Content/Construction_VOL1/Materials/Instances/MI_Crate_01a.uasset" 1254
"D:/UE4t/Tutorial1/myGames/EndlessRunner/Content/Construction_VOL1/Materials/Instances/MI_Crate_01a.uexp" 1255
"D:/UE4t/Tutorial1/myGames/EndlessRunner/Content/Construction_VOL1/Meshes/SM_Crate_01a.uasset" 1256
"D:/UE4t/Tutorial1/myGames/EndlessRunner/Content/Construction_VOL1/Meshes/SM_Crate_01a.uexp" 1257
"D:/UE4t/Tutorial1/myGames/EndlessRunner/Content/Construction_VOL1/Meshes/SM_Crate_Base_01a.uasset" 1258
"D:/UE4t/Tutorial1/myGames/EndlessRunner/Content/Construction_VOL1/Meshes/SM_Crate_Base_01a.uexp" 1259
"D:/UE4t/Tutorial1/myGames/EndlessRunner/Content/Construction_VOL1/Meshes/SM_Crate_Lid_01a.uasset" 1260
"D:/UE4t/Tutorial1/myGames/EndlessRunner/Content/Construction_VOL1/Meshes/SM_Crate_Lid_01a.uexp" 1261
"D:/UE4t/Tutorial1/myGames/EndlessRunner/Content/Construction_VOL1/Textures/Unique/TX_Dumpster_RMA.uasset" 1262
"D:/UE4t/Tutorial1/myGames/EndlessRunner/Content/Construction_VOL1/Textures/Unique/TX_Dumpster_RMA.uexp" 1263
"D:/UE4t/Tutorial1/myGames/EndlessRunner/Content/Construction_VOL1/Textures/Unique/TX_Dumpster_RMA.ubulk" 1264
"D:/UE4t/Tutorial1/myGames/EndlessRunner/Content/Construction_VOL1/Textures/Unique/TX_Dumpster_NRM.uasset" 1265
"D:/UE4t/Tutorial1/myGames/EndlessRunner/Content/Construction_VOL1/Textures/Unique/TX_Dumpster_NRM.uexp" 1266
"D:/UE4t/Tutorial1/myGames/EndlessRunner/Content/Construction_VOL1/Textures/Unique/TX_Dumpster_NRM.ubulk" 1267
"D:/UE4t/Tutorial1/myGames/EndlessRunner/Content/Construction_VOL1/Textures/Unique/TX_Dumpster_ALB.uasset" 1268
"D:/UE4t/Tutorial1/myGames/EndlessRunner/Content/Construction_VOL1/Textures/Unique/TX_Dumpster_ALB.uexp" 1269
"D:/UE4t/Tutorial1/myGames/EndlessRunner/Content/Construction_VOL1/Textures/Unique/TX_Dumpster_ALB.ubulk" 1270
"D:/UE4t/Tutorial1/myGames/EndlessRunner/Content/Construction_VOL1/Materials/Instances/MI_Dumpster_01a.uasset" 1271
"D:/UE4t/Tutorial1/myGames/EndlessRunner/Content/Construction_VOL1/Materials/Instances/MI_Dumpster_01a.uexp" 1272
"D:/UE4t/Tutorial1/myGames/EndlessRunner/Content/Construction_VOL1/Textures/Tileable/TX_DebrisTile_RMA.uasset" 1273
"D:/UE4t/Tutorial1/myGames/EndlessRunner/Content/Construction_VOL1/Textures/Tileable/TX_DebrisTile_RMA.uexp" 1274
"D:/UE4t/Tutorial1/myGames/EndlessRunner/Content/Construction_VOL1/Textures/Tileable/TX_DebrisTile_RMA.ubulk" 1275
"D:/UE4t/Tutorial1/myGames/EndlessRunner/Content/Construction_VOL1/Textures/Tileable/TX_DebrisTile_NRM.uasset" 1276
"D:/UE4t/Tutorial1/myGames/EndlessRunner/Content/Construction_VOL1/Textures/Tileable/TX_DebrisTile_NRM.uexp" 1277
"D:/UE4t/Tutorial1/myGames/EndlessRunner/Content/Construction_VOL1/Textures/Tileable/TX_DebrisTile_NRM.ubulk" 1278
"D:/UE4t/Tutorial1/myGames/EndlessRunner/Content/Construction_VOL1/Textures/Tileable/TX_DebrisTile_ALB.uasset" 1279
"D:/UE4t/Tutorial1/myGames/EndlessRunner/Content/Construction_VOL1/Textures/Tileable/TX_DebrisTile_ALB.uexp" 1280
"D:/UE4t/Tutorial1/myGames/EndlessRunner/Content/Construction_VOL1/Textures/Tileable/TX_DebrisTile_ALB.ubulk" 1281
"D:/UE4t/Tutorial1/myGames/EndlessRunner/Content/Construction_VOL1/Materials/Instances/MI_DebrisTile_01a.uasset" 1282
"D:/UE4t/Tutorial1/myGames/EndlessRunner/Content/Construction_VOL1/Materials/Instances/MI_DebrisTile_01a.uexp" 1283
"D:/UE4t/Tutorial1/myGames/EndlessRunner/Content/Construction_VOL1/Meshes/SM_Dumpster.uasset" 1284
"D:/UE4t/Tutorial1/myGames/EndlessRunner/Content/Construction_VOL1/Meshes/SM_Dumpster.uexp" 1285
"D:/UE4t/Tutorial1/myGames/EndlessRunner/Content/Construction_VOL1/Textures/Unique/TX_PlasticBarrel_01a_RMA.uasset" 1286
"D:/UE4t/Tutorial1/myGames/EndlessRunner/Content/Construction_VOL1/Textures/Unique/TX_PlasticBarrel_01a_RMA.uexp" 1287
"D:/UE4t/Tutorial1/myGames/EndlessRunner/Content/Construction_VOL1/Textures/Unique/TX_PlasticBarrel_01a_RMA.ubulk" 1288
"D:/UE4t/Tutorial1/myGames/EndlessRunner/Content/Construction_VOL1/Textures/Unique/TX_PlasticBarrel_01a_NRM.uasset" 1289
"D:/UE4t/Tutorial1/myGames/EndlessRunner/Content/Construction_VOL1/Textures/Unique/TX_PlasticBarrel_01a_NRM.uexp" 1290
"D:/UE4t/Tutorial1/myGames/EndlessRunner/Content/Construction_VOL1/Textures/Unique/TX_PlasticBarrel_01a_NRM.ubulk" 1291
"D:/UE4t/Tutorial1/myGames/EndlessRunner/Content/Construction_VOL1/Textures/Unique/TX_PlasticBarrel_01a_ALB.uasset" 1292
"D:/UE4t/Tutorial1/myGames/EndlessRunner/Content/Construction_VOL1/Textures/Unique/TX_PlasticBarrel_01a_ALB.uexp" 1293
"D:/UE4t/Tutorial1/myGames/EndlessRunner/Content/Construction_VOL1/Textures/Unique/TX_PlasticBarrel_01a_ALB.ubulk" 1294
"D:/UE4t/Tutorial1/myGames/EndlessRunner/Content/Construction_VOL1/Materials/Instances/MI_PlasticBarrel_01a.uasset" 1295
"D:/UE4t/Tutorial1/myGames/EndlessRunner/Content/Construction_VOL1/Materials/Instances/MI_PlasticBarrel_01a.uexp" 1296
"D:/UE4t/Tutorial1/myGames/EndlessRunner/Content/Construction_VOL1/Meshes/SM_PlasticBarrel_01a.uasset" 1297
"D:/UE4t/Tutorial1/myGames/EndlessRunner/Content/Construction_VOL1/Meshes/SM_PlasticBarrel_01a.uexp" 1298
"D:/UE4t/Tutorial1/myGames/EndlessRunner/Content/Construction_VOL1/Textures/Unique/TX_Rebar_RMA.uasset" 1299
"D:/UE4t/Tutorial1/myGames/EndlessRunner/Content/Construction_VOL1/Textures/Unique/TX_Rebar_RMA.uexp" 1300
"D:/UE4t/Tutorial1/myGames/EndlessRunner/Content/Construction_VOL1/Textures/Unique/TX_Rebar_RMA.ubulk" 1301
"D:/UE4t/Tutorial1/myGames/EndlessRunner/Content/Construction_VOL1/Textures/Unique/TX_Rebar_NRM.uasset" 1302
"D:/UE4t/Tutorial1/myGames/EndlessRunner/Content/Construction_VOL1/Textures/Unique/TX_Rebar_NRM.uexp" 1303
"D:/UE4t/Tutorial1/myGames/EndlessRunner/Content/Construction_VOL1/Textures/Unique/TX_Rebar_NRM.ubulk" 1304
"D:/UE4t/Tutorial1/myGames/EndlessRunner/Content/Construction_VOL1/Textures/Unique/TX_Rebar_ALB.uasset" 1305
"D:/UE4t/Tutorial1/myGames/EndlessRunner/Content/Construction_VOL1/Textures/Unique/TX_Rebar_ALB.uexp" 1306
"D:/UE4t/Tutorial1/myGames/EndlessRunner/Content/Construction_VOL1/Textures/Unique/TX_Rebar_ALB.ubulk" 1307
"D:/UE4t/Tutorial1/myGames/EndlessRunner/Content/Construction_VOL1/Materials/Instances/MI_Rebar_01a.uasset" 1308
"D:/UE4t/Tutorial1/myGames/EndlessRunner/Content/Construction_VOL1/Materials/Instances/MI_Rebar_01a.uexp" 1309
"D:/UE4t/Tutorial1/myGames/EndlessRunner/Content/Construction_VOL1/Meshes/SM_Rebar_01a.uasset" 1310
"D:/UE4t/Tutorial1/myGames/EndlessRunner/Content/Construction_VOL1/Meshes/SM_Rebar_01a.uexp" 1311
"D:/UE4t/Tutorial1/myGames/EndlessRunner/Content/Construction_VOL1/Meshes/SM_Rebar_01b.uasset" 1312
"D:/UE4t/Tutorial1/myGames/EndlessRunner/Content/Construction_VOL1/Meshes/SM_Rebar_01b.uexp" 1313
"D:/UE4t/Tutorial1/myGames/EndlessRunner/Content/Construction_VOL1/Textures/Unique/TX_Roadblock_RMA.uasset" 1314
"D:/UE4t/Tutorial1/myGames/EndlessRunner/Content/Construction_VOL1/Textures/Unique/TX_Roadblock_RMA.uexp" 1315
"D:/UE4t/Tutorial1/myGames/EndlessRunner/Content/Construction_VOL1/Textures/Unique/TX_Roadblock_RMA.ubulk" 1316
"D:/UE4t/Tutorial1/myGames/EndlessRunner/Content/Construction_VOL1/Textures/Unique/TX_Roadblock_NRM.uasset" 1317
"D:/UE4t/Tutorial1/myGames/EndlessRunner/Content/Construction_VOL1/Textures/Unique/TX_Roadblock_NRM.uexp" 1318
"D:/UE4t/Tutorial1/myGames/EndlessRunner/Content/Construction_VOL1/Textures/Unique/TX_Roadblock_NRM.ubulk" 1319
"D:/UE4t/Tutorial1/myGames/EndlessRunner/Content/Construction_VOL1/Textures/Unique/TX_Roadblock_ALB.uasset" 1320
"D:/UE4t/Tutorial1/myGames/EndlessRunner/Content/Construction_VOL1/Textures/Unique/TX_Roadblock_ALB.uexp" 1321
"D:/UE4t/Tutorial1/myGames/EndlessRunner/Content/Construction_VOL1/Textures/Unique/TX_Roadblock_ALB.ubulk" 1322
"D:/UE4t/Tutorial1/myGames/EndlessRunner/Content/Construction_VOL1/Materials/Instances/MI_Roadblock_01a.uasset" 1323
"D:/UE4t/Tutorial1/myGames/EndlessRunner/Content/Construction_VOL1/Materials/Instances/MI_Roadblock_01a.uexp" 1324
"D:/UE4t/Tutorial1/myGames/EndlessRunner/Content/Construction_VOL1/Meshes/SM_Roadblock_01a.uasset" 1325
"D:/UE4t/Tutorial1/myGames/EndlessRunner/Content/Construction_VOL1/Meshes/SM_Roadblock_01a.uexp" 1326
"D:/UE4t/Tutorial1/myGames/EndlessRunner/Content/Construction_VOL1/Meshes/SM_Roadblock_02a.uasset" 1327
"D:/UE4t/Tutorial1/myGames/EndlessRunner/Content/Construction_VOL1/Meshes/SM_Roadblock_02a.uexp" 1328
"D:/UE4t/Tutorial1/myGames/EndlessRunner/Content/Construction_VOL1/Meshes/SM_Roadblock_03a.uasset" 1329
"D:/UE4t/Tutorial1/myGames/EndlessRunner/Content/Construction_VOL1/Meshes/SM_Roadblock_03a.uexp" 1330
"D:/UE4t/Tutorial1/myGames/EndlessRunner/Content/Construction_VOL1/Meshes/SM_Roadblock_03b.uasset" 1331
"D:/UE4t/Tutorial1/myGames/EndlessRunner/Content/Construction_VOL1/Meshes/SM_Roadblock_03b.uexp" 1332
"D:/UE4t/Tutorial1/myGames/EndlessRunner/Content/Construction_VOL1/Meshes/SM_Roadblock_04a.uasset" 1333
"D:/UE4t/Tutorial1/myGames/EndlessRunner/Content/Construction_VOL1/Meshes/SM_Roadblock_04a.uexp" 1334
"D:/UE4t/Tutorial1/myGames/EndlessRunner/Content/Construction_VOL1/Meshes/SM_Roadblock_Flag_03a.uasset" 1335
"D:/UE4t/Tutorial1/myGames/EndlessRunner/Content/Construction_VOL1/Meshes/SM_Roadblock_Flag_03a.uexp" 1336
"D:/UE4t/Tutorial1/myGames/EndlessRunner/Content/Construction_VOL1/Textures/Unique/TX_Spool_01a_RMA.uasset" 1337
"D:/UE4t/Tutorial1/myGames/EndlessRunner/Content/Construction_VOL1/Textures/Unique/TX_Spool_01a_RMA.uexp" 1338
"D:/UE4t/Tutorial1/myGames/EndlessRunner/Content/Construction_VOL1/Textures/Unique/TX_Spool_01a_RMA.ubulk" 1339
"D:/UE4t/Tutorial1/myGames/EndlessRunner/Content/Construction_VOL1/Textures/Unique/TX_Spool_01a_NRM.uasset" 1340
"D:/UE4t/Tutorial1/myGames/EndlessRunner/Content/Construction_VOL1/Textures/Unique/TX_Spool_01a_NRM.uexp" 1341
"D:/UE4t/Tutorial1/myGames/EndlessRunner/Content/Construction_VOL1/Textures/Unique/TX_Spool_01a_NRM.ubulk" 1342
"D:/UE4t/Tutorial1/myGames/EndlessRunner/Content/Construction_VOL1/Textures/Unique/TX_Spool_01a_ALB.uasset" 1343
"D:/UE4t/Tutorial1/myGames/EndlessRunner/Content/Construction_VOL1/Textures/Unique/TX_Spool_01a_ALB.uexp" 1344
"D:/UE4t/Tutorial1/myGames/EndlessRunner/Content/Construction_VOL1/Textures/Unique/TX_Spool_01a_ALB.ubulk" 1345
"D:/UE4t/Tutorial1/myGames/EndlessRunner/Content/Construction_VOL1/Materials/Instances/MI_Spool_01a.uasset" 1346
"D:/UE4t/Tutorial1/myGames/EndlessRunner/Content/Construction_VOL1/Materials/Instances/MI_Spool_01a.uexp" 1347
"D:/UE4t/Tutorial1/myGames/EndlessRunner/Content/Construction_VOL1/Meshes/SM_Spool_01a.uasset" 1348
"D:/UE4t/Tutorial1/myGames/EndlessRunner/Content/Construction_VOL1/Meshes/SM_Spool_01a.uexp" 1349
"D:/UE4t/Tutorial1/myGames/EndlessRunner/Content/Construction_VOL1/Textures/Unique/TX_Tarp_01_RMA.uasset" 1350
"D:/UE4t/Tutorial1/myGames/EndlessRunner/Content/Construction_VOL1/Textures/Unique/TX_Tarp_01_RMA.uexp" 1351
"D:/UE4t/Tutorial1/myGames/EndlessRunner/Content/Construction_VOL1/Textures/Unique/TX_Tarp_01_RMA.ubulk" 1352
"D:/UE4t/Tutorial1/myGames/EndlessRunner/Content/Construction_VOL1/Textures/Unique/TX_Tarp_01_NRM.uasset" 1353
"D:/UE4t/Tutorial1/myGames/EndlessRunner/Content/Construction_VOL1/Textures/Unique/TX_Tarp_01_NRM.uexp" 1354
"D:/UE4t/Tutorial1/myGames/EndlessRunner/Content/Construction_VOL1/Textures/Unique/TX_Tarp_01_NRM.ubulk" 1355
"D:/UE4t/Tutorial1/myGames/EndlessRunner/Content/Construction_VOL1/Textures/Unique/TX_Tarp_01_ALB.uasset" 1356
"D:/UE4t/Tutorial1/myGames/EndlessRunner/Content/Construction_VOL1/Textures/Unique/TX_Tarp_01_ALB.uexp" 1357
"D:/UE4t/Tutorial1/myGames/EndlessRunner/Content/Construction_VOL1/Textures/Unique/TX_Tarp_01_ALB.ubulk" 1358
"D:/UE4t/Tutorial1/myGames/EndlessRunner/Content/Construction_VOL1/Materials/Instances/MI_Tarp_01a.uasset" 1359
"D:/UE4t/Tutorial1/myGames/EndlessRunner/Content/Construction_VOL1/Materials/Instances/MI_Tarp_01a.uexp" 1360
"D:/UE4t/Tutorial1/myGames/EndlessRunner/Content/Construction_VOL1/Meshes/SM_Tarp_01.uasset" 1361
"D:/UE4t/Tutorial1/myGames/EndlessRunner/Content/Construction_VOL1/Meshes/SM_Tarp_01.uexp" 1362
"D:/UE4t/Tutorial1/myGames/EndlessRunner/Content/Construction_VOL1/Meshes/SM_Tarp_02.uasset" 1363
"D:/UE4t/Tutorial1/myGames/EndlessRunner/Content/Construction_VOL1/Meshes/SM_Tarp_02.uexp" 1364
"D:/UE4t/Tutorial1/myGames/EndlessRunner/Content/Construction_VOL1/Meshes/SM_Tarp_03.uasset" 1365
"D:/UE4t/Tutorial1/myGames/EndlessRunner/Content/Construction_VOL1/Meshes/SM_Tarp_03.uexp" 1366
"D:/UE4t/Tutorial1/myGames/EndlessRunner/Content/Construction_VOL1/Meshes/SM_Tarp_04.uasset" 1367
"D:/UE4t/Tutorial1/myGames/EndlessRunner/Content/Construction_VOL1/Meshes/SM_Tarp_04.uexp" 1368
"D:/UE4t/Tutorial1/myGames/EndlessRunner/Content/Construction_VOL1/Meshes/SM_Tarp_05.uasset" 1369
"D:/UE4t/Tutorial1/myGames/EndlessRunner/Content/Construction_VOL1/Meshes/SM_Tarp_05.uexp" 1370
"D:/UE4t/Tutorial1/myGames/EndlessRunner/Content/Construction_VOL1/Meshes/SM_Tarp_06.uasset" 1371
"D:/UE4t/Tutorial1/myGames/EndlessRunner/Content/Construction_VOL1/Meshes/SM_Tarp_06.uexp" 1372
"D:/UE4t/Tutorial1/myGames/EndlessRunner/Content/Construction_VOL1/Textures/Unique/TX_PortableWaterTank_01_RMA.uasset" 1373
"D:/UE4t/Tutorial1/myGames/EndlessRunner/Content/Construction_VOL1/Textures/Unique/TX_PortableWaterTank_01_RMA.uexp" 1374
"D:/UE4t/Tutorial1/myGames/EndlessRunner/Content/Construction_VOL1/Textures/Unique/TX_PortableWaterTank_01_RMA.ubulk" 1375
"D:/UE4t/Tutorial1/myGames/EndlessRunner/Content/Construction_VOL1/Textures/Unique/TX_PortableWaterTank_01_NRM.uasset" 1376
"D:/UE4t/Tutorial1/myGames/EndlessRunner/Content/Construction_VOL1/Textures/Unique/TX_PortableWaterTank_01_NRM.uexp" 1377
"D:/UE4t/Tutorial1/myGames/EndlessRunner/Content/Construction_VOL1/Textures/Unique/TX_PortableWaterTank_01_NRM.ubulk" 1378
"D:/UE4t/Tutorial1/myGames/EndlessRunner/Content/Construction_VOL1/Textures/Unique/TX_PortableWaterTank_01_ALB.uasset" 1379
"D:/UE4t/Tutorial1/myGames/EndlessRunner/Content/Construction_VOL1/Textures/Unique/TX_PortableWaterTank_01_ALB.uexp" 1380
"D:/UE4t/Tutorial1/myGames/EndlessRunner/Content/Construction_VOL1/Textures/Unique/TX_PortableWaterTank_01_ALB.ubulk" 1381
"D:/UE4t/Tutorial1/myGames/EndlessRunner/Content/Construction_VOL1/Materials/Instances/MI_WaterTank_01a.uasset" 1382
"D:/UE4t/Tutorial1/myGames/EndlessRunner/Content/Construction_VOL1/Materials/Instances/MI_WaterTank_01a.uexp" 1383
"D:/UE4t/Tutorial1/myGames/EndlessRunner/Content/Construction_VOL1/Meshes/SM_WaterTank_01a.uasset" 1384
"D:/UE4t/Tutorial1/myGames/EndlessRunner/Content/Construction_VOL1/Meshes/SM_WaterTank_01a.uexp" 1385
"D:/UE4t/Tutorial1/myGames/EndlessRunner/Content/Construction_VOL1/Meshes/SM_ZPlane_01a.uasset" 1386
"D:/UE4t/Tutorial1/myGames/EndlessRunner/Content/Construction_VOL1/Meshes/SM_ZPlane_01a.uexp" 1387
"D:/UE4t/Tutorial1/myGames/EndlessRunner/Content/Construction_VOL1/Meshes/SM_ConstructionPylons_01a.uasset" 1388
"D:/UE4t/Tutorial1/myGames/EndlessRunner/Content/Construction_VOL1/Meshes/SM_ConstructionPylons_01a.uexp" 1389
"D:/UE4t/Tutorial1/myGames/EndlessRunner/Content/Construction_VOL1/Textures/Utility/TX_LUT_01.uasset" 1390
"D:/UE4t/Tutorial1/myGames/EndlessRunner/Content/Construction_VOL1/Textures/Utility/TX_LUT_01.uexp" 1391
"D:/UE4t/Tutorial1/myGames/EndlessRunner/Content/Construction_VOL1/Meshes/SM_ZSphere.uasset" 1392
"D:/UE4t/Tutorial1/myGames/EndlessRunner/Content/Construction_VOL1/Meshes/SM_ZSphere.uexp" 1393
"D:/UE4t/Tutorial1/myGames/EndlessRunner/Content/Construction_VOL1/Meshes/SM_LightGenerator_Lights_01a.uasset" 1394
"D:/UE4t/Tutorial1/myGames/EndlessRunner/Content/Construction_VOL1/Meshes/SM_LightGenerator_Lights_01a.uexp" 1395
"D:/UE4t/Tutorial1/myGames/EndlessRunner/Content/Construction_VOL1/Meshes/SM_LightGenerator_Base_01a.uasset" 1396
"D:/UE4t/Tutorial1/myGames/EndlessRunner/Content/Construction_VOL1/Meshes/SM_LightGenerator_Base_01a.uexp" 1397
"D:/UE4t/Tutorial1/myGames/EndlessRunner/Content/Construction_VOL1/Blueprints/BP_LightGenerator_01.uasset" 1398
"D:/UE4t/Tutorial1/myGames/EndlessRunner/Content/Construction_VOL1/Blueprints/BP_LightGenerator_01.uexp" 1399
"D:/UE4t/Tutorial1/myGames/EndlessRunner/Content/Construction_VOL1/Meshes/SM_CinderStack_03a.uasset" 1400
"D:/UE4t/Tutorial1/myGames/EndlessRunner/Content/Construction_VOL1/Meshes/SM_CinderStack_03a.uexp" 1401
"D:/UE4t/Tutorial1/myGames/EndlessRunner/Content/Construction_VOL1/Blueprints/BP_Cinderstack_03.uasset" 1402
"D:/UE4t/Tutorial1/myGames/EndlessRunner/Content/Construction_VOL1/Blueprints/BP_Cinderstack_03.uexp" 1403
"D:/UE4t/Tutorial1/myGames/EndlessRunner/Content/Construction_VOL1/Blueprints/BP_Cinderstack_01.uasset" 1404
"D:/UE4t/Tutorial1/myGames/EndlessRunner/Content/Construction_VOL1/Blueprints/BP_Cinderstack_01.uexp" 1405
"D:/UE4t/Tutorial1/myGames/EndlessRunner/Content/Construction_VOL1/Meshes/SM_CinderStack_01b.uasset" 1406
"D:/UE4t/Tutorial1/myGames/EndlessRunner/Content/Construction_VOL1/Meshes/SM_CinderStack_01b.uexp" 1407
"D:/UE4t/Tutorial1/myGames/EndlessRunner/Content/Construction_VOL1/Blueprints/BP_Cinderstack_02.uasset" 1408
"D:/UE4t/Tutorial1/myGames/EndlessRunner/Content/Construction_VOL1/Blueprints/BP_Cinderstack_02.uexp" 1409
"D:/UE4t/Tutorial1/myGames/EndlessRunner/Content/Construction_VOL1/Textures/Unique/TX_BrickPaletteStack_01_RMA.uasset" 1410
"D:/UE4t/Tutorial1/myGames/EndlessRunner/Content/Construction_VOL1/Textures/Unique/TX_BrickPaletteStack_01_RMA.uexp" 1411
"D:/UE4t/Tutorial1/myGames/EndlessRunner/Content/Construction_VOL1/Textures/Unique/TX_BrickPaletteStack_01_RMA.ubulk" 1412
"D:/UE4t/Tutorial1/myGames/EndlessRunner/Content/Construction_VOL1/Textures/Unique/TX_BrickPaletteStack_01_NRM.uasset" 1413
"D:/UE4t/Tutorial1/myGames/EndlessRunner/Content/Construction_VOL1/Textures/Unique/TX_BrickPaletteStack_01_NRM.uexp" 1414
"D:/UE4t/Tutorial1/myGames/EndlessRunner/Content/Construction_VOL1/Textures/Unique/TX_BrickPaletteStack_01_NRM.ubulk" 1415
"D:/UE4t/Tutorial1/myGames/EndlessRunner/Content/Construction_VOL1/Textures/Unique/TX_BrickPaletteStack_01_ALB.uasset" 1416
"D:/UE4t/Tutorial1/myGames/EndlessRunner/Content/Construction_VOL1/Textures/Unique/TX_BrickPaletteStack_01_ALB.uexp" 1417
"D:/UE4t/Tutorial1/myGames/EndlessRunner/Content/Construction_VOL1/Textures/Unique/TX_BrickPaletteStack_01_ALB.ubulk" 1418
"D:/UE4t/Tutorial1/myGames/EndlessRunner/Content/Construction_VOL1/Materials/Instances/MI_BrickPaletteStack_01a.uasset" 1419
"D:/UE4t/Tutorial1/myGames/EndlessRunner/Content/Construction_VOL1/Materials/Instances/MI_BrickPaletteStack_01a.uexp" 1420
"D:/UE4t/Tutorial1/myGames/EndlessRunner/Content/Construction_VOL1/Meshes/SM_BrickPaletteStack_01b.uasset" 1421
"D:/UE4t/Tutorial1/myGames/EndlessRunner/Content/Construction_VOL1/Meshes/SM_BrickPaletteStack_01b.uexp" 1422
"D:/UE4t/Tutorial1/myGames/EndlessRunner/Content/Construction_VOL1/Blueprints/BP_BrickStack_06.uasset" 1423
"D:/UE4t/Tutorial1/myGames/EndlessRunner/Content/Construction_VOL1/Blueprints/BP_BrickStack_06.uexp" 1424
"D:/UE4t/Tutorial1/myGames/EndlessRunner/Content/Construction_VOL1/Meshes/SM_BrickPaletteStack_01f.uasset" 1425
"D:/UE4t/Tutorial1/myGames/EndlessRunner/Content/Construction_VOL1/Meshes/SM_BrickPaletteStack_01f.uexp" 1426
"D:/UE4t/Tutorial1/myGames/EndlessRunner/Content/Construction_VOL1/Blueprints/BP_BrickStack_05.uasset" 1427
"D:/UE4t/Tutorial1/myGames/EndlessRunner/Content/Construction_VOL1/Blueprints/BP_BrickStack_05.uexp" 1428
"D:/UE4t/Tutorial1/myGames/EndlessRunner/Content/Construction_VOL1/Meshes/SM_BrickPaletteStack_Brick_01a.uasset" 1429
"D:/UE4t/Tutorial1/myGames/EndlessRunner/Content/Construction_VOL1/Meshes/SM_BrickPaletteStack_Brick_01a.uexp" 1430
"D:/UE4t/Tutorial1/myGames/EndlessRunner/Content/Construction_VOL1/Meshes/SM_BrickPaletteStack_01g.uasset" 1431
"D:/UE4t/Tutorial1/myGames/EndlessRunner/Content/Construction_VOL1/Meshes/SM_BrickPaletteStack_01g.uexp" 1432
"D:/UE4t/Tutorial1/myGames/EndlessRunner/Content/Construction_VOL1/Meshes/SM_BrickPaletteStack_01e.uasset" 1433
"D:/UE4t/Tutorial1/myGames/EndlessRunner/Content/Construction_VOL1/Meshes/SM_BrickPaletteStack_01e.uexp" 1434
"D:/UE4t/Tutorial1/myGames/EndlessRunner/Content/Construction_VOL1/Blueprints/BP_BrickStack_04.uasset" 1435
"D:/UE4t/Tutorial1/myGames/EndlessRunner/Content/Construction_VOL1/Blueprints/BP_BrickStack_04.uexp" 1436
"D:/UE4t/Tutorial1/myGames/EndlessRunner/Content/Construction_VOL1/Meshes/SM_BrickPaletteStack_01d.uasset" 1437
"D:/UE4t/Tutorial1/myGames/EndlessRunner/Content/Construction_VOL1/Meshes/SM_BrickPaletteStack_01d.uexp" 1438
"D:/UE4t/Tutorial1/myGames/EndlessRunner/Content/Construction_VOL1/Blueprints/BP_BrickStack_03.uasset" 1439
"D:/UE4t/Tutorial1/myGames/EndlessRunner/Content/Construction_VOL1/Blueprints/BP_BrickStack_03.uexp" 1440
"D:/UE4t/Tutorial1/myGames/EndlessRunner/Content/Construction_VOL1/Meshes/SM_BrickPaletteStack_01a.uasset" 1441
"D:/UE4t/Tutorial1/myGames/EndlessRunner/Content/Construction_VOL1/Meshes/SM_BrickPaletteStack_01a.uexp" 1442
"D:/UE4t/Tutorial1/myGames/EndlessRunner/Content/Construction_VOL1/Blueprints/BP_BrickStack_02.uasset" 1443
"D:/UE4t/Tutorial1/myGames/EndlessRunner/Content/Construction_VOL1/Blueprints/BP_BrickStack_02.uexp" 1444
"D:/UE4t/Tutorial1/myGames/EndlessRunner/Content/Construction_VOL1/Textures/Unique/TX_Boxes_01a_RMA.uasset" 1445
"D:/UE4t/Tutorial1/myGames/EndlessRunner/Content/Construction_VOL1/Textures/Unique/TX_Boxes_01a_RMA.uexp" 1446
"D:/UE4t/Tutorial1/myGames/EndlessRunner/Content/Construction_VOL1/Textures/Unique/TX_Boxes_01a_RMA.ubulk" 1447
"D:/UE4t/Tutorial1/myGames/EndlessRunner/Content/Construction_VOL1/Textures/Unique/TX_Boxes_01a_NRM.uasset" 1448
"D:/UE4t/Tutorial1/myGames/EndlessRunner/Content/Construction_VOL1/Textures/Unique/TX_Boxes_01a_NRM.uexp" 1449
"D:/UE4t/Tutorial1/myGames/EndlessRunner/Content/Construction_VOL1/Textures/Unique/TX_Boxes_01a_NRM.ubulk" 1450
"D:/UE4t/Tutorial1/myGames/EndlessRunner/Content/Construction_VOL1/Textures/Unique/TX_Boxes_01a_ALB.uasset" 1451
"D:/UE4t/Tutorial1/myGames/EndlessRunner/Content/Construction_VOL1/Textures/Unique/TX_Boxes_01a_ALB.uexp" 1452
"D:/UE4t/Tutorial1/myGames/EndlessRunner/Content/Construction_VOL1/Textures/Unique/TX_Boxes_01a_ALB.ubulk" 1453
"D:/UE4t/Tutorial1/myGames/EndlessRunner/Content/Construction_VOL1/Materials/Instances/MI_CardboardBoxes_01a.uasset" 1454
"D:/UE4t/Tutorial1/myGames/EndlessRunner/Content/Construction_VOL1/Materials/Instances/MI_CardboardBoxes_01a.uexp" 1455
"D:/UE4t/Tutorial1/myGames/EndlessRunner/Content/Construction_VOL1/Meshes/SM_Boxes_04a.uasset" 1456
"D:/UE4t/Tutorial1/myGames/EndlessRunner/Content/Construction_VOL1/Meshes/SM_Boxes_04a.uexp" 1457
"D:/UE4t/Tutorial1/myGames/EndlessRunner/Content/Construction_VOL1/Meshes/SM_Boxes_03a.uasset" 1458
"D:/UE4t/Tutorial1/myGames/EndlessRunner/Content/Construction_VOL1/Meshes/SM_Boxes_03a.uexp" 1459
"D:/UE4t/Tutorial1/myGames/EndlessRunner/Content/Construction_VOL1/Blueprints/BP_BoxStack_03.uasset" 1460
"D:/UE4t/Tutorial1/myGames/EndlessRunner/Content/Construction_VOL1/Blueprints/BP_BoxStack_03.uexp" 1461
"D:/UE4t/Tutorial1/myGames/EndlessRunner/Content/Construction_VOL1/Meshes/SM_Boxes_01a.uasset" 1462
"D:/UE4t/Tutorial1/myGames/EndlessRunner/Content/Construction_VOL1/Meshes/SM_Boxes_01a.uexp" 1463
"D:/UE4t/Tutorial1/myGames/EndlessRunner/Content/Construction_VOL1/Blueprints/BP_BoxStack_01.uasset" 1464
"D:/UE4t/Tutorial1/myGames/EndlessRunner/Content/Construction_VOL1/Blueprints/BP_BoxStack_01.uexp" 1465
"D:/UE4t/Tutorial1/myGames/EndlessRunner/Content/Construction_VOL1/Meshes/SM_Boxes_02a.uasset" 1466
"D:/UE4t/Tutorial1/myGames/EndlessRunner/Content/Construction_VOL1/Meshes/SM_Boxes_02a.uexp" 1467
"D:/UE4t/Tutorial1/myGames/EndlessRunner/Content/Construction_VOL1/Blueprints/BP_BoxStack_02.uasset" 1468
"D:/UE4t/Tutorial1/myGames/EndlessRunner/Content/Construction_VOL1/Blueprints/BP_BoxStack_02.uexp" 1469
"D:/UE4t/Tutorial1/myGames/EndlessRunner/Content/Construction_VOL1/Maps/Demonstration.uexp" 1470
"D:/UE4t/Tutorial1/myGames/EndlessRunner/Content/Construction_VOL1/Maps/Demonstration.umap" 1471
"D:/UE4t/Tutorial1/myGames/EndlessRunner/Content/Construction_VOL1/Meshes/SM_BrickPaletteStack_01c.uasset" 1472
"D:/UE4t/Tutorial1/myGames/EndlessRunner/Content/Construction_VOL1/Meshes/SM_BrickPaletteStack_01c.uexp" 1473
"D:/UE4t/Tutorial1/myGames/EndlessRunner/Content/Construction_VOL1/Meshes/SM_CinderStack_01a.uasset" 1474
"D:/UE4t/Tutorial1/myGames/EndlessRunner/Content/Construction_VOL1/Meshes/SM_CinderStack_01a.uexp" 1475
"../../../Engine/Content/EditorMaterials/GridMaterial.uasset" 1476
"../../../Engine/Content/EditorMaterials/GridMaterial.uexp" 1477
"D:/UE4t/Tutorial1/myGames/EndlessRunner/Content/Construction_VOL1/Maps/Overview_BuiltData.uasset" 1478
"D:/UE4t/Tutorial1/myGames/EndlessRunner/Content/Construction_VOL1/Maps/Overview_BuiltData.uexp" 1479
"D:/UE4t/Tutorial1/myGames/EndlessRunner/Content/Construction_VOL1/Maps/Overview_BuiltData.ubulk" 1480
"../../../Engine/Content/EngineSky/T_Sky_Stars.uasset" 1481
"../../../Engine/Content/EngineSky/T_Sky_Stars.uexp" 1482
"../../../Engine/Content/EngineSky/T_Sky_Stars.ubulk" 1483
"../../../Engine/Content/EngineSky/T_Sky_Clouds_M.uasset" 1484
"../../../Engine/Content/EngineSky/T_Sky_Clouds_M.uexp" 1485
"../../../Engine/Content/EngineSky/T_Sky_Clouds_M.ubulk" 1486
"../../../Engine/Content/EngineSky/T_Sky_Blue.uasset" 1487
"../../../Engine/Content/EngineSky/T_Sky_Blue.uexp" 1488
"../../../Engine/Content/EngineSky/T_Sky_Blue.ubulk" 1489
"../../../Engine/Content/EngineSky/M_Sky_Panning_Clouds2.uasset" 1490
"../../../Engine/Content/EngineSky/M_Sky_Panning_Clouds2.uexp" 1491
"../../../Engine/Content/TemplateResources/M_Template_Master.uasset" 1492
"../../../Engine/Content/TemplateResources/M_Template_Master.uexp" 1493
"../../../Engine/Content/TemplateResources/MI_Template_BaseGray_03_Metal.uasset" 1494
"../../../Engine/Content/TemplateResources/MI_Template_BaseGray_03_Metal.uexp" 1495
"../../../Engine/Content/EngineSky/SM_SkySphere.uasset" 1496
"../../../Engine/Content/EngineSky/SM_SkySphere.uexp" 1497
"../../../Engine/Content/EngineSky/C_Sky_Zenith_Color.uasset" 1498
"../../../Engine/Content/EngineSky/C_Sky_Zenith_Color.uexp" 1499
"../../../Engine/Content/EngineSky/C_Sky_Horizon_Color.uasset" 1500
"../../../Engine/Content/EngineSky/C_Sky_Horizon_Color.uexp" 1501
"../../../Engine/Content/EngineSky/C_Sky_Cloud_Color.uasset" 1502
"../../../Engine/Content/EngineSky/C_Sky_Cloud_Color.uexp" 1503
"../../../Engine/Content/EngineSky/BP_Sky_Sphere.uasset" 1504
"../../../Engine/Content/EngineSky/BP_Sky_Sphere.uexp" 1505
"../../../Engine/Content/MapTemplates/Sky/SunsetAmbientCubemap.uasset" 1506
"../../../Engine/Content/MapTemplates/Sky/SunsetAmbientCubemap.uexp" 1507
"D:/UE4t/Tutorial1/myGames/EndlessRunner/Content/Construction_VOL1/Blueprints/BP_BrickStack_01.uasset" 1508
"D:/UE4t/Tutorial1/myGames/EndlessRunner/Content/Construction_VOL1/Blueprints/BP_BrickStack_01.uexp" 1509
"D:/UE4t/Tutorial1/myGames/EndlessRunner/Content/Construction_VOL1/Maps/Overview.uexp" 1510
"D:/UE4t/Tutorial1/myGames/EndlessRunner/Content/Construction_VOL1/Maps/Overview.umap" 1511
"D:/UE4t/Tutorial1/myGames/EndlessRunner/Content/Construction_VOL2/Textures/Utility/TX_LUT.uasset" 1512
"D:/UE4t/Tutorial1/myGames/EndlessRunner/Content/Construction_VOL2/Textures/Utility/TX_LUT.uexp" 1513
"D:/UE4t/Tutorial1/myGames/EndlessRunner/Content/Construction_VOL2/Textures/Utility/TX_Cubemap_Stairs.uasset" 1514
"D:/UE4t/Tutorial1/myGames/EndlessRunner/Content/Construction_VOL2/Textures/Utility/TX_Cubemap_Stairs.uexp" 1515
"D:/UE4t/Tutorial1/myGames/EndlessRunner/Content/Construction_VOL2/Materials/Masters/MM_SkyBox.uasset" 1516
"D:/UE4t/Tutorial1/myGames/EndlessRunner/Content/Construction_VOL2/Materials/Masters/MM_SkyBox.uexp" 1517
"D:/UE4t/Tutorial1/myGames/EndlessRunner/Content/Construction_VOL2/Meshes/SM_ZSphere.uasset" 1518
"D:/UE4t/Tutorial1/myGames/EndlessRunner/Content/Construction_VOL2/Meshes/SM_ZSphere.uexp" 1519
"D:/UE4t/Tutorial1/myGames/EndlessRunner/Content/Construction_VOL2/Textures/Unique/TX_WheelBarrel_01_RMA.uasset" 1520
"D:/UE4t/Tutorial1/myGames/EndlessRunner/Content/Construction_VOL2/Textures/Unique/TX_WheelBarrel_01_RMA.uexp" 1521
"D:/UE4t/Tutorial1/myGames/EndlessRunner/Content/Construction_VOL2/Textures/Unique/TX_WheelBarrel_01_RMA.ubulk" 1522
"D:/UE4t/Tutorial1/myGames/EndlessRunner/Content/Construction_VOL2/Textures/Unique/TX_WheelBarrel_01_NRM.uasset" 1523
"D:/UE4t/Tutorial1/myGames/EndlessRunner/Content/Construction_VOL2/Textures/Unique/TX_WheelBarrel_01_NRM.uexp" 1524
"D:/UE4t/Tutorial1/myGames/EndlessRunner/Content/Construction_VOL2/Textures/Unique/TX_WheelBarrel_01_NRM.ubulk" 1525
"D:/UE4t/Tutorial1/myGames/EndlessRunner/Content/Construction_VOL2/Textures/Unique/TX_WheelBarrel_01_ALB.uasset" 1526
"D:/UE4t/Tutorial1/myGames/EndlessRunner/Content/Construction_VOL2/Textures/Unique/TX_WheelBarrel_01_ALB.uexp" 1527
"D:/UE4t/Tutorial1/myGames/EndlessRunner/Content/Construction_VOL2/Textures/Unique/TX_WheelBarrel_01_ALB.ubulk" 1528
"D:/UE4t/Tutorial1/myGames/EndlessRunner/Content/Construction_VOL2/Textures/Tileable/TX_Noise_NRM.uasset" 1529
"D:/UE4t/Tutorial1/myGames/EndlessRunner/Content/Construction_VOL2/Textures/Tileable/TX_Noise_NRM.uexp" 1530
"D:/UE4t/Tutorial1/myGames/EndlessRunner/Content/Construction_VOL2/Textures/Tileable/TX_Noise_NRM.ubulk" 1531
"D:/UE4t/Tutorial1/myGames/EndlessRunner/Content/Construction_VOL2/Textures/Tileable/TX_Micro_MASK.uasset" 1532
"D:/UE4t/Tutorial1/myGames/EndlessRunner/Content/Construction_VOL2/Textures/Tileable/TX_Micro_MASK.uexp" 1533
"D:/UE4t/Tutorial1/myGames/EndlessRunner/Content/Construction_VOL2/Textures/Tileable/TX_Micro_MASK.ubulk" 1534
"D:/UE4t/Tutorial1/myGames/EndlessRunner/Content/Construction_VOL2/Materials/Functions/MF_MicroDetail_01a.uasset" 1535
"D:/UE4t/Tutorial1/myGames/EndlessRunner/Content/Construction_VOL2/Materials/Functions/MF_MicroDetail_01a.uexp" 1536
"D:/UE4t/Tutorial1/myGames/EndlessRunner/Content/Construction_VOL2/Textures/Utility/TX_Fill_01_RMA.uasset" 1537
"D:/UE4t/Tutorial1/myGames/EndlessRunner/Content/Construction_VOL2/Textures/Utility/TX_Fill_01_RMA.uexp" 1538
"D:/UE4t/Tutorial1/myGames/EndlessRunner/Content/Construction_VOL2/Textures/Utility/TX_Fill_01_RMA.ubulk" 1539
"D:/UE4t/Tutorial1/myGames/EndlessRunner/Content/Construction_VOL2/Textures/Utility/TX_Fill_01_NRM.uasset" 1540
"D:/UE4t/Tutorial1/myGames/EndlessRunner/Content/Construction_VOL2/Textures/Utility/TX_Fill_01_NRM.uexp" 1541
"D:/UE4t/Tutorial1/myGames/EndlessRunner/Content/Construction_VOL2/Textures/Utility/TX_Fill_01_NRM.ubulk" 1542
"D:/UE4t/Tutorial1/myGames/EndlessRunner/Content/Construction_VOL2/Textures/Utility/TX_Fill_01_ALB.uasset" 1543
"D:/UE4t/Tutorial1/myGames/EndlessRunner/Content/Construction_VOL2/Textures/Utility/TX_Fill_01_ALB.uexp" 1544
"D:/UE4t/Tutorial1/myGames/EndlessRunner/Content/Construction_VOL2/Textures/Utility/TX_Fill_01_ALB.ubulk" 1545
"D:/UE4t/Tutorial1/myGames/EndlessRunner/Content/Construction_VOL2/Materials/Masters/MM_MasterMaterial_01.uasset" 1546
"D:/UE4t/Tutorial1/myGames/EndlessRunner/Content/Construction_VOL2/Materials/Masters/MM_MasterMaterial_01.uexp" 1547
"D:/UE4t/Tutorial1/myGames/EndlessRunner/Content/Construction_VOL2/Materials/Instances/MI_WheelBarrow_01a.uasset" 1548
"D:/UE4t/Tutorial1/myGames/EndlessRunner/Content/Construction_VOL2/Materials/Instances/MI_WheelBarrow_01a.uexp" 1549
"D:/UE4t/Tutorial1/myGames/EndlessRunner/Content/Construction_VOL2/Meshes/SM_WheelBarrel_01a.uasset" 1550
"D:/UE4t/Tutorial1/myGames/EndlessRunner/Content/Construction_VOL2/Meshes/SM_WheelBarrel_01a.uexp" 1551
"D:/UE4t/Tutorial1/myGames/EndlessRunner/Content/Construction_VOL2/Textures/Unique/TX_TallGasCanister_01_RMA.uasset" 1552
"D:/UE4t/Tutorial1/myGames/EndlessRunner/Content/Construction_VOL2/Textures/Unique/TX_TallGasCanister_01_RMA.uexp" 1553
"D:/UE4t/Tutorial1/myGames/EndlessRunner/Content/Construction_VOL2/Textures/Unique/TX_TallGasCanister_01_RMA.ubulk" 1554
"D:/UE4t/Tutorial1/myGames/EndlessRunner/Content/Construction_VOL2/Textures/Unique/TX_TallGasCanister_01_NRM.uasset" 1555
"D:/UE4t/Tutorial1/myGames/EndlessRunner/Content/Construction_VOL2/Textures/Unique/TX_TallGasCanister_01_NRM.uexp" 1556
"D:/UE4t/Tutorial1/myGames/EndlessRunner/Content/Construction_VOL2/Textures/Unique/TX_TallGasCanister_01_NRM.ubulk" 1557
"D:/UE4t/Tutorial1/myGames/EndlessRunner/Content/Construction_VOL2/Textures/Unique/TX_TallGasCanister_01_ALB.uasset" 1558
"D:/UE4t/Tutorial1/myGames/EndlessRunner/Content/Construction_VOL2/Textures/Unique/TX_TallGasCanister_01_ALB.uexp" 1559
"D:/UE4t/Tutorial1/myGames/EndlessRunner/Content/Construction_VOL2/Textures/Unique/TX_TallGasCanister_01_ALB.ubulk" 1560
"D:/UE4t/Tutorial1/myGames/EndlessRunner/Content/Construction_VOL2/Materials/Instances/MI_TallGasCanister_01a.uasset" 1561
"D:/UE4t/Tutorial1/myGames/EndlessRunner/Content/Construction_VOL2/Materials/Instances/MI_TallGasCanister_01a.uexp" 1562
"D:/UE4t/Tutorial1/myGames/EndlessRunner/Content/Construction_VOL2/Meshes/SM_TallGasCanister_01.uasset" 1563
"D:/UE4t/Tutorial1/myGames/EndlessRunner/Content/Construction_VOL2/Meshes/SM_TallGasCanister_01.uexp" 1564
"D:/UE4t/Tutorial1/myGames/EndlessRunner/Content/Construction_VOL2/Textures/Unique/TX_SurveyorStand_01a_RMA.uasset" 1565
"D:/UE4t/Tutorial1/myGames/EndlessRunner/Content/Construction_VOL2/Textures/Unique/TX_SurveyorStand_01a_RMA.uexp" 1566
"D:/UE4t/Tutorial1/myGames/EndlessRunner/Content/Construction_VOL2/Textures/Unique/TX_SurveyorStand_01a_RMA.ubulk" 1567
"D:/UE4t/Tutorial1/myGames/EndlessRunner/Content/Construction_VOL2/Textures/Unique/TX_SurveyorStand_01a_NRM.uasset" 1568
"D:/UE4t/Tutorial1/myGames/EndlessRunner/Content/Construction_VOL2/Textures/Unique/TX_SurveyorStand_01a_NRM.uexp" 1569
"D:/UE4t/Tutorial1/myGames/EndlessRunner/Content/Construction_VOL2/Textures/Unique/TX_SurveyorStand_01a_NRM.ubulk" 1570
"D:/UE4t/Tutorial1/myGames/EndlessRunner/Content/Construction_VOL2/Textures/Unique/TX_Surveyorstand_01a_ALB.uasset" 1571
"D:/UE4t/Tutorial1/myGames/EndlessRunner/Content/Construction_VOL2/Textures/Unique/TX_Surveyorstand_01a_ALB.uexp" 1572
"D:/UE4t/Tutorial1/myGames/EndlessRunner/Content/Construction_VOL2/Textures/Unique/TX_Surveyorstand_01a_ALB.ubulk" 1573
"D:/UE4t/Tutorial1/myGames/EndlessRunner/Content/Construction_VOL2/Materials/Instances/MI_SurveyorStand_01a.uasset" 1574
"D:/UE4t/Tutorial1/myGames/EndlessRunner/Content/Construction_VOL2/Materials/Instances/MI_SurveyorStand_01a.uexp" 1575
"D:/UE4t/Tutorial1/myGames/EndlessRunner/Content/Construction_VOL2/Meshes/SM_SurveyorStand_01b.uasset" 1576
"D:/UE4t/Tutorial1/myGames/EndlessRunner/Content/Construction_VOL2/Meshes/SM_SurveyorStand_01b.uexp" 1577
"D:/UE4t/Tutorial1/myGames/EndlessRunner/Content/Construction_VOL2/Meshes/SM_SurveyorStand_01a.uasset" 1578
"D:/UE4t/Tutorial1/myGames/EndlessRunner/Content/Construction_VOL2/Meshes/SM_SurveyorStand_01a.uexp" 1579
"D:/UE4t/Tutorial1/myGames/EndlessRunner/Content/Construction_VOL2/Textures/Unique/TX_Spool_02a_RMA.uasset" 1580
"D:/UE4t/Tutorial1/myGames/EndlessRunner/Content/Construction_VOL2/Textures/Unique/TX_Spool_02a_RMA.uexp" 1581
"D:/UE4t/Tutorial1/myGames/EndlessRunner/Content/Construction_VOL2/Textures/Unique/TX_Spool_02a_RMA.ubulk" 1582
"D:/UE4t/Tutorial1/myGames/EndlessRunner/Content/Construction_VOL2/Textures/Unique/TX_Spool_02a_NRM.uasset" 1583
"D:/UE4t/Tutorial1/myGames/EndlessRunner/Content/Construction_VOL2/Textures/Unique/TX_Spool_02a_NRM.uexp" 1584
"D:/UE4t/Tutorial1/myGames/EndlessRunner/Content/Construction_VOL2/Textures/Unique/TX_Spool_02a_NRM.ubulk" 1585
"D:/UE4t/Tutorial1/myGames/EndlessRunner/Content/Construction_VOL2/Textures/Unique/TX_Spool_02a_ALB.uasset" 1586
"D:/UE4t/Tutorial1/myGames/EndlessRunner/Content/Construction_VOL2/Textures/Unique/TX_Spool_02a_ALB.uexp" 1587
"D:/UE4t/Tutorial1/myGames/EndlessRunner/Content/Construction_VOL2/Textures/Unique/TX_Spool_02a_ALB.ubulk" 1588
"D:/UE4t/Tutorial1/myGames/EndlessRunner/Content/Construction_VOL2/Materials/Instances/MI_Spool_02a.uasset" 1589
"D:/UE4t/Tutorial1/myGames/EndlessRunner/Content/Construction_VOL2/Materials/Instances/MI_Spool_02a.uexp" 1590
"D:/UE4t/Tutorial1/myGames/EndlessRunner/Content/Construction_VOL2/Meshes/SM_Spool_01a.uasset" 1591
"D:/UE4t/Tutorial1/myGames/EndlessRunner/Content/Construction_VOL2/Meshes/SM_Spool_01a.uexp" 1592
"D:/UE4t/Tutorial1/myGames/EndlessRunner/Content/Construction_VOL2/Textures/Unique/TX_Shovel_01_RMA.uasset" 1593
"D:/UE4t/Tutorial1/myGames/EndlessRunner/Content/Construction_VOL2/Textures/Unique/TX_Shovel_01_RMA.uexp" 1594
"D:/UE4t/Tutorial1/myGames/EndlessRunner/Content/Construction_VOL2/Textures/Unique/TX_Shovel_01_RMA.ubulk" 1595
"D:/UE4t/Tutorial1/myGames/EndlessRunner/Content/Construction_VOL2/Textures/Unique/TX_Shovel_01_NRM.uasset" 1596
"D:/UE4t/Tutorial1/myGames/EndlessRunner/Content/Construction_VOL2/Textures/Unique/TX_Shovel_01_NRM.uexp" 1597
"D:/UE4t/Tutorial1/myGames/EndlessRunner/Content/Construction_VOL2/Textures/Unique/TX_Shovel_01_NRM.ubulk" 1598
"D:/UE4t/Tutorial1/myGames/EndlessRunner/Content/Construction_VOL2/Textures/Unique/TX_Shovel_01_ALB.uasset" 1599
"D:/UE4t/Tutorial1/myGames/EndlessRunner/Content/Construction_VOL2/Textures/Unique/TX_Shovel_01_ALB.uexp" 1600
"D:/UE4t/Tutorial1/myGames/EndlessRunner/Content/Construction_VOL2/Textures/Unique/TX_Shovel_01_ALB.ubulk" 1601
"D:/UE4t/Tutorial1/myGames/EndlessRunner/Content/Construction_VOL2/Materials/Instances/MI_ShoveL01a.uasset" 1602
"D:/UE4t/Tutorial1/myGames/EndlessRunner/Content/Construction_VOL2/Materials/Instances/MI_ShoveL01a.uexp" 1603
"D:/UE4t/Tutorial1/myGames/EndlessRunner/Content/Construction_VOL2/Meshes/SM_Shovel_01.uasset" 1604
"D:/UE4t/Tutorial1/myGames/EndlessRunner/Content/Construction_VOL2/Meshes/SM_Shovel_01.uexp" 1605
"D:/UE4t/Tutorial1/myGames/EndlessRunner/Content/Construction_VOL2/Textures/Unique/TX_Sander_01a_RMA.uasset" 1606
"D:/UE4t/Tutorial1/myGames/EndlessRunner/Content/Construction_VOL2/Textures/Unique/TX_Sander_01a_RMA.uexp" 1607
"D:/UE4t/Tutorial1/myGames/EndlessRunner/Content/Construction_VOL2/Textures/Unique/TX_Sander_01a_RMA.ubulk" 1608
"D:/UE4t/Tutorial1/myGames/EndlessRunner/Content/Construction_VOL2/Textures/Unique/TX_Sander_01a_NRM.uasset" 1609
"D:/UE4t/Tutorial1/myGames/EndlessRunner/Content/Construction_VOL2/Textures/Unique/TX_Sander_01a_NRM.uexp" 1610
"D:/UE4t/Tutorial1/myGames/EndlessRunner/Content/Construction_VOL2/Textures/Unique/TX_Sander_01a_NRM.ubulk" 1611
"D:/UE4t/Tutorial1/myGames/EndlessRunner/Content/Construction_VOL2/Textures/Unique/TX_Sander_01a_ALB.uasset" 1612
"D:/UE4t/Tutorial1/myGames/EndlessRunner/Content/Construction_VOL2/Textures/Unique/TX_Sander_01a_ALB.uexp" 1613
"D:/UE4t/Tutorial1/myGames/EndlessRunner/Content/Construction_VOL2/Textures/Unique/TX_Sander_01a_ALB.ubulk" 1614
"D:/UE4t/Tutorial1/myGames/EndlessRunner/Content/Construction_VOL2/Materials/Instances/MI_Sander_01a.uasset" 1615
"D:/UE4t/Tutorial1/myGames/EndlessRunner/Content/Construction_VOL2/Materials/Instances/MI_Sander_01a.uexp" 1616
"D:/UE4t/Tutorial1/myGames/EndlessRunner/Content/Construction_VOL2/Meshes/SM_Sander_01a.uasset" 1617
"D:/UE4t/Tutorial1/myGames/EndlessRunner/Content/Construction_VOL2/Meshes/SM_Sander_01a.uexp" 1618
"D:/UE4t/Tutorial1/myGames/EndlessRunner/Content/Construction_VOL2/Textures/Unique/TX_Roller_Machine_M2_RMA.uasset" 1619
"D:/UE4t/Tutorial1/myGames/EndlessRunner/Content/Construction_VOL2/Textures/Unique/TX_Roller_Machine_M2_RMA.uexp" 1620
"D:/UE4t/Tutorial1/myGames/EndlessRunner/Content/Construction_VOL2/Textures/Unique/TX_Roller_Machine_M2_RMA.ubulk" 1621
"D:/UE4t/Tutorial1/myGames/EndlessRunner/Content/Construction_VOL2/Textures/Unique/TX_Roller_Machine_M2_NRM.uasset" 1622
"D:/UE4t/Tutorial1/myGames/EndlessRunner/Content/Construction_VOL2/Textures/Unique/TX_Roller_Machine_M2_NRM.uexp" 1623
"D:/UE4t/Tutorial1/myGames/EndlessRunner/Content/Construction_VOL2/Textures/Unique/TX_Roller_Machine_M2_NRM.ubulk" 1624
"D:/UE4t/Tutorial1/myGames/EndlessRunner/Content/Construction_VOL2/Textures/Unique/TX_Roller_Machine_M2_ALB.uasset" 1625
"D:/UE4t/Tutorial1/myGames/EndlessRunner/Content/Construction_VOL2/Textures/Unique/TX_Roller_Machine_M2_ALB.uexp" 1626
"D:/UE4t/Tutorial1/myGames/EndlessRunner/Content/Construction_VOL2/Textures/Unique/TX_Roller_Machine_M2_ALB.ubulk" 1627
"D:/UE4t/Tutorial1/myGames/EndlessRunner/Content/Construction_VOL2/Materials/Instances/MI_RollerMachine_01b.uasset" 1628
"D:/UE4t/Tutorial1/myGames/EndlessRunner/Content/Construction_VOL2/Materials/Instances/MI_RollerMachine_01b.uexp" 1629
"D:/UE4t/Tutorial1/myGames/EndlessRunner/Content/Construction_VOL2/Textures/Unique/TX_Roller_Machine_M1_RMA.uasset" 1630
"D:/UE4t/Tutorial1/myGames/EndlessRunner/Content/Construction_VOL2/Textures/Unique/TX_Roller_Machine_M1_RMA.uexp" 1631
"D:/UE4t/Tutorial1/myGames/EndlessRunner/Content/Construction_VOL2/Textures/Unique/TX_Roller_Machine_M1_RMA.ubulk" 1632
"D:/UE4t/Tutorial1/myGames/EndlessRunner/Content/Construction_VOL2/Textures/Unique/TX_Roller_Machine_M1_NRM.uasset" 1633
"D:/UE4t/Tutorial1/myGames/EndlessRunner/Content/Construction_VOL2/Textures/Unique/TX_Roller_Machine_M1_NRM.uexp" 1634
"D:/UE4t/Tutorial1/myGames/EndlessRunner/Content/Construction_VOL2/Textures/Unique/TX_Roller_Machine_M1_NRM.ubulk" 1635
"D:/UE4t/Tutorial1/myGames/EndlessRunner/Content/Construction_VOL2/Textures/Unique/TX_Roller_Machine_M1_ALB.uasset" 1636
"D:/UE4t/Tutorial1/myGames/EndlessRunner/Content/Construction_VOL2/Textures/Unique/TX_Roller_Machine_M1_ALB.uexp" 1637
"D:/UE4t/Tutorial1/myGames/EndlessRunner/Content/Construction_VOL2/Textures/Unique/TX_Roller_Machine_M1_ALB.ubulk" 1638
"D:/UE4t/Tutorial1/myGames/EndlessRunner/Content/Construction_VOL2/Materials/Instances/MI_RollerMachine_01a.uasset" 1639
"D:/UE4t/Tutorial1/myGames/EndlessRunner/Content/Construction_VOL2/Materials/Instances/MI_RollerMachine_01a.uexp" 1640
"D:/UE4t/Tutorial1/myGames/EndlessRunner/Content/Construction_VOL2/Meshes/SM_Roller_Machine_01a.uasset" 1641
"D:/UE4t/Tutorial1/myGames/EndlessRunner/Content/Construction_VOL2/Meshes/SM_Roller_Machine_01a.uexp" 1642
"D:/UE4t/Tutorial1/myGames/EndlessRunner/Content/Construction_VOL2/Textures/Unique/TX_RebarCutter_01a_RMA.uasset" 1643
"D:/UE4t/Tutorial1/myGames/EndlessRunner/Content/Construction_VOL2/Textures/Unique/TX_RebarCutter_01a_RMA.uexp" 1644
"D:/UE4t/Tutorial1/myGames/EndlessRunner/Content/Construction_VOL2/Textures/Unique/TX_RebarCutter_01a_RMA.ubulk" 1645
"D:/UE4t/Tutorial1/myGames/EndlessRunner/Content/Construction_VOL2/Textures/Unique/TX_RebarCutter_01a_NRM.uasset" 1646
"D:/UE4t/Tutorial1/myGames/EndlessRunner/Content/Construction_VOL2/Textures/Unique/TX_RebarCutter_01a_NRM.uexp" 1647
"D:/UE4t/Tutorial1/myGames/EndlessRunner/Content/Construction_VOL2/Textures/Unique/TX_RebarCutter_01a_NRM.ubulk" 1648
"D:/UE4t/Tutorial1/myGames/EndlessRunner/Content/Construction_VOL2/Textures/Unique/TX_RebarCutter_01a_ALB.uasset" 1649
"D:/UE4t/Tutorial1/myGames/EndlessRunner/Content/Construction_VOL2/Textures/Unique/TX_RebarCutter_01a_ALB.uexp" 1650
"D:/UE4t/Tutorial1/myGames/EndlessRunner/Content/Construction_VOL2/Textures/Unique/TX_RebarCutter_01a_ALB.ubulk" 1651
"D:/UE4t/Tutorial1/myGames/EndlessRunner/Content/Construction_VOL2/Materials/Instances/MI_RebarCutter_01a.uasset" 1652
"D:/UE4t/Tutorial1/myGames/EndlessRunner/Content/Construction_VOL2/Materials/Instances/MI_RebarCutter_01a.uexp" 1653
"D:/UE4t/Tutorial1/myGames/EndlessRunner/Content/Construction_VOL2/Meshes/SM_RebarCutter_02a.uasset" 1654
"D:/UE4t/Tutorial1/myGames/EndlessRunner/Content/Construction_VOL2/Meshes/SM_RebarCutter_02a.uexp" 1655
"D:/UE4t/Tutorial1/myGames/EndlessRunner/Content/Construction_VOL2/Textures/Unique/TX_Propane_01_RMA.uasset" 1656
"D:/UE4t/Tutorial1/myGames/EndlessRunner/Content/Construction_VOL2/Textures/Unique/TX_Propane_01_RMA.uexp" 1657
"D:/UE4t/Tutorial1/myGames/EndlessRunner/Content/Construction_VOL2/Textures/Unique/TX_Propane_01_RMA.ubulk" 1658
"D:/UE4t/Tutorial1/myGames/EndlessRunner/Content/Construction_VOL2/Textures/Unique/TX_Propane_01_NRM.uasset" 1659
"D:/UE4t/Tutorial1/myGames/EndlessRunner/Content/Construction_VOL2/Textures/Unique/TX_Propane_01_NRM.uexp" 1660
"D:/UE4t/Tutorial1/myGames/EndlessRunner/Content/Construction_VOL2/Textures/Unique/TX_Propane_01_NRM.ubulk" 1661
"D:/UE4t/Tutorial1/myGames/EndlessRunner/Content/Construction_VOL2/Textures/Unique/TX_Propane_01_ALB.uasset" 1662
"D:/UE4t/Tutorial1/myGames/EndlessRunner/Content/Construction_VOL2/Textures/Unique/TX_Propane_01_ALB.uexp" 1663
"D:/UE4t/Tutorial1/myGames/EndlessRunner/Content/Construction_VOL2/Textures/Unique/TX_Propane_01_ALB.ubulk" 1664
"D:/UE4t/Tutorial1/myGames/EndlessRunner/Content/Construction_VOL2/Materials/Instances/MI_Propanetank_01a.uasset" 1665
"D:/UE4t/Tutorial1/myGames/EndlessRunner/Content/Construction_VOL2/Materials/Instances/MI_Propanetank_01a.uexp" 1666
"D:/UE4t/Tutorial1/myGames/EndlessRunner/Content/Construction_VOL2/Meshes/SM_propanetank_02.uasset" 1667
"D:/UE4t/Tutorial1/myGames/EndlessRunner/Content/Construction_VOL2/Meshes/SM_propanetank_02.uexp" 1668
"D:/UE4t/Tutorial1/myGames/EndlessRunner/Content/Construction_VOL2/Meshes/SM_propanetank_01.uasset" 1669
"D:/UE4t/Tutorial1/myGames/EndlessRunner/Content/Construction_VOL2/Meshes/SM_propanetank_01.uexp" 1670
"D:/UE4t/Tutorial1/myGames/EndlessRunner/Content/Construction_VOL2/Textures/Unique/TX_Plywood_01_RMA.uasset" 1671
"D:/UE4t/Tutorial1/myGames/EndlessRunner/Content/Construction_VOL2/Textures/Unique/TX_Plywood_01_RMA.uexp" 1672
"D:/UE4t/Tutorial1/myGames/EndlessRunner/Content/Construction_VOL2/Textures/Unique/TX_Plywood_01_RMA.ubulk" 1673
"D:/UE4t/Tutorial1/myGames/EndlessRunner/Content/Construction_VOL2/Textures/Unique/TX_Plywood_01_NRM.uasset" 1674
"D:/UE4t/Tutorial1/myGames/EndlessRunner/Content/Construction_VOL2/Textures/Unique/TX_Plywood_01_NRM.uexp" 1675
"D:/UE4t/Tutorial1/myGames/EndlessRunner/Content/Construction_VOL2/Textures/Unique/TX_Plywood_01_NRM.ubulk" 1676
"D:/UE4t/Tutorial1/myGames/EndlessRunner/Content/Construction_VOL2/Textures/Unique/TX_Plywood_01_ALB.uasset" 1677
"D:/UE4t/Tutorial1/myGames/EndlessRunner/Content/Construction_VOL2/Textures/Unique/TX_Plywood_01_ALB.uexp" 1678
"D:/UE4t/Tutorial1/myGames/EndlessRunner/Content/Construction_VOL2/Textures/Unique/TX_Plywood_01_ALB.ubulk" 1679
"D:/UE4t/Tutorial1/myGames/EndlessRunner/Content/Construction_VOL2/Materials/Instances/MI_PlywoodTable_01a.uasset" 1680
"D:/UE4t/Tutorial1/myGames/EndlessRunner/Content/Construction_VOL2/Materials/Instances/MI_PlywoodTable_01a.uexp" 1681
"D:/UE4t/Tutorial1/myGames/EndlessRunner/Content/Construction_VOL2/Meshes/SM_Plywood_07a.uasset" 1682
"D:/UE4t/Tutorial1/myGames/EndlessRunner/Content/Construction_VOL2/Meshes/SM_Plywood_07a.uexp" 1683
"D:/UE4t/Tutorial1/myGames/EndlessRunner/Content/Construction_VOL2/Meshes/SM_Plywood_06a.uasset" 1684
"D:/UE4t/Tutorial1/myGames/EndlessRunner/Content/Construction_VOL2/Meshes/SM_Plywood_06a.uexp" 1685
"D:/UE4t/Tutorial1/myGames/EndlessRunner/Content/Construction_VOL2/Meshes/SM_Plywood_01a.uasset" 1686
"D:/UE4t/Tutorial1/myGames/EndlessRunner/Content/Construction_VOL2/Meshes/SM_Plywood_01a.uexp" 1687
"D:/UE4t/Tutorial1/myGames/EndlessRunner/Content/Construction_VOL2/Meshes/SM_Plane_01a.uasset" 1688
"D:/UE4t/Tutorial1/myGames/EndlessRunner/Content/Construction_VOL2/Meshes/SM_Plane_01a.uexp" 1689
"D:/UE4t/Tutorial1/myGames/EndlessRunner/Content/Construction_VOL2/Textures/Unique/TX_PetrolCutter_01a_RMA.uasset" 1690
"D:/UE4t/Tutorial1/myGames/EndlessRunner/Content/Construction_VOL2/Textures/Unique/TX_PetrolCutter_01a_RMA.uexp" 1691
"D:/UE4t/Tutorial1/myGames/EndlessRunner/Content/Construction_VOL2/Textures/Unique/TX_PetrolCutter_01a_RMA.ubulk" 1692
"D:/UE4t/Tutorial1/myGames/EndlessRunner/Content/Construction_VOL2/Textures/Unique/TX_PetrolCutter_01a_NRM.uasset" 1693
"D:/UE4t/Tutorial1/myGames/EndlessRunner/Content/Construction_VOL2/Textures/Unique/TX_PetrolCutter_01a_NRM.uexp" 1694
"D:/UE4t/Tutorial1/myGames/EndlessRunner/Content/Construction_VOL2/Textures/Unique/TX_PetrolCutter_01a_NRM.ubulk" 1695
"D:/UE4t/Tutorial1/myGames/EndlessRunner/Content/Construction_VOL2/Textures/Unique/TX_PetrolCutter_01a_ALB.uasset" 1696
"D:/UE4t/Tutorial1/myGames/EndlessRunner/Content/Construction_VOL2/Textures/Unique/TX_PetrolCutter_01a_ALB.uexp" 1697
"D:/UE4t/Tutorial1/myGames/EndlessRunner/Content/Construction_VOL2/Textures/Unique/TX_PetrolCutter_01a_ALB.ubulk" 1698
"D:/UE4t/Tutorial1/myGames/EndlessRunner/Content/Construction_VOL2/Materials/Instances/MI_PetrolCutter_01a.uasset" 1699
"D:/UE4t/Tutorial1/myGames/EndlessRunner/Content/Construction_VOL2/Materials/Instances/MI_PetrolCutter_01a.uexp" 1700
"D:/UE4t/Tutorial1/myGames/EndlessRunner/Content/Construction_VOL2/Meshes/SM_PetrolCutter_01a.uasset" 1701
"D:/UE4t/Tutorial1/myGames/EndlessRunner/Content/Construction_VOL2/Meshes/SM_PetrolCutter_01a.uexp" 1702
"D:/UE4t/Tutorial1/myGames/EndlessRunner/Content/Construction_VOL2/Textures/Unique/TX_PaintBucket_RMA.uasset" 1703
"D:/UE4t/Tutorial1/myGames/EndlessRunner/Content/Construction_VOL2/Textures/Unique/TX_PaintBucket_RMA.uexp" 1704
"D:/UE4t/Tutorial1/myGames/EndlessRunner/Content/Construction_VOL2/Textures/Unique/TX_PaintBucket_RMA.ubulk" 1705
"D:/UE4t/Tutorial1/myGames/EndlessRunner/Content/Construction_VOL2/Textures/Unique/TX_PaintBucket_NRM.uasset" 1706
"D:/UE4t/Tutorial1/myGames/EndlessRunner/Content/Construction_VOL2/Textures/Unique/TX_PaintBucket_NRM.uexp" 1707
"D:/UE4t/Tutorial1/myGames/EndlessRunner/Content/Construction_VOL2/Textures/Unique/TX_PaintBucket_NRM.ubulk" 1708
"D:/UE4t/Tutorial1/myGames/EndlessRunner/Content/Construction_VOL2/Textures/Unique/TX_PaintBucket_ALB.uasset" 1709
"D:/UE4t/Tutorial1/myGames/EndlessRunner/Content/Construction_VOL2/Textures/Unique/TX_PaintBucket_ALB.uexp" 1710
"D:/UE4t/Tutorial1/myGames/EndlessRunner/Content/Construction_VOL2/Textures/Unique/TX_PaintBucket_ALB.ubulk" 1711
"D:/UE4t/Tutorial1/myGames/EndlessRunner/Content/Construction_VOL2/Materials/Instances/MI_PaintBucket_01.uasset" 1712
"D:/UE4t/Tutorial1/myGames/EndlessRunner/Content/Construction_VOL2/Materials/Instances/MI_PaintBucket_01.uexp" 1713
"D:/UE4t/Tutorial1/myGames/EndlessRunner/Content/Construction_VOL2/Meshes/SM_PaintBucket_02_B.uasset" 1714
"D:/UE4t/Tutorial1/myGames/EndlessRunner/Content/Construction_VOL2/Meshes/SM_PaintBucket_02_B.uexp" 1715
"D:/UE4t/Tutorial1/myGames/EndlessRunner/Content/Construction_VOL2/Meshes/SM_PaintBucket_02.uasset" 1716
"D:/UE4t/Tutorial1/myGames/EndlessRunner/Content/Construction_VOL2/Meshes/SM_PaintBucket_02.uexp" 1717
"D:/UE4t/Tutorial1/myGames/EndlessRunner/Content/Construction_VOL2/Meshes/SM_PaintBucket_01_B.uasset" 1718
"D:/UE4t/Tutorial1/myGames/EndlessRunner/Content/Construction_VOL2/Meshes/SM_PaintBucket_01_B.uexp" 1719
"D:/UE4t/Tutorial1/myGames/EndlessRunner/Content/Construction_VOL2/Meshes/SM_PaintBucket_01.uasset" 1720
"D:/UE4t/Tutorial1/myGames/EndlessRunner/Content/Construction_VOL2/Meshes/SM_PaintBucket_01.uexp" 1721
"D:/UE4t/Tutorial1/myGames/EndlessRunner/Content/Construction_VOL2/Textures/Unique/TX_Lunchbox_RMA.uasset" 1722
"D:/UE4t/Tutorial1/myGames/EndlessRunner/Content/Construction_VOL2/Textures/Unique/TX_Lunchbox_RMA.uexp" 1723
"D:/UE4t/Tutorial1/myGames/EndlessRunner/Content/Construction_VOL2/Textures/Unique/TX_Lunchbox_RMA.ubulk" 1724
"D:/UE4t/Tutorial1/myGames/EndlessRunner/Content/Construction_VOL2/Textures/Unique/TX_Lunchbox_NRM.uasset" 1725
"D:/UE4t/Tutorial1/myGames/EndlessRunner/Content/Construction_VOL2/Textures/Unique/TX_Lunchbox_NRM.uexp" 1726
"D:/UE4t/Tutorial1/myGames/EndlessRunner/Content/Construction_VOL2/Textures/Unique/TX_Lunchbox_NRM.ubulk" 1727
"D:/UE4t/Tutorial1/myGames/EndlessRunner/Content/Construction_VOL2/Textures/Unique/TX_Lunchbox_ALB.uasset" 1728
"D:/UE4t/Tutorial1/myGames/EndlessRunner/Content/Construction_VOL2/Textures/Unique/TX_Lunchbox_ALB.uexp" 1729
"D:/UE4t/Tutorial1/myGames/EndlessRunner/Content/Construction_VOL2/Textures/Unique/TX_Lunchbox_ALB.ubulk" 1730
"D:/UE4t/Tutorial1/myGames/EndlessRunner/Content/Construction_VOL2/Materials/Instances/MI_Lunchbox_01a.uasset" 1731
"D:/UE4t/Tutorial1/myGames/EndlessRunner/Content/Construction_VOL2/Materials/Instances/MI_Lunchbox_01a.uexp" 1732
"D:/UE4t/Tutorial1/myGames/EndlessRunner/Content/Construction_VOL2/Meshes/SM_Lunchbox_01.uasset" 1733
"D:/UE4t/Tutorial1/myGames/EndlessRunner/Content/Construction_VOL2/Meshes/SM_Lunchbox_01.uexp" 1734
"D:/UE4t/Tutorial1/myGames/EndlessRunner/Content/Construction_VOL2/Textures/Unique/TX_Ladder_RMA.uasset" 1735
"D:/UE4t/Tutorial1/myGames/EndlessRunner/Content/Construction_VOL2/Textures/Unique/TX_Ladder_RMA.uexp" 1736
"D:/UE4t/Tutorial1/myGames/EndlessRunner/Content/Construction_VOL2/Textures/Unique/TX_Ladder_RMA.ubulk" 1737
"D:/UE4t/Tutorial1/myGames/EndlessRunner/Content/Construction_VOL2/Textures/Unique/TX_Ladder_NRM.uasset" 1738
"D:/UE4t/Tutorial1/myGames/EndlessRunner/Content/Construction_VOL2/Textures/Unique/TX_Ladder_NRM.uexp" 1739
"D:/UE4t/Tutorial1/myGames/EndlessRunner/Content/Construction_VOL2/Textures/Unique/TX_Ladder_NRM.ubulk" 1740
"D:/UE4t/Tutorial1/myGames/EndlessRunner/Content/Construction_VOL2/Textures/Unique/TX_Ladder_ALB.uasset" 1741
"D:/UE4t/Tutorial1/myGames/EndlessRunner/Content/Construction_VOL2/Textures/Unique/TX_Ladder_ALB.uexp" 1742
"D:/UE4t/Tutorial1/myGames/EndlessRunner/Content/Construction_VOL2/Textures/Unique/TX_Ladder_ALB.ubulk" 1743
"D:/UE4t/Tutorial1/myGames/EndlessRunner/Content/Construction_VOL2/Materials/Instances/MI_Ladder_01a.uasset" 1744
"D:/UE4t/Tutorial1/myGames/EndlessRunner/Content/Construction_VOL2/Materials/Instances/MI_Ladder_01a.uexp" 1745
"D:/UE4t/Tutorial1/myGames/EndlessRunner/Content/Construction_VOL2/Meshes/SM_Ladder_01b.uasset" 1746
"D:/UE4t/Tutorial1/myGames/EndlessRunner/Content/Construction_VOL2/Meshes/SM_Ladder_01b.uexp" 1747
"D:/UE4t/Tutorial1/myGames/EndlessRunner/Content/Construction_VOL2/Meshes/SM_Ladder_01a.uasset" 1748
"D:/UE4t/Tutorial1/myGames/EndlessRunner/Content/Construction_VOL2/Meshes/SM_Ladder_01a.uexp" 1749
"D:/UE4t/Tutorial1/myGames/EndlessRunner/Content/Construction_VOL2/Textures/Unique/TX_Jackhammer_01a_RMA.uasset" 1750
"D:/UE4t/Tutorial1/myGames/EndlessRunner/Content/Construction_VOL2/Textures/Unique/TX_Jackhammer_01a_RMA.uexp" 1751
"D:/UE4t/Tutorial1/myGames/EndlessRunner/Content/Construction_VOL2/Textures/Unique/TX_Jackhammer_01a_RMA.ubulk" 1752
"D:/UE4t/Tutorial1/myGames/EndlessRunner/Content/Construction_VOL2/Textures/Unique/TX_Jackhammer_01a_NRM.uasset" 1753
"D:/UE4t/Tutorial1/myGames/EndlessRunner/Content/Construction_VOL2/Textures/Unique/TX_Jackhammer_01a_NRM.uexp" 1754
"D:/UE4t/Tutorial1/myGames/EndlessRunner/Content/Construction_VOL2/Textures/Unique/TX_Jackhammer_01a_NRM.ubulk" 1755
"D:/UE4t/Tutorial1/myGames/EndlessRunner/Content/Construction_VOL2/Textures/Unique/TX_Jackhammer_01a_ALB.uasset" 1756
"D:/UE4t/Tutorial1/myGames/EndlessRunner/Content/Construction_VOL2/Textures/Unique/TX_Jackhammer_01a_ALB.uexp" 1757
"D:/UE4t/Tutorial1/myGames/EndlessRunner/Content/Construction_VOL2/Textures/Unique/TX_Jackhammer_01a_ALB.ubulk" 1758
"D:/UE4t/Tutorial1/myGames/EndlessRunner/Content/Construction_VOL2/Materials/Instances/MI_Jackhammer_01a.uasset" 1759
"D:/UE4t/Tutorial1/myGames/EndlessRunner/Content/Construction_VOL2/Materials/Instances/MI_Jackhammer_01a.uexp" 1760
"D:/UE4t/Tutorial1/myGames/EndlessRunner/Content/Construction_VOL2/Meshes/SM_Jackhammer_01a.uasset" 1761
"D:/UE4t/Tutorial1/myGames/EndlessRunner/Content/Construction_VOL2/Meshes/SM_Jackhammer_01a.uexp" 1762
"D:/UE4t/Tutorial1/myGames/EndlessRunner/Content/Construction_VOL2/Textures/Unique/TX_HardHat_01_Yellow_RMA.uasset" 1763
"D:/UE4t/Tutorial1/myGames/EndlessRunner/Content/Construction_VOL2/Textures/Unique/TX_HardHat_01_Yellow_RMA.uexp" 1764
"D:/UE4t/Tutorial1/myGames/EndlessRunner/Content/Construction_VOL2/Textures/Unique/TX_HardHat_01_Yellow_RMA.ubulk" 1765
"D:/UE4t/Tutorial1/myGames/EndlessRunner/Content/Construction_VOL2/Textures/Unique/TX_HardHat_01_Yellow_NRM.uasset" 1766
"D:/UE4t/Tutorial1/myGames/EndlessRunner/Content/Construction_VOL2/Textures/Unique/TX_HardHat_01_Yellow_NRM.uexp" 1767
"D:/UE4t/Tutorial1/myGames/EndlessRunner/Content/Construction_VOL2/Textures/Unique/TX_HardHat_01_Yellow_NRM.ubulk" 1768
"D:/UE4t/Tutorial1/myGames/EndlessRunner/Content/Construction_VOL2/Textures/Unique/TX_HardHat_01_Yellow_ALB.uasset" 1769
"D:/UE4t/Tutorial1/myGames/EndlessRunner/Content/Construction_VOL2/Textures/Unique/TX_HardHat_01_Yellow_ALB.uexp" 1770
"D:/UE4t/Tutorial1/myGames/EndlessRunner/Content/Construction_VOL2/Textures/Unique/TX_HardHat_01_Yellow_ALB.ubulk" 1771
"D:/UE4t/Tutorial1/myGames/EndlessRunner/Content/Construction_VOL2/Materials/Instances/MI_Hardhat_01b.uasset" 1772
"D:/UE4t/Tutorial1/myGames/EndlessRunner/Content/Construction_VOL2/Materials/Instances/MI_Hardhat_01b.uexp" 1773
"D:/UE4t/Tutorial1/myGames/EndlessRunner/Content/Construction_VOL2/Meshes/SM_HardHat_01b.uasset" 1774
"D:/UE4t/Tutorial1/myGames/EndlessRunner/Content/Construction_VOL2/Meshes/SM_HardHat_01b.uexp" 1775
"D:/UE4t/Tutorial1/myGames/EndlessRunner/Content/Construction_VOL2/Textures/Unique/TX_HardHat_01_Blue_RMA.uasset" 1776
"D:/UE4t/Tutorial1/myGames/EndlessRunner/Content/Construction_VOL2/Textures/Unique/TX_HardHat_01_Blue_RMA.uexp" 1777
"D:/UE4t/Tutorial1/myGames/EndlessRunner/Content/Construction_VOL2/Textures/Unique/TX_HardHat_01_Blue_RMA.ubulk" 1778
"D:/UE4t/Tutorial1/myGames/EndlessRunner/Content/Construction_VOL2/Textures/Unique/TX_HardHat_01_Blue_NRM.uasset" 1779
"D:/UE4t/Tutorial1/myGames/EndlessRunner/Content/Construction_VOL2/Textures/Unique/TX_HardHat_01_Blue_NRM.uexp" 1780
"D:/UE4t/Tutorial1/myGames/EndlessRunner/Content/Construction_VOL2/Textures/Unique/TX_HardHat_01_Blue_NRM.ubulk" 1781
"D:/UE4t/Tutorial1/myGames/EndlessRunner/Content/Construction_VOL2/Textures/Unique/TX_HardHat_01_Blue_ALB.uasset" 1782
"D:/UE4t/Tutorial1/myGames/EndlessRunner/Content/Construction_VOL2/Textures/Unique/TX_HardHat_01_Blue_ALB.uexp" 1783
"D:/UE4t/Tutorial1/myGames/EndlessRunner/Content/Construction_VOL2/Textures/Unique/TX_HardHat_01_Blue_ALB.ubulk" 1784
"D:/UE4t/Tutorial1/myGames/EndlessRunner/Content/Construction_VOL2/Materials/Instances/MI_Hardhat_01a.uasset" 1785
"D:/UE4t/Tutorial1/myGames/EndlessRunner/Content/Construction_VOL2/Materials/Instances/MI_Hardhat_01a.uexp" 1786
"D:/UE4t/Tutorial1/myGames/EndlessRunner/Content/Construction_VOL2/Meshes/SM_HardHat_01a.uasset" 1787
"D:/UE4t/Tutorial1/myGames/EndlessRunner/Content/Construction_VOL2/Meshes/SM_HardHat_01a.uexp" 1788
"D:/UE4t/Tutorial1/myGames/EndlessRunner/Content/Construction_VOL2/Textures/Unique/TX_HandForklift_01a_RMA.uasset" 1789
"D:/UE4t/Tutorial1/myGames/EndlessRunner/Content/Construction_VOL2/Textures/Unique/TX_HandForklift_01a_RMA.uexp" 1790
"D:/UE4t/Tutorial1/myGames/EndlessRunner/Content/Construction_VOL2/Textures/Unique/TX_HandForklift_01a_RMA.ubulk" 1791
"D:/UE4t/Tutorial1/myGames/EndlessRunner/Content/Construction_VOL2/Textures/Unique/TX_HandForklift_01a_NRM.uasset" 1792
"D:/UE4t/Tutorial1/myGames/EndlessRunner/Content/Construction_VOL2/Textures/Unique/TX_HandForklift_01a_NRM.uexp" 1793
"D:/UE4t/Tutorial1/myGames/EndlessRunner/Content/Construction_VOL2/Textures/Unique/TX_HandForklift_01a_NRM.ubulk" 1794
"D:/UE4t/Tutorial1/myGames/EndlessRunner/Content/Construction_VOL2/Textures/Unique/TX_HandForklift_01a_ALB.uasset" 1795
"D:/UE4t/Tutorial1/myGames/EndlessRunner/Content/Construction_VOL2/Textures/Unique/TX_HandForklift_01a_ALB.uexp" 1796
"D:/UE4t/Tutorial1/myGames/EndlessRunner/Content/Construction_VOL2/Textures/Unique/TX_HandForklift_01a_ALB.ubulk" 1797
"D:/UE4t/Tutorial1/myGames/EndlessRunner/Content/Construction_VOL2/Materials/Instances/MI_Handforklift_01a.uasset" 1798
"D:/UE4t/Tutorial1/myGames/EndlessRunner/Content/Construction_VOL2/Materials/Instances/MI_Handforklift_01a.uexp" 1799
"D:/UE4t/Tutorial1/myGames/EndlessRunner/Content/Construction_VOL2/Meshes/SM_HandForklift_01a.uasset" 1800
"D:/UE4t/Tutorial1/myGames/EndlessRunner/Content/Construction_VOL2/Meshes/SM_HandForklift_01a.uexp" 1801
"D:/UE4t/Tutorial1/myGames/EndlessRunner/Content/Construction_VOL2/Textures/Unique/TX_ElectricDrill_RMA.uasset" 1802
"D:/UE4t/Tutorial1/myGames/EndlessRunner/Content/Construction_VOL2/Textures/Unique/TX_ElectricDrill_RMA.uexp" 1803
"D:/UE4t/Tutorial1/myGames/EndlessRunner/Content/Construction_VOL2/Textures/Unique/TX_ElectricDrill_RMA.ubulk" 1804
"D:/UE4t/Tutorial1/myGames/EndlessRunner/Content/Construction_VOL2/Textures/Unique/TX_ElectricDrill_NRM.uasset" 1805
"D:/UE4t/Tutorial1/myGames/EndlessRunner/Content/Construction_VOL2/Textures/Unique/TX_ElectricDrill_NRM.uexp" 1806
"D:/UE4t/Tutorial1/myGames/EndlessRunner/Content/Construction_VOL2/Textures/Unique/TX_ElectricDrill_NRM.ubulk" 1807
"D:/UE4t/Tutorial1/myGames/EndlessRunner/Content/Construction_VOL2/Textures/Unique/TX_ElectricDrill_ALB.uasset" 1808
"D:/UE4t/Tutorial1/myGames/EndlessRunner/Content/Construction_VOL2/Textures/Unique/TX_ElectricDrill_ALB.uexp" 1809
"D:/UE4t/Tutorial1/myGames/EndlessRunner/Content/Construction_VOL2/Textures/Unique/TX_ElectricDrill_ALB.ubulk" 1810
"D:/UE4t/Tutorial1/myGames/EndlessRunner/Content/Construction_VOL2/Materials/Instances/MI_ElectricDrill_01a.uasset" 1811
"D:/UE4t/Tutorial1/myGames/EndlessRunner/Content/Construction_VOL2/Materials/Instances/MI_ElectricDrill_01a.uexp" 1812
"D:/UE4t/Tutorial1/myGames/EndlessRunner/Content/Construction_VOL2/Meshes/SM_ElectricDrill_01a.uasset" 1813
"D:/UE4t/Tutorial1/myGames/EndlessRunner/Content/Construction_VOL2/Meshes/SM_ElectricDrill_01a.uexp" 1814
"D:/UE4t/Tutorial1/myGames/EndlessRunner/Content/Construction_VOL2/Materials/Instances/MI_CordWrap_01a.uasset" 1815
"D:/UE4t/Tutorial1/myGames/EndlessRunner/Content/Construction_VOL2/Materials/Instances/MI_CordWrap_01a.uexp" 1816
"D:/UE4t/Tutorial1/myGames/EndlessRunner/Content/Construction_VOL2/Meshes/SM_CordWrap_01a.uasset" 1817
"D:/UE4t/Tutorial1/myGames/EndlessRunner/Content/Construction_VOL2/Meshes/SM_CordWrap_01a.uexp" 1818
"D:/UE4t/Tutorial1/myGames/EndlessRunner/Content/Construction_VOL2/Meshes/SM_PlywoodTable_01a.uasset" 1819
"D:/UE4t/Tutorial1/myGames/EndlessRunner/Content/Construction_VOL2/Meshes/SM_PlywoodTable_01a.uexp" 1820
"D:/UE4t/Tutorial1/myGames/EndlessRunner/Content/Construction_VOL2/Textures/Unique/TX_ConcreteMixer_01b_RMA.uasset" 1821
"D:/UE4t/Tutorial1/myGames/EndlessRunner/Content/Construction_VOL2/Textures/Unique/TX_ConcreteMixer_01b_RMA.uexp" 1822
"D:/UE4t/Tutorial1/myGames/EndlessRunner/Content/Construction_VOL2/Textures/Unique/TX_ConcreteMixer_01b_RMA.ubulk" 1823
"D:/UE4t/Tutorial1/myGames/EndlessRunner/Content/Construction_VOL2/Textures/Unique/TX_ConcreteMixer_01b_NRM.uasset" 1824
"D:/UE4t/Tutorial1/myGames/EndlessRunner/Content/Construction_VOL2/Textures/Unique/TX_ConcreteMixer_01b_NRM.uexp" 1825
"D:/UE4t/Tutorial1/myGames/EndlessRunner/Content/Construction_VOL2/Textures/Unique/TX_ConcreteMixer_01b_NRM.ubulk" 1826
"D:/UE4t/Tutorial1/myGames/EndlessRunner/Content/Construction_VOL2/Textures/Unique/TX_ConcreteMixer_01b_ALB.uasset" 1827
"D:/UE4t/Tutorial1/myGames/EndlessRunner/Content/Construction_VOL2/Textures/Unique/TX_ConcreteMixer_01b_ALB.uexp" 1828
"D:/UE4t/Tutorial1/myGames/EndlessRunner/Content/Construction_VOL2/Textures/Unique/TX_ConcreteMixer_01b_ALB.ubulk" 1829
"D:/UE4t/Tutorial1/myGames/EndlessRunner/Content/Construction_VOL2/Materials/Instances/MI_ConcreteMixer_02a.uasset" 1830
"D:/UE4t/Tutorial1/myGames/EndlessRunner/Content/Construction_VOL2/Materials/Instances/MI_ConcreteMixer_02a.uexp" 1831
"D:/UE4t/Tutorial1/myGames/EndlessRunner/Content/Construction_VOL2/Textures/Unique/TX_ConcreteMixer_01a_RMA.uasset" 1832
"D:/UE4t/Tutorial1/myGames/EndlessRunner/Content/Construction_VOL2/Textures/Unique/TX_ConcreteMixer_01a_RMA.uexp" 1833
"D:/UE4t/Tutorial1/myGames/EndlessRunner/Content/Construction_VOL2/Textures/Unique/TX_ConcreteMixer_01a_RMA.ubulk" 1834
"D:/UE4t/Tutorial1/myGames/EndlessRunner/Content/Construction_VOL2/Textures/Unique/TX_ConcreteMixer_01a_NRM.uasset" 1835
"D:/UE4t/Tutorial1/myGames/EndlessRunner/Content/Construction_VOL2/Textures/Unique/TX_ConcreteMixer_01a_NRM.uexp" 1836
"D:/UE4t/Tutorial1/myGames/EndlessRunner/Content/Construction_VOL2/Textures/Unique/TX_ConcreteMixer_01a_NRM.ubulk" 1837
"D:/UE4t/Tutorial1/myGames/EndlessRunner/Content/Construction_VOL2/Textures/Unique/TX_ConcreteMixer_01a_ALB.uasset" 1838
"D:/UE4t/Tutorial1/myGames/EndlessRunner/Content/Construction_VOL2/Textures/Unique/TX_ConcreteMixer_01a_ALB.uexp" 1839
"D:/UE4t/Tutorial1/myGames/EndlessRunner/Content/Construction_VOL2/Textures/Unique/TX_ConcreteMixer_01a_ALB.ubulk" 1840
"D:/UE4t/Tutorial1/myGames/EndlessRunner/Content/Construction_VOL2/Materials/Instances/MI_ConcreteMixer_01a.uasset" 1841
"D:/UE4t/Tutorial1/myGames/EndlessRunner/Content/Construction_VOL2/Materials/Instances/MI_ConcreteMixer_01a.uexp" 1842
"D:/UE4t/Tutorial1/myGames/EndlessRunner/Content/Construction_VOL2/Meshes/SM_ConcreteMixer_01a.uasset" 1843
"D:/UE4t/Tutorial1/myGames/EndlessRunner/Content/Construction_VOL2/Meshes/SM_ConcreteMixer_01a.uexp" 1844
"D:/UE4t/Tutorial1/myGames/EndlessRunner/Content/Construction_VOL2/Textures/Unique/TX_Canister_RMA.uasset" 1845
"D:/UE4t/Tutorial1/myGames/EndlessRunner/Content/Construction_VOL2/Textures/Unique/TX_Canister_RMA.uexp" 1846
"D:/UE4t/Tutorial1/myGames/EndlessRunner/Content/Construction_VOL2/Textures/Unique/TX_Canister_RMA.ubulk" 1847
"D:/UE4t/Tutorial1/myGames/EndlessRunner/Content/Construction_VOL2/Textures/Unique/TX_Canister_NRM.uasset" 1848
"D:/UE4t/Tutorial1/myGames/EndlessRunner/Content/Construction_VOL2/Textures/Unique/TX_Canister_NRM.uexp" 1849
"D:/UE4t/Tutorial1/myGames/EndlessRunner/Content/Construction_VOL2/Textures/Unique/TX_Canister_NRM.ubulk" 1850
"D:/UE4t/Tutorial1/myGames/EndlessRunner/Content/Construction_VOL2/Textures/Unique/TX_Canister_ALB.uasset" 1851
"D:/UE4t/Tutorial1/myGames/EndlessRunner/Content/Construction_VOL2/Textures/Unique/TX_Canister_ALB.uexp" 1852
"D:/UE4t/Tutorial1/myGames/EndlessRunner/Content/Construction_VOL2/Textures/Unique/TX_Canister_ALB.ubulk" 1853
"D:/UE4t/Tutorial1/myGames/EndlessRunner/Content/Construction_VOL2/Materials/Instances/MI_Canister_01a.uasset" 1854
"D:/UE4t/Tutorial1/myGames/EndlessRunner/Content/Construction_VOL2/Materials/Instances/MI_Canister_01a.uexp" 1855
"D:/UE4t/Tutorial1/myGames/EndlessRunner/Content/Construction_VOL2/Meshes/SM_Canister.uasset" 1856
"D:/UE4t/Tutorial1/myGames/EndlessRunner/Content/Construction_VOL2/Meshes/SM_Canister.uexp" 1857
"D:/UE4t/Tutorial1/myGames/EndlessRunner/Content/Construction_VOL2/Materials/Instances/MI_Skybox.uasset" 1858
"D:/UE4t/Tutorial1/myGames/EndlessRunner/Content/Construction_VOL2/Materials/Instances/MI_Skybox.uexp" 1859
"D:/UE4t/Tutorial1/myGames/EndlessRunner/Content/Construction_VOL2/Maps/Demonstration.uexp" 1860
"D:/UE4t/Tutorial1/myGames/EndlessRunner/Content/Construction_VOL2/Maps/Demonstration.umap" 1861
"D:/UE4t/Tutorial1/myGames/EndlessRunner/Content/Construction_VOL2/Meshes/SM_WheelBarrel_01b.uasset" 1862
"D:/UE4t/Tutorial1/myGames/EndlessRunner/Content/Construction_VOL2/Meshes/SM_WheelBarrel_01b.uexp" 1863
"D:/UE4t/Tutorial1/myGames/EndlessRunner/Content/Construction_VOL2/Meshes/SM_RebarCutterCordless_01a.uasset" 1864
"D:/UE4t/Tutorial1/myGames/EndlessRunner/Content/Construction_VOL2/Meshes/SM_RebarCutterCordless_01a.uexp" 1865
"D:/UE4t/Tutorial1/myGames/EndlessRunner/Content/Construction_VOL2/Meshes/SM_RebarCutterCord_01a.uasset" 1866
"D:/UE4t/Tutorial1/myGames/EndlessRunner/Content/Construction_VOL2/Meshes/SM_RebarCutterCord_01a.uexp" 1867
"D:/UE4t/Tutorial1/myGames/EndlessRunner/Content/Construction_VOL2/Meshes/SM_RebarCutter_01a.uasset" 1868
"D:/UE4t/Tutorial1/myGames/EndlessRunner/Content/Construction_VOL2/Meshes/SM_RebarCutter_01a.uexp" 1869
"D:/UE4t/Tutorial1/myGames/EndlessRunner/Content/Construction_VOL2/Meshes/SM_Plywood_05a.uasset" 1870
"D:/UE4t/Tutorial1/myGames/EndlessRunner/Content/Construction_VOL2/Meshes/SM_Plywood_05a.uexp" 1871
"D:/UE4t/Tutorial1/myGames/EndlessRunner/Content/Construction_VOL2/Meshes/SM_Plywood_04a.uasset" 1872
"D:/UE4t/Tutorial1/myGames/EndlessRunner/Content/Construction_VOL2/Meshes/SM_Plywood_04a.uexp" 1873
"D:/UE4t/Tutorial1/myGames/EndlessRunner/Content/Construction_VOL2/Meshes/SM_Plywood_03a.uasset" 1874
"D:/UE4t/Tutorial1/myGames/EndlessRunner/Content/Construction_VOL2/Meshes/SM_Plywood_03a.uexp" 1875
"D:/UE4t/Tutorial1/myGames/EndlessRunner/Content/Construction_VOL2/Meshes/SM_Plywood_02a.uasset" 1876
"D:/UE4t/Tutorial1/myGames/EndlessRunner/Content/Construction_VOL2/Meshes/SM_Plywood_02a.uexp" 1877
"D:/UE4t/Tutorial1/myGames/EndlessRunner/Content/Construction_VOL2/Textures/Unique/TX_Cord_01a_RMA.uasset" 1878
"D:/UE4t/Tutorial1/myGames/EndlessRunner/Content/Construction_VOL2/Textures/Unique/TX_Cord_01a_RMA.uexp" 1879
"D:/UE4t/Tutorial1/myGames/EndlessRunner/Content/Construction_VOL2/Textures/Unique/TX_Cord_01a_RMA.ubulk" 1880
"D:/UE4t/Tutorial1/myGames/EndlessRunner/Content/Construction_VOL2/Textures/Unique/TX_Cord_01a_NRM.uasset" 1881
"D:/UE4t/Tutorial1/myGames/EndlessRunner/Content/Construction_VOL2/Textures/Unique/TX_Cord_01a_NRM.uexp" 1882
"D:/UE4t/Tutorial1/myGames/EndlessRunner/Content/Construction_VOL2/Textures/Unique/TX_Cord_01a_NRM.ubulk" 1883
"D:/UE4t/Tutorial1/myGames/EndlessRunner/Content/Construction_VOL2/Textures/Unique/TX_Cord_01a_ALB.uasset" 1884
"D:/UE4t/Tutorial1/myGames/EndlessRunner/Content/Construction_VOL2/Textures/Unique/TX_Cord_01a_ALB.uexp" 1885
"D:/UE4t/Tutorial1/myGames/EndlessRunner/Content/Construction_VOL2/Textures/Unique/TX_Cord_01a_ALB.ubulk" 1886
"D:/UE4t/Tutorial1/myGames/EndlessRunner/Content/Construction_VOL2/Materials/Instances/MI_Cord_01a.uasset" 1887
"D:/UE4t/Tutorial1/myGames/EndlessRunner/Content/Construction_VOL2/Materials/Instances/MI_Cord_01a.uexp" 1888
"D:/UE4t/Tutorial1/myGames/EndlessRunner/Content/Construction_VOL2/Meshes/SM_Cord_03a.uasset" 1889
"D:/UE4t/Tutorial1/myGames/EndlessRunner/Content/Construction_VOL2/Meshes/SM_Cord_03a.uexp" 1890
"D:/UE4t/Tutorial1/myGames/EndlessRunner/Content/Construction_VOL2/Meshes/SM_Cord_02a.uasset" 1891
"D:/UE4t/Tutorial1/myGames/EndlessRunner/Content/Construction_VOL2/Meshes/SM_Cord_02a.uexp" 1892
"D:/UE4t/Tutorial1/myGames/EndlessRunner/Content/Construction_VOL2/Meshes/SM_Cord_01a.uasset" 1893
"D:/UE4t/Tutorial1/myGames/EndlessRunner/Content/Construction_VOL2/Meshes/SM_Cord_01a.uexp" 1894
"D:/UE4t/Tutorial1/myGames/EndlessRunner/Content/Construction_VOL2/Meshes/SM_PaintBucket_Lid_01a.uasset" 1895
"D:/UE4t/Tutorial1/myGames/EndlessRunner/Content/Construction_VOL2/Meshes/SM_PaintBucket_Lid_01a.uexp" 1896
"D:/UE4t/Tutorial1/myGames/EndlessRunner/Content/Construction_VOL2/Maps/Overview_BuiltData.uasset" 1897
"D:/UE4t/Tutorial1/myGames/EndlessRunner/Content/Construction_VOL2/Maps/Overview_BuiltData.uexp" 1898
"D:/UE4t/Tutorial1/myGames/EndlessRunner/Content/Construction_VOL2/Maps/Overview_BuiltData.ubulk" 1899
"D:/UE4t/Tutorial1/myGames/EndlessRunner/Content/Construction_VOL2/Meshes/SM_WheelBarrel_Wheel_01a.uasset" 1900
"D:/UE4t/Tutorial1/myGames/EndlessRunner/Content/Construction_VOL2/Meshes/SM_WheelBarrel_Wheel_01a.uexp" 1901
"D:/UE4t/Tutorial1/myGames/EndlessRunner/Content/Construction_VOL2/Meshes/SM_WheelBarrel_Base_01a.uasset" 1902
"D:/UE4t/Tutorial1/myGames/EndlessRunner/Content/Construction_VOL2/Meshes/SM_WheelBarrel_Base_01a.uexp" 1903
"D:/UE4t/Tutorial1/myGames/EndlessRunner/Content/Construction_VOL2/Blueprints/BP_WheelBarrow_01a.uasset" 1904
"D:/UE4t/Tutorial1/myGames/EndlessRunner/Content/Construction_VOL2/Blueprints/BP_WheelBarrow_01a.uexp" 1905
"D:/UE4t/Tutorial1/myGames/EndlessRunner/Content/Construction_VOL2/Meshes/SM_RollerMachine_Wheel_B_01a.uasset" 1906
"D:/UE4t/Tutorial1/myGames/EndlessRunner/Content/Construction_VOL2/Meshes/SM_RollerMachine_Wheel_B_01a.uexp" 1907
"D:/UE4t/Tutorial1/myGames/EndlessRunner/Content/Construction_VOL2/Meshes/SM_RollerMachine_Wheel_A_01a.uasset" 1908
"D:/UE4t/Tutorial1/myGames/EndlessRunner/Content/Construction_VOL2/Meshes/SM_RollerMachine_Wheel_A_01a.uexp" 1909
"D:/UE4t/Tutorial1/myGames/EndlessRunner/Content/Construction_VOL2/Meshes/SM_RollerMachine_Handle_01a.uasset" 1910
"D:/UE4t/Tutorial1/myGames/EndlessRunner/Content/Construction_VOL2/Meshes/SM_RollerMachine_Handle_01a.uexp" 1911
"D:/UE4t/Tutorial1/myGames/EndlessRunner/Content/Construction_VOL2/Meshes/SM_RollerMachine_Base_01a.uasset" 1912
"D:/UE4t/Tutorial1/myGames/EndlessRunner/Content/Construction_VOL2/Meshes/SM_RollerMachine_Base_01a.uexp" 1913
"D:/UE4t/Tutorial1/myGames/EndlessRunner/Content/Construction_VOL2/Blueprints/BP_Roller_01a.uasset" 1914
"D:/UE4t/Tutorial1/myGames/EndlessRunner/Content/Construction_VOL2/Blueprints/BP_Roller_01a.uexp" 1915
"D:/UE4t/Tutorial1/myGames/EndlessRunner/Content/Construction_VOL2/Maps/Overview.uexp" 1916
"D:/UE4t/Tutorial1/myGames/EndlessRunner/Content/Construction_VOL2/Maps/Overview.umap" 1917
"D:/UE4t/Tutorial1/myGames/EndlessRunner/Content/FXVarietyPack/Textures/T_ky_shockwave12_4x4.uasset" 1918
"D:/UE4t/Tutorial1/myGames/EndlessRunner/Content/FXVarietyPack/Textures/T_ky_shockwave12_4x4.uexp" 1919
"D:/UE4t/Tutorial1/myGames/EndlessRunner/Content/FXVarietyPack/Textures/T_ky_shockwave12_4x4.ubulk" 1920
"D:/UE4t/Tutorial1/myGames/EndlessRunner/Content/FXVarietyPack/Textures/T_ky_bg.uasset" 1921
"D:/UE4t/Tutorial1/myGames/EndlessRunner/Content/FXVarietyPack/Textures/T_ky_bg.uexp" 1922
"D:/UE4t/Tutorial1/myGames/EndlessRunner/Content/FXVarietyPack/Materials/M_ky_subUV01.uasset" 1923
"D:/UE4t/Tutorial1/myGames/EndlessRunner/Content/FXVarietyPack/Materials/M_ky_subUV01.uexp" 1924
"D:/UE4t/Tutorial1/myGames/EndlessRunner/Content/FXVarietyPack/Materials/MI_ky_shockwave12_4x4.uasset" 1925
"D:/UE4t/Tutorial1/myGames/EndlessRunner/Content/FXVarietyPack/Materials/MI_ky_shockwave12_4x4.uexp" 1926
"D:/UE4t/Tutorial1/myGames/EndlessRunner/Content/FXVarietyPack/Textures/T_ky_decoLinesB.uasset" 1927
"D:/UE4t/Tutorial1/myGames/EndlessRunner/Content/FXVarietyPack/Textures/T_ky_decoLinesB.uexp" 1928
"D:/UE4t/Tutorial1/myGames/EndlessRunner/Content/FXVarietyPack/Textures/T_ky_decoLinesB.ubulk" 1929
"D:/UE4t/Tutorial1/myGames/EndlessRunner/Content/FXVarietyPack/Textures/T_ky_decoLines.uasset" 1930
"D:/UE4t/Tutorial1/myGames/EndlessRunner/Content/FXVarietyPack/Textures/T_ky_decoLines.uexp" 1931
"D:/UE4t/Tutorial1/myGames/EndlessRunner/Content/FXVarietyPack/Textures/T_ky_decoLines.ubulk" 1932
"D:/UE4t/Tutorial1/myGames/EndlessRunner/Content/FXVarietyPack/Materials/Mfunction/MF_ky_VectorToRadialValue.uasset" 1933
"D:/UE4t/Tutorial1/myGames/EndlessRunner/Content/FXVarietyPack/Materials/Mfunction/MF_ky_VectorToRadialValue.uexp" 1934
"../../../Engine/Content/Functions/Engine_MaterialFunctions01/Density/ExponentialDensity.uasset" 1935
"../../../Engine/Content/Functions/Engine_MaterialFunctions01/Density/ExponentialDensity.uexp" 1936
"../../../Engine/Content/Functions/Engine_MaterialFunctions01/Gradient/RadialGradientExponential.uasset" 1937
"../../../Engine/Content/Functions/Engine_MaterialFunctions01/Gradient/RadialGradientExponential.uexp" 1938
"D:/UE4t/Tutorial1/myGames/EndlessRunner/Content/FXVarietyPack/Materials/M_ky_polar.uasset" 1939
"D:/UE4t/Tutorial1/myGames/EndlessRunner/Content/FXVarietyPack/Materials/M_ky_polar.uexp" 1940
"D:/UE4t/Tutorial1/myGames/EndlessRunner/Content/FXVarietyPack/Materials/MI_ky_polarG_nonD.uasset" 1941
"D:/UE4t/Tutorial1/myGames/EndlessRunner/Content/FXVarietyPack/Materials/MI_ky_polarG_nonD.uexp" 1942
"D:/UE4t/Tutorial1/myGames/EndlessRunner/Content/FXVarietyPack/Particles/P_ky_hit2.uasset" 1943
"D:/UE4t/Tutorial1/myGames/EndlessRunner/Content/FXVarietyPack/Particles/P_ky_hit2.uexp" 1944
"D:/UE4t/Tutorial1/myGames/EndlessRunner/Content/FXVarietyPack/Blueprints/BP_ky_hit2.uasset" 1945
"D:/UE4t/Tutorial1/myGames/EndlessRunner/Content/FXVarietyPack/Blueprints/BP_ky_hit2.uexp" 1946
"D:/UE4t/Tutorial1/myGames/EndlessRunner/Content/FXVarietyPack/Meshes/SM_ky_quad_centerRot.uasset" 1947
"D:/UE4t/Tutorial1/myGames/EndlessRunner/Content/FXVarietyPack/Meshes/SM_ky_quad_centerRot.uexp" 1948
"D:/UE4t/Tutorial1/myGames/EndlessRunner/Content/FXVarietyPack/Textures/T_ky_noise6.uasset" 1949
"D:/UE4t/Tutorial1/myGames/EndlessRunner/Content/FXVarietyPack/Textures/T_ky_noise6.uexp" 1950
"D:/UE4t/Tutorial1/myGames/EndlessRunner/Content/FXVarietyPack/Textures/T_ky_noise6.ubulk" 1951
"D:/UE4t/Tutorial1/myGames/EndlessRunner/Content/FXVarietyPack/Textures/T_ky_smoke1.uasset" 1952
"D:/UE4t/Tutorial1/myGames/EndlessRunner/Content/FXVarietyPack/Textures/T_ky_smoke1.uexp" 1953
"D:/UE4t/Tutorial1/myGames/EndlessRunner/Content/FXVarietyPack/Textures/T_ky_smoke1.ubulk" 1954
"D:/UE4t/Tutorial1/myGames/EndlessRunner/Content/FXVarietyPack/Materials/M_ky_smoke01.uasset" 1955
"D:/UE4t/Tutorial1/myGames/EndlessRunner/Content/FXVarietyPack/Materials/M_ky_smoke01.uexp" 1956
"D:/UE4t/Tutorial1/myGames/EndlessRunner/Content/FXVarietyPack/Materials/M_ky_primitive_dyn2.uasset" 1957
"D:/UE4t/Tutorial1/myGames/EndlessRunner/Content/FXVarietyPack/Materials/M_ky_primitive_dyn2.uexp" 1958
"D:/UE4t/Tutorial1/myGames/EndlessRunner/Content/FXVarietyPack/Materials/MI_ky_primitive_dynB_two.uasset" 1959
"D:/UE4t/Tutorial1/myGames/EndlessRunner/Content/FXVarietyPack/Materials/MI_ky_primitive_dynB_two.uexp" 1960
"../../../Engine/Content/Functions/Engine_MaterialFunctions02/Fresnel_Function.uasset" 1961
"../../../Engine/Content/Functions/Engine_MaterialFunctions02/Fresnel_Function.uexp" 1962
"D:/UE4t/Tutorial1/myGames/EndlessRunner/Content/FXVarietyPack/Materials/M_ky_primitive.uasset" 1963
"D:/UE4t/Tutorial1/myGames/EndlessRunner/Content/FXVarietyPack/Materials/M_ky_primitive.uexp" 1964
"D:/UE4t/Tutorial1/myGames/EndlessRunner/Content/FXVarietyPack/Materials/MI_ky_primitive2b_trs.uasset" 1965
"D:/UE4t/Tutorial1/myGames/EndlessRunner/Content/FXVarietyPack/Materials/MI_ky_primitive2b_trs.uexp" 1966
"D:/UE4t/Tutorial1/myGames/EndlessRunner/Content/FXVarietyPack/Materials/MI_ky_polar_two.uasset" 1967
"D:/UE4t/Tutorial1/myGames/EndlessRunner/Content/FXVarietyPack/Materials/MI_ky_polar_two.uexp" 1968
"D:/UE4t/Tutorial1/myGames/EndlessRunner/Content/FXVarietyPack/Textures/T_ky_flare_a.uasset" 1969
"D:/UE4t/Tutorial1/myGames/EndlessRunner/Content/FXVarietyPack/Textures/T_ky_flare_a.uexp" 1970
"D:/UE4t/Tutorial1/myGames/EndlessRunner/Content/FXVarietyPack/Textures/T_ky_flare_a.ubulk" 1971
"D:/UE4t/Tutorial1/myGames/EndlessRunner/Content/FXVarietyPack/Materials/M_ky_flare_flash.uasset" 1972
"D:/UE4t/Tutorial1/myGames/EndlessRunner/Content/FXVarietyPack/Materials/M_ky_flare_flash.uexp" 1973
"D:/UE4t/Tutorial1/myGames/EndlessRunner/Content/FXVarietyPack/Materials/MI_ky_flare_flash_trs.uasset" 1974
"D:/UE4t/Tutorial1/myGames/EndlessRunner/Content/FXVarietyPack/Materials/MI_ky_flare_flash_trs.uexp" 1975
"D:/UE4t/Tutorial1/myGames/EndlessRunner/Content/FXVarietyPack/Textures/T_ky_smoke_kai.uasset" 1976
"D:/UE4t/Tutorial1/myGames/EndlessRunner/Content/FXVarietyPack/Textures/T_ky_smoke_kai.uexp" 1977
"D:/UE4t/Tutorial1/myGames/EndlessRunner/Content/FXVarietyPack/Textures/T_ky_smoke_kai.ubulk" 1978
"D:/UE4t/Tutorial1/myGames/EndlessRunner/Content/FXVarietyPack/Textures/T_ky_dist_noise.uasset" 1979
"D:/UE4t/Tutorial1/myGames/EndlessRunner/Content/FXVarietyPack/Textures/T_ky_dist_noise.uexp" 1980
"D:/UE4t/Tutorial1/myGames/EndlessRunner/Content/FXVarietyPack/Materials/M_ky_base_turbulence.uasset" 1981
"D:/UE4t/Tutorial1/myGames/EndlessRunner/Content/FXVarietyPack/Materials/M_ky_base_turbulence.uexp" 1982
"D:/UE4t/Tutorial1/myGames/EndlessRunner/Content/FXVarietyPack/Materials/MI_ky_turbulence_smoke2d_trs.uasset" 1983
"D:/UE4t/Tutorial1/myGames/EndlessRunner/Content/FXVarietyPack/Materials/MI_ky_turbulence_smoke2d_trs.uexp" 1984
"D:/UE4t/Tutorial1/myGames/EndlessRunner/Content/FXVarietyPack/Particles/P_ky_explosion.uasset" 1985
"D:/UE4t/Tutorial1/myGames/EndlessRunner/Content/FXVarietyPack/Particles/P_ky_explosion.uexp" 1986
"D:/UE4t/Tutorial1/myGames/EndlessRunner/Content/FXVarietyPack/Blueprints/BP_ky_explosion.uasset" 1987
"D:/UE4t/Tutorial1/myGames/EndlessRunner/Content/FXVarietyPack/Blueprints/BP_ky_explosion.uexp" 1988
"D:/UE4t/Tutorial1/myGames/EndlessRunner/Content/FXVarietyPack/Meshes/SM_ky_tornado07.uasset" 1989
"D:/UE4t/Tutorial1/myGames/EndlessRunner/Content/FXVarietyPack/Meshes/SM_ky_tornado07.uexp" 1990
"D:/UE4t/Tutorial1/myGames/EndlessRunner/Content/FXVarietyPack/Meshes/SM_ky_circleDist06.uasset" 1991
"D:/UE4t/Tutorial1/myGames/EndlessRunner/Content/FXVarietyPack/Meshes/SM_ky_circleDist06.uexp" 1992
"D:/UE4t/Tutorial1/myGames/EndlessRunner/Content/FXVarietyPack/Textures/T_ky_noise17.uasset" 1993
"D:/UE4t/Tutorial1/myGames/EndlessRunner/Content/FXVarietyPack/Textures/T_ky_noise17.uexp" 1994
"D:/UE4t/Tutorial1/myGames/EndlessRunner/Content/FXVarietyPack/Textures/T_ky_noise17.ubulk" 1995
"D:/UE4t/Tutorial1/myGames/EndlessRunner/Content/FXVarietyPack/Materials/Mfunction/MF_ky_MaskToTopUnder.uasset" 1996
"D:/UE4t/Tutorial1/myGames/EndlessRunner/Content/FXVarietyPack/Materials/Mfunction/MF_ky_MaskToTopUnder.uexp" 1997
"../../../Engine/Content/Functions/Engine_MaterialFunctions03/Texturing/TwoSidedTexturing.uasset" 1998
"../../../Engine/Content/Functions/Engine_MaterialFunctions03/Texturing/TwoSidedTexturing.uexp" 1999
"../../../Engine/Content/EngineResources/DefaultTexture.uasset" 2000
"../../../Engine/Content/EngineResources/DefaultTexture.uexp" 2001
"../../../Engine/Content/EngineResources/DefaultTexture.ubulk" 2002
"D:/UE4t/Tutorial1/myGames/EndlessRunner/Content/FXVarietyPack/Textures/T_ky_maskRGB3.uasset" 2003
"D:/UE4t/Tutorial1/myGames/EndlessRunner/Content/FXVarietyPack/Textures/T_ky_maskRGB3.uexp" 2004
"D:/UE4t/Tutorial1/myGames/EndlessRunner/Content/FXVarietyPack/Textures/T_ky_maskRGB3.ubulk" 2005
"D:/UE4t/Tutorial1/myGames/EndlessRunner/Content/FXVarietyPack/Materials/Mfunction/MF_ky_AddHilight.uasset" 2006
"D:/UE4t/Tutorial1/myGames/EndlessRunner/Content/FXVarietyPack/Materials/Mfunction/MF_ky_AddHilight.uexp" 2007
"D:/UE4t/Tutorial1/myGames/EndlessRunner/Content/FXVarietyPack/Textures/T_ky_noise5.uasset" 2008
"D:/UE4t/Tutorial1/myGames/EndlessRunner/Content/FXVarietyPack/Textures/T_ky_noise5.uexp" 2009
"D:/UE4t/Tutorial1/myGames/EndlessRunner/Content/FXVarietyPack/Textures/T_ky_noise5.ubulk" 2010
"D:/UE4t/Tutorial1/myGames/EndlessRunner/Content/FXVarietyPack/Materials/Mfunction/MF_ky_TexController_primitive.uasset" 2011
"D:/UE4t/Tutorial1/myGames/EndlessRunner/Content/FXVarietyPack/Materials/Mfunction/MF_ky_TexController_primitive.uexp" 2012
"D:/UE4t/Tutorial1/myGames/EndlessRunner/Content/FXVarietyPack/Materials/Mfunction/MF_ky_TexController.uasset" 2013
"D:/UE4t/Tutorial1/myGames/EndlessRunner/Content/FXVarietyPack/Materials/Mfunction/MF_ky_TexController.uexp" 2014
"D:/UE4t/Tutorial1/myGames/EndlessRunner/Content/FXVarietyPack/Materials/M_ky_storm01.uasset" 2015
"D:/UE4t/Tutorial1/myGames/EndlessRunner/Content/FXVarietyPack/Materials/M_ky_storm01.uexp" 2016
"D:/UE4t/Tutorial1/myGames/EndlessRunner/Content/FXVarietyPack/Materials/MI_ky_storm01_dark.uasset" 2017
"D:/UE4t/Tutorial1/myGames/EndlessRunner/Content/FXVarietyPack/Materials/MI_ky_storm01_dark.uexp" 2018
"D:/UE4t/Tutorial1/myGames/EndlessRunner/Content/FXVarietyPack/Textures/T_ky_smoke2.uasset" 2019
"D:/UE4t/Tutorial1/myGames/EndlessRunner/Content/FXVarietyPack/Textures/T_ky_smoke2.uexp" 2020
"D:/UE4t/Tutorial1/myGames/EndlessRunner/Content/FXVarietyPack/Textures/T_ky_smoke2.ubulk" 2021
"D:/UE4t/Tutorial1/myGames/EndlessRunner/Content/FXVarietyPack/Textures/T_ky_noise3.uasset" 2022
"D:/UE4t/Tutorial1/myGames/EndlessRunner/Content/FXVarietyPack/Textures/T_ky_noise3.uexp" 2023
"D:/UE4t/Tutorial1/myGames/EndlessRunner/Content/FXVarietyPack/Textures/T_ky_noise3.ubulk" 2024
"D:/UE4t/Tutorial1/myGames/EndlessRunner/Content/FXVarietyPack/Materials/M_ky_dynDust.uasset" 2025
"D:/UE4t/Tutorial1/myGames/EndlessRunner/Content/FXVarietyPack/Materials/M_ky_dynDust.uexp" 2026
"D:/UE4t/Tutorial1/myGames/EndlessRunner/Content/FXVarietyPack/Materials/MI_ky_dynDust.uasset" 2027
"D:/UE4t/Tutorial1/myGames/EndlessRunner/Content/FXVarietyPack/Materials/MI_ky_dynDust.uexp" 2028
"D:/UE4t/Tutorial1/myGames/EndlessRunner/Content/FXVarietyPack/Materials/M_ky_empty.uasset" 2029
"D:/UE4t/Tutorial1/myGames/EndlessRunner/Content/FXVarietyPack/Materials/M_ky_empty.uexp" 2030
"D:/UE4t/Tutorial1/myGames/EndlessRunner/Content/FXVarietyPack/Textures/T_ky_noise4.uasset" 2031
"D:/UE4t/Tutorial1/myGames/EndlessRunner/Content/FXVarietyPack/Textures/T_ky_noise4.uexp" 2032
"D:/UE4t/Tutorial1/myGames/EndlessRunner/Content/FXVarietyPack/Textures/T_ky_noise4.ubulk" 2033
"D:/UE4t/Tutorial1/myGames/EndlessRunner/Content/FXVarietyPack/Materials/M_ky_stormDeco01.uasset" 2034
"D:/UE4t/Tutorial1/myGames/EndlessRunner/Content/FXVarietyPack/Materials/M_ky_stormDeco01.uexp" 2035
"D:/UE4t/Tutorial1/myGames/EndlessRunner/Content/FXVarietyPack/Materials/MI_ky_stormDeco01_dark.uasset" 2036
"D:/UE4t/Tutorial1/myGames/EndlessRunner/Content/FXVarietyPack/Materials/MI_ky_stormDeco01_dark.uexp" 2037
"D:/UE4t/Tutorial1/myGames/EndlessRunner/Content/FXVarietyPack/Materials/MI_ky_storm01_dark_nonD.uasset" 2038
"D:/UE4t/Tutorial1/myGames/EndlessRunner/Content/FXVarietyPack/Materials/MI_ky_storm01_dark_nonD.uexp" 2039
"D:/UE4t/Tutorial1/myGames/EndlessRunner/Content/FXVarietyPack/Particles/P_ky_darkStorm.uasset" 2040
"D:/UE4t/Tutorial1/myGames/EndlessRunner/Content/FXVarietyPack/Particles/P_ky_darkStorm.uexp" 2041
"D:/UE4t/Tutorial1/myGames/EndlessRunner/Content/FXVarietyPack/Textures/T_ky_stone02_2x2.uasset" 2042
"D:/UE4t/Tutorial1/myGames/EndlessRunner/Content/FXVarietyPack/Textures/T_ky_stone02_2x2.uexp" 2043
"D:/UE4t/Tutorial1/myGames/EndlessRunner/Content/FXVarietyPack/Textures/T_ky_stone02_2x2.ubulk" 2044
"D:/UE4t/Tutorial1/myGames/EndlessRunner/Content/FXVarietyPack/Materials/M_ky_stone02.uasset" 2045
"D:/UE4t/Tutorial1/myGames/EndlessRunner/Content/FXVarietyPack/Materials/M_ky_stone02.uexp" 2046
"D:/UE4t/Tutorial1/myGames/EndlessRunner/Content/FXVarietyPack/Textures/T_ky_vortex04_4x4.uasset" 2047
"D:/UE4t/Tutorial1/myGames/EndlessRunner/Content/FXVarietyPack/Textures/T_ky_vortex04_4x4.uexp" 2048
"D:/UE4t/Tutorial1/myGames/EndlessRunner/Content/FXVarietyPack/Textures/T_ky_vortex04_4x4.ubulk" 2049
"D:/UE4t/Tutorial1/myGames/EndlessRunner/Content/FXVarietyPack/Materials/M_ky_vortex04_4x4.uasset" 2050
"D:/UE4t/Tutorial1/myGames/EndlessRunner/Content/FXVarietyPack/Materials/M_ky_vortex04_4x4.uexp" 2051
"D:/UE4t/Tutorial1/myGames/EndlessRunner/Content/FXVarietyPack/Materials/MI_ky_vortex04B_4x4_two.uasset" 2052
"D:/UE4t/Tutorial1/myGames/EndlessRunner/Content/FXVarietyPack/Materials/MI_ky_vortex04B_4x4_two.uexp" 2053
"D:/UE4t/Tutorial1/myGames/EndlessRunner/Content/FXVarietyPack/Materials/MI_ky_storm01_nonD.uasset" 2054
"D:/UE4t/Tutorial1/myGames/EndlessRunner/Content/FXVarietyPack/Materials/MI_ky_storm01_nonD.uexp" 2055
"D:/UE4t/Tutorial1/myGames/EndlessRunner/Content/FXVarietyPack/Particles/P_ky_storm.uasset" 2056
"D:/UE4t/Tutorial1/myGames/EndlessRunner/Content/FXVarietyPack/Particles/P_ky_storm.uexp" 2057
"D:/UE4t/Tutorial1/myGames/EndlessRunner/Content/FXVarietyPack/Blueprints/BP_ky_storm.uasset" 2058
"D:/UE4t/Tutorial1/myGames/EndlessRunner/Content/FXVarietyPack/Blueprints/BP_ky_storm.uexp" 2059
"D:/UE4t/Tutorial1/myGames/EndlessRunner/Content/FXVarietyPack/Blueprints/BP_ky_darkStorm.uasset" 2060
"D:/UE4t/Tutorial1/myGames/EndlessRunner/Content/FXVarietyPack/Blueprints/BP_ky_darkStorm.uexp" 2061
"D:/UE4t/Tutorial1/myGames/EndlessRunner/Content/FXVarietyPack/Materials/MI_ky_storm01_aqua_nonD.uasset" 2062
"D:/UE4t/Tutorial1/myGames/EndlessRunner/Content/FXVarietyPack/Materials/MI_ky_storm01_aqua_nonD.uexp" 2063
"D:/UE4t/Tutorial1/myGames/EndlessRunner/Content/FXVarietyPack/Materials/MI_ky_storm01_aqua.uasset" 2064
"D:/UE4t/Tutorial1/myGames/EndlessRunner/Content/FXVarietyPack/Materials/MI_ky_storm01_aqua.uexp" 2065
"D:/UE4t/Tutorial1/myGames/EndlessRunner/Content/FXVarietyPack/Materials/M_ky_waterDust02.uasset" 2066
"D:/UE4t/Tutorial1/myGames/EndlessRunner/Content/FXVarietyPack/Materials/M_ky_waterDust02.uexp" 2067
"D:/UE4t/Tutorial1/myGames/EndlessRunner/Content/FXVarietyPack/Materials/MI_ky_stormDeco01_aqua.uasset" 2068
"D:/UE4t/Tutorial1/myGames/EndlessRunner/Content/FXVarietyPack/Materials/MI_ky_stormDeco01_aqua.uexp" 2069
"D:/UE4t/Tutorial1/myGames/EndlessRunner/Content/FXVarietyPack/Particles/P_ky_aquaStorm.uasset" 2070
"D:/UE4t/Tutorial1/myGames/EndlessRunner/Content/FXVarietyPack/Particles/P_ky_aquaStorm.uexp" 2071
"D:/UE4t/Tutorial1/myGames/EndlessRunner/Content/FXVarietyPack/Blueprints/BP_ky_aquaStorm.uasset" 2072
"D:/UE4t/Tutorial1/myGames/EndlessRunner/Content/FXVarietyPack/Blueprints/BP_ky_aquaStorm.uexp" 2073
"D:/UE4t/Tutorial1/myGames/EndlessRunner/Content/FXVarietyPack/EpicContent/Physical_Materials/Concrete.uasset" 2074
"D:/UE4t/Tutorial1/myGames/EndlessRunner/Content/FXVarietyPack/EpicContent/Physical_Materials/Concrete.uexp" 2075
"D:/UE4t/Tutorial1/myGames/EndlessRunner/Content/FXVarietyPack/EpicContent/Textures/T_RoomTiles_N.uasset" 2076
"D:/UE4t/Tutorial1/myGames/EndlessRunner/Content/FXVarietyPack/EpicContent/Textures/T_RoomTiles_N.uexp" 2077
"D:/UE4t/Tutorial1/myGames/EndlessRunner/Content/FXVarietyPack/EpicContent/Textures/T_RoomTiles_N.ubulk" 2078
"D:/UE4t/Tutorial1/myGames/EndlessRunner/Content/FXVarietyPack/EpicContent/Textures/T_RoomTiles_M.uasset" 2079
"D:/UE4t/Tutorial1/myGames/EndlessRunner/Content/FXVarietyPack/EpicContent/Textures/T_RoomTiles_M.uexp" 2080
"D:/UE4t/Tutorial1/myGames/EndlessRunner/Content/FXVarietyPack/EpicContent/Textures/T_RoomTiles_M.ubulk" 2081
"D:/UE4t/Tutorial1/myGames/EndlessRunner/Content/FXVarietyPack/EpicContent/Materials/M_DemoRoomTiles.uasset" 2082
"D:/UE4t/Tutorial1/myGames/EndlessRunner/Content/FXVarietyPack/EpicContent/Materials/M_DemoRoomTiles.uexp" 2083
"D:/UE4t/Tutorial1/myGames/EndlessRunner/Content/FXVarietyPack/EpicContent/Materials/MI_DemoRoomTiles.uasset" 2084
"D:/UE4t/Tutorial1/myGames/EndlessRunner/Content/FXVarietyPack/EpicContent/Materials/MI_DemoRoomTiles.uexp" 2085
"D:/UE4t/Tutorial1/myGames/EndlessRunner/Content/FXVarietyPack/EpicContent/Meshes/SM_DemoRoomU2.uasset" 2086
"D:/UE4t/Tutorial1/myGames/EndlessRunner/Content/FXVarietyPack/EpicContent/Meshes/SM_DemoRoomU2.uexp" 2087
"D:/UE4t/Tutorial1/myGames/EndlessRunner/Content/FXVarietyPack/EpicContent/Materials/M_LightTube.uasset" 2088
"D:/UE4t/Tutorial1/myGames/EndlessRunner/Content/FXVarietyPack/EpicContent/Materials/M_LightTube.uexp" 2089
"D:/UE4t/Tutorial1/myGames/EndlessRunner/Content/FXVarietyPack/EpicContent/Materials/MI_LightTube.uasset" 2090
"D:/UE4t/Tutorial1/myGames/EndlessRunner/Content/FXVarietyPack/EpicContent/Materials/MI_LightTube.uexp" 2091
"D:/UE4t/Tutorial1/myGames/EndlessRunner/Content/FXVarietyPack/EpicContent/Physical_Materials/Metal.uasset" 2092
"D:/UE4t/Tutorial1/myGames/EndlessRunner/Content/FXVarietyPack/EpicContent/Physical_Materials/Metal.uexp" 2093
"D:/UE4t/Tutorial1/myGames/EndlessRunner/Content/FXVarietyPack/EpicContent/Physical_Materials/Rubber.uasset" 2094
"D:/UE4t/Tutorial1/myGames/EndlessRunner/Content/FXVarietyPack/EpicContent/Physical_Materials/Rubber.uexp" 2095
"D:/UE4t/Tutorial1/myGames/EndlessRunner/Content/FXVarietyPack/EpicContent/Materials/M_DemoWall.uasset" 2096
"D:/UE4t/Tutorial1/myGames/EndlessRunner/Content/FXVarietyPack/EpicContent/Materials/M_DemoWall.uexp" 2097
"D:/UE4t/Tutorial1/myGames/EndlessRunner/Content/FXVarietyPack/EpicContent/Materials/MI_DemoWall.uasset" 2098
"D:/UE4t/Tutorial1/myGames/EndlessRunner/Content/FXVarietyPack/EpicContent/Materials/MI_DemoWall.uexp" 2099
"D:/UE4t/Tutorial1/myGames/EndlessRunner/Content/FXVarietyPack/EpicContent/Materials/MI_DemoWall3.uasset" 2100
"D:/UE4t/Tutorial1/myGames/EndlessRunner/Content/FXVarietyPack/EpicContent/Materials/MI_DemoWall3.uexp" 2101
"D:/UE4t/Tutorial1/myGames/EndlessRunner/Content/FXVarietyPack/EpicContent/Materials/MI_DemoWall2.uasset" 2102
"D:/UE4t/Tutorial1/myGames/EndlessRunner/Content/FXVarietyPack/EpicContent/Materials/MI_DemoWall2.uexp" 2103
"D:/UE4t/Tutorial1/myGames/EndlessRunner/Content/FXVarietyPack/EpicContent/Meshes/SM_DemoRoomTrim2.uasset" 2104
"D:/UE4t/Tutorial1/myGames/EndlessRunner/Content/FXVarietyPack/EpicContent/Meshes/SM_DemoRoomTrim2.uexp" 2105
"D:/UE4t/Tutorial1/myGames/EndlessRunner/Content/FXVarietyPack/EpicContent/Meshes/SM_DemoRoomClamp2.uasset" 2106
"D:/UE4t/Tutorial1/myGames/EndlessRunner/Content/FXVarietyPack/EpicContent/Meshes/SM_DemoRoomClamp2.uexp" 2107
"D:/UE4t/Tutorial1/myGames/EndlessRunner/Content/FXVarietyPack/EpicContent/Materials/M_DemoWall_MattPlastic.uasset" 2108
"D:/UE4t/Tutorial1/myGames/EndlessRunner/Content/FXVarietyPack/EpicContent/Materials/M_DemoWall_MattPlastic.uexp" 2109
"D:/UE4t/Tutorial1/myGames/EndlessRunner/Content/FXVarietyPack/EpicContent/Meshes/SM_DemoRoomBackWall2.uasset" 2110
"D:/UE4t/Tutorial1/myGames/EndlessRunner/Content/FXVarietyPack/EpicContent/Meshes/SM_DemoRoomBackWall2.uexp" 2111
"D:/UE4t/Tutorial1/myGames/EndlessRunner/Content/FXVarietyPack/EpicContent/Textures/T_UnrealEngineDecal.uasset" 2112
"D:/UE4t/Tutorial1/myGames/EndlessRunner/Content/FXVarietyPack/EpicContent/Textures/T_UnrealEngineDecal.uexp" 2113
"D:/UE4t/Tutorial1/myGames/EndlessRunner/Content/FXVarietyPack/EpicContent/Textures/T_Pattern_M.uasset" 2114
"D:/UE4t/Tutorial1/myGames/EndlessRunner/Content/FXVarietyPack/EpicContent/Textures/T_Pattern_M.uexp" 2115
"D:/UE4t/Tutorial1/myGames/EndlessRunner/Content/FXVarietyPack/EpicContent/Textures/T_Pattern_M.ubulk" 2116
"D:/UE4t/Tutorial1/myGames/EndlessRunner/Content/FXVarietyPack/EpicContent/Materials/M_DemoWallPattern.uasset" 2117
"D:/UE4t/Tutorial1/myGames/EndlessRunner/Content/FXVarietyPack/EpicContent/Materials/M_DemoWallPattern.uexp" 2118
"D:/UE4t/Tutorial1/myGames/EndlessRunner/Content/FXVarietyPack/EpicContent/Materials/MI_DemoWallPattern.uasset" 2119
"D:/UE4t/Tutorial1/myGames/EndlessRunner/Content/FXVarietyPack/EpicContent/Materials/MI_DemoWallPattern.uexp" 2120
"D:/UE4t/Tutorial1/myGames/EndlessRunner/Content/FXVarietyPack/EpicContent/Meshes/SM_URoom_Wall2.uasset" 2121
"D:/UE4t/Tutorial1/myGames/EndlessRunner/Content/FXVarietyPack/EpicContent/Meshes/SM_URoom_Wall2.uexp" 2122
"D:/UE4t/Tutorial1/myGames/EndlessRunner/Content/FXVarietyPack/EpicContent/Materials/M_DemoWallPattern_Inst_Mirrored.uasset" 2123
"D:/UE4t/Tutorial1/myGames/EndlessRunner/Content/FXVarietyPack/EpicContent/Materials/M_DemoWallPattern_Inst_Mirrored.uexp" 2124
"D:/UE4t/Tutorial1/myGames/EndlessRunner/Content/FXVarietyPack/EpicContent/Meshes/SM_URoom_Wall.uasset" 2125
"D:/UE4t/Tutorial1/myGames/EndlessRunner/Content/FXVarietyPack/EpicContent/Meshes/SM_URoom_Wall.uexp" 2126
"D:/UE4t/Tutorial1/myGames/EndlessRunner/Content/FXVarietyPack/EpicContent/Materials/M_DemoWall_Inst_NamePlate.uasset" 2127
"D:/UE4t/Tutorial1/myGames/EndlessRunner/Content/FXVarietyPack/EpicContent/Materials/M_DemoWall_Inst_NamePlate.uexp" 2128
"D:/UE4t/Tutorial1/myGames/EndlessRunner/Content/FXVarietyPack/EpicContent/Materials/MI_DemoWall_Inst_BaseFloor.uasset" 2129
"D:/UE4t/Tutorial1/myGames/EndlessRunner/Content/FXVarietyPack/EpicContent/Materials/MI_DemoWall_Inst_BaseFloor.uexp" 2130
"D:/UE4t/Tutorial1/myGames/EndlessRunner/Content/FXVarietyPack/EpicContent/Meshes/SM_DemoRoomU_Hole.uasset" 2131
"D:/UE4t/Tutorial1/myGames/EndlessRunner/Content/FXVarietyPack/EpicContent/Meshes/SM_DemoRoomU_Hole.uexp" 2132
"D:/UE4t/Tutorial1/myGames/EndlessRunner/Content/FXVarietyPack/EpicContent/Meshes/SM_DemoRoomU.uasset" 2133
"D:/UE4t/Tutorial1/myGames/EndlessRunner/Content/FXVarietyPack/EpicContent/Meshes/SM_DemoRoomU.uexp" 2134
"D:/UE4t/Tutorial1/myGames/EndlessRunner/Content/FXVarietyPack/EpicContent/Meshes/SM_DemoRoomTrimAdd.uasset" 2135
"D:/UE4t/Tutorial1/myGames/EndlessRunner/Content/FXVarietyPack/EpicContent/Meshes/SM_DemoRoomTrimAdd.uexp" 2136
"D:/UE4t/Tutorial1/myGames/EndlessRunner/Content/FXVarietyPack/EpicContent/Meshes/SM_DemoRoomTrim.uasset" 2137
"D:/UE4t/Tutorial1/myGames/EndlessRunner/Content/FXVarietyPack/EpicContent/Meshes/SM_DemoRoomTrim.uexp" 2138
"D:/UE4t/Tutorial1/myGames/EndlessRunner/Content/FXVarietyPack/EpicContent/Meshes/SM_DemoRoomLTrim.uasset" 2139
"D:/UE4t/Tutorial1/myGames/EndlessRunner/Content/FXVarietyPack/EpicContent/Meshes/SM_DemoRoomLTrim.uexp" 2140
"D:/UE4t/Tutorial1/myGames/EndlessRunner/Content/FXVarietyPack/EpicContent/Meshes/SM_DemoRoomL.uasset" 2141
"D:/UE4t/Tutorial1/myGames/EndlessRunner/Content/FXVarietyPack/EpicContent/Meshes/SM_DemoRoomL.uexp" 2142
"D:/UE4t/Tutorial1/myGames/EndlessRunner/Content/FXVarietyPack/EpicContent/Meshes/SM_DemoRoomClamp.uasset" 2143
"D:/UE4t/Tutorial1/myGames/EndlessRunner/Content/FXVarietyPack/EpicContent/Meshes/SM_DemoRoomClamp.uexp" 2144
"D:/UE4t/Tutorial1/myGames/EndlessRunner/Content/FXVarietyPack/EpicContent/Meshes/SM_DemoRoomBackWall.uasset" 2145
"D:/UE4t/Tutorial1/myGames/EndlessRunner/Content/FXVarietyPack/EpicContent/Meshes/SM_DemoRoomBackWall.uexp" 2146
"D:/UE4t/Tutorial1/myGames/EndlessRunner/Content/FXVarietyPack/EpicContent/Meshes/SM_DemoDivider2.uasset" 2147
"D:/UE4t/Tutorial1/myGames/EndlessRunner/Content/FXVarietyPack/EpicContent/Meshes/SM_DemoDivider2.uexp" 2148
"D:/UE4t/Tutorial1/myGames/EndlessRunner/Content/FXVarietyPack/EpicContent/Meshes/SM_DemoDivider1.uasset" 2149
"D:/UE4t/Tutorial1/myGames/EndlessRunner/Content/FXVarietyPack/EpicContent/Meshes/SM_DemoDivider1.uexp" 2150
"D:/UE4t/Tutorial1/myGames/EndlessRunner/Content/FXVarietyPack/EpicContent/Blueprints/BP_DemoRoom_Enum.uasset" 2151
"D:/UE4t/Tutorial1/myGames/EndlessRunner/Content/FXVarietyPack/EpicContent/Blueprints/BP_DemoRoom_Enum.uexp" 2152
"D:/UE4t/Tutorial1/myGames/EndlessRunner/Content/FXVarietyPack/EpicContent/Materials/M_Glass.uasset" 2153
"D:/UE4t/Tutorial1/myGames/EndlessRunner/Content/FXVarietyPack/EpicContent/Materials/M_Glass.uexp" 2154
"D:/UE4t/Tutorial1/myGames/EndlessRunner/Content/FXVarietyPack/EpicContent/Materials/MI_Glass.uasset" 2155
"D:/UE4t/Tutorial1/myGames/EndlessRunner/Content/FXVarietyPack/EpicContent/Materials/MI_Glass.uexp" 2156
"D:/UE4t/Tutorial1/myGames/EndlessRunner/Content/FXVarietyPack/EpicContent/Materials/M_DemoWallPattern_NoText.uasset" 2157
"D:/UE4t/Tutorial1/myGames/EndlessRunner/Content/FXVarietyPack/EpicContent/Materials/M_DemoWallPattern_NoText.uexp" 2158
"D:/UE4t/Tutorial1/myGames/EndlessRunner/Content/FXVarietyPack/EpicContent/Materials/M_DefaultTextMaterialTranslucentUnlit.uasset" 2159
"D:/UE4t/Tutorial1/myGames/EndlessRunner/Content/FXVarietyPack/EpicContent/Materials/M_DefaultTextMaterialTranslucentUnlit.uexp" 2160
"D:/UE4t/Tutorial1/myGames/EndlessRunner/Content/FXVarietyPack/EpicContent/Blueprints/BP_DemoRoom.uasset" 2161
"D:/UE4t/Tutorial1/myGames/EndlessRunner/Content/FXVarietyPack/EpicContent/Blueprints/BP_DemoRoom.uexp" 2162
"D:/UE4t/Tutorial1/myGames/EndlessRunner/Content/FXVarietyPack/EpicContent/Meshes/SM_NamePlate.uasset" 2163
"D:/UE4t/Tutorial1/myGames/EndlessRunner/Content/FXVarietyPack/EpicContent/Meshes/SM_NamePlate.uexp" 2164
"D:/UE4t/Tutorial1/myGames/EndlessRunner/Content/FXVarietyPack/EpicContent/Meshes/SM_BaseRoom.uasset" 2165
"D:/UE4t/Tutorial1/myGames/EndlessRunner/Content/FXVarietyPack/EpicContent/Meshes/SM_BaseRoom.uexp" 2166
"D:/UE4t/Tutorial1/myGames/EndlessRunner/Content/FXVarietyPack/EpicContent/Meshes/SM_Base_FlatWall.uasset" 2167
"D:/UE4t/Tutorial1/myGames/EndlessRunner/Content/FXVarietyPack/EpicContent/Meshes/SM_Base_FlatWall.uexp" 2168
"D:/UE4t/Tutorial1/myGames/EndlessRunner/Content/FXVarietyPack/EpicContent/Meshes/SM_Base2.uasset" 2169
"D:/UE4t/Tutorial1/myGames/EndlessRunner/Content/FXVarietyPack/EpicContent/Meshes/SM_Base2.uexp" 2170
"D:/UE4t/Tutorial1/myGames/EndlessRunner/Content/FXVarietyPack/EpicContent/Meshes/SM_Base.uasset" 2171
"D:/UE4t/Tutorial1/myGames/EndlessRunner/Content/FXVarietyPack/EpicContent/Meshes/SM_Base.uexp" 2172
"D:/UE4t/Tutorial1/myGames/EndlessRunner/Content/FXVarietyPack/EpicContent/Blueprints/BP_DemoDisplay_Enum.uasset" 2173
"D:/UE4t/Tutorial1/myGames/EndlessRunner/Content/FXVarietyPack/EpicContent/Blueprints/BP_DemoDisplay_Enum.uexp" 2174
"D:/UE4t/Tutorial1/myGames/EndlessRunner/Content/FXVarietyPack/EpicContent/Blueprints/BP_DemoDisplay.uasset" 2175
"D:/UE4t/Tutorial1/myGames/EndlessRunner/Content/FXVarietyPack/EpicContent/Blueprints/BP_DemoDisplay.uexp" 2176
"D:/UE4t/Tutorial1/myGames/EndlessRunner/Content/FXVarietyPack/Materials/MI_ky_smoke01c.uasset" 2177
"D:/UE4t/Tutorial1/myGames/EndlessRunner/Content/FXVarietyPack/Materials/MI_ky_smoke01c.uexp" 2178
"D:/UE4t/Tutorial1/myGames/EndlessRunner/Content/FXVarietyPack/Particles/P_ky_waterBallHit.uasset" 2179
"D:/UE4t/Tutorial1/myGames/EndlessRunner/Content/FXVarietyPack/Particles/P_ky_waterBallHit.uexp" 2180
"D:/UE4t/Tutorial1/myGames/EndlessRunner/Content/FXVarietyPack/Blueprints/BP_ky_waterBallHit.uasset" 2181
"D:/UE4t/Tutorial1/myGames/EndlessRunner/Content/FXVarietyPack/Blueprints/BP_ky_waterBallHit.uexp" 2182
"D:/UE4t/Tutorial1/myGames/EndlessRunner/Content/FXVarietyPack/Particles/P_ky_waterBall.uasset" 2183
"D:/UE4t/Tutorial1/myGames/EndlessRunner/Content/FXVarietyPack/Particles/P_ky_waterBall.uexp" 2184
"D:/UE4t/Tutorial1/myGames/EndlessRunner/Content/FXVarietyPack/Meshes/SM_ky_windSmokeVertRot.uasset" 2185
"D:/UE4t/Tutorial1/myGames/EndlessRunner/Content/FXVarietyPack/Meshes/SM_ky_windSmokeVertRot.uexp" 2186
"D:/UE4t/Tutorial1/myGames/EndlessRunner/Content/FXVarietyPack/Meshes/SM_ky_planeBend.uasset" 2187
"D:/UE4t/Tutorial1/myGames/EndlessRunner/Content/FXVarietyPack/Meshes/SM_ky_planeBend.uexp" 2188
"D:/UE4t/Tutorial1/myGames/EndlessRunner/Content/FXVarietyPack/Materials/MI_ky_polarC_two.uasset" 2189
"D:/UE4t/Tutorial1/myGames/EndlessRunner/Content/FXVarietyPack/Materials/MI_ky_polarC_two.uexp" 2190
"D:/UE4t/Tutorial1/myGames/EndlessRunner/Content/FXVarietyPack/Textures/T_ky_deco_doom.uasset" 2191
"D:/UE4t/Tutorial1/myGames/EndlessRunner/Content/FXVarietyPack/Textures/T_ky_deco_doom.uexp" 2192
"D:/UE4t/Tutorial1/myGames/EndlessRunner/Content/FXVarietyPack/Textures/T_ky_deco_doom.ubulk" 2193
"D:/UE4t/Tutorial1/myGames/EndlessRunner/Content/FXVarietyPack/Materials/M_ky_aura9.uasset" 2194
"D:/UE4t/Tutorial1/myGames/EndlessRunner/Content/FXVarietyPack/Materials/M_ky_aura9.uexp" 2195
"D:/UE4t/Tutorial1/myGames/EndlessRunner/Content/FXVarietyPack/Materials/MI_ky_aura9.uasset" 2196
"D:/UE4t/Tutorial1/myGames/EndlessRunner/Content/FXVarietyPack/Materials/MI_ky_aura9.uexp" 2197
"D:/UE4t/Tutorial1/myGames/EndlessRunner/Content/FXVarietyPack/Textures/T_ky_flareVert.uasset" 2198
"D:/UE4t/Tutorial1/myGames/EndlessRunner/Content/FXVarietyPack/Textures/T_ky_flareVert.uexp" 2199
"D:/UE4t/Tutorial1/myGames/EndlessRunner/Content/FXVarietyPack/Textures/T_ky_flareVert.ubulk" 2200
"D:/UE4t/Tutorial1/myGames/EndlessRunner/Content/FXVarietyPack/Materials/M_ky_flareVert.uasset" 2201
"D:/UE4t/Tutorial1/myGames/EndlessRunner/Content/FXVarietyPack/Materials/M_ky_flareVert.uexp" 2202
"D:/UE4t/Tutorial1/myGames/EndlessRunner/Content/FXVarietyPack/Meshes/SM_ky_quads.uasset" 2203
"D:/UE4t/Tutorial1/myGames/EndlessRunner/Content/FXVarietyPack/Meshes/SM_ky_quads.uexp" 2204
"D:/UE4t/Tutorial1/myGames/EndlessRunner/Content/FXVarietyPack/Textures/T_ky_maskRGB5.uasset" 2205
"D:/UE4t/Tutorial1/myGames/EndlessRunner/Content/FXVarietyPack/Textures/T_ky_maskRGB5.uexp" 2206
"D:/UE4t/Tutorial1/myGames/EndlessRunner/Content/FXVarietyPack/Textures/T_ky_maskRGB5.ubulk" 2207
"D:/UE4t/Tutorial1/myGames/EndlessRunner/Content/FXVarietyPack/Textures/T_ky_flare3.uasset" 2208
"D:/UE4t/Tutorial1/myGames/EndlessRunner/Content/FXVarietyPack/Textures/T_ky_flare3.uexp" 2209
"D:/UE4t/Tutorial1/myGames/EndlessRunner/Content/FXVarietyPack/Textures/T_ky_flare3.ubulk" 2210
"D:/UE4t/Tutorial1/myGames/EndlessRunner/Content/FXVarietyPack/Materials/M_ky_flarePillar.uasset" 2211
"D:/UE4t/Tutorial1/myGames/EndlessRunner/Content/FXVarietyPack/Materials/M_ky_flarePillar.uexp" 2212
"D:/UE4t/Tutorial1/myGames/EndlessRunner/Content/FXVarietyPack/Particles/P_ky_shotShockwave.uasset" 2213
"D:/UE4t/Tutorial1/myGames/EndlessRunner/Content/FXVarietyPack/Particles/P_ky_shotShockwave.uexp" 2214
"D:/UE4t/Tutorial1/myGames/EndlessRunner/Content/FXVarietyPack/Particles/P_ky_fireBall.uasset" 2215
"D:/UE4t/Tutorial1/myGames/EndlessRunner/Content/FXVarietyPack/Particles/P_ky_fireBall.uexp" 2216
"D:/UE4t/Tutorial1/myGames/EndlessRunner/Content/FXVarietyPack/Blueprints/BP_ky_fireBall.uasset" 2217
"D:/UE4t/Tutorial1/myGames/EndlessRunner/Content/FXVarietyPack/Blueprints/BP_ky_fireBall.uexp" 2218
"D:/UE4t/Tutorial1/myGames/EndlessRunner/Content/FXVarietyPack/Blueprints/BP_ky_waterBall.uasset" 2219
"D:/UE4t/Tutorial1/myGames/EndlessRunner/Content/FXVarietyPack/Blueprints/BP_ky_waterBall.uexp" 2220
"D:/UE4t/Tutorial1/myGames/EndlessRunner/Content/FXVarietyPack/Textures/T_ky_shockWave03_4x4.uasset" 2221
"D:/UE4t/Tutorial1/myGames/EndlessRunner/Content/FXVarietyPack/Textures/T_ky_shockWave03_4x4.uexp" 2222
"D:/UE4t/Tutorial1/myGames/EndlessRunner/Content/FXVarietyPack/Textures/T_ky_shockWave03_4x4.ubulk" 2223
"D:/UE4t/Tutorial1/myGames/EndlessRunner/Content/FXVarietyPack/Materials/M_ky_shockWave03_4x4.uasset" 2224
"D:/UE4t/Tutorial1/myGames/EndlessRunner/Content/FXVarietyPack/Materials/M_ky_shockWave03_4x4.uexp" 2225
"D:/UE4t/Tutorial1/myGames/EndlessRunner/Content/FXVarietyPack/Materials/MI_ky_shockWave03g_4x4.uasset" 2226
"D:/UE4t/Tutorial1/myGames/EndlessRunner/Content/FXVarietyPack/Materials/MI_ky_shockWave03g_4x4.uexp" 2227
"D:/UE4t/Tutorial1/myGames/EndlessRunner/Content/FXVarietyPack/Materials/M_ky_thunderForBeam.uasset" 2228
"D:/UE4t/Tutorial1/myGames/EndlessRunner/Content/FXVarietyPack/Materials/M_ky_thunderForBeam.uexp" 2229
"D:/UE4t/Tutorial1/myGames/EndlessRunner/Content/FXVarietyPack/Materials/MI_ky_storm01_thunder_nonD.uasset" 2230
"D:/UE4t/Tutorial1/myGames/EndlessRunner/Content/FXVarietyPack/Materials/MI_ky_storm01_thunder_nonD.uexp" 2231
"D:/UE4t/Tutorial1/myGames/EndlessRunner/Content/FXVarietyPack/Materials/MI_ky_storm01_thunder.uasset" 2232
"D:/UE4t/Tutorial1/myGames/EndlessRunner/Content/FXVarietyPack/Materials/MI_ky_storm01_thunder.uexp" 2233
"D:/UE4t/Tutorial1/myGames/EndlessRunner/Content/FXVarietyPack/Particles/P_ky_thunderStorm.uasset" 2234
"D:/UE4t/Tutorial1/myGames/EndlessRunner/Content/FXVarietyPack/Particles/P_ky_thunderStorm.uexp" 2235
"D:/UE4t/Tutorial1/myGames/EndlessRunner/Content/FXVarietyPack/Blueprints/BP_ky_thunderStorm.uasset" 2236
"D:/UE4t/Tutorial1/myGames/EndlessRunner/Content/FXVarietyPack/Blueprints/BP_ky_thunderStorm.uexp" 2237
"D:/UE4t/Tutorial1/myGames/EndlessRunner/Content/FXVarietyPack/Materials/MI_ky_smoke01b.uasset" 2238
"D:/UE4t/Tutorial1/myGames/EndlessRunner/Content/FXVarietyPack/Materials/MI_ky_smoke01b.uexp" 2239
"D:/UE4t/Tutorial1/myGames/EndlessRunner/Content/FXVarietyPack/Materials/MI_ky_smoke01.uasset" 2240
"D:/UE4t/Tutorial1/myGames/EndlessRunner/Content/FXVarietyPack/Materials/MI_ky_smoke01.uexp" 2241
"D:/UE4t/Tutorial1/myGames/EndlessRunner/Content/FXVarietyPack/Textures/T_ky_lightningDust01_4x4.uasset" 2242
"D:/UE4t/Tutorial1/myGames/EndlessRunner/Content/FXVarietyPack/Textures/T_ky_lightningDust01_4x4.uexp" 2243
"D:/UE4t/Tutorial1/myGames/EndlessRunner/Content/FXVarietyPack/Textures/T_ky_lightningDust01_4x4.ubulk" 2244
"D:/UE4t/Tutorial1/myGames/EndlessRunner/Content/FXVarietyPack/Textures/T_ky_bg_LC.uasset" 2245
"D:/UE4t/Tutorial1/myGames/EndlessRunner/Content/FXVarietyPack/Textures/T_ky_bg_LC.uexp" 2246
"D:/UE4t/Tutorial1/myGames/EndlessRunner/Content/FXVarietyPack/Materials/M_ky_subUV_dynRGB.uasset" 2247
"D:/UE4t/Tutorial1/myGames/EndlessRunner/Content/FXVarietyPack/Materials/M_ky_subUV_dynRGB.uexp" 2248
"D:/UE4t/Tutorial1/myGames/EndlessRunner/Content/FXVarietyPack/Materials/MI_ky_lightningDust01_4x4_nonD.uasset" 2249
"D:/UE4t/Tutorial1/myGames/EndlessRunner/Content/FXVarietyPack/Materials/MI_ky_lightningDust01_4x4_nonD.uexp" 2250
"D:/UE4t/Tutorial1/myGames/EndlessRunner/Content/FXVarietyPack/Textures/T_ky_lightning02_4x4.uasset" 2251
"D:/UE4t/Tutorial1/myGames/EndlessRunner/Content/FXVarietyPack/Textures/T_ky_lightning02_4x4.uexp" 2252
"D:/UE4t/Tutorial1/myGames/EndlessRunner/Content/FXVarietyPack/Textures/T_ky_lightning02_4x4.ubulk" 2253
"D:/UE4t/Tutorial1/myGames/EndlessRunner/Content/FXVarietyPack/Materials/MI_ky_lightning02_4x4.uasset" 2254
"D:/UE4t/Tutorial1/myGames/EndlessRunner/Content/FXVarietyPack/Materials/MI_ky_lightning02_4x4.uexp" 2255
"D:/UE4t/Tutorial1/myGames/EndlessRunner/Content/FXVarietyPack/Particles/P_ky_ThunderBallHit.uasset" 2256
"D:/UE4t/Tutorial1/myGames/EndlessRunner/Content/FXVarietyPack/Particles/P_ky_ThunderBallHit.uexp" 2257
"D:/UE4t/Tutorial1/myGames/EndlessRunner/Content/FXVarietyPack/Blueprints/BP_ky_ThunderBallHit.uasset" 2258
"D:/UE4t/Tutorial1/myGames/EndlessRunner/Content/FXVarietyPack/Blueprints/BP_ky_ThunderBallHit.uexp" 2259
"D:/UE4t/Tutorial1/myGames/EndlessRunner/Content/FXVarietyPack/Particles/P_ky_thunderBall.uasset" 2260
"D:/UE4t/Tutorial1/myGames/EndlessRunner/Content/FXVarietyPack/Particles/P_ky_thunderBall.uexp" 2261
"D:/UE4t/Tutorial1/myGames/EndlessRunner/Content/FXVarietyPack/Blueprints/BP_ky_thunderBall.uasset" 2262
"D:/UE4t/Tutorial1/myGames/EndlessRunner/Content/FXVarietyPack/Blueprints/BP_ky_thunderBall.uexp" 2263
"D:/UE4t/Tutorial1/myGames/EndlessRunner/Content/FXVarietyPack/Blueprints/BP_ky_shotSpawn.uasset" 2264
"D:/UE4t/Tutorial1/myGames/EndlessRunner/Content/FXVarietyPack/Blueprints/BP_ky_shotSpawn.uexp" 2265
"D:/UE4t/Tutorial1/myGames/EndlessRunner/Content/FXVarietyPack/Textures/T_ky_shockwave10_4x4.uasset" 2266
"D:/UE4t/Tutorial1/myGames/EndlessRunner/Content/FXVarietyPack/Textures/T_ky_shockwave10_4x4.uexp" 2267
"D:/UE4t/Tutorial1/myGames/EndlessRunner/Content/FXVarietyPack/Textures/T_ky_shockwave10_4x4.ubulk" 2268
"D:/UE4t/Tutorial1/myGames/EndlessRunner/Content/FXVarietyPack/Textures/T_ky_flareVertical02.uasset" 2269
"D:/UE4t/Tutorial1/myGames/EndlessRunner/Content/FXVarietyPack/Textures/T_ky_flareVertical02.uexp" 2270
"D:/UE4t/Tutorial1/myGames/EndlessRunner/Content/FXVarietyPack/Textures/T_ky_flareVertical02.ubulk" 2271
"D:/UE4t/Tutorial1/myGames/EndlessRunner/Content/FXVarietyPack/Materials/M_ky_flare01_primitive.uasset" 2272
"D:/UE4t/Tutorial1/myGames/EndlessRunner/Content/FXVarietyPack/Materials/M_ky_flare01_primitive.uexp" 2273
"D:/UE4t/Tutorial1/myGames/EndlessRunner/Content/FXVarietyPack/Materials/MI_ky_shockwave10R_4x4_nonD.uasset" 2274
"D:/UE4t/Tutorial1/myGames/EndlessRunner/Content/FXVarietyPack/Materials/MI_ky_shockwave10R_4x4_nonD.uexp" 2275
"D:/UE4t/Tutorial1/myGames/EndlessRunner/Content/FXVarietyPack/Textures/T_ky_shine01_4x4.uasset" 2276
"D:/UE4t/Tutorial1/myGames/EndlessRunner/Content/FXVarietyPack/Textures/T_ky_shine01_4x4.uexp" 2277
"D:/UE4t/Tutorial1/myGames/EndlessRunner/Content/FXVarietyPack/Textures/T_ky_shine01_4x4.ubulk" 2278
"D:/UE4t/Tutorial1/myGames/EndlessRunner/Content/FXVarietyPack/Materials/MI_ky_shine01R_nonD.uasset" 2279
"D:/UE4t/Tutorial1/myGames/EndlessRunner/Content/FXVarietyPack/Materials/MI_ky_shine01R_nonD.uexp" 2280
"D:/UE4t/Tutorial1/myGames/EndlessRunner/Content/FXVarietyPack/Materials/MI_ky_shine01B.uasset" 2281
"D:/UE4t/Tutorial1/myGames/EndlessRunner/Content/FXVarietyPack/Materials/MI_ky_shine01B.uexp" 2282
"D:/UE4t/Tutorial1/myGames/EndlessRunner/Content/FXVarietyPack/Textures/T_ky_flareVertical03_4x4.uasset" 2283
"D:/UE4t/Tutorial1/myGames/EndlessRunner/Content/FXVarietyPack/Textures/T_ky_flareVertical03_4x4.uexp" 2284
"D:/UE4t/Tutorial1/myGames/EndlessRunner/Content/FXVarietyPack/Textures/T_ky_flareVertical03_4x4.ubulk" 2285
"D:/UE4t/Tutorial1/myGames/EndlessRunner/Content/FXVarietyPack/Materials/M_ky_subUV03.uasset" 2286
"D:/UE4t/Tutorial1/myGames/EndlessRunner/Content/FXVarietyPack/Materials/M_ky_subUV03.uexp" 2287
"D:/UE4t/Tutorial1/myGames/EndlessRunner/Content/FXVarietyPack/Materials/MI_ky_flareVertical03b_4x4.uasset" 2288
"D:/UE4t/Tutorial1/myGames/EndlessRunner/Content/FXVarietyPack/Materials/MI_ky_flareVertical03b_4x4.uexp" 2289
"D:/UE4t/Tutorial1/myGames/EndlessRunner/Content/FXVarietyPack/Textures/T_ky_deco_rainbow.uasset" 2290
"D:/UE4t/Tutorial1/myGames/EndlessRunner/Content/FXVarietyPack/Textures/T_ky_deco_rainbow.uexp" 2291
"D:/UE4t/Tutorial1/myGames/EndlessRunner/Content/FXVarietyPack/Textures/T_ky_deco_rainbow.ubulk" 2292
"D:/UE4t/Tutorial1/myGames/EndlessRunner/Content/FXVarietyPack/Materials/M_ky_trail_primitive.uasset" 2293
"D:/UE4t/Tutorial1/myGames/EndlessRunner/Content/FXVarietyPack/Materials/M_ky_trail_primitive.uexp" 2294
"D:/UE4t/Tutorial1/myGames/EndlessRunner/Content/FXVarietyPack/Materials/M_ky_polar_primitive.uasset" 2295
"D:/UE4t/Tutorial1/myGames/EndlessRunner/Content/FXVarietyPack/Materials/M_ky_polar_primitive.uexp" 2296
"D:/UE4t/Tutorial1/myGames/EndlessRunner/Content/FXVarietyPack/Particles/P_ky_shootingStar1.uasset" 2297
"D:/UE4t/Tutorial1/myGames/EndlessRunner/Content/FXVarietyPack/Particles/P_ky_shootingStar1.uexp" 2298
"D:/UE4t/Tutorial1/myGames/EndlessRunner/Content/FXVarietyPack/Blueprints/BP_ky_shootingStar1.uasset" 2299
"D:/UE4t/Tutorial1/myGames/EndlessRunner/Content/FXVarietyPack/Blueprints/BP_ky_shootingStar1.uexp" 2300
"D:/UE4t/Tutorial1/myGames/EndlessRunner/Content/FXVarietyPack/Meshes/SM_ky_cylinderBend07.uasset" 2301
"D:/UE4t/Tutorial1/myGames/EndlessRunner/Content/FXVarietyPack/Meshes/SM_ky_cylinderBend07.uexp" 2302
"D:/UE4t/Tutorial1/myGames/EndlessRunner/Content/FXVarietyPack/Textures/T_ky_circleDust.uasset" 2303
"D:/UE4t/Tutorial1/myGames/EndlessRunner/Content/FXVarietyPack/Textures/T_ky_circleDust.uexp" 2304
"D:/UE4t/Tutorial1/myGames/EndlessRunner/Content/FXVarietyPack/Textures/T_ky_circleDust.ubulk" 2305
"D:/UE4t/Tutorial1/myGames/EndlessRunner/Content/FXVarietyPack/Materials/M_ky_base.uasset" 2306
"D:/UE4t/Tutorial1/myGames/EndlessRunner/Content/FXVarietyPack/Materials/M_ky_base.uexp" 2307
"D:/UE4t/Tutorial1/myGames/EndlessRunner/Content/FXVarietyPack/Materials/MI_ky_circleDust.uasset" 2308
"D:/UE4t/Tutorial1/myGames/EndlessRunner/Content/FXVarietyPack/Materials/MI_ky_circleDust.uexp" 2309
"D:/UE4t/Tutorial1/myGames/EndlessRunner/Content/FXVarietyPack/Textures/T_ky_chantDecoC.uasset" 2310
"D:/UE4t/Tutorial1/myGames/EndlessRunner/Content/FXVarietyPack/Textures/T_ky_chantDecoC.uexp" 2311
"D:/UE4t/Tutorial1/myGames/EndlessRunner/Content/FXVarietyPack/Textures/T_ky_chantDecoC.ubulk" 2312
"D:/UE4t/Tutorial1/myGames/EndlessRunner/Content/FXVarietyPack/Materials/M_ky_chantDecoA.uasset" 2313
"D:/UE4t/Tutorial1/myGames/EndlessRunner/Content/FXVarietyPack/Materials/M_ky_chantDecoA.uexp" 2314
"D:/UE4t/Tutorial1/myGames/EndlessRunner/Content/FXVarietyPack/Materials/MI_ky_chantDecoAc.uasset" 2315
"D:/UE4t/Tutorial1/myGames/EndlessRunner/Content/FXVarietyPack/Materials/MI_ky_chantDecoAc.uexp" 2316
"D:/UE4t/Tutorial1/myGames/EndlessRunner/Content/FXVarietyPack/Textures/T_ky_magicCircle020.uasset" 2317
"D:/UE4t/Tutorial1/myGames/EndlessRunner/Content/FXVarietyPack/Textures/T_ky_magicCircle020.uexp" 2318
"D:/UE4t/Tutorial1/myGames/EndlessRunner/Content/FXVarietyPack/Textures/T_ky_magicCircle020.ubulk" 2319
"D:/UE4t/Tutorial1/myGames/EndlessRunner/Content/FXVarietyPack/Materials/M_ky_magicCircle020.uasset" 2320
"D:/UE4t/Tutorial1/myGames/EndlessRunner/Content/FXVarietyPack/Materials/M_ky_magicCircle020.uexp" 2321
"D:/UE4t/Tutorial1/myGames/EndlessRunner/Content/FXVarietyPack/Textures/T_ky_noise.uasset" 2322
"D:/UE4t/Tutorial1/myGames/EndlessRunner/Content/FXVarietyPack/Textures/T_ky_noise.uexp" 2323
"D:/UE4t/Tutorial1/myGames/EndlessRunner/Content/FXVarietyPack/Textures/T_ky_noise.ubulk" 2324
"D:/UE4t/Tutorial1/myGames/EndlessRunner/Content/FXVarietyPack/Textures/T_ky_auraWallWhite_4x4.uasset" 2325
"D:/UE4t/Tutorial1/myGames/EndlessRunner/Content/FXVarietyPack/Textures/T_ky_auraWallWhite_4x4.uexp" 2326
"D:/UE4t/Tutorial1/myGames/EndlessRunner/Content/FXVarietyPack/Textures/T_ky_auraWallWhite_4x4.ubulk" 2327
"D:/UE4t/Tutorial1/myGames/EndlessRunner/Content/FXVarietyPack/Materials/M_ky_Fresnel.uasset" 2328
"D:/UE4t/Tutorial1/myGames/EndlessRunner/Content/FXVarietyPack/Materials/M_ky_Fresnel.uexp" 2329
"D:/UE4t/Tutorial1/myGames/EndlessRunner/Content/FXVarietyPack/Textures/T_ky_circle01_4x4.uasset" 2330
"D:/UE4t/Tutorial1/myGames/EndlessRunner/Content/FXVarietyPack/Textures/T_ky_circle01_4x4.uexp" 2331
"D:/UE4t/Tutorial1/myGames/EndlessRunner/Content/FXVarietyPack/Textures/T_ky_circle01_4x4.ubulk" 2332
"D:/UE4t/Tutorial1/myGames/EndlessRunner/Content/FXVarietyPack/Materials/M_ky_circle01_4x4G_nonD.uasset" 2333
"D:/UE4t/Tutorial1/myGames/EndlessRunner/Content/FXVarietyPack/Materials/M_ky_circle01_4x4G_nonD.uexp" 2334
"D:/UE4t/Tutorial1/myGames/EndlessRunner/Content/FXVarietyPack/Particles/P_ky_magicCircle1.uasset" 2335
"D:/UE4t/Tutorial1/myGames/EndlessRunner/Content/FXVarietyPack/Particles/P_ky_magicCircle1.uexp" 2336
"D:/UE4t/Tutorial1/myGames/EndlessRunner/Content/FXVarietyPack/Blueprints/BP_ky_magicCircle1.uasset" 2337
"D:/UE4t/Tutorial1/myGames/EndlessRunner/Content/FXVarietyPack/Blueprints/BP_ky_magicCircle1.uexp" 2338
"D:/UE4t/Tutorial1/myGames/EndlessRunner/Content/FXVarietyPack/Materials/MI_ky_primitive_dynB_nonD.uasset" 2339
"D:/UE4t/Tutorial1/myGames/EndlessRunner/Content/FXVarietyPack/Materials/MI_ky_primitive_dynB_nonD.uexp" 2340
"D:/UE4t/Tutorial1/myGames/EndlessRunner/Content/FXVarietyPack/Materials/MI_ky_dynDust2.uasset" 2341
"D:/UE4t/Tutorial1/myGames/EndlessRunner/Content/FXVarietyPack/Materials/MI_ky_dynDust2.uexp" 2342
"D:/UE4t/Tutorial1/myGames/EndlessRunner/Content/FXVarietyPack/Particles/P_ky_lightning3.uasset" 2343
"D:/UE4t/Tutorial1/myGames/EndlessRunner/Content/FXVarietyPack/Particles/P_ky_lightning3.uexp" 2344
"D:/UE4t/Tutorial1/myGames/EndlessRunner/Content/FXVarietyPack/Particles/P_ky_lightning1.uasset" 2345
"D:/UE4t/Tutorial1/myGames/EndlessRunner/Content/FXVarietyPack/Particles/P_ky_lightning1.uexp" 2346
"D:/UE4t/Tutorial1/myGames/EndlessRunner/Content/FXVarietyPack/Blueprints/BP_ky_lightning1.uasset" 2347
"D:/UE4t/Tutorial1/myGames/EndlessRunner/Content/FXVarietyPack/Blueprints/BP_ky_lightning1.uexp" 2348
"D:/UE4t/Tutorial1/myGames/EndlessRunner/Content/FXVarietyPack/Blueprints/BP_ky_lightning3.uasset" 2349
"D:/UE4t/Tutorial1/myGames/EndlessRunner/Content/FXVarietyPack/Blueprints/BP_ky_lightning3.uexp" 2350
"D:/UE4t/Tutorial1/myGames/EndlessRunner/Content/FXVarietyPack/Particles/P_ky_lightning2.uasset" 2351
"D:/UE4t/Tutorial1/myGames/EndlessRunner/Content/FXVarietyPack/Particles/P_ky_lightning2.uexp" 2352
"D:/UE4t/Tutorial1/myGames/EndlessRunner/Content/FXVarietyPack/Blueprints/BP_ky_lightning2.uasset" 2353
"D:/UE4t/Tutorial1/myGames/EndlessRunner/Content/FXVarietyPack/Blueprints/BP_ky_lightning2.uexp" 2354
"D:/UE4t/Tutorial1/myGames/EndlessRunner/Content/FXVarietyPack/Textures/T_ky_dust_longStar.uasset" 2355
"D:/UE4t/Tutorial1/myGames/EndlessRunner/Content/FXVarietyPack/Textures/T_ky_dust_longStar.uexp" 2356
"D:/UE4t/Tutorial1/myGames/EndlessRunner/Content/FXVarietyPack/Textures/T_ky_dust_longStar.ubulk" 2357
"../../../Engine/Content/Functions/Engine_MaterialFunctions03/Blends/Blend_Screen.uasset" 2358
"../../../Engine/Content/Functions/Engine_MaterialFunctions03/Blends/Blend_Screen.uexp" 2359
"../../../Engine/Content/Functions/Engine_MaterialFunctions01/Gradient/DiamondGradient.uasset" 2360
"../../../Engine/Content/Functions/Engine_MaterialFunctions01/Gradient/DiamondGradient.uexp" 2361
"D:/UE4t/Tutorial1/myGames/EndlessRunner/Content/FXVarietyPack/Materials/M_ky_starDust.uasset" 2362
"D:/UE4t/Tutorial1/myGames/EndlessRunner/Content/FXVarietyPack/Materials/M_ky_starDust.uexp" 2363
"D:/UE4t/Tutorial1/myGames/EndlessRunner/Content/FXVarietyPack/Materials/MI_ky_starDust_sq.uasset" 2364
"D:/UE4t/Tutorial1/myGames/EndlessRunner/Content/FXVarietyPack/Materials/MI_ky_starDust_sq.uexp" 2365
"D:/UE4t/Tutorial1/myGames/EndlessRunner/Content/FXVarietyPack/Materials/MI_ky_shine01R.uasset" 2366
"D:/UE4t/Tutorial1/myGames/EndlessRunner/Content/FXVarietyPack/Materials/MI_ky_shine01R.uexp" 2367
"D:/UE4t/Tutorial1/myGames/EndlessRunner/Content/FXVarietyPack/Materials/M_ky_laser01.uasset" 2368
"D:/UE4t/Tutorial1/myGames/EndlessRunner/Content/FXVarietyPack/Materials/M_ky_laser01.uexp" 2369
"D:/UE4t/Tutorial1/myGames/EndlessRunner/Content/FXVarietyPack/Particles/P_ky_laser01.uasset" 2370
"D:/UE4t/Tutorial1/myGames/EndlessRunner/Content/FXVarietyPack/Particles/P_ky_laser01.uexp" 2371
"D:/UE4t/Tutorial1/myGames/EndlessRunner/Content/FXVarietyPack/Blueprints/BP_ky_laser01.uasset" 2372
"D:/UE4t/Tutorial1/myGames/EndlessRunner/Content/FXVarietyPack/Blueprints/BP_ky_laser01.uexp" 2373
"D:/UE4t/Tutorial1/myGames/EndlessRunner/Content/FXVarietyPack/Textures/T_ky_flare25_4x4.uasset" 2374
"D:/UE4t/Tutorial1/myGames/EndlessRunner/Content/FXVarietyPack/Textures/T_ky_flare25_4x4.uexp" 2375
"D:/UE4t/Tutorial1/myGames/EndlessRunner/Content/FXVarietyPack/Textures/T_ky_flare25_4x4.ubulk" 2376
"D:/UE4t/Tutorial1/myGames/EndlessRunner/Content/FXVarietyPack/Materials/MI_ky_flare25_4x4.uasset" 2377
"D:/UE4t/Tutorial1/myGames/EndlessRunner/Content/FXVarietyPack/Materials/MI_ky_flare25_4x4.uexp" 2378
"D:/UE4t/Tutorial1/myGames/EndlessRunner/Content/FXVarietyPack/Particles/P_ky_hit1.uasset" 2379
"D:/UE4t/Tutorial1/myGames/EndlessRunner/Content/FXVarietyPack/Particles/P_ky_hit1.uexp" 2380
"D:/UE4t/Tutorial1/myGames/EndlessRunner/Content/FXVarietyPack/Blueprints/BP_ky_hit1.uasset" 2381
"D:/UE4t/Tutorial1/myGames/EndlessRunner/Content/FXVarietyPack/Blueprints/BP_ky_hit1.uexp" 2382
"D:/UE4t/Tutorial1/myGames/EndlessRunner/Content/FXVarietyPack/Meshes/SM_ky_cylinder_superLow.uasset" 2383
"D:/UE4t/Tutorial1/myGames/EndlessRunner/Content/FXVarietyPack/Meshes/SM_ky_cylinder_superLow.uexp" 2384
"D:/UE4t/Tutorial1/myGames/EndlessRunner/Content/FXVarietyPack/Meshes/SM_ky_cylinder_lowPoly_dist.uasset" 2385
"D:/UE4t/Tutorial1/myGames/EndlessRunner/Content/FXVarietyPack/Meshes/SM_ky_cylinder_lowPoly_dist.uexp" 2386
"D:/UE4t/Tutorial1/myGames/EndlessRunner/Content/FXVarietyPack/Meshes/SM_ky_auraWall_distB_kai.uasset" 2387
"D:/UE4t/Tutorial1/myGames/EndlessRunner/Content/FXVarietyPack/Meshes/SM_ky_auraWall_distB_kai.uexp" 2388
"D:/UE4t/Tutorial1/myGames/EndlessRunner/Content/FXVarietyPack/Materials/MI_ky_starDust_dis.uasset" 2389
"D:/UE4t/Tutorial1/myGames/EndlessRunner/Content/FXVarietyPack/Materials/MI_ky_starDust_dis.uexp" 2390
"D:/UE4t/Tutorial1/myGames/EndlessRunner/Content/FXVarietyPack/Textures/T_ky_circle9_4x4.uasset" 2391
"D:/UE4t/Tutorial1/myGames/EndlessRunner/Content/FXVarietyPack/Textures/T_ky_circle9_4x4.uexp" 2392
"D:/UE4t/Tutorial1/myGames/EndlessRunner/Content/FXVarietyPack/Textures/T_ky_circle9_4x4.ubulk" 2393
"D:/UE4t/Tutorial1/myGames/EndlessRunner/Content/FXVarietyPack/Textures/T_ky_maskCircle.uasset" 2394
"D:/UE4t/Tutorial1/myGames/EndlessRunner/Content/FXVarietyPack/Textures/T_ky_maskCircle.uexp" 2395
"D:/UE4t/Tutorial1/myGames/EndlessRunner/Content/FXVarietyPack/Textures/T_ky_maskCircle.ubulk" 2396
"D:/UE4t/Tutorial1/myGames/EndlessRunner/Content/FXVarietyPack/Materials/M_ky_base_anime.uasset" 2397
"D:/UE4t/Tutorial1/myGames/EndlessRunner/Content/FXVarietyPack/Materials/M_ky_base_anime.uexp" 2398
"D:/UE4t/Tutorial1/myGames/EndlessRunner/Content/FXVarietyPack/Materials/MI_ky_circle9_4x4c2.uasset" 2399
"D:/UE4t/Tutorial1/myGames/EndlessRunner/Content/FXVarietyPack/Materials/MI_ky_circle9_4x4c2.uexp" 2400
"D:/UE4t/Tutorial1/myGames/EndlessRunner/Content/FXVarietyPack/Textures/T_ky_smoke03.uasset" 2401
"D:/UE4t/Tutorial1/myGames/EndlessRunner/Content/FXVarietyPack/Textures/T_ky_smoke03.uexp" 2402
"D:/UE4t/Tutorial1/myGames/EndlessRunner/Content/FXVarietyPack/Textures/T_ky_noise13_sml_nor.uasset" 2403
"D:/UE4t/Tutorial1/myGames/EndlessRunner/Content/FXVarietyPack/Textures/T_ky_noise13_sml_nor.uexp" 2404
"D:/UE4t/Tutorial1/myGames/EndlessRunner/Content/FXVarietyPack/Textures/T_ky_noise13_sml_nor.ubulk" 2405
"D:/UE4t/Tutorial1/myGames/EndlessRunner/Content/FXVarietyPack/Materials/M_ky_auraWall02.uasset" 2406
"D:/UE4t/Tutorial1/myGames/EndlessRunner/Content/FXVarietyPack/Materials/M_ky_auraWall02.uexp" 2407
"D:/UE4t/Tutorial1/myGames/EndlessRunner/Content/FXVarietyPack/Materials/MI_ky_auraWall02_two.uasset" 2408
"D:/UE4t/Tutorial1/myGames/EndlessRunner/Content/FXVarietyPack/Materials/MI_ky_auraWall02_two.uexp" 2409
"D:/UE4t/Tutorial1/myGames/EndlessRunner/Content/FXVarietyPack/Textures/T_ky_aura011_4x4.uasset" 2410
"D:/UE4t/Tutorial1/myGames/EndlessRunner/Content/FXVarietyPack/Textures/T_ky_aura011_4x4.uexp" 2411
"D:/UE4t/Tutorial1/myGames/EndlessRunner/Content/FXVarietyPack/Textures/T_ky_aura011_4x4.ubulk" 2412
"D:/UE4t/Tutorial1/myGames/EndlessRunner/Content/FXVarietyPack/Materials/MI_ky_aura011_4x4_nonD.uasset" 2413
"D:/UE4t/Tutorial1/myGames/EndlessRunner/Content/FXVarietyPack/Materials/MI_ky_aura011_4x4_nonD.uexp" 2414
"D:/UE4t/Tutorial1/myGames/EndlessRunner/Content/FXVarietyPack/Materials/MI_ky_aura011_4x4.uasset" 2415
"D:/UE4t/Tutorial1/myGames/EndlessRunner/Content/FXVarietyPack/Materials/MI_ky_aura011_4x4.uexp" 2416
"D:/UE4t/Tutorial1/myGames/EndlessRunner/Content/FXVarietyPack/Textures/T_ky_dust01_4x4.uasset" 2417
"D:/UE4t/Tutorial1/myGames/EndlessRunner/Content/FXVarietyPack/Textures/T_ky_dust01_4x4.uexp" 2418
"D:/UE4t/Tutorial1/myGames/EndlessRunner/Content/FXVarietyPack/Textures/T_ky_dust01_4x4.ubulk" 2419
"D:/UE4t/Tutorial1/myGames/EndlessRunner/Content/FXVarietyPack/Materials/Mfunction/MF_ky_UVcontrol_4x4.uasset" 2420
"D:/UE4t/Tutorial1/myGames/EndlessRunner/Content/FXVarietyPack/Materials/Mfunction/MF_ky_UVcontrol_4x4.uexp" 2421
"D:/UE4t/Tutorial1/myGames/EndlessRunner/Content/FXVarietyPack/Materials/M_ky_dust01_4x4.uasset" 2422
"D:/UE4t/Tutorial1/myGames/EndlessRunner/Content/FXVarietyPack/Materials/M_ky_dust01_4x4.uexp" 2423
"D:/UE4t/Tutorial1/myGames/EndlessRunner/Content/FXVarietyPack/Particles/P_ky_healAura.uasset" 2424
"D:/UE4t/Tutorial1/myGames/EndlessRunner/Content/FXVarietyPack/Particles/P_ky_healAura.uexp" 2425
"D:/UE4t/Tutorial1/myGames/EndlessRunner/Content/FXVarietyPack/Blueprints/BP_ky_healAura.uasset" 2426
"D:/UE4t/Tutorial1/myGames/EndlessRunner/Content/FXVarietyPack/Blueprints/BP_ky_healAura.uexp" 2427
"D:/UE4t/Tutorial1/myGames/EndlessRunner/Content/FXVarietyPack/Materials/MI_ky_stormDeco01_fire.uasset" 2428
"D:/UE4t/Tutorial1/myGames/EndlessRunner/Content/FXVarietyPack/Materials/MI_ky_stormDeco01_fire.uexp" 2429
"D:/UE4t/Tutorial1/myGames/EndlessRunner/Content/FXVarietyPack/Materials/MI_ky_storm01_fire_nonD1.uasset" 2430
"D:/UE4t/Tutorial1/myGames/EndlessRunner/Content/FXVarietyPack/Materials/MI_ky_storm01_fire_nonD1.uexp" 2431
"D:/UE4t/Tutorial1/myGames/EndlessRunner/Content/FXVarietyPack/Materials/MI_ky_storm01_fire.uasset" 2432
"D:/UE4t/Tutorial1/myGames/EndlessRunner/Content/FXVarietyPack/Materials/MI_ky_storm01_fire.uexp" 2433
"D:/UE4t/Tutorial1/myGames/EndlessRunner/Content/FXVarietyPack/Particles/P_ky_fireStorm.uasset" 2434
"D:/UE4t/Tutorial1/myGames/EndlessRunner/Content/FXVarietyPack/Particles/P_ky_fireStorm.uexp" 2435
"D:/UE4t/Tutorial1/myGames/EndlessRunner/Content/FXVarietyPack/Blueprints/BP_ky_fireStorm.uasset" 2436
"D:/UE4t/Tutorial1/myGames/EndlessRunner/Content/FXVarietyPack/Blueprints/BP_ky_fireStorm.uexp" 2437
"D:/UE4t/Tutorial1/myGames/EndlessRunner/Content/FXVarietyPack/Map/Overview.uexp" 2438
"D:/UE4t/Tutorial1/myGames/EndlessRunner/Content/FXVarietyPack/Map/Overview.umap" 2439
"D:/UE4t/Tutorial1/myGames/EndlessRunner/Content/IndustryPropsPack6/Textures/T_WaterTank01_SRM.uasset" 2440
"D:/UE4t/Tutorial1/myGames/EndlessRunner/Content/IndustryPropsPack6/Textures/T_WaterTank01_SRM.uexp" 2441
"D:/UE4t/Tutorial1/myGames/EndlessRunner/Content/IndustryPropsPack6/Textures/T_WaterTank01_SRM.ubulk" 2442
"D:/UE4t/Tutorial1/myGames/EndlessRunner/Content/IndustryPropsPack6/Textures/T_WaterTank01_N.uasset" 2443
"D:/UE4t/Tutorial1/myGames/EndlessRunner/Content/IndustryPropsPack6/Textures/T_WaterTank01_N.uexp" 2444
"D:/UE4t/Tutorial1/myGames/EndlessRunner/Content/IndustryPropsPack6/Textures/T_WaterTank01_N.ubulk" 2445
"D:/UE4t/Tutorial1/myGames/EndlessRunner/Content/IndustryPropsPack6/Textures/T_WaterTank01_D.uasset" 2446
"D:/UE4t/Tutorial1/myGames/EndlessRunner/Content/IndustryPropsPack6/Textures/T_WaterTank01_D.uexp" 2447
"D:/UE4t/Tutorial1/myGames/EndlessRunner/Content/IndustryPropsPack6/Textures/T_WaterTank01_D.ubulk" 2448
"D:/UE4t/Tutorial1/myGames/EndlessRunner/Content/IndustryPropsPack6/Materials/MI_WaterTank01.uasset" 2449
"D:/UE4t/Tutorial1/myGames/EndlessRunner/Content/IndustryPropsPack6/Materials/MI_WaterTank01.uexp" 2450
"D:/UE4t/Tutorial1/myGames/EndlessRunner/Content/IndustryPropsPack6/Meshes/SM_WaterTank01.uasset" 2451
"D:/UE4t/Tutorial1/myGames/EndlessRunner/Content/IndustryPropsPack6/Meshes/SM_WaterTank01.uexp" 2452
"D:/UE4t/Tutorial1/myGames/EndlessRunner/Content/IndustryPropsPack6/Textures/T_TrafficBarrel01_SRM.uasset" 2453
"D:/UE4t/Tutorial1/myGames/EndlessRunner/Content/IndustryPropsPack6/Textures/T_TrafficBarrel01_SRM.uexp" 2454
"D:/UE4t/Tutorial1/myGames/EndlessRunner/Content/IndustryPropsPack6/Textures/T_TrafficBarrel01_SRM.ubulk" 2455
"D:/UE4t/Tutorial1/myGames/EndlessRunner/Content/IndustryPropsPack6/Textures/T_TrafficBarrel01_N.uasset" 2456
"D:/UE4t/Tutorial1/myGames/EndlessRunner/Content/IndustryPropsPack6/Textures/T_TrafficBarrel01_N.uexp" 2457
"D:/UE4t/Tutorial1/myGames/EndlessRunner/Content/IndustryPropsPack6/Textures/T_TrafficBarrel01_N.ubulk" 2458
"D:/UE4t/Tutorial1/myGames/EndlessRunner/Content/IndustryPropsPack6/Textures/T_TrafficBarrel01_D.uasset" 2459
"D:/UE4t/Tutorial1/myGames/EndlessRunner/Content/IndustryPropsPack6/Textures/T_TrafficBarrel01_D.uexp" 2460
"D:/UE4t/Tutorial1/myGames/EndlessRunner/Content/IndustryPropsPack6/Textures/T_TrafficBarrel01_D.ubulk" 2461
"D:/UE4t/Tutorial1/myGames/EndlessRunner/Content/IndustryPropsPack6/Materials/MI_TrafficBarrel01_1.uasset" 2462
"D:/UE4t/Tutorial1/myGames/EndlessRunner/Content/IndustryPropsPack6/Materials/MI_TrafficBarrel01_1.uexp" 2463
"D:/UE4t/Tutorial1/myGames/EndlessRunner/Content/IndustryPropsPack6/Meshes/SM_TrafficBarrel01.uasset" 2464
"D:/UE4t/Tutorial1/myGames/EndlessRunner/Content/IndustryPropsPack6/Meshes/SM_TrafficBarrel01.uexp" 2465
"D:/UE4t/Tutorial1/myGames/EndlessRunner/Content/IndustryPropsPack6/Textures/T_Tarp01_SRM.uasset" 2466
"D:/UE4t/Tutorial1/myGames/EndlessRunner/Content/IndustryPropsPack6/Textures/T_Tarp01_SRM.uexp" 2467
"D:/UE4t/Tutorial1/myGames/EndlessRunner/Content/IndustryPropsPack6/Textures/T_Tarp01_SRM.ubulk" 2468
"D:/UE4t/Tutorial1/myGames/EndlessRunner/Content/IndustryPropsPack6/Textures/T_Tarp01_N.uasset" 2469
"D:/UE4t/Tutorial1/myGames/EndlessRunner/Content/IndustryPropsPack6/Textures/T_Tarp01_N.uexp" 2470
"D:/UE4t/Tutorial1/myGames/EndlessRunner/Content/IndustryPropsPack6/Textures/T_Tarp01_N.ubulk" 2471
"D:/UE4t/Tutorial1/myGames/EndlessRunner/Content/IndustryPropsPack6/Textures/T_Tarp01_D.uasset" 2472
"D:/UE4t/Tutorial1/myGames/EndlessRunner/Content/IndustryPropsPack6/Textures/T_Tarp01_D.uexp" 2473
"D:/UE4t/Tutorial1/myGames/EndlessRunner/Content/IndustryPropsPack6/Textures/T_Tarp01_D.ubulk" 2474
"D:/UE4t/Tutorial1/myGames/EndlessRunner/Content/IndustryPropsPack6/Materials/MI_Tarp01_1.uasset" 2475
"D:/UE4t/Tutorial1/myGames/EndlessRunner/Content/IndustryPropsPack6/Materials/MI_Tarp01_1.uexp" 2476
"D:/UE4t/Tutorial1/myGames/EndlessRunner/Content/IndustryPropsPack6/Meshes/SM_Tarp02.uasset" 2477
"D:/UE4t/Tutorial1/myGames/EndlessRunner/Content/IndustryPropsPack6/Meshes/SM_Tarp02.uexp" 2478
"D:/UE4t/Tutorial1/myGames/EndlessRunner/Content/IndustryPropsPack6/Meshes/SM_Tarp01.uasset" 2479
"D:/UE4t/Tutorial1/myGames/EndlessRunner/Content/IndustryPropsPack6/Meshes/SM_Tarp01.uexp" 2480
"D:/UE4t/Tutorial1/myGames/EndlessRunner/Content/IndustryPropsPack6/Textures/T_Rack_SRM.uasset" 2481
"D:/UE4t/Tutorial1/myGames/EndlessRunner/Content/IndustryPropsPack6/Textures/T_Rack_SRM.uexp" 2482
"D:/UE4t/Tutorial1/myGames/EndlessRunner/Content/IndustryPropsPack6/Textures/T_Rack_SRM.ubulk" 2483
"D:/UE4t/Tutorial1/myGames/EndlessRunner/Content/IndustryPropsPack6/Textures/T_Rack_N.uasset" 2484
"D:/UE4t/Tutorial1/myGames/EndlessRunner/Content/IndustryPropsPack6/Textures/T_Rack_N.uexp" 2485
"D:/UE4t/Tutorial1/myGames/EndlessRunner/Content/IndustryPropsPack6/Textures/T_Rack_N.ubulk" 2486
"D:/UE4t/Tutorial1/myGames/EndlessRunner/Content/IndustryPropsPack6/Textures/T_Rack_D.uasset" 2487
"D:/UE4t/Tutorial1/myGames/EndlessRunner/Content/IndustryPropsPack6/Textures/T_Rack_D.uexp" 2488
"D:/UE4t/Tutorial1/myGames/EndlessRunner/Content/IndustryPropsPack6/Textures/T_Rack_D.ubulk" 2489
"D:/UE4t/Tutorial1/myGames/EndlessRunner/Content/IndustryPropsPack6/Materials/MI_Rack01_1.uasset" 2490
"D:/UE4t/Tutorial1/myGames/EndlessRunner/Content/IndustryPropsPack6/Materials/MI_Rack01_1.uexp" 2491
"D:/UE4t/Tutorial1/myGames/EndlessRunner/Content/IndustryPropsPack6/Meshes/SM_Rack02.uasset" 2492
"D:/UE4t/Tutorial1/myGames/EndlessRunner/Content/IndustryPropsPack6/Meshes/SM_Rack02.uexp" 2493
"D:/UE4t/Tutorial1/myGames/EndlessRunner/Content/IndustryPropsPack6/Meshes/SM_Rack01.uasset" 2494
"D:/UE4t/Tutorial1/myGames/EndlessRunner/Content/IndustryPropsPack6/Meshes/SM_Rack01.uexp" 2495
"D:/UE4t/Tutorial1/myGames/EndlessRunner/Content/IndustryPropsPack6/Textures/T_Box01_SRM.uasset" 2496
"D:/UE4t/Tutorial1/myGames/EndlessRunner/Content/IndustryPropsPack6/Textures/T_Box01_SRM.uexp" 2497
"D:/UE4t/Tutorial1/myGames/EndlessRunner/Content/IndustryPropsPack6/Textures/T_Box01_SRM.ubulk" 2498
"D:/UE4t/Tutorial1/myGames/EndlessRunner/Content/IndustryPropsPack6/Textures/T_Box01_N.uasset" 2499
"D:/UE4t/Tutorial1/myGames/EndlessRunner/Content/IndustryPropsPack6/Textures/T_Box01_N.uexp" 2500
"D:/UE4t/Tutorial1/myGames/EndlessRunner/Content/IndustryPropsPack6/Textures/T_Box01_N.ubulk" 2501
"D:/UE4t/Tutorial1/myGames/EndlessRunner/Content/IndustryPropsPack6/Textures/T_Box01_D.uasset" 2502
"D:/UE4t/Tutorial1/myGames/EndlessRunner/Content/IndustryPropsPack6/Textures/T_Box01_D.uexp" 2503
"D:/UE4t/Tutorial1/myGames/EndlessRunner/Content/IndustryPropsPack6/Textures/T_Box01_D.ubulk" 2504
"D:/UE4t/Tutorial1/myGames/EndlessRunner/Content/IndustryPropsPack6/Materials/MI_Box01_2.uasset" 2505
"D:/UE4t/Tutorial1/myGames/EndlessRunner/Content/IndustryPropsPack6/Materials/MI_Box01_2.uexp" 2506
"D:/UE4t/Tutorial1/myGames/EndlessRunner/Content/IndustryPropsPack6/Meshes/SM_Pallet01.uasset" 2507
"D:/UE4t/Tutorial1/myGames/EndlessRunner/Content/IndustryPropsPack6/Meshes/SM_Pallet01.uexp" 2508
"D:/UE4t/Tutorial1/myGames/EndlessRunner/Content/IndustryPropsPack6/Materials/MI_Newspaper01_1.uasset" 2509
"D:/UE4t/Tutorial1/myGames/EndlessRunner/Content/IndustryPropsPack6/Materials/MI_Newspaper01_1.uexp" 2510
"D:/UE4t/Tutorial1/myGames/EndlessRunner/Content/IndustryPropsPack6/Meshes/SM_Newspaper03.uasset" 2511
"D:/UE4t/Tutorial1/myGames/EndlessRunner/Content/IndustryPropsPack6/Meshes/SM_Newspaper03.uexp" 2512
"D:/UE4t/Tutorial1/myGames/EndlessRunner/Content/IndustryPropsPack6/Meshes/SM_Newspaper02.uasset" 2513
"D:/UE4t/Tutorial1/myGames/EndlessRunner/Content/IndustryPropsPack6/Meshes/SM_Newspaper02.uexp" 2514
"D:/UE4t/Tutorial1/myGames/EndlessRunner/Content/IndustryPropsPack6/Meshes/SM_Newspaper01.uasset" 2515
"D:/UE4t/Tutorial1/myGames/EndlessRunner/Content/IndustryPropsPack6/Meshes/SM_Newspaper01.uexp" 2516
"D:/UE4t/Tutorial1/myGames/EndlessRunner/Content/IndustryPropsPack6/Textures/T_Hose_SRM.uasset" 2517
"D:/UE4t/Tutorial1/myGames/EndlessRunner/Content/IndustryPropsPack6/Textures/T_Hose_SRM.uexp" 2518
"D:/UE4t/Tutorial1/myGames/EndlessRunner/Content/IndustryPropsPack6/Textures/T_Hose_SRM.ubulk" 2519
"D:/UE4t/Tutorial1/myGames/EndlessRunner/Content/IndustryPropsPack6/Textures/T_Hose_N.uasset" 2520
"D:/UE4t/Tutorial1/myGames/EndlessRunner/Content/IndustryPropsPack6/Textures/T_Hose_N.uexp" 2521
"D:/UE4t/Tutorial1/myGames/EndlessRunner/Content/IndustryPropsPack6/Textures/T_Hose_N.ubulk" 2522
"D:/UE4t/Tutorial1/myGames/EndlessRunner/Content/IndustryPropsPack6/Textures/T_Hose_D.uasset" 2523
"D:/UE4t/Tutorial1/myGames/EndlessRunner/Content/IndustryPropsPack6/Textures/T_Hose_D.uexp" 2524
"D:/UE4t/Tutorial1/myGames/EndlessRunner/Content/IndustryPropsPack6/Textures/T_Hose_D.ubulk" 2525
"D:/UE4t/Tutorial1/myGames/EndlessRunner/Content/IndustryPropsPack6/Materials/MI_Hose01_1.uasset" 2526
"D:/UE4t/Tutorial1/myGames/EndlessRunner/Content/IndustryPropsPack6/Materials/MI_Hose01_1.uexp" 2527
"D:/UE4t/Tutorial1/myGames/EndlessRunner/Content/IndustryPropsPack6/Meshes/SM_Hose01.uasset" 2528
"D:/UE4t/Tutorial1/myGames/EndlessRunner/Content/IndustryPropsPack6/Meshes/SM_Hose01.uexp" 2529
"D:/UE4t/Tutorial1/myGames/EndlessRunner/Content/IndustryPropsPack6/Textures/T_Cartonbox01_SRM.uasset" 2530
"D:/UE4t/Tutorial1/myGames/EndlessRunner/Content/IndustryPropsPack6/Textures/T_Cartonbox01_SRM.uexp" 2531
"D:/UE4t/Tutorial1/myGames/EndlessRunner/Content/IndustryPropsPack6/Textures/T_Cartonbox01_SRM.ubulk" 2532
"D:/UE4t/Tutorial1/myGames/EndlessRunner/Content/IndustryPropsPack6/Textures/T_Cartonbox01_N.uasset" 2533
"D:/UE4t/Tutorial1/myGames/EndlessRunner/Content/IndustryPropsPack6/Textures/T_Cartonbox01_N.uexp" 2534
"D:/UE4t/Tutorial1/myGames/EndlessRunner/Content/IndustryPropsPack6/Textures/T_Cartonbox01_N.ubulk" 2535
"D:/UE4t/Tutorial1/myGames/EndlessRunner/Content/IndustryPropsPack6/Textures/T_Cartonbox01_D.uasset" 2536
"D:/UE4t/Tutorial1/myGames/EndlessRunner/Content/IndustryPropsPack6/Textures/T_Cartonbox01_D.uexp" 2537
"D:/UE4t/Tutorial1/myGames/EndlessRunner/Content/IndustryPropsPack6/Textures/T_Cartonbox01_D.ubulk" 2538
"D:/UE4t/Tutorial1/myGames/EndlessRunner/Content/IndustryPropsPack6/Materials/MI_Cartonbox01_1.uasset" 2539
"D:/UE4t/Tutorial1/myGames/EndlessRunner/Content/IndustryPropsPack6/Materials/MI_Cartonbox01_1.uexp" 2540
"D:/UE4t/Tutorial1/myGames/EndlessRunner/Content/IndustryPropsPack6/Meshes/SM_CartonGarbage09.uasset" 2541
"D:/UE4t/Tutorial1/myGames/EndlessRunner/Content/IndustryPropsPack6/Meshes/SM_CartonGarbage09.uexp" 2542
"D:/UE4t/Tutorial1/myGames/EndlessRunner/Content/IndustryPropsPack6/Meshes/SM_CartonGarbage07.uasset" 2543
"D:/UE4t/Tutorial1/myGames/EndlessRunner/Content/IndustryPropsPack6/Meshes/SM_CartonGarbage07.uexp" 2544
"D:/UE4t/Tutorial1/myGames/EndlessRunner/Content/IndustryPropsPack6/Meshes/SM_CartonGarbage06.uasset" 2545
"D:/UE4t/Tutorial1/myGames/EndlessRunner/Content/IndustryPropsPack6/Meshes/SM_CartonGarbage06.uexp" 2546
"D:/UE4t/Tutorial1/myGames/EndlessRunner/Content/IndustryPropsPack6/Meshes/SM_CartonGarbage05.uasset" 2547
"D:/UE4t/Tutorial1/myGames/EndlessRunner/Content/IndustryPropsPack6/Meshes/SM_CartonGarbage05.uexp" 2548
"D:/UE4t/Tutorial1/myGames/EndlessRunner/Content/IndustryPropsPack6/Meshes/SM_CartonGarbage04.uasset" 2549
"D:/UE4t/Tutorial1/myGames/EndlessRunner/Content/IndustryPropsPack6/Meshes/SM_CartonGarbage04.uexp" 2550
"D:/UE4t/Tutorial1/myGames/EndlessRunner/Content/IndustryPropsPack6/Meshes/SM_CartonGarbage03.uasset" 2551
"D:/UE4t/Tutorial1/myGames/EndlessRunner/Content/IndustryPropsPack6/Meshes/SM_CartonGarbage03.uexp" 2552
"D:/UE4t/Tutorial1/myGames/EndlessRunner/Content/IndustryPropsPack6/Meshes/SM_CartonGarbage02.uasset" 2553
"D:/UE4t/Tutorial1/myGames/EndlessRunner/Content/IndustryPropsPack6/Meshes/SM_CartonGarbage02.uexp" 2554
"D:/UE4t/Tutorial1/myGames/EndlessRunner/Content/IndustryPropsPack6/Meshes/SM_CartonGarbage01.uasset" 2555
"D:/UE4t/Tutorial1/myGames/EndlessRunner/Content/IndustryPropsPack6/Meshes/SM_CartonGarbage01.uexp" 2556
"D:/UE4t/Tutorial1/myGames/EndlessRunner/Content/IndustryPropsPack6/Meshes/SM_CartonBox03.uasset" 2557
"D:/UE4t/Tutorial1/myGames/EndlessRunner/Content/IndustryPropsPack6/Meshes/SM_CartonBox03.uexp" 2558
"D:/UE4t/Tutorial1/myGames/EndlessRunner/Content/IndustryPropsPack6/Meshes/SM_CartonBox02.uasset" 2559
"D:/UE4t/Tutorial1/myGames/EndlessRunner/Content/IndustryPropsPack6/Meshes/SM_CartonBox02.uexp" 2560
"D:/UE4t/Tutorial1/myGames/EndlessRunner/Content/IndustryPropsPack6/Meshes/SM_CartonBox01.uasset" 2561
"D:/UE4t/Tutorial1/myGames/EndlessRunner/Content/IndustryPropsPack6/Meshes/SM_CartonBox01.uexp" 2562
"D:/UE4t/Tutorial1/myGames/EndlessRunner/Content/IndustryPropsPack6/Meshes/SM_Box03.uasset" 2563
"D:/UE4t/Tutorial1/myGames/EndlessRunner/Content/IndustryPropsPack6/Meshes/SM_Box03.uexp" 2564
"D:/UE4t/Tutorial1/myGames/EndlessRunner/Content/IndustryPropsPack6/Meshes/SM_Box02.uasset" 2565
"D:/UE4t/Tutorial1/myGames/EndlessRunner/Content/IndustryPropsPack6/Meshes/SM_Box02.uexp" 2566
"D:/UE4t/Tutorial1/myGames/EndlessRunner/Content/IndustryPropsPack6/Meshes/SM_Box01.uasset" 2567
"D:/UE4t/Tutorial1/myGames/EndlessRunner/Content/IndustryPropsPack6/Meshes/SM_Box01.uexp" 2568
"D:/UE4t/Tutorial1/myGames/EndlessRunner/Content/IndustryPropsPack6/Meshes/SM_Barrel04.uasset" 2569
"D:/UE4t/Tutorial1/myGames/EndlessRunner/Content/IndustryPropsPack6/Meshes/SM_Barrel04.uexp" 2570
"D:/UE4t/Tutorial1/myGames/EndlessRunner/Content/IndustryPropsPack6/Meshes/SM_Barrel03.uasset" 2571
"D:/UE4t/Tutorial1/myGames/EndlessRunner/Content/IndustryPropsPack6/Meshes/SM_Barrel03.uexp" 2572
"D:/UE4t/Tutorial1/myGames/EndlessRunner/Content/IndustryPropsPack6/Meshes/SM_Barrel02.uasset" 2573
"D:/UE4t/Tutorial1/myGames/EndlessRunner/Content/IndustryPropsPack6/Meshes/SM_Barrel02.uexp" 2574
"../../../Engine/Content/MapTemplates/SM_Template_Map_Floor.uasset" 2575
"../../../Engine/Content/MapTemplates/SM_Template_Map_Floor.uexp" 2576
"D:/UE4t/Tutorial1/myGames/EndlessRunner/Content/IndustryPropsPack6/Meshes/SM_CartonGarbage08.uasset" 2577
"D:/UE4t/Tutorial1/myGames/EndlessRunner/Content/IndustryPropsPack6/Meshes/SM_CartonGarbage08.uexp" 2578
"D:/UE4t/Tutorial1/myGames/EndlessRunner/Content/IndustryPropsPack6/Materials/MI_Gray.uasset" 2579
"D:/UE4t/Tutorial1/myGames/EndlessRunner/Content/IndustryPropsPack6/Materials/MI_Gray.uexp" 2580
"D:/UE4t/Tutorial1/myGames/EndlessRunner/Content/IndustryPropsPack6/Maps/Overview.uexp" 2581
"D:/UE4t/Tutorial1/myGames/EndlessRunner/Content/IndustryPropsPack6/Maps/Overview.umap" 2582
"D:/UE4t/Tutorial1/myGames/EndlessRunner/Content/IndustryPropsPack6/Textures/T_Tarp02_D.uasset" 2583
"D:/UE4t/Tutorial1/myGames/EndlessRunner/Content/IndustryPropsPack6/Textures/T_Tarp02_D.uexp" 2584
"D:/UE4t/Tutorial1/myGames/EndlessRunner/Content/IndustryPropsPack6/Textures/T_Tarp02_D.ubulk" 2585
"D:/UE4t/Tutorial1/myGames/EndlessRunner/Content/IndustryPropsPack6/Materials/Mi_Tarp01_2.uasset" 2586
"D:/UE4t/Tutorial1/myGames/EndlessRunner/Content/IndustryPropsPack6/Materials/Mi_Tarp01_2.uexp" 2587
"D:/UE4t/Tutorial1/myGames/EndlessRunner/Content/IndustryPropsPack6/Materials/MI_Hose01_2.uasset" 2588
"D:/UE4t/Tutorial1/myGames/EndlessRunner/Content/IndustryPropsPack6/Materials/MI_Hose01_2.uexp" 2589
"D:/UE4t/Tutorial1/myGames/EndlessRunner/Content/IndustryPropsPack6/Materials/MI_Cartonbox01_2.uasset" 2590
"D:/UE4t/Tutorial1/myGames/EndlessRunner/Content/IndustryPropsPack6/Materials/MI_Cartonbox01_2.uexp" 2591
"D:/UE4t/Tutorial1/myGames/EndlessRunner/Content/IndustryPropsPack6/Materials/MI_Box01_4.uasset" 2592
"D:/UE4t/Tutorial1/myGames/EndlessRunner/Content/IndustryPropsPack6/Materials/MI_Box01_4.uexp" 2593
"D:/UE4t/Tutorial1/myGames/EndlessRunner/Content/IndustryPropsPack6/Materials/MI_Box01_3.uasset" 2594
"D:/UE4t/Tutorial1/myGames/EndlessRunner/Content/IndustryPropsPack6/Materials/MI_Box01_3.uexp" 2595
"D:/UE4t/Tutorial1/myGames/EndlessRunner/Content/IndustryPropsPack6/Materials/MI_Box01_1.uasset" 2596
"D:/UE4t/Tutorial1/myGames/EndlessRunner/Content/IndustryPropsPack6/Materials/MI_Box01_1.uexp" 2597
"D:/UE4t/Tutorial1/myGames/EndlessRunner/Content/IndustryPropsPack6/Materials/MI_Barrel01_6.uasset" 2598
"D:/UE4t/Tutorial1/myGames/EndlessRunner/Content/IndustryPropsPack6/Materials/MI_Barrel01_6.uexp" 2599
"D:/UE4t/Tutorial1/myGames/EndlessRunner/Content/IndustryPropsPack6/Materials/MI_Barrel01_5.uasset" 2600
"D:/UE4t/Tutorial1/myGames/EndlessRunner/Content/IndustryPropsPack6/Materials/MI_Barrel01_5.uexp" 2601
"D:/UE4t/Tutorial1/myGames/EndlessRunner/Content/IndustryPropsPack6/Materials/MI_Barrel01_4.uasset" 2602
"D:/UE4t/Tutorial1/myGames/EndlessRunner/Content/IndustryPropsPack6/Materials/MI_Barrel01_4.uexp" 2603
"D:/UE4t/Tutorial1/myGames/EndlessRunner/Content/IndustryPropsPack6/Materials/MI_Barrel01_3.uasset" 2604
"D:/UE4t/Tutorial1/myGames/EndlessRunner/Content/IndustryPropsPack6/Materials/MI_Barrel01_3.uexp" 2605
"D:/UE4t/Tutorial1/myGames/EndlessRunner/Content/IndustryPropsPack6/Materials/MI_Barrel01_2.uasset" 2606
"D:/UE4t/Tutorial1/myGames/EndlessRunner/Content/IndustryPropsPack6/Materials/MI_Barrel01_2.uexp" 2607
"D:/UE4t/Tutorial1/myGames/EndlessRunner/Content/IndustryPropsPack6/Maps/Showcase.uexp" 2608
"D:/UE4t/Tutorial1/myGames/EndlessRunner/Content/IndustryPropsPack6/Maps/Showcase.umap" 2609
"D:/UE4t/Tutorial1/myGames/EndlessRunner/Content/Man/Mesh/Parts/SK_Man_Shoes_PhysicsAsset.uasset" 2610
"D:/UE4t/Tutorial1/myGames/EndlessRunner/Content/Man/Mesh/Parts/SK_Man_Shoes_PhysicsAsset.uexp" 2611
"D:/UE4t/Tutorial1/myGames/EndlessRunner/Content/Man/Mesh/Parts/SK_Man_Shoes.uasset" 2612
"D:/UE4t/Tutorial1/myGames/EndlessRunner/Content/Man/Mesh/Parts/SK_Man_Shoes.uexp" 2613
"D:/UE4t/Tutorial1/myGames/EndlessRunner/Content/Man/Mesh/Parts/SK_Man_Pullover_For_Jacket_PhysicsAsset.uasset" 2614
"D:/UE4t/Tutorial1/myGames/EndlessRunner/Content/Man/Mesh/Parts/SK_Man_Pullover_For_Jacket_PhysicsAsset.uexp" 2615
"D:/UE4t/Tutorial1/myGames/EndlessRunner/Content/Man/Mesh/Parts/SK_Man_Pullover_For_Jacket.uasset" 2616
"D:/UE4t/Tutorial1/myGames/EndlessRunner/Content/Man/Mesh/Parts/SK_Man_Pullover_For_Jacket.uexp" 2617
"D:/UE4t/Tutorial1/myGames/EndlessRunner/Content/Man/Mesh/Parts/SK_Man_Pullover_PhysicsAsset.uasset" 2618
"D:/UE4t/Tutorial1/myGames/EndlessRunner/Content/Man/Mesh/Parts/SK_Man_Pullover_PhysicsAsset.uexp" 2619
"D:/UE4t/Tutorial1/myGames/EndlessRunner/Content/Man/Mesh/Parts/SK_Man_Pullover.uasset" 2620
"D:/UE4t/Tutorial1/myGames/EndlessRunner/Content/Man/Mesh/Parts/SK_Man_Pullover.uexp" 2621
"D:/UE4t/Tutorial1/myGames/EndlessRunner/Content/Man/Mesh/Parts/SK_Man_Pants_PhysicsAsset.uasset" 2622
"D:/UE4t/Tutorial1/myGames/EndlessRunner/Content/Man/Mesh/Parts/SK_Man_Pants_PhysicsAsset.uexp" 2623
"D:/UE4t/Tutorial1/myGames/EndlessRunner/Content/Man/Mesh/Parts/SK_Man_Pants.uasset" 2624
"D:/UE4t/Tutorial1/myGames/EndlessRunner/Content/Man/Mesh/Parts/SK_Man_Pants.uexp" 2625
"D:/UE4t/Tutorial1/myGames/EndlessRunner/Content/Man/Mesh/Parts/SK_Man_Jacket_PhysicsAsset.uasset" 2626
"D:/UE4t/Tutorial1/myGames/EndlessRunner/Content/Man/Mesh/Parts/SK_Man_Jacket_PhysicsAsset.uexp" 2627
"D:/UE4t/Tutorial1/myGames/EndlessRunner/Content/Man/Mesh/Parts/SK_Man_Jacket.uasset" 2628
"D:/UE4t/Tutorial1/myGames/EndlessRunner/Content/Man/Mesh/Parts/SK_Man_Jacket.uexp" 2629
"D:/UE4t/Tutorial1/myGames/EndlessRunner/Content/Man/Mesh/Parts/SK_Man_Head_PhysicsAsset.uasset" 2630
"D:/UE4t/Tutorial1/myGames/EndlessRunner/Content/Man/Mesh/Parts/SK_Man_Head_PhysicsAsset.uexp" 2631
"D:/UE4t/Tutorial1/myGames/EndlessRunner/Content/Man/Mesh/Parts/SK_Man_Head.uasset" 2632
"D:/UE4t/Tutorial1/myGames/EndlessRunner/Content/Man/Mesh/Parts/SK_Man_Head.uexp" 2633
"D:/UE4t/Tutorial1/myGames/EndlessRunner/Content/Man/Mesh/Parts/SK_Man_Half__Body_PhysicsAsset.uasset" 2634
"D:/UE4t/Tutorial1/myGames/EndlessRunner/Content/Man/Mesh/Parts/SK_Man_Half__Body_PhysicsAsset.uexp" 2635
"D:/UE4t/Tutorial1/myGames/EndlessRunner/Content/Man/Mesh/Parts/SK_Man_Half__Body.uasset" 2636
"D:/UE4t/Tutorial1/myGames/EndlessRunner/Content/Man/Mesh/Parts/SK_Man_Half__Body.uexp" 2637
"D:/UE4t/Tutorial1/myGames/EndlessRunner/Content/Man/Mesh/Parts/SK_Man_Feet_PhysicsAsset.uasset" 2638
"D:/UE4t/Tutorial1/myGames/EndlessRunner/Content/Man/Mesh/Parts/SK_Man_Feet_PhysicsAsset.uexp" 2639
"D:/UE4t/Tutorial1/myGames/EndlessRunner/Content/Man/Mesh/Parts/SK_Man_Feet.uasset" 2640
"D:/UE4t/Tutorial1/myGames/EndlessRunner/Content/Man/Mesh/Parts/SK_Man_Feet.uexp" 2641
"D:/UE4t/Tutorial1/myGames/EndlessRunner/Content/Man/Mesh/Parts/SK_Man_Cloth_Face_PhysicsAsset.uasset" 2642
"D:/UE4t/Tutorial1/myGames/EndlessRunner/Content/Man/Mesh/Parts/SK_Man_Cloth_Face_PhysicsAsset.uexp" 2643
"D:/UE4t/Tutorial1/myGames/EndlessRunner/Content/Man/Mesh/Parts/SK_Man_Cloth_Face.uasset" 2644
"D:/UE4t/Tutorial1/myGames/EndlessRunner/Content/Man/Mesh/Parts/SK_Man_Cloth_Face.uexp" 2645
"D:/UE4t/Tutorial1/myGames/EndlessRunner/Content/Man/Mesh/Parts/SK_Man_Body_For_Jacket_PhysicsAsset.uasset" 2646
"D:/UE4t/Tutorial1/myGames/EndlessRunner/Content/Man/Mesh/Parts/SK_Man_Body_For_Jacket_PhysicsAsset.uexp" 2647
"D:/UE4t/Tutorial1/myGames/EndlessRunner/Content/Man/Mesh/Parts/SK_Man_Body_For_Jacket.uasset" 2648
"D:/UE4t/Tutorial1/myGames/EndlessRunner/Content/Man/Mesh/Parts/SK_Man_Body_For_Jacket.uexp" 2649
"D:/UE4t/Tutorial1/myGames/EndlessRunner/Content/Man/Mesh/Parts/SK_Man_Balaclava_PhysicsAsset.uasset" 2650
"D:/UE4t/Tutorial1/myGames/EndlessRunner/Content/Man/Mesh/Parts/SK_Man_Balaclava_PhysicsAsset.uexp" 2651
"D:/UE4t/Tutorial1/myGames/EndlessRunner/Content/Man/Mesh/Parts/SK_Man_Balaclava.uasset" 2652
"D:/UE4t/Tutorial1/myGames/EndlessRunner/Content/Man/Mesh/Parts/SK_Man_Balaclava.uexp" 2653
"D:/UE4t/Tutorial1/myGames/EndlessRunner/Content/Man/Mesh/Parts/SK_Man_Bag_PhysicsAsset.uasset" 2654
"D:/UE4t/Tutorial1/myGames/EndlessRunner/Content/Man/Mesh/Parts/SK_Man_Bag_PhysicsAsset.uexp" 2655
"D:/UE4t/Tutorial1/myGames/EndlessRunner/Content/Man/Mesh/Parts/SK_Man_Bag.uasset" 2656
"D:/UE4t/Tutorial1/myGames/EndlessRunner/Content/Man/Mesh/Parts/SK_Man_Bag.uexp" 2657
"D:/UE4t/Tutorial1/myGames/EndlessRunner/Content/Man/Mesh/Parts/SK_Man_Arms_PhysicsAsset.uasset" 2658
"D:/UE4t/Tutorial1/myGames/EndlessRunner/Content/Man/Mesh/Parts/SK_Man_Arms_PhysicsAsset.uexp" 2659
"D:/UE4t/Tutorial1/myGames/EndlessRunner/Content/Man/Mesh/Parts/SK_Man_Arms.uasset" 2660
"D:/UE4t/Tutorial1/myGames/EndlessRunner/Content/Man/Mesh/Parts/SK_Man_Arms.uexp" 2661
"D:/UE4t/Tutorial1/myGames/EndlessRunner/Content/Man/Mesh/Parts/SK_Man_Legs_PhysicsAsset.uasset" 2662
"D:/UE4t/Tutorial1/myGames/EndlessRunner/Content/Man/Mesh/Parts/SK_Man_Legs_PhysicsAsset.uexp" 2663
"D:/UE4t/Tutorial1/myGames/EndlessRunner/Content/Man/Mesh/Parts/SK_Man_Legs.uasset" 2664
"D:/UE4t/Tutorial1/myGames/EndlessRunner/Content/Man/Mesh/Parts/SK_Man_Legs.uexp" 2665
"D:/UE4t/Tutorial1/myGames/EndlessRunner/Content/Man/Maps/Demo.uexp" 2666
"D:/UE4t/Tutorial1/myGames/EndlessRunner/Content/Man/Maps/Demo.umap" 2667
"D:/UE4t/Tutorial1/myGames/EndlessRunner/Content/PN_Banana/Textures/MasterTextures/bananaBark_N.uasset" 2668
"D:/UE4t/Tutorial1/myGames/EndlessRunner/Content/PN_Banana/Textures/MasterTextures/bananaBark_N.uexp" 2669
"D:/UE4t/Tutorial1/myGames/EndlessRunner/Content/PN_Banana/Textures/MasterTextures/bananaBark_N.ubulk" 2670
"D:/UE4t/Tutorial1/myGames/EndlessRunner/Content/PN_Banana/Textures/MasterTextures/bananaBark_AORH.uasset" 2671
"D:/UE4t/Tutorial1/myGames/EndlessRunner/Content/PN_Banana/Textures/MasterTextures/bananaBark_AORH.uexp" 2672
"D:/UE4t/Tutorial1/myGames/EndlessRunner/Content/PN_Banana/Textures/MasterTextures/bananaBark_AORH.ubulk" 2673
"D:/UE4t/Tutorial1/myGames/EndlessRunner/Content/PN_Banana/Textures/MasterTextures/bananabark_A.uasset" 2674
"D:/UE4t/Tutorial1/myGames/EndlessRunner/Content/PN_Banana/Textures/MasterTextures/bananabark_A.uexp" 2675
"D:/UE4t/Tutorial1/myGames/EndlessRunner/Content/PN_Banana/Textures/MasterTextures/bananabark_A.ubulk" 2676
"D:/UE4t/Tutorial1/myGames/EndlessRunner/Content/PN_Banana/Textures/MasterTextures/banana_leaf_N.uasset" 2677
"D:/UE4t/Tutorial1/myGames/EndlessRunner/Content/PN_Banana/Textures/MasterTextures/banana_leaf_N.uexp" 2678
"D:/UE4t/Tutorial1/myGames/EndlessRunner/Content/PN_Banana/Textures/MasterTextures/banana_leaf_N.ubulk" 2679
"D:/UE4t/Tutorial1/myGames/EndlessRunner/Content/PN_Banana/Textures/MasterTextures/banana_leaf_AORO.uasset" 2680
"D:/UE4t/Tutorial1/myGames/EndlessRunner/Content/PN_Banana/Textures/MasterTextures/banana_leaf_AORO.uexp" 2681
"D:/UE4t/Tutorial1/myGames/EndlessRunner/Content/PN_Banana/Textures/MasterTextures/banana_leaf_AORO.ubulk" 2682
"D:/UE4t/Tutorial1/myGames/EndlessRunner/Content/PN_Banana/Textures/MasterTextures/banana_leaf_A.uasset" 2683
"D:/UE4t/Tutorial1/myGames/EndlessRunner/Content/PN_Banana/Textures/MasterTextures/banana_leaf_A.uexp" 2684
"D:/UE4t/Tutorial1/myGames/EndlessRunner/Content/PN_Banana/Textures/MasterTextures/banana_leaf_A.ubulk" 2685
"../../../Engine/Content/Functions/Engine_MaterialFunctions01/SpeedTree/SpeedTreeColorVariation.uasset" 2686
"../../../Engine/Content/Functions/Engine_MaterialFunctions01/SpeedTree/SpeedTreeColorVariation.uexp" 2687
"D:/UE4t/Tutorial1/myGames/EndlessRunner/Content/PN_Banana/Materials/MA_BananaProps.uasset" 2688
"D:/UE4t/Tutorial1/myGames/EndlessRunner/Content/PN_Banana/Materials/MA_BananaProps.uexp" 2689
"D:/UE4t/Tutorial1/myGames/EndlessRunner/Content/PN_Banana/Materials/Material_Instances/props/MI_Props.uasset" 2690
"D:/UE4t/Tutorial1/myGames/EndlessRunner/Content/PN_Banana/Materials/Material_Instances/props/MI_Props.uexp" 2691
"D:/UE4t/Tutorial1/myGames/EndlessRunner/Content/PN_Banana/Meshes/props/rottenLeaves_02.uasset" 2692
"D:/UE4t/Tutorial1/myGames/EndlessRunner/Content/PN_Banana/Meshes/props/rottenLeaves_02.uexp" 2693
"D:/UE4t/Tutorial1/myGames/EndlessRunner/Content/PN_Banana/Meshes/props/rottenLeaves_01.uasset" 2694
"D:/UE4t/Tutorial1/myGames/EndlessRunner/Content/PN_Banana/Meshes/props/rottenLeaves_01.uexp" 2695
"D:/UE4t/Tutorial1/myGames/EndlessRunner/Content/PN_Banana/Meshes/props/goundBananas_03.uasset" 2696
"D:/UE4t/Tutorial1/myGames/EndlessRunner/Content/PN_Banana/Meshes/props/goundBananas_03.uexp" 2697
"D:/UE4t/Tutorial1/myGames/EndlessRunner/Content/PN_Banana/Meshes/props/goundBananas_02.uasset" 2698
"D:/UE4t/Tutorial1/myGames/EndlessRunner/Content/PN_Banana/Meshes/props/goundBananas_02.uexp" 2699
"D:/UE4t/Tutorial1/myGames/EndlessRunner/Content/PN_Banana/Meshes/props/goundBananas_01.uasset" 2700
"D:/UE4t/Tutorial1/myGames/EndlessRunner/Content/PN_Banana/Meshes/props/goundBananas_01.uexp" 2701
"D:/UE4t/Tutorial1/myGames/EndlessRunner/Content/PN_Banana/Textures/PivotPainter/banana_02_07_VEC.uasset" 2702
"D:/UE4t/Tutorial1/myGames/EndlessRunner/Content/PN_Banana/Textures/PivotPainter/banana_02_07_VEC.uexp" 2703
"D:/UE4t/Tutorial1/myGames/EndlessRunner/Content/PN_Banana/Textures/PivotPainter/banana_02_07_PIV.uasset" 2704
"D:/UE4t/Tutorial1/myGames/EndlessRunner/Content/PN_Banana/Textures/PivotPainter/banana_02_07_PIV.uexp" 2705
"D:/UE4t/Tutorial1/myGames/EndlessRunner/Content/PN_Banana/Materials/PN_WindParameters.uasset" 2706
"D:/UE4t/Tutorial1/myGames/EndlessRunner/Content/PN_Banana/Materials/PN_WindParameters.uexp" 2707
"../../../Engine/Content/Functions/Engine_MaterialFunctions02/ExampleContent/Textures/WindTurblenceVectorAndGustMagnitude.uasset" 2708
"../../../Engine/Content/Functions/Engine_MaterialFunctions02/ExampleContent/Textures/WindTurblenceVectorAndGustMagnitude.uexp" 2709
"../../../Engine/Content/Functions/Engine_MaterialFunctions02/ExampleContent/PivotPainter2/test2_rgb_PivotPos_a_ParentIndexInt_UV_2.uasset" 2710
"../../../Engine/Content/Functions/Engine_MaterialFunctions02/ExampleContent/PivotPainter2/test2_rgb_PivotPos_a_ParentIndexInt_UV_2.uexp" 2711
"../../../Engine/Content/Functions/Engine_MaterialFunctions02/ExampleContent/PivotPainter2/SimpExPivPos.uasset" 2712
"../../../Engine/Content/Functions/Engine_MaterialFunctions02/ExampleContent/PivotPainter2/SimpExPivPos.uexp" 2713
"../../../Engine/Content/Functions/Engine_MaterialFunctions02/ExampleContent/PivotPainter2/PP2_rgb_XVect_a_XExtent.uasset" 2714
"../../../Engine/Content/Functions/Engine_MaterialFunctions02/ExampleContent/PivotPainter2/PP2_rgb_XVect_a_XExtent.uexp" 2715
"../../../Engine/Content/Functions/Engine_MaterialFunctions02/PivotPainter2/ms_PivotPainter2_DecodePostion.uasset" 2716
"../../../Engine/Content/Functions/Engine_MaterialFunctions02/PivotPainter2/ms_PivotPainter2_DecodePostion.uexp" 2717
"../../../Engine/Content/Functions/Engine_MaterialFunctions02/PivotPainter2/ms_PivotPainter2_DecodeAxisVector.uasset" 2718
"../../../Engine/Content/Functions/Engine_MaterialFunctions02/PivotPainter2/ms_PivotPainter2_DecodeAxisVector.uexp" 2719
"../../../Engine/Content/Functions/Engine_MaterialFunctions02/PivotPainter2/ms_PivotPainter2_Decode8BitAlphaAxisExtent.uasset" 2720
"../../../Engine/Content/Functions/Engine_MaterialFunctions02/PivotPainter2/ms_PivotPainter2_Decode8BitAlphaAxisExtent.uexp" 2721
"D:/UE4t/Tutorial1/myGames/EndlessRunner/Content/PN_Banana/Materials/MaterialFunctions/PN_WindAnimation.uasset" 2722
"D:/UE4t/Tutorial1/myGames/EndlessRunner/Content/PN_Banana/Materials/MaterialFunctions/PN_WindAnimation.uexp" 2723
"D:/UE4t/Tutorial1/myGames/EndlessRunner/Content/PN_Banana/Materials/MaterialFunctions/PN_Bending.uasset" 2724
"D:/UE4t/Tutorial1/myGames/EndlessRunner/Content/PN_Banana/Materials/MaterialFunctions/PN_Bending.uexp" 2725
"../../../Engine/Content/Functions/Engine_MaterialFunctions02/WorldPositionOffset/ObjectPivotPoint.uasset" 2726
"../../../Engine/Content/Functions/Engine_MaterialFunctions02/WorldPositionOffset/ObjectPivotPoint.uexp" 2727
"D:/UE4t/Tutorial1/myGames/EndlessRunner/Content/PN_Banana/Materials/MaterialFunctions/PN_MultiBend.uasset" 2728
"D:/UE4t/Tutorial1/myGames/EndlessRunner/Content/PN_Banana/Materials/MaterialFunctions/PN_MultiBend.uexp" 2729
"../../../Engine/Content/Functions/Engine_MaterialFunctions02/PivotPainter2/2dArrayLookupByIndex.uasset" 2730
"../../../Engine/Content/Functions/Engine_MaterialFunctions02/PivotPainter2/2dArrayLookupByIndex.uexp" 2731
"../../../Engine/Content/Functions/Engine_MaterialFunctions02/PivotPainter2/ms_PivotPainter2_ReturnParentTextureInfo.uasset" 2732
"../../../Engine/Content/Functions/Engine_MaterialFunctions02/PivotPainter2/ms_PivotPainter2_ReturnParentTextureInfo.uexp" 2733
"../../../Engine/Content/Functions/Engine_MaterialFunctions02/PivotPainter2/ms_PivotPainter2_CalculateMeshElementIndex.uasset" 2734
"../../../Engine/Content/Functions/Engine_MaterialFunctions02/PivotPainter2/ms_PivotPainter2_CalculateMeshElementIndex.uexp" 2735
"../../../Engine/Content/Functions/Engine_MaterialFunctions02/ms_PivotPainter2_UnpackIntegerAsFloat.uasset" 2736
"../../../Engine/Content/Functions/Engine_MaterialFunctions02/ms_PivotPainter2_UnpackIntegerAsFloat.uexp" 2737
"../../../Engine/Content/Functions/Engine_MaterialFunctions02/Math/TimeWithSpeedVariable.uasset" 2738
"../../../Engine/Content/Functions/Engine_MaterialFunctions02/Math/TimeWithSpeedVariable.uexp" 2739
"../../../Engine/Content/Functions/Engine_MaterialFunctions02/Lerp_Multiple_Float2.uasset" 2740
"../../../Engine/Content/Functions/Engine_MaterialFunctions02/Lerp_Multiple_Float2.uexp" 2741
"D:/UE4t/Tutorial1/myGames/EndlessRunner/Content/PN_Banana/Materials/MaterialFunctions/PN_BendingParameters.uasset" 2742
"D:/UE4t/Tutorial1/myGames/EndlessRunner/Content/PN_Banana/Materials/MaterialFunctions/PN_BendingParameters.uexp" 2743
"D:/UE4t/Tutorial1/myGames/EndlessRunner/Content/PN_Banana/Materials/MaterialFunctions/PN_AnimationShader.uasset" 2744
"D:/UE4t/Tutorial1/myGames/EndlessRunner/Content/PN_Banana/Materials/MaterialFunctions/PN_AnimationShader.uexp" 2745
"D:/UE4t/Tutorial1/myGames/EndlessRunner/Content/PN_Banana/Materials/MA_Banana.uasset" 2746
"D:/UE4t/Tutorial1/myGames/EndlessRunner/Content/PN_Banana/Materials/MA_Banana.uexp" 2747
"D:/UE4t/Tutorial1/myGames/EndlessRunner/Content/PN_Banana/Materials/Material_Instances/big/MAI_Banana_02_07.uasset" 2748
"D:/UE4t/Tutorial1/myGames/EndlessRunner/Content/PN_Banana/Materials/Material_Instances/big/MAI_Banana_02_07.uexp" 2749
"D:/UE4t/Tutorial1/myGames/EndlessRunner/Content/PN_Banana/Materials/Material_Instances/big/MI_Banana_02_07_trunk.uasset" 2750
"D:/UE4t/Tutorial1/myGames/EndlessRunner/Content/PN_Banana/Materials/Material_Instances/big/MI_Banana_02_07_trunk.uexp" 2751
"D:/UE4t/Tutorial1/myGames/EndlessRunner/Content/PN_Banana/Materials/Material_Instances/big/MI_Banana_02_07_leaves.uasset" 2752
"D:/UE4t/Tutorial1/myGames/EndlessRunner/Content/PN_Banana/Materials/Material_Instances/big/MI_Banana_02_07_leaves.uexp" 2753
"D:/UE4t/Tutorial1/myGames/EndlessRunner/Content/PN_Banana/Meshes/plants/banana_02_07.uasset" 2754
"D:/UE4t/Tutorial1/myGames/EndlessRunner/Content/PN_Banana/Meshes/plants/banana_02_07.uexp" 2755
"D:/UE4t/Tutorial1/myGames/EndlessRunner/Content/PN_Banana/Textures/PivotPainter/banana_02_06_VEC.uasset" 2756
"D:/UE4t/Tutorial1/myGames/EndlessRunner/Content/PN_Banana/Textures/PivotPainter/banana_02_06_VEC.uexp" 2757
"D:/UE4t/Tutorial1/myGames/EndlessRunner/Content/PN_Banana/Textures/PivotPainter/banana_02_06_PIV.uasset" 2758
"D:/UE4t/Tutorial1/myGames/EndlessRunner/Content/PN_Banana/Textures/PivotPainter/banana_02_06_PIV.uexp" 2759
"D:/UE4t/Tutorial1/myGames/EndlessRunner/Content/PN_Banana/Materials/Material_Instances/big/MAI_Banana_02_06.uasset" 2760
"D:/UE4t/Tutorial1/myGames/EndlessRunner/Content/PN_Banana/Materials/Material_Instances/big/MAI_Banana_02_06.uexp" 2761
"D:/UE4t/Tutorial1/myGames/EndlessRunner/Content/PN_Banana/Materials/Material_Instances/big/MI_Banana_02_06_trunk.uasset" 2762
"D:/UE4t/Tutorial1/myGames/EndlessRunner/Content/PN_Banana/Materials/Material_Instances/big/MI_Banana_02_06_trunk.uexp" 2763
"D:/UE4t/Tutorial1/myGames/EndlessRunner/Content/PN_Banana/Materials/Material_Instances/big/MI_Banana_02_06_leaves.uasset" 2764
"D:/UE4t/Tutorial1/myGames/EndlessRunner/Content/PN_Banana/Materials/Material_Instances/big/MI_Banana_02_06_leaves.uexp" 2765
"D:/UE4t/Tutorial1/myGames/EndlessRunner/Content/PN_Banana/Meshes/plants/banana_02_06.uasset" 2766
"D:/UE4t/Tutorial1/myGames/EndlessRunner/Content/PN_Banana/Meshes/plants/banana_02_06.uexp" 2767
"D:/UE4t/Tutorial1/myGames/EndlessRunner/Content/PN_Banana/Textures/PivotPainter/banana_02_04_VEC.uasset" 2768
"D:/UE4t/Tutorial1/myGames/EndlessRunner/Content/PN_Banana/Textures/PivotPainter/banana_02_04_VEC.uexp" 2769
"D:/UE4t/Tutorial1/myGames/EndlessRunner/Content/PN_Banana/Textures/PivotPainter/banana_02_04_PIV.uasset" 2770
"D:/UE4t/Tutorial1/myGames/EndlessRunner/Content/PN_Banana/Textures/PivotPainter/banana_02_04_PIV.uexp" 2771
"D:/UE4t/Tutorial1/myGames/EndlessRunner/Content/PN_Banana/Materials/Material_Instances/big/MAI_Banana_02_04.uasset" 2772
"D:/UE4t/Tutorial1/myGames/EndlessRunner/Content/PN_Banana/Materials/Material_Instances/big/MAI_Banana_02_04.uexp" 2773
"D:/UE4t/Tutorial1/myGames/EndlessRunner/Content/PN_Banana/Materials/Material_Instances/big/MI_Banana_02_04_trunk.uasset" 2774
"D:/UE4t/Tutorial1/myGames/EndlessRunner/Content/PN_Banana/Materials/Material_Instances/big/MI_Banana_02_04_trunk.uexp" 2775
"D:/UE4t/Tutorial1/myGames/EndlessRunner/Content/PN_Banana/Materials/Material_Instances/big/MI_Banana_02_04_leaves.uasset" 2776
"D:/UE4t/Tutorial1/myGames/EndlessRunner/Content/PN_Banana/Materials/Material_Instances/big/MI_Banana_02_04_leaves.uexp" 2777
"D:/UE4t/Tutorial1/myGames/EndlessRunner/Content/PN_Banana/Meshes/plants/banana_02_04.uasset" 2778
"D:/UE4t/Tutorial1/myGames/EndlessRunner/Content/PN_Banana/Meshes/plants/banana_02_04.uexp" 2779
"D:/UE4t/Tutorial1/myGames/EndlessRunner/Content/PN_Banana/Textures/PivotPainter/banana_02_03_VEC.uasset" 2780
"D:/UE4t/Tutorial1/myGames/EndlessRunner/Content/PN_Banana/Textures/PivotPainter/banana_02_03_VEC.uexp" 2781
"D:/UE4t/Tutorial1/myGames/EndlessRunner/Content/PN_Banana/Textures/PivotPainter/banana_02_03_PIV.uasset" 2782
"D:/UE4t/Tutorial1/myGames/EndlessRunner/Content/PN_Banana/Textures/PivotPainter/banana_02_03_PIV.uexp" 2783
"D:/UE4t/Tutorial1/myGames/EndlessRunner/Content/PN_Banana/Materials/Material_Instances/big/MAI_Banana_02_03.uasset" 2784
"D:/UE4t/Tutorial1/myGames/EndlessRunner/Content/PN_Banana/Materials/Material_Instances/big/MAI_Banana_02_03.uexp" 2785
"D:/UE4t/Tutorial1/myGames/EndlessRunner/Content/PN_Banana/Materials/Material_Instances/big/MI_Banana_02_03_trunk.uasset" 2786
"D:/UE4t/Tutorial1/myGames/EndlessRunner/Content/PN_Banana/Materials/Material_Instances/big/MI_Banana_02_03_trunk.uexp" 2787
"D:/UE4t/Tutorial1/myGames/EndlessRunner/Content/PN_Banana/Materials/Material_Instances/big/MI_Banana_02_03_leaves.uasset" 2788
"D:/UE4t/Tutorial1/myGames/EndlessRunner/Content/PN_Banana/Materials/Material_Instances/big/MI_Banana_02_03_leaves.uexp" 2789
"D:/UE4t/Tutorial1/myGames/EndlessRunner/Content/PN_Banana/Meshes/plants/banana_02_03.uasset" 2790
"D:/UE4t/Tutorial1/myGames/EndlessRunner/Content/PN_Banana/Meshes/plants/banana_02_03.uexp" 2791
"D:/UE4t/Tutorial1/myGames/EndlessRunner/Content/PN_Banana/Textures/PivotPainter/banana_02_02_VEC.uasset" 2792
"D:/UE4t/Tutorial1/myGames/EndlessRunner/Content/PN_Banana/Textures/PivotPainter/banana_02_02_VEC.uexp" 2793
"D:/UE4t/Tutorial1/myGames/EndlessRunner/Content/PN_Banana/Textures/PivotPainter/banana_02_02_PIV.uasset" 2794
"D:/UE4t/Tutorial1/myGames/EndlessRunner/Content/PN_Banana/Textures/PivotPainter/banana_02_02_PIV.uexp" 2795
"D:/UE4t/Tutorial1/myGames/EndlessRunner/Content/PN_Banana/Materials/Material_Instances/small/MI_Banana_02_02.uasset" 2796
"D:/UE4t/Tutorial1/myGames/EndlessRunner/Content/PN_Banana/Materials/Material_Instances/small/MI_Banana_02_02.uexp" 2797
"D:/UE4t/Tutorial1/myGames/EndlessRunner/Content/PN_Banana/Meshes/plants/banana_02_02.uasset" 2798
"D:/UE4t/Tutorial1/myGames/EndlessRunner/Content/PN_Banana/Meshes/plants/banana_02_02.uexp" 2799
"D:/UE4t/Tutorial1/myGames/EndlessRunner/Content/PN_Banana/Textures/PivotPainter/banana_02_01_VEC.uasset" 2800
"D:/UE4t/Tutorial1/myGames/EndlessRunner/Content/PN_Banana/Textures/PivotPainter/banana_02_01_VEC.uexp" 2801
"D:/UE4t/Tutorial1/myGames/EndlessRunner/Content/PN_Banana/Textures/PivotPainter/banana_02_01_PIV.uasset" 2802
"D:/UE4t/Tutorial1/myGames/EndlessRunner/Content/PN_Banana/Textures/PivotPainter/banana_02_01_PIV.uexp" 2803
"D:/UE4t/Tutorial1/myGames/EndlessRunner/Content/PN_Banana/Materials/Material_Instances/small/MI_Banana_02_01.uasset" 2804
"D:/UE4t/Tutorial1/myGames/EndlessRunner/Content/PN_Banana/Materials/Material_Instances/small/MI_Banana_02_01.uexp" 2805
"D:/UE4t/Tutorial1/myGames/EndlessRunner/Content/PN_Banana/Meshes/plants/banana_02_01.uasset" 2806
"D:/UE4t/Tutorial1/myGames/EndlessRunner/Content/PN_Banana/Meshes/plants/banana_02_01.uexp" 2807
"D:/UE4t/Tutorial1/myGames/EndlessRunner/Content/PN_Banana/Textures/PivotPainter/banana_01_07_VEC.uasset" 2808
"D:/UE4t/Tutorial1/myGames/EndlessRunner/Content/PN_Banana/Textures/PivotPainter/banana_01_07_VEC.uexp" 2809
"D:/UE4t/Tutorial1/myGames/EndlessRunner/Content/PN_Banana/Textures/PivotPainter/banana_01_07_PIV.uasset" 2810
"D:/UE4t/Tutorial1/myGames/EndlessRunner/Content/PN_Banana/Textures/PivotPainter/banana_01_07_PIV.uexp" 2811
"D:/UE4t/Tutorial1/myGames/EndlessRunner/Content/PN_Banana/Materials/Material_Instances/big/MAI_Banana_01_07.uasset" 2812
"D:/UE4t/Tutorial1/myGames/EndlessRunner/Content/PN_Banana/Materials/Material_Instances/big/MAI_Banana_01_07.uexp" 2813
"D:/UE4t/Tutorial1/myGames/EndlessRunner/Content/PN_Banana/Materials/Material_Instances/big/MI_Banana_01_07_trunk.uasset" 2814
"D:/UE4t/Tutorial1/myGames/EndlessRunner/Content/PN_Banana/Materials/Material_Instances/big/MI_Banana_01_07_trunk.uexp" 2815
"D:/UE4t/Tutorial1/myGames/EndlessRunner/Content/PN_Banana/Materials/Material_Instances/big/MI_Banana_01_07_leaves.uasset" 2816
"D:/UE4t/Tutorial1/myGames/EndlessRunner/Content/PN_Banana/Materials/Material_Instances/big/MI_Banana_01_07_leaves.uexp" 2817
"D:/UE4t/Tutorial1/myGames/EndlessRunner/Content/PN_Banana/Meshes/plants/banana_01_07.uasset" 2818
"D:/UE4t/Tutorial1/myGames/EndlessRunner/Content/PN_Banana/Meshes/plants/banana_01_07.uexp" 2819
"D:/UE4t/Tutorial1/myGames/EndlessRunner/Content/PN_Banana/Textures/PivotPainter/banana_01_06_VEC.uasset" 2820
"D:/UE4t/Tutorial1/myGames/EndlessRunner/Content/PN_Banana/Textures/PivotPainter/banana_01_06_VEC.uexp" 2821
"D:/UE4t/Tutorial1/myGames/EndlessRunner/Content/PN_Banana/Textures/PivotPainter/banana_01_06_PIV.uasset" 2822
"D:/UE4t/Tutorial1/myGames/EndlessRunner/Content/PN_Banana/Textures/PivotPainter/banana_01_06_PIV.uexp" 2823
"D:/UE4t/Tutorial1/myGames/EndlessRunner/Content/PN_Banana/Materials/Material_Instances/big/MAI_Banana_01_06.uasset" 2824
"D:/UE4t/Tutorial1/myGames/EndlessRunner/Content/PN_Banana/Materials/Material_Instances/big/MAI_Banana_01_06.uexp" 2825
"D:/UE4t/Tutorial1/myGames/EndlessRunner/Content/PN_Banana/Materials/Material_Instances/big/MI_Banana_01_06_trunk.uasset" 2826
"D:/UE4t/Tutorial1/myGames/EndlessRunner/Content/PN_Banana/Materials/Material_Instances/big/MI_Banana_01_06_trunk.uexp" 2827
"D:/UE4t/Tutorial1/myGames/EndlessRunner/Content/PN_Banana/Materials/Material_Instances/big/MI_Banana_01_06_leaves.uasset" 2828
"D:/UE4t/Tutorial1/myGames/EndlessRunner/Content/PN_Banana/Materials/Material_Instances/big/MI_Banana_01_06_leaves.uexp" 2829
"D:/UE4t/Tutorial1/myGames/EndlessRunner/Content/PN_Banana/Meshes/plants/banana_01_06.uasset" 2830
"D:/UE4t/Tutorial1/myGames/EndlessRunner/Content/PN_Banana/Meshes/plants/banana_01_06.uexp" 2831
"D:/UE4t/Tutorial1/myGames/EndlessRunner/Content/PN_Banana/Textures/PivotPainter/banana_01_05_VEC.uasset" 2832
"D:/UE4t/Tutorial1/myGames/EndlessRunner/Content/PN_Banana/Textures/PivotPainter/banana_01_05_VEC.uexp" 2833
"D:/UE4t/Tutorial1/myGames/EndlessRunner/Content/PN_Banana/Textures/PivotPainter/banana_01_05_PIV.uasset" 2834
"D:/UE4t/Tutorial1/myGames/EndlessRunner/Content/PN_Banana/Textures/PivotPainter/banana_01_05_PIV.uexp" 2835
"D:/UE4t/Tutorial1/myGames/EndlessRunner/Content/PN_Banana/Materials/Material_Instances/big/MAI_Banana_01_05.uasset" 2836
"D:/UE4t/Tutorial1/myGames/EndlessRunner/Content/PN_Banana/Materials/Material_Instances/big/MAI_Banana_01_05.uexp" 2837
"D:/UE4t/Tutorial1/myGames/EndlessRunner/Content/PN_Banana/Materials/Material_Instances/big/MI_Banana_01_05_trunk.uasset" 2838
"D:/UE4t/Tutorial1/myGames/EndlessRunner/Content/PN_Banana/Materials/Material_Instances/big/MI_Banana_01_05_trunk.uexp" 2839
"D:/UE4t/Tutorial1/myGames/EndlessRunner/Content/PN_Banana/Materials/Material_Instances/big/MI_Banana_01_05_leaves.uasset" 2840
"D:/UE4t/Tutorial1/myGames/EndlessRunner/Content/PN_Banana/Materials/Material_Instances/big/MI_Banana_01_05_leaves.uexp" 2841
"D:/UE4t/Tutorial1/myGames/EndlessRunner/Content/PN_Banana/Meshes/plants/banana_01_05.uasset" 2842
"D:/UE4t/Tutorial1/myGames/EndlessRunner/Content/PN_Banana/Meshes/plants/banana_01_05.uexp" 2843
"D:/UE4t/Tutorial1/myGames/EndlessRunner/Content/PN_Banana/Textures/PivotPainter/banana_01_04_VEC.uasset" 2844
"D:/UE4t/Tutorial1/myGames/EndlessRunner/Content/PN_Banana/Textures/PivotPainter/banana_01_04_VEC.uexp" 2845
"D:/UE4t/Tutorial1/myGames/EndlessRunner/Content/PN_Banana/Textures/PivotPainter/banana_01_04_PIV.uasset" 2846
"D:/UE4t/Tutorial1/myGames/EndlessRunner/Content/PN_Banana/Textures/PivotPainter/banana_01_04_PIV.uexp" 2847
"D:/UE4t/Tutorial1/myGames/EndlessRunner/Content/PN_Banana/Materials/Material_Instances/big/MAI_Banana_01_04.uasset" 2848
"D:/UE4t/Tutorial1/myGames/EndlessRunner/Content/PN_Banana/Materials/Material_Instances/big/MAI_Banana_01_04.uexp" 2849
"D:/UE4t/Tutorial1/myGames/EndlessRunner/Content/PN_Banana/Materials/Material_Instances/big/MI_Banana_01_04_trunk.uasset" 2850
"D:/UE4t/Tutorial1/myGames/EndlessRunner/Content/PN_Banana/Materials/Material_Instances/big/MI_Banana_01_04_trunk.uexp" 2851
"D:/UE4t/Tutorial1/myGames/EndlessRunner/Content/PN_Banana/Materials/Material_Instances/big/MI_Banana_01_04_leaves.uasset" 2852
"D:/UE4t/Tutorial1/myGames/EndlessRunner/Content/PN_Banana/Materials/Material_Instances/big/MI_Banana_01_04_leaves.uexp" 2853
"D:/UE4t/Tutorial1/myGames/EndlessRunner/Content/PN_Banana/Meshes/plants/banana_01_04.uasset" 2854
"D:/UE4t/Tutorial1/myGames/EndlessRunner/Content/PN_Banana/Meshes/plants/banana_01_04.uexp" 2855
"D:/UE4t/Tutorial1/myGames/EndlessRunner/Content/PN_Banana/Textures/PivotPainter/banana_01_03_VEC.uasset" 2856
"D:/UE4t/Tutorial1/myGames/EndlessRunner/Content/PN_Banana/Textures/PivotPainter/banana_01_03_VEC.uexp" 2857
"D:/UE4t/Tutorial1/myGames/EndlessRunner/Content/PN_Banana/Textures/PivotPainter/banana_01_03_PIV.uasset" 2858
"D:/UE4t/Tutorial1/myGames/EndlessRunner/Content/PN_Banana/Textures/PivotPainter/banana_01_03_PIV.uexp" 2859
"D:/UE4t/Tutorial1/myGames/EndlessRunner/Content/PN_Banana/Materials/Material_Instances/big/MAI_Banana_01_03.uasset" 2860
"D:/UE4t/Tutorial1/myGames/EndlessRunner/Content/PN_Banana/Materials/Material_Instances/big/MAI_Banana_01_03.uexp" 2861
"D:/UE4t/Tutorial1/myGames/EndlessRunner/Content/PN_Banana/Materials/Material_Instances/big/MI_Banana_01_03_trunk.uasset" 2862
"D:/UE4t/Tutorial1/myGames/EndlessRunner/Content/PN_Banana/Materials/Material_Instances/big/MI_Banana_01_03_trunk.uexp" 2863
"D:/UE4t/Tutorial1/myGames/EndlessRunner/Content/PN_Banana/Materials/Material_Instances/big/MI_Banana_01_03_leaves.uasset" 2864
"D:/UE4t/Tutorial1/myGames/EndlessRunner/Content/PN_Banana/Materials/Material_Instances/big/MI_Banana_01_03_leaves.uexp" 2865
"D:/UE4t/Tutorial1/myGames/EndlessRunner/Content/PN_Banana/Meshes/plants/banana_01_03.uasset" 2866
"D:/UE4t/Tutorial1/myGames/EndlessRunner/Content/PN_Banana/Meshes/plants/banana_01_03.uexp" 2867
"D:/UE4t/Tutorial1/myGames/EndlessRunner/Content/PN_Banana/Textures/PivotPainter/banana_01_02_VEC.uasset" 2868
"D:/UE4t/Tutorial1/myGames/EndlessRunner/Content/PN_Banana/Textures/PivotPainter/banana_01_02_VEC.uexp" 2869
"D:/UE4t/Tutorial1/myGames/EndlessRunner/Content/PN_Banana/Textures/PivotPainter/banana_01_02_PIV.uasset" 2870
"D:/UE4t/Tutorial1/myGames/EndlessRunner/Content/PN_Banana/Textures/PivotPainter/banana_01_02_PIV.uexp" 2871
"D:/UE4t/Tutorial1/myGames/EndlessRunner/Content/PN_Banana/Materials/Material_Instances/small/MI_Banana_01_02.uasset" 2872
"D:/UE4t/Tutorial1/myGames/EndlessRunner/Content/PN_Banana/Materials/Material_Instances/small/MI_Banana_01_02.uexp" 2873
"D:/UE4t/Tutorial1/myGames/EndlessRunner/Content/PN_Banana/Meshes/plants/banana_01_02.uasset" 2874
"D:/UE4t/Tutorial1/myGames/EndlessRunner/Content/PN_Banana/Meshes/plants/banana_01_02.uexp" 2875
"D:/UE4t/Tutorial1/myGames/EndlessRunner/Content/PN_Banana/Textures/PivotPainter/banana_01_01_VEC.uasset" 2876
"D:/UE4t/Tutorial1/myGames/EndlessRunner/Content/PN_Banana/Textures/PivotPainter/banana_01_01_VEC.uexp" 2877
"D:/UE4t/Tutorial1/myGames/EndlessRunner/Content/PN_Banana/Textures/PivotPainter/banana_01_01_PIV.uasset" 2878
"D:/UE4t/Tutorial1/myGames/EndlessRunner/Content/PN_Banana/Textures/PivotPainter/banana_01_01_PIV.uexp" 2879
"D:/UE4t/Tutorial1/myGames/EndlessRunner/Content/PN_Banana/Materials/Material_Instances/small/MI_Banana_01_01.uasset" 2880
"D:/UE4t/Tutorial1/myGames/EndlessRunner/Content/PN_Banana/Materials/Material_Instances/small/MI_Banana_01_01.uexp" 2881
"D:/UE4t/Tutorial1/myGames/EndlessRunner/Content/PN_Banana/Meshes/plants/banana_01_01.uasset" 2882
"D:/UE4t/Tutorial1/myGames/EndlessRunner/Content/PN_Banana/Meshes/plants/banana_01_01.uexp" 2883
"../../../Engine/Content/EngineMaterials/DefaultPhysicalMaterial.uasset" 2884
"../../../Engine/Content/EngineMaterials/DefaultPhysicalMaterial.uexp" 2885
"D:/UE4t/Tutorial1/myGames/EndlessRunner/Content/PN_Banana/Textures/PivotPainter/banana_02_05_VEC.uasset" 2886
"D:/UE4t/Tutorial1/myGames/EndlessRunner/Content/PN_Banana/Textures/PivotPainter/banana_02_05_VEC.uexp" 2887
"D:/UE4t/Tutorial1/myGames/EndlessRunner/Content/PN_Banana/Textures/PivotPainter/banana_02_05_PIV.uasset" 2888
"D:/UE4t/Tutorial1/myGames/EndlessRunner/Content/PN_Banana/Textures/PivotPainter/banana_02_05_PIV.uexp" 2889
"D:/UE4t/Tutorial1/myGames/EndlessRunner/Content/PN_Banana/Materials/Material_Instances/big/MAI_Banana_02_05.uasset" 2890
"D:/UE4t/Tutorial1/myGames/EndlessRunner/Content/PN_Banana/Materials/Material_Instances/big/MAI_Banana_02_05.uexp" 2891
"D:/UE4t/Tutorial1/myGames/EndlessRunner/Content/PN_Banana/Materials/Material_Instances/big/MI_Banana_02_05_trunk.uasset" 2892
"D:/UE4t/Tutorial1/myGames/EndlessRunner/Content/PN_Banana/Materials/Material_Instances/big/MI_Banana_02_05_trunk.uexp" 2893
"D:/UE4t/Tutorial1/myGames/EndlessRunner/Content/PN_Banana/Materials/Material_Instances/big/MI_Banana_02_05_leaves.uasset" 2894
"D:/UE4t/Tutorial1/myGames/EndlessRunner/Content/PN_Banana/Materials/Material_Instances/big/MI_Banana_02_05_leaves.uexp" 2895
"D:/UE4t/Tutorial1/myGames/EndlessRunner/Content/PN_Banana/Meshes/plants/banana_02_05.uasset" 2896
"D:/UE4t/Tutorial1/myGames/EndlessRunner/Content/PN_Banana/Meshes/plants/banana_02_05.uexp" 2897
"D:/UE4t/Tutorial1/myGames/EndlessRunner/Content/PN_Banana/Blueprints/PN_Bending_Component.uasset" 2898
"D:/UE4t/Tutorial1/myGames/EndlessRunner/Content/PN_Banana/Blueprints/PN_Bending_Component.uexp" 2899
"D:/UE4t/Tutorial1/myGames/EndlessRunner/Content/PN_Banana/Blueprints/PN_GlobalUpdater.uasset" 2900
"D:/UE4t/Tutorial1/myGames/EndlessRunner/Content/PN_Banana/Blueprints/PN_GlobalUpdater.uexp" 2901
"../../../Engine/Content/BasicShapes/Sphere.uasset" 2902
"../../../Engine/Content/BasicShapes/Sphere.uexp" 2903
"D:/UE4t/Tutorial1/myGames/EndlessRunner/Content/PN_Banana/Blueprints/CollisionBall.uasset" 2904
"D:/UE4t/Tutorial1/myGames/EndlessRunner/Content/PN_Banana/Blueprints/CollisionBall.uexp" 2905
"D:/UE4t/Tutorial1/myGames/EndlessRunner/Content/PN_Banana/Map/Showroom.uexp" 2906
"D:/UE4t/Tutorial1/myGames/EndlessRunner/Content/PN_Banana/Map/Showroom.umap" 2907
"../../../Engine/Content/Maps/Entry_BuiltData.uasset" 2908
"../../../Engine/Content/Maps/Entry_BuiltData.uexp" 2909
"../../../Engine/Content/Maps/Entry.uexp" 2910
"../../../Engine/Content/Maps/Entry.umap" 2911
