"../../../Engine/Config/Android/DataDrivenPlatformInfo.ini" 1
"../../../Engine/Config/HoloLens/DataDrivenPlatformInfo.ini" 2
"../../../Engine/Config/IOS/DataDrivenPlatformInfo.ini" 3
"../../../Engine/Config/Base.ini" 4
"../../../Engine/Config/BaseEngine.ini" 5
"../../../Engine/Config/IOS/BaseIOSEngine.ini" 6
"D:/UE4t/Tutorial1/myGames/EndlessRunner/Config/DefaultEngine.ini" 7
"../../../Engine/Config/IOS/IOSEngine.ini" 8
"../../../Engine/Config/Linux/DataDrivenPlatformInfo.ini" 9
"../../../Engine/Config/LinuxAArch64/DataDrivenPlatformInfo.ini" 10
"../../../Engine/Config/Lumin/DataDrivenPlatformInfo.ini" 11
"../../../Engine/Config/Mac/DataDrivenPlatformInfo.ini" 12
"../../../Engine/Config/TVOS/DataDrivenPlatformInfo.ini" 13
"../../../Engine/Config/Windows/DataDrivenPlatformInfo.ini" 14
"D:/UE4t/Tutorial1/myGames/EndlessRunner/EndlessRunner.uproject" 15
"D:/UE4t/Tutorial1/myGames/EndlessRunner/Binaries/Win64/UE4Editor.modules" 16
"../../../Engine/Plugins/BlueprintFileUtils/BlueprintFileUtils.uplugin" 17
"../../../Engine/Plugins/XGEController/XGEController.uplugin" 18
"../../../Engine/Plugins/MeshPainting/MeshPainting.uplugin" 19
"../../../Engine/Plugins/ScriptPlugin/ScriptPlugin.uplugin" 20
"../../../Engine/Plugins/2D/Paper2D/Paper2D.uplugin" 21
"../../../Engine/Plugins/Animation/LiveLink/LiveLink.uplugin" 22
"../../../Engine/Plugins/Animation/LiveLinkCurveDebugUI/LiveLinkCurveDebugUI.uplugin" 23
"../../../Engine/Plugins/Animation/RigLogic/RigLogic.uplugin" 24
"../../../Engine/Plugins/AI/AISupport/AISupport.uplugin" 25
"../../../Engine/Plugins/AI/EnvironmentQueryEditor/EnvironmentQueryEditor.uplugin" 26
"../../../Engine/Plugins/AI/HTNPlanner/HTNPlanner.uplugin" 27
"../../../Engine/Plugins/AI/UE4ML/UE4ML.uplugin" 28
"../../../Engine/Plugins/Cameras/GameplayCameras/GameplayCameras.uplugin" 29
"../../../Engine/Plugins/Blendables/LightPropagationVolume/LightPropagationVolume.uplugin" 30
"../../../Engine/Plugins/Cameras/CameraShakePreviewer/CameraShakePreviewer.uplugin" 31
"../../../Engine/Plugins/Compositing/Composure/Composure.uplugin" 32
"../../../Engine/Plugins/Compositing/OpenCVLensDistortion/OpenCVLensDistortion.uplugin" 33
"../../../Engine/Plugins/Compositing/LensDistortion/LensDistortion.uplugin" 34
"../../../Engine/Plugins/Compression/OodleNetwork/OodleNetwork.uplugin" 35
"../../../Engine/Plugins/Compositing/OpenColorIO/OpenColorIO.uplugin" 36
"../../../Engine/Plugins/Compression/OodleData/OodleData.uplugin" 37
"../../../Engine/Plugins/Editor/AssetManagerEditor/AssetManagerEditor.uplugin" 38
"../../../Engine/Plugins/Editor/BlueprintMaterialTextureNodes/BlueprintMaterialTextureNodes.uplugin" 39
"../../../Engine/Plugins/Editor/DataValidation/DataValidation.uplugin" 40
"../../../Engine/Plugins/Editor/CurveEditorTools/CurveEditorTools.uplugin" 41
"../../../Engine/Plugins/Editor/EditorScriptingUtilities/EditorScriptingUtilities.uplugin" 42
"../../../Engine/Plugins/Editor/FacialAnimation/FacialAnimation.uplugin" 43
"../../../Engine/Plugins/Editor/CryptoKeys/CryptoKeys.uplugin" 44
"../../../Engine/Plugins/Editor/GLTFImporter/GLTFImporter.uplugin" 45
"../../../Engine/Plugins/Editor/GeometryMode/GeometryMode.uplugin" 46
"../../../Engine/Plugins/Editor/GameplayTagsEditor/GameplayTagsEditor.uplugin" 47
"../../../Engine/Plugins/Editor/MaterialAnalyzer/MaterialAnalyzer.uplugin" 48
"../../../Engine/Plugins/Editor/MacGraphicsSwitching/MacGraphicsSwitching.uplugin" 49
"../../../Engine/Plugins/Editor/AssetSearch/AssetSearch.uplugin" 50
"../../../Engine/Plugins/Editor/MeshEditor/MeshEditor.uplugin" 51
"../../../Engine/Plugins/Editor/SpeedTreeImporter/SpeedTreeImporter.uplugin" 52
"../../../Engine/Plugins/Editor/MobileLauncherProfileWizard/MobileLauncherProfileWizard.uplugin" 53
"../../../Engine/Plugins/Editor/PluginBrowser/PluginBrowser.uplugin" 54
"../../../Engine/Plugins/FX/CascadeToNiagaraConverter/CascadeToNiagaraConverter.uplugin" 55
"../../../Engine/Plugins/FX/Niagara/Niagara.uplugin" 56
"../../../Engine/Plugins/FX/NiagaraExtras/NiagaraExtras.uplugin" 57
"../../../Engine/Plugins/Enterprise/AxFImporter/AxFImporter.uplugin" 58
"../../../Engine/Plugins/Enterprise/DataprepEditor/DataprepEditor.uplugin" 59
"../../../Engine/Plugins/Enterprise/DatasmithC4DImporter/DatasmithC4DImporter.uplugin" 60
"../../../Engine/Plugins/Enterprise/DatasmithContent/DatasmithContent.uplugin" 61
"../../../Engine/Plugins/Enterprise/DatasmithCADImporter/DatasmithCADImporter.uplugin" 62
"../../../Engine/Plugins/Enterprise/DatasmithIFCImporter/DatasmithIFCImporter.uplugin" 63
"../../../Engine/Plugins/Animation/GameplayInsights/GameplayInsights.uplugin" 64
"../../../Engine/Plugins/Enterprise/LidarPointCloud/LidarPointCloud.uplugin" 65
"../../../Engine/Plugins/Enterprise/DatasmithFBXImporter/DatasmithFBXImporter.uplugin" 66
"../../../Engine/Plugins/Enterprise/StaticMeshEditorExtension/StaticMeshEditorExtension.uplugin" 67
"../../../Engine/Plugins/Enterprise/DatasmithImporter/DatasmithImporter.uplugin" 68
"../../../Engine/Plugins/Editor/StylusInput/StylusInput.uplugin" 69
"../../../Engine/Plugins/Enterprise/MDLImporter/MDLImporter.uplugin" 70
"../../../Engine/Plugins/Importers/AlembicHairImporter/AlembicHairImporter.uplugin" 71
"../../../Engine/Plugins/Importers/USDMultiUser/USDMultiUser.uplugin" 72
"../../../Engine/Plugins/Enterprise/VariantManagerContent/VariantManagerContent.uplugin" 73
"../../../Engine/Plugins/Importers/USDImporter/USDImporter.uplugin" 74
"../../../Engine/Plugins/Developer/CLionSourceCodeAccess/CLionSourceCodeAccess.uplugin" 75
"../../../Engine/Plugins/Developer/BlankPlugin/BlankPlugin.uplugin" 76
"../../../Engine/Plugins/Developer/AnimationSharing/AnimationSharing.uplugin" 77
"../../../Engine/Plugins/Enterprise/DatasmithGLTFImporter/DatasmithGLTFImporter.uplugin" 78
"../../../Engine/Plugins/Developer/CodeLiteSourceCodeAccess/CodeLiteSourceCodeAccess.uplugin" 79
"../../../Engine/Plugins/Developer/GitSourceControl/GitSourceControl.uplugin" 80
"../../../Engine/Plugins/Developer/PerforceSourceControl/PerforceSourceControl.uplugin" 81
"../../../Engine/Plugins/Developer/PlasticSourceControl/PlasticSourceControl.uplugin" 82
"../../../Engine/Plugins/Developer/KDevelopSourceCodeAccess/KDevelopSourceCodeAccess.uplugin" 83
"../../../Engine/Plugins/Developer/NullSourceCodeAccess/NullSourceCodeAccess.uplugin" 84
"../../../Engine/Plugins/Developer/PixWinPlugin/PixWinPlugin.uplugin" 85
"../../../Engine/Plugins/Developer/PluginUtils/PluginUtils.uplugin" 86
"../../../Engine/Plugins/Experimental/ActorPalette/ActorPalette.uplugin" 87
"../../../Engine/Plugins/Developer/PropertyAccessNode/PropertyAccessNode.uplugin" 88
"../../../Engine/Plugins/Experimental/AlembicImporter/AlembicImporter.uplugin" 89
"../../../Engine/Plugins/Experimental/AppleVision/AppleVision.uplugin" 90
"../../../Engine/Plugins/Developer/RenderDocPlugin/RenderDocPlugin.uplugin" 91
"../../../Engine/Plugins/Developer/RiderSourceCodeAccess/RiderSourceCodeAccess.uplugin" 92
"../../../Engine/Plugins/Experimental/BackChannel/BackChannel.uplugin" 93
"../../../Engine/Plugins/Experimental/BlastPlugin/BlastPlugin.uplugin" 94
"../../../Engine/Plugins/Developer/SubversionSourceControl/SubversionSourceControl.uplugin" 95
"../../../Engine/Plugins/Experimental/AutomationUtils/AutomationUtils.uplugin" 96
"../../../Engine/Plugins/Experimental/BlueprintStats/BlueprintStats.uplugin" 97
"../../../Engine/Plugins/Developer/TextureFormatOodle/TextureFormatOodle.uplugin" 98
"../../../Engine/Plugins/Developer/TraceDataFiltering/TraceDataFilters.uplugin" 99
"../../../Engine/Plugins/Experimental/ChaosCloth/ChaosCloth.uplugin" 100
"../../../Engine/Plugins/Experimental/ChaosClothEditor/ChaosClothEditor.uplugin" 101
"../../../Engine/Plugins/Developer/TraceSourceFiltering/TraceSourceFilters.uplugin" 102
"../../../Engine/Plugins/Developer/UObjectPlugin/UObjectPlugin.uplugin" 103
"../../../Engine/Plugins/Experimental/ChaosEditor/ChaosEditor.uplugin" 104
"../../../Engine/Plugins/Experimental/ChaosNiagara/ChaosNiagara.uplugin" 105
"../../../Engine/Plugins/Experimental/ChaosVehiclesPlugin/ChaosVehiclesPlugin.uplugin" 106
"../../../Engine/Plugins/Experimental/ChaosSolverPlugin/ChaosSolverPlugin.uplugin" 107
"../../../Engine/Plugins/Experimental/CodeView/CodeView.uplugin" 108
"../../../Engine/Plugins/Experimental/CharacterAI/CharacterAI.uplugin" 109
"../../../Engine/Plugins/Experimental/CodeEditor/CodeEditor.uplugin" 110
"../../../Engine/Plugins/Experimental/ChaosCaching/ChaosCaching.uplugin" 111
"../../../Engine/Plugins/Developer/OneSkyLocalizationService/OneSkyLocalizationService.uplugin" 112
"../../../Engine/Plugins/Experimental/ColorCorrectRegions/ColorCorrectRegions.uplugin" 113
"../../../Engine/Plugins/Experimental/EnhancedInput/EnhancedInput.uplugin" 114
"../../../Engine/Plugins/Experimental/CommonConversation/CommonConversation.uplugin" 115
"../../../Engine/Plugins/Experimental/FieldSystemPlugin/FieldSystemPlugin.uplugin" 116
"../../../Engine/Plugins/Developer/VisualStudioSourceCodeAccess/VisualStudioSourceCodeAccess.uplugin" 117
"../../../Engine/Plugins/Experimental/CommonUI/CommonUI.uplugin" 118
"../../../Engine/Plugins/Experimental/ControlRig/ControlRig.uplugin" 119
"../../../Engine/Plugins/Developer/XCodeSourceCodeAccess/XCodeSourceCodeAccess.uplugin" 120
"../../../Engine/Plugins/Experimental/FullBodyIK/FullBodyIK.uplugin" 121
"../../../Engine/Plugins/Experimental/Gauntlet/Gauntlet.uplugin" 122
"../../../Engine/Plugins/Experimental/GeometryCache/GeometryCache.uplugin" 123
"../../../Engine/Plugins/Experimental/GameFeatures/GameFeatures.uplugin" 124
"../../../Engine/Plugins/Experimental/GeometryCacheAbcFile/GeometryCacheAbcFile.uplugin" 125
"../../../Engine/Plugins/Experimental/GeometryCollectionPlugin/GeometryCollectionPlugin.uplugin" 126
"../../../Engine/Plugins/Marketplace/LowEntryExtStdLib/LowEntryExtStdLib.uplugin" 127
"../../../Engine/Plugins/Developer/VisualStudioCodeSourceCodeAccess/VisualStudioCodeSourceCodeAccess.uplugin" 128
"../../../Engine/Plugins/Lumin/MagicLeapBLE/MagicLeapBLE.uplugin" 129
"../../../Engine/Plugins/Lumin/LuminPlatformFeatures/LuminPlatformFeatures.uplugin" 130
"../../../Engine/Plugins/Lumin/MagicLeap/MagicLeap.uplugin" 131
"../../../Engine/Plugins/Lumin/MagicLeapConnections/MagicLeapConnections.uplugin" 132
"../../../Engine/Plugins/Lumin/MagicLeapCamera/MagicLeapCamera.uplugin" 133
"../../../Engine/Plugins/Lumin/MagicLeapContacts/MagicLeapContacts.uplugin" 134
"../../../Engine/Plugins/Lumin/MagicLeapDispatch/MagicLeapDispatch.uplugin" 135
"../../../Engine/Plugins/Lumin/MagicLeapLightEstimation/MagicLeapLightEstimation.uplugin" 136
"../../../Engine/Plugins/Lumin/MagicLeapLocation/MagicLeapLocation.uplugin" 137
"../../../Engine/Plugins/Lumin/MagicLeapMusicService/MagicLeapMusicService.uplugin" 138
"../../../Engine/Plugins/Lumin/MagicLeapMedia/MagicLeapMedia.uplugin" 139
"../../../Engine/Plugins/Lumin/MagicLeapMovement/MagicLeapMovement.uplugin" 140
"../../../Engine/Plugins/Marketplace/WindowsDialogBox/WindowsDialogBox.uplugin" 141
"../../../Engine/Plugins/Lumin/MagicLeapPassableWorld/MagicLeapPassableWorld.uplugin" 142
"../../../Engine/Plugins/Experimental/ExampleAssetEditor/ExampleAssetEditor.uplugin" 143
"../../../Engine/Plugins/Lumin/MagicLeapNetworking/MagicLeapNetworking.uplugin" 144
"../../../Engine/Plugins/Lumin/MagicLeapSharedFile/MagicLeapSharedFile.uplugin" 145
"../../../Engine/Plugins/Lumin/MagicLeapTablet/MagicLeapTablet.uplugin" 146
"../../../Engine/Plugins/Lumin/MLSDK/MLSDK.uplugin" 147
"../../../Engine/Plugins/Experimental/GeometryProcessing/GeometryProcessing.uplugin" 148
"../../../Engine/Plugins/Experimental/GPULightmass/GPULightmass.uplugin" 149
"../../../Engine/Plugins/Experimental/GizmoFramework/GizmoFramework.uplugin" 150
"../../../Engine/Plugins/Experimental/ImpostorBaker/ImpostorBaker.uplugin" 151
"../../../Engine/Plugins/Experimental/ImagePlate/ImagePlate.uplugin" 152
"../../../Engine/Plugins/Experimental/Landmass/Landmass.uplugin" 153
"../../../Engine/Plugins/Experimental/LiveLinkControlRig/LiveLinkControlRig.uplugin" 154
"../../../Engine/Plugins/Experimental/GizmoEdMode/GizmoEdMode.uplugin" 155
"../../../Engine/Plugins/Experimental/ModelingToolsEditorMode/ModelingToolsEditorMode.uplugin" 156
"../../../Engine/Plugins/Experimental/MeshModelingToolset/MeshModelingToolset.uplugin" 157
"../../../Engine/Plugins/Experimental/MotionTrailEditorMode/MotionTrailEditorMode.uplugin" 158
"../../../Engine/Plugins/Experimental/ModularGameplay/ModularGameplay.uplugin" 159
"../../../Engine/Plugins/Experimental/OpenImageDenoise/OpenImageDenoise.uplugin" 160
"../../../Engine/Plugins/Experimental/MotoSynth/MotoSynth.uplugin" 161
"../../../Engine/Plugins/Experimental/PlanarCutPlugin/PlanarCut.uplugin" 162
"../../../Engine/Plugins/Experimental/PanoramicCapture/PanoramicCapture.uplugin" 163
"../../../Engine/Plugins/Experimental/PlatformCrypto/PlatformCrypto.uplugin" 164
"../../../Engine/Plugins/Experimental/ProxyLODPlugin/ProxyLODPlugin.uplugin" 165
"../../../Engine/Plugins/Experimental/RemoteSession/RemoteSession.uplugin" 166
"../../../Engine/Plugins/Experimental/RawInput/RawInput.uplugin" 167
"../../../Engine/Plugins/Experimental/PythonScriptPlugin/PythonScriptPlugin.uplugin" 168
"../../../Engine/Plugins/Experimental/SampleToolsEditorMode/SampleToolsEditorMode.uplugin" 169
"../../../Engine/Plugins/Experimental/Shotgun/Shotgun.uplugin" 170
"../../../Engine/Plugins/Experimental/ShallowWater/ShallowWater.uplugin" 171
"../../../Engine/Plugins/Experimental/SimpleHMD/SimpleHMD.uplugin" 172
"../../../Engine/Plugins/Experimental/SkeletalReduction/SkeletalReduction.uplugin" 173
"../../../Engine/Plugins/Experimental/Text3D/Text3D.uplugin" 174
"../../../Engine/Plugins/Experimental/VirtualCamera/VirtualCamera.uplugin" 175
"../../../Engine/Plugins/Experimental/VirtualProductionUtilities/VirtualProductionUtilities.uplugin" 176
"../../../Engine/Plugins/Experimental/VirtualHeightfieldMesh/VirtualHeightfieldMesh.uplugin" 177
"../../../Engine/Plugins/Experimental/Volumetrics/Volumetrics.uplugin" 178
"../../../Engine/Plugins/Experimental/Water/Water.uplugin" 179
"../../../Engine/Plugins/Experimental/WebSocketNetworking/WebSocketNetworking.uplugin" 180
"../../../Engine/Plugins/Media/AjaMedia/AjaMedia.uplugin" 181
"../../../Engine/Plugins/Media/AndroidCamera/AndroidCamera.uplugin" 182
"../../../Engine/Plugins/Media/AndroidMedia/AndroidMedia.uplugin" 183
"../../../Engine/Plugins/Media/AppleProResMedia/AppleProResMedia.uplugin" 184
"../../../Engine/Plugins/Media/AvfMedia/AvfMedia.uplugin" 185
"../../../Engine/Plugins/Media/BinkMedia/BinkMedia.uplugin" 186
"../../../Engine/Plugins/Media/AudioCaptureTimecodeProvider/AudioCaptureTimecodeProvider.uplugin" 187
"../../../Engine/Plugins/Media/AvidDNxMedia/AvidDNxMedia.uplugin" 188
"../../../Engine/Plugins/Media/ElectraPlayer/ElectraPlayer.uplugin" 189
"../../../Engine/Plugins/Media/ElectraCDM/ElectraCDM.uplugin" 190
"../../../Engine/Plugins/Media/ElectraUtil/ElectraUtil.uplugin" 191
"../../../Engine/Plugins/Media/HAPMedia/HAPMedia.uplugin" 192
"../../../Engine/Plugins/Media/BlackmagicMedia/BlackmagicMedia.uplugin" 193
"../../../Engine/Plugins/Media/HLMedia/HLMedia.uplugin" 194
"../../../Engine/Plugins/Media/ImgMedia/ImgMedia.uplugin" 195
"../../../Engine/Plugins/Media/HardwareEncoders/HardwareEncoders.uplugin" 196
"../../../Engine/Plugins/Media/MediaCompositing/MediaCompositing.uplugin" 197
"../../../Engine/Plugins/Media/MediaFrameworkUtilities/MediaFrameworkUtilities.uplugin" 198
"../../../Engine/Plugins/Media/LinearTimecode/LinearTimecode.uplugin" 199
"../../../Engine/Plugins/Media/MediaIOFramework/MediaIOFramework.uplugin" 200
"../../../Engine/Plugins/Media/MediaMovieStreamer/MediaMovieStreamer.uplugin" 201
"../../../Engine/Plugins/Media/PixelStreaming/PixelStreaming.uplugin" 202
"../../../Engine/Plugins/Media/TimecodeSynchronizer/TimecodeSynchronizer.uplugin" 203
"../../../Engine/Plugins/Media/WebMMedia/WebMMedia.uplugin" 204
"../../../Engine/Plugins/Messaging/MessagingDebugger/MessagingDebugger.uplugin" 205
"../../../Engine/Plugins/Media/WmfMedia/WmfMedia.uplugin" 206
"../../../Engine/Plugins/Messaging/TcpMessaging/TcpMessaging.uplugin" 207
"../../../Engine/Plugins/Messaging/UdpMessaging/UdpMessaging.uplugin" 208
"../../../Engine/Plugins/Media/MediaPlayerEditor/MediaPlayerEditor.uplugin" 209
"../../../Engine/Plugins/MovieScene/ActorSequence/ActorSequence.uplugin" 210
"../../../Engine/Plugins/MovieScene/CustomizableSequencerTracks/CustomizableSequencerTracks.uplugin" 211
"../../../Engine/Plugins/NetcodeUnitTest/NetcodeUnitTest/NetcodeUnitTest.uplugin" 212
"../../../Engine/Plugins/Media/MfMedia/MfMedia.uplugin" 213
"../../../Engine/Plugins/MovieScene/LevelSequenceEditor/LevelSequenceEditor.uplugin" 214
"../../../Engine/Plugins/MovieScene/MovieRenderPipeline/MovieRenderPipeline.uplugin" 215
"../../../Engine/Plugins/MovieScene/ReplayTracks/ReplayTracks.uplugin" 216
"../../../Engine/Plugins/MovieScene/SequencerScripting/SequencerScripting.uplugin" 217
"../../../Engine/Plugins/MovieScene/MatineeToLevelSequence/MatineeToLevelSequence.uplugin" 218
"../../../Engine/Plugins/MovieScene/TemplateSequence/TemplateSequence.uplugin" 219
"../../../Engine/Plugins/Online/OnlineFramework/OnlineFramework.uplugin" 220
"../../../Engine/Plugins/NetcodeUnitTest/NUTUnrealEngine4/NUTUnrealEngine4.uplugin" 221
"../../../Engine/Plugins/Online/OnlineSubsystemApple/OnlineSubsystemApple.uplugin" 222
"../../../Engine/Plugins/Online/OnlineSubsystem/OnlineSubsystem.uplugin" 223
"../../../Engine/Plugins/Online/EOSShared/EOSShared.uplugin" 224
"../../../Engine/Plugins/Online/OnlineSubsystemFacebook/OnlineSubsystemFacebook.uplugin" 225
"../../../Engine/Plugins/Online/OnlineSubsystemNull/OnlineSubsystemNull.uplugin" 226
"../../../Engine/Plugins/Online/OnlineSubsystemAmazon/OnlineSubsystemAmazon.uplugin" 227
"../../../Engine/Plugins/Online/OnlineSubsystemEOS/OnlineSubsystemEOS.uplugin" 228
"../../../Engine/Plugins/Online/OnlineSubsystemOculus/OnlineSubsystemOculus.uplugin" 229
"../../../Engine/Plugins/Online/OnlineSubsystemGoogle/OnlineSubsystemGoogle.uplugin" 230
"../../../Engine/Plugins/Online/OnlineSubsystemSteam/OnlineSubsystemSteam.uplugin" 231
"../../../Engine/Plugins/Online/OnlineSubsystemTencent/OnlineSubsystemTencent.uplugin" 232
"../../../Engine/Plugins/Online/OnlineSubsystemUtils/OnlineSubsystemUtils.uplugin" 233
"../../../Engine/Plugins/Online/OnlineSubsystemTwitch/OnlineSubsystemTwitch.uplugin" 234
"../../../Engine/Plugins/Online/WebAuth/WebAuth.uplugin" 235
"../../../Engine/Plugins/Performance/PerformanceMonitor/PerformanceMonitor.uplugin" 236
"../../../Engine/Plugins/Portal/LauncherChunkInstaller/LauncherChunkInstaller.uplugin" 237
"../../../Engine/Plugins/Runtime/ActorLayerUtilities/ActorLayerUtilities.uplugin" 238
"../../../Engine/Plugins/Runtime/AndroidDeviceProfileSelector/AndroidDeviceProfileSelector.uplugin" 239
"../../../Engine/Plugins/Runtime/AndroidPermission/AndroidPermission.uplugin" 240
"../../../Engine/Plugins/Runtime/AnimDistanceMatching/AnimDistanceMatching.uplugin" 241
"../../../Engine/Plugins/Runtime/AndroidMoviePlayer/AndroidMoviePlayer.uplugin" 242
"../../../Engine/Plugins/Runtime/ApexDestruction/ApexDestruction.uplugin" 243
"../../../Engine/Plugins/MovieScene/MoviePipelineMaskRenderPass/MoviePipelineMaskRenderPass.uplugin" 244
"../../../Engine/Plugins/Runtime/AnimationBudgetAllocator/AnimationBudgetAllocator.uplugin" 245
"../../../Engine/Plugins/Runtime/AppleImageUtils/AppleImageUtils.uplugin" 246
"../../../Engine/Plugins/Runtime/AppleMoviePlayer/AppleMoviePlayer.uplugin" 247
"../../../Engine/Plugins/Runtime/ArchVisCharacter/ArchVisCharacter.uplugin" 248
"../../../Engine/Plugins/Runtime/AssetTags/AssetTags.uplugin" 249
"../../../Engine/Plugins/Runtime/AudioCapture/AudioCapture.uplugin" 250
"../../../Engine/Plugins/Runtime/AudioModulation/AudioModulation.uplugin" 251
"../../../Engine/Plugins/Runtime/AudioSynesthesia/AudioSynesthesia.uplugin" 252
"../../../Engine/Plugins/Runtime/CableComponent/CableComponent.uplugin" 253
"../../../Engine/Plugins/Runtime/ChunkDownloader/ChunkDownloader.uplugin" 254
"../../../Engine/Plugins/Runtime/EditableMesh/EditableMesh.uplugin" 255
"../../../Engine/Plugins/Runtime/DataRegistry/DataRegistry.uplugin" 256
"../../../Engine/Plugins/Runtime/CustomMeshComponent/CustomMeshComponent.uplugin" 257
"../../../Engine/Plugins/Runtime/Firebase/Firebase.uplugin" 258
"../../../Engine/Plugins/Runtime/ExampleDeviceProfileSelector/ExampleDeviceProfileSelector.uplugin" 259
"../../../Engine/Plugins/Runtime/GeoReferencing/GeoReferencing.uplugin" 260
"../../../Engine/Plugins/Runtime/GameplayAbilities/GameplayAbilities.uplugin" 261
"../../../Engine/Plugins/Runtime/GoogleCloudMessaging/GoogleCloudMessaging.uplugin" 262
"../../../Engine/Plugins/Runtime/GooglePAD/GooglePAD.uplugin" 263
"../../../Engine/Plugins/Runtime/HairStrands/HairStrands.uplugin" 264
"../../../Engine/Plugins/Slate/SlateInsights/SlateInsights.uplugin" 265
"../../../Engine/Plugins/Slate/SlateRemote/SlateRemote.uplugin" 266
"../../../Engine/Plugins/Runtime/HPMotionController/HPMotionController.uplugin" 267
"../../../Engine/Plugins/Runtime/HTTPChunkInstaller/HTTPChunkInstaller.uplugin" 268
"../../../Engine/Plugins/Runtime/HDRIBackdrop/HDRIBackdrop.uplugin" 269
"../../../Engine/Plugins/Runtime/IOSDeviceProfileSelector/IOSDeviceProfileSelector.uplugin" 270
"../../../Engine/Plugins/Runtime/IOSReplayKit/IOSReplayKit.uplugin" 271
"../../../Engine/Plugins/Runtime/LinuxDeviceProfileSelector/LinuxDeviceProfileSelector.uplugin" 272
"../../../Engine/Plugins/Runtime/LocationServicesAndroidImpl/LocationServicesAndroidImpl.uplugin" 273
"../../../Engine/Plugins/Runtime/LiveLinkOvernDisplay/LiveLinkOverNDisplay.uplugin" 274
"../../../Engine/Plugins/Runtime/LocationServicesBPLibrary/LocationServicesBPLibrary.uplugin" 275
"../../../Engine/Plugins/Tests/EditorTests/EditorTests.uplugin" 276
"../../../Engine/Plugins/Runtime/LocationServicesIOSImpl/LocationServicesIOSImpl.uplugin" 277
"../../../Engine/Plugins/Tests/FbxAutomationTestBuilder/FbxAutomationTestBuilder.uplugin" 278
"../../../Engine/Plugins/Tests/FunctionalTestingEditor/FunctionalTestingEditor.uplugin" 279
"../../../Engine/Plugins/Runtime/MicrosoftSpatialAudio/MicroSoftSpatialSound.uplugin" 280
"../../../Engine/Plugins/Tests/PythonAutomationTest/PythonAutomationTest.uplugin" 281
"../../../Engine/Plugins/Runtime/nDisplay/nDisplay.uplugin" 282
"../../../Engine/Plugins/Runtime/MobilePatchingUtils/MobilePatchingUtils.uplugin" 283
"../../../Engine/Plugins/Runtime/NetworkPrediction/NetworkPrediction.uplugin" 284
"../../../Engine/Plugins/Runtime/MixedRealityCaptureFramework/MixedRealityCaptureFramework.uplugin" 285
"../../../Engine/Plugins/Runtime/NetworkPredictionExtras/NetworkPredictionExtras.uplugin" 286
"../../../Engine/Plugins/Runtime/NetworkPredictionInsights/NetworkPredictionInsights.uplugin" 287
"../../../Engine/Plugins/Tests/RHITests/RHITests.uplugin" 288
"../../../Engine/Plugins/Runtime/MIDIDevice/MIDIDevice.uplugin" 289
"../../../Engine/Plugins/Tests/RuntimeTests/RuntimeTests.uplugin" 290
"../../../Engine/Plugins/Runtime/OpenXR/OpenXR.uplugin" 291
"../../../Engine/Plugins/Runtime/OpenXRHandTracking/OpenXRHandTracking.uplugin" 292
"../../../Engine/Plugins/Runtime/OpenXREyeTracker/OpenXREyeTracker.uplugin" 293
"../../../Engine/Plugins/Tests/ScreenshotTools/ScreenshotTools.uplugin" 294
"../../../Engine/Plugins/Runtime/OptionalMobileFeaturesBPLibrary/OptionalMobileFeaturesBPLibrary.uplugin" 295
"../../../Engine/Plugins/Runtime/OpenXRMsftHandInteraction/OpenXRMsftHandInteraction.uplugin" 296
"../../../Engine/Plugins/Runtime/PhysXVehicles/PhysXVehicles.uplugin" 297
"../../../Engine/Plugins/Runtime/OSC/OSC.uplugin" 298
"../../../Engine/Plugins/Runtime/PostSplashScreen/PostSplashScreen.uplugin" 299
"../../../Engine/Plugins/Runtime/OSCModulationMixing/OSCModulationMixing.uplugin" 300
"../../../Engine/Plugins/Runtime/ProceduralMeshComponent/ProceduralMeshComponent.uplugin" 301
"../../../Engine/Plugins/Runtime/PropertyAccess/PropertyAccessEditor.uplugin" 302
"../../../Engine/Plugins/Runtime/ReplicationGraph/ReplicationGraph.uplugin" 303
"../../../Engine/Plugins/Runtime/RuntimePhysXCooking/RuntimePhysXCooking.uplugin" 304
"../../../Engine/Plugins/Runtime/SoundCueTemplates/SoundCueTemplates.uplugin" 305
"../../../Engine/Plugins/Runtime/ResonanceAudio/ResonanceAudio.uplugin" 306
"../../../Engine/Plugins/Runtime/SoundFields/SoundFields.uplugin" 307
"../../../Engine/Plugins/Runtime/SoundMod/SoundMod.uplugin" 308
"../../../Engine/Plugins/Runtime/SoundVisualizations/SoundVisualizations.uplugin" 309
"../../../Engine/Plugins/Runtime/SoundUtilities/SoundUtilities.uplugin" 310
"../../../Engine/Plugins/Runtime/SignificanceManager/SignificanceManager.uplugin" 311
"../../../Engine/Plugins/Runtime/SunPosition/SunPosition.uplugin" 312
"../../../Engine/Plugins/Runtime/Synthesis/Synthesis.uplugin" 313
"../../../Engine/Plugins/Runtime/Spatialization/Spatialization.uplugin" 314
"../../../Engine/Plugins/Runtime/TextureShare/TextureShare.uplugin" 315
"../../../Engine/Plugins/Runtime/WarpUtils/WarpUtils.uplugin" 316
"../../../Engine/Plugins/Runtime/WebBrowserNativeProxy/WebBrowserNativeProxy.uplugin" 317
"../../../Engine/Plugins/Runtime/TimeSynth/TimeSynth.uplugin" 318
"../../../Engine/Plugins/Runtime/WebMMoviePlayer/WebMMoviePlayer.uplugin" 319
"../../../Engine/Plugins/Runtime/WebBrowserWidget/WebBrowserWidget.uplugin" 320
"../../../Engine/Plugins/Runtime/WindowsDeviceProfileSelector/WindowsDeviceProfileSelector.uplugin" 321
"../../../Engine/Plugins/Runtime/WindowsMixedReality/WindowsMixedReality.uplugin" 322
"../../../Engine/Plugins/VirtualProduction/CameraCalibration/CameraCalibration.uplugin" 323
"../../../Engine/Plugins/Runtime/WindowsMoviePlayer/WindowsMoviePlayer.uplugin" 324
"../../../Engine/Plugins/VirtualProduction/CameraCalibrationCore/CameraCalibrationCore.uplugin" 325
"../../../Engine/Plugins/VirtualProduction/CompositePlane/CompositePlane.uplugin" 326
"../../../Engine/Plugins/VirtualProduction/DataCharts/DataCharts.uplugin" 327
"../../../Engine/Plugins/VirtualProduction/ICVFX/ICVFX.uplugin" 328
"../../../Engine/Plugins/VirtualProduction/LiveLinkCamera/LiveLinkCamera.uplugin" 329
"../../../Engine/Plugins/VirtualProduction/LiveLinkFreeD/LiveLinkFreeD.uplugin" 330
"../../../Engine/Plugins/VirtualProduction/LevelSnapshots/LevelSnapshots.uplugin" 331
"../../../Engine/Plugins/VirtualProduction/LiveLinkLens/LiveLinkLens.uplugin" 332
"../../../Engine/Plugins/VirtualProduction/LiveLinkMasterLockit/LiveLinkMasterLockit.uplugin" 333
"../../../Engine/Plugins/VirtualProduction/LiveLinkPrestonMDR/LiveLinkPrestonMDR.uplugin" 334
"../../../Engine/Plugins/VirtualProduction/RemoteControl/RemoteControl.uplugin" 335
"../../../Engine/Plugins/VirtualProduction/LiveLinkVRPN/LiveLinkVRPN.uplugin" 336
"../../../Engine/Plugins/VirtualProduction/nDisplaySupportForLevelSnapshots/nDisplaySupportForLevelSnapshots.uplugin" 337
"../../../Engine/Plugins/Runtime/PreLoadScreenMoviePlayer/PreLoadScreenMoviePlayer.uplugin" 338
"../../../Engine/Plugins/VirtualProduction/MultiUserTakes/MultiUserTakes.uplugin" 339
"../../../Engine/Plugins/VirtualProduction/RemoteControlProtocolMIDI/RemoteControlProtocolMIDI.uplugin" 340
"../../../Engine/Plugins/VirtualProduction/RemoteControlInterception/RemoteControlInterception.uplugin" 341
"../../../Engine/Plugins/VirtualProduction/RemoteControlProtocolOSC/RemoteControlProtocolOSC.uplugin" 342
"../../../Engine/Plugins/VirtualProduction/RemoteControlProtocolDMX/RemoteControlProtocolDMX.uplugin" 343
"../../../Engine/Plugins/VirtualProduction/RemoteControlWebInterface/RemoteControlWebInterface.uplugin" 344
"../../../Engine/Plugins/VirtualProduction/Switchboard/Switchboard.uplugin" 345
"../../../Engine/Plugins/VirtualProduction/Takes/Takes.uplugin" 346
"../../../Engine/Plugins/VirtualProduction/TimedDataMonitor/TimedDataMonitor.uplugin" 347
"../../../Engine/Plugins/Enterprise/VariantManager/VariantManager.uplugin" 348
"../../../Engine/Plugins/VirtualProduction/LiveLinkXR/LiveLinkXR.uplugin" 349
"../../../Engine/Plugins/VirtualProduction/StageMonitoring/StageMonitoring.uplugin" 350
"../../../Engine/Plugins/Editor/ContentBrowser/ContentBrowserAssetDataSource/ContentBrowserAssetDataSource.uplugin" 351
"../../../Engine/Plugins/Editor/ContentBrowser/ContentBrowserFileDataSource/ContentBrowserFileDataSource.uplugin" 352
"../../../Engine/Plugins/Editor/ContentBrowser/ContentBrowserClassDataSource/ContentBrowserClassDataSource.uplugin" 353
"../../../Engine/Plugins/Developer/Concert/ConcertMain/ConcertMain.uplugin" 354
"../../../Engine/Plugins/Developer/Concert/DisasterRecoveryClient/DisasterRecoveryClient.uplugin" 355
"../../../Engine/Plugins/Developer/Concert/MultiUserClient/MultiUserClient.uplugin" 356
"../../../Engine/Plugins/Experimental/AR/PointCloud/PointCloud.uplugin" 357
"../../../Engine/Plugins/Experimental/Enterprise/DataprepGeometryOperations/DataprepGeometryOperations.uplugin" 358
"../../../Engine/Plugins/Experimental/VirtualProduction/LedWallCalibration/LedWallCalibration.uplugin" 359
"../../../Engine/Plugins/Online/Android/OnlineSubsystemGameCircle/OnlineSubsystemGameCircle.uplugin" 360
"../../../Engine/Plugins/Experimental/Enterprise/DatasmithRuntime/DatasmithRuntime.uplugin" 361
"../../../Engine/Plugins/Online/Android/OnlineSubsystemGooglePlay/OnlineSubsystemGooglePlay.uplugin" 362
"../../../Engine/Plugins/Online/IOS/OnlineSubsystemIOS/OnlineSubsystemIOS.uplugin" 363
"../../../Engine/Plugins/Online/VoiceChat/EOSVoiceChat/EOSVoiceChat.uplugin" 364
"../../../Engine/Plugins/Online/VoiceChat/VoiceChat/VoiceChat.uplugin" 365
"../../../Engine/Plugins/Online/VoiceChat/VivoxVoiceChat/VivoxVoiceChat.uplugin" 366
"../../../Engine/Plugins/Runtime/Analytics/Adjust/Adjust.uplugin" 367
"../../../Engine/Plugins/Runtime/Analytics/AnalyticsBlueprintLibrary/AnalyticsBlueprintLibrary.uplugin" 368
"../../../Engine/Plugins/Runtime/Analytics/AnalyticsMulticast/AnalyticsMulticast.uplugin" 369
"../../../Engine/Plugins/Runtime/Analytics/FileLogging/FileLogging.uplugin" 370
"../../../Engine/Plugins/Runtime/Analytics/Flurry/Flurry.uplugin" 371
"../../../Engine/Plugins/Runtime/Advertising/IOSTapJoy/IOSTapJoy.uplugin" 372
"../../../Engine/Plugins/Runtime/AR/AzureSpatialAnchors/AzureSpatialAnchors.uplugin" 373
"../../../Engine/Plugins/Runtime/AR/ARUtilities/ARUtilities.uplugin" 374
"../../../Engine/Plugins/Runtime/AR/AzureSpatialAnchorsForARKit/AzureSpatialAnchorsForARKit.uplugin" 375
"../../../Engine/Plugins/Runtime/AR/AzureSpatialAnchorsForARCore/AzureSpatialAnchorsForARCore.uplugin" 376
"../../../Engine/Plugins/Runtime/AR/AzureSpatialAnchorsForWMR/AzureSpatialAnchorsForWMR.uplugin" 377
"../../../Engine/Plugins/Runtime/Database/ADOSupport/ADOSupport.uplugin" 378
"../../../Engine/Plugins/Runtime/Database/DatabaseSupport/DatabaseSupport.uplugin" 379
"../../../Engine/Plugins/Runtime/Database/SQLiteCore/SQLiteCore.uplugin" 380
"../../../Engine/Plugins/Runtime/Database/RemoteDatabaseSupport/RemoteDatabaseSupport.uplugin" 381
"../../../Engine/Plugins/Runtime/Database/SQLiteSupport/SQLiteSupport.uplugin" 382
"../../../Engine/Plugins/Runtime/GoogleVR/GoogleVRController/GoogleVRController.uplugin" 383
"../../../Engine/Plugins/Runtime/GoogleVR/GoogleVRTransition2D/GoogleVRTransition2D.uplugin" 384
"../../../Engine/Plugins/Runtime/GoogleVR/GoogleVRHMD/GoogleVRHMD.uplugin" 385
"../../../Engine/Plugins/Runtime/MeshReconstruction/DummyMeshReconstructor/DummyMeshReconstructor.uplugin" 386
"../../../Engine/Plugins/Runtime/Nvidia/Ansel/Ansel.uplugin" 387
"../../../Engine/Plugins/Runtime/Nvidia/Reflex/Reflex.uplugin" 388
"../../../Engine/Plugins/Runtime/Oculus/OculusAudio/OculusAudio.uplugin" 389
"../../../Engine/Plugins/Runtime/Oculus/OculusOpenXR/OculusOpenXR.uplugin" 390
"../../../Engine/Plugins/Runtime/Oculus/OculusVR/OculusVR.uplugin" 391
"../../../Engine/Plugins/Runtime/PacketHandlers/AESGCMHandlerComponent/AESGCMHandlerComponent.uplugin" 392
"../../../Engine/Plugins/Runtime/PacketHandlers/AESHandlerComponent/AESHandlerComponent.uplugin" 393
"../../../Engine/Plugins/Runtime/PacketHandlers/DTLSHandlerComponent/DTLSHandlerComponent.uplugin" 394
"../../../Engine/Plugins/Runtime/Steam/SteamAudio/SteamAudio.uplugin" 395
"../../../Engine/Plugins/Runtime/Steam/SteamController/SteamController.uplugin" 396
"../../../Engine/Plugins/Runtime/Steam/SteamShared/SteamShared.uplugin" 397
"../../../Engine/Plugins/Runtime/Steam/SteamSockets/SteamSockets.uplugin" 398
"../../../Engine/Plugins/Runtime/Windows/WinDualShock/WinDualShock.uplugin" 399
"../../../Engine/Plugins/Runtime/Steam/SteamVR/SteamVR.uplugin" 400
"../../../Engine/Plugins/Runtime/XR/XRVisualization/XRVisualization.uplugin" 401
"../../../Engine/Plugins/VirtualProduction/DMX/DMXDisplayCluster/DMXDisplayCluster.uplugin" 402
"../../../Engine/Plugins/VirtualProduction/DMX/DMXEngine/DMXEngine.uplugin" 403
"../../../Engine/Plugins/VirtualProduction/DMX/DMXFixtures/DMXFixtures.uplugin" 404
"../../../Engine/Plugins/VirtualProduction/DMX/DMXProtocol/DMXProtocol.uplugin" 405
"../../../Engine/Plugins/VirtualProduction/DMX/DMXPixelMapping/DMXPixelMapping.uplugin" 406
"../../../Engine/Plugins/Developer/Concert/ConcertSync/ConcertSyncCore/ConcertSyncCore.uplugin" 407
"../../../Engine/Plugins/Developer/Concert/ConcertSync/ConcertSyncClient/ConcertSyncClient.uplugin" 408
"../../../Engine/Plugins/Developer/Concert/ConcertSync/ConcertSyncServer/ConcertSyncServer.uplugin" 409
"../../../Engine/Plugins/Developer/Concert/ConcertSync/ConcertSyncTest/ConcertSyncTest.uplugin" 410
"../../../Engine/Plugins/Runtime/AR/AppleAR/AppleARKit/AppleARKit.uplugin" 411
"../../../Engine/Plugins/Runtime/AR/AppleAR/AppleARKitFaceSupport/AppleARKitFaceSupport.uplugin" 412
"../../../Engine/Plugins/Runtime/AR/Google/GoogleARCoreServices/GoogleARCoreServices.uplugin" 413
"../../../Engine/Plugins/Runtime/AR/Microsoft/HoloLensAR/HoloLensAR.uplugin" 414
"../../../Engine/Plugins/Runtime/AR/Google/GoogleARCore/GoogleARCore.uplugin" 415
"../../../Engine/Content/Internationalization/icudt64l/cnvalias.icu" 416
"../../../Engine/Content/Internationalization/icudt64l/res_index.res" 417
"../../../Engine/Content/Internationalization/icudt64l/plurals.res" 418
"../../../Engine/Content/Internationalization/icudt64l/lang/en.res" 419
"../../../Engine/Content/Internationalization/icudt64l/lang/pool.res" 420
"../../../Engine/Content/Internationalization/icudt64l/lang/root.res" 421
"../../../Engine/Content/Internationalization/icudt64l/region/en.res" 422
"../../../Engine/Content/Internationalization/icudt64l/region/pool.res" 423
"../../../Engine/Content/Internationalization/icudt64l/region/root.res" 424
"../../../Engine/Content/Internationalization/icudt64l/windowsZones.res" 425
"../../../Engine/Content/Internationalization/icudt64l/zoneinfo64.res" 426
"../../../Engine/Content/Internationalization/icudt64l/keyTypeData.res" 427
"../../../Engine/Content/Internationalization/icudt64l/timezoneTypes.res" 428
"../../../Engine/Content/Internationalization/icudt64l/likelySubtags.res" 429
"../../../Engine/Content/Internationalization/icudt64l/en_US.res" 430
"../../../Engine/Content/Internationalization/icudt64l/pool.res" 431
"../../../Engine/Content/Internationalization/icudt64l/en.res" 432
"../../../Engine/Content/Internationalization/icudt64l/root.res" 433
"../../../Engine/Content/Internationalization/icudt64l/supplementalData.res" 434
"C:/Users/shashinda adithya/AppData/Local/UnrealEngine/4.27/Saved/Config/Windows/Manifest.ini" 435
"../../../Engine/Config/Windows/BaseWindowsEngine.ini" 436
"../../../Engine/Config/Windows/WindowsEngine.ini" 437
"D:/UE4t/Tutorial1/myGames/EndlessRunner/Saved/Config/Windows/Engine.ini" 438
"../../../Engine/Config/BaseGame.ini" 439
"D:/UE4t/Tutorial1/myGames/EndlessRunner/Config/DefaultGame.ini" 440
"../../../Engine/Config/Windows/WindowsGame.ini" 441
"D:/UE4t/Tutorial1/myGames/EndlessRunner/Saved/Config/Windows/Game.ini" 442
"../../../Engine/Config/BaseInput.ini" 443
"D:/UE4t/Tutorial1/myGames/EndlessRunner/Saved/Config/Windows/Input.ini" 444
"../../../Engine/Config/BaseEditor.ini" 445
"D:/UE4t/Tutorial1/myGames/EndlessRunner/Config/DefaultEditor.ini" 446
"D:/UE4t/Tutorial1/myGames/EndlessRunner/Saved/Config/Windows/Editor.ini" 447
"../../../Engine/Config/BaseEditorPerProjectUserSettings.ini" 448
"D:/UE4t/Tutorial1/myGames/EndlessRunner/Saved/Config/Windows/EditorPerProjectUserSettings.ini" 449
"../../../Engine/Config/BaseEditorSettings.ini" 450
"C:/Users/shashinda adithya/AppData/Local/UnrealEngine/4.27/Saved/Config/Windows/EditorSettings.ini" 451
"../../../Engine/Config/BaseEditorKeyBindings.ini" 452
"C:/Users/shashinda adithya/AppData/Local/UnrealEngine/4.27/Saved/Config/Windows/EditorKeyBindings.ini" 453
"C:/Users/shashinda adithya/AppData/Local/UnrealEngine/4.27/Saved/Config/Windows/EditorLayout.ini" 454
"../../../Engine/Config/BaseCompat.ini" 455
"D:/UE4t/Tutorial1/myGames/EndlessRunner/Saved/Config/Windows/Compat.ini" 456
"../../../Engine/Config/BaseLightmass.ini" 457
"D:/UE4t/Tutorial1/myGames/EndlessRunner/Saved/Config/Windows/Lightmass.ini" 458
"../../../Engine/Config/BaseScalability.ini" 459
"D:/UE4t/Tutorial1/myGames/EndlessRunner/Saved/Config/Windows/Scalability.ini" 460
"../../../Engine/Config/BaseHardware.ini" 461
"D:/UE4t/Tutorial1/myGames/EndlessRunner/Saved/Config/Windows/Hardware.ini" 462
"../../../Engine/Config/BaseRuntimeOptions.ini" 463
"D:/UE4t/Tutorial1/myGames/EndlessRunner/Saved/Config/Windows/RuntimeOptions.ini" 464
"../../../Engine/Config/BaseInstallBundle.ini" 465
"../../../Engine/Config/BaseDeviceProfiles.ini" 466
"D:/UE4t/Tutorial1/myGames/EndlessRunner/Saved/Config/Windows/DeviceProfiles.ini" 467
"../../../Engine/Config/BaseGameUserSettings.ini" 468
"D:/UE4t/Tutorial1/myGames/EndlessRunner/Saved/Config/Windows/GameUserSettings.ini" 469
"D:/UE4t/Tutorial1/myGames/EndlessRunner/Binaries/Win64/EndlessRunner.target" 470
"D:/UE4t/Tutorial1/myGames/EndlessRunner/Binaries/Win64/EndlessRunnerEditor.target" 471
"../../../Engine/Plugins/2D/Paper2D/Config/BasePaper2D.ini" 472
"D:/UE4t/Tutorial1/myGames/EndlessRunner/Saved/Config/Windows/Paper2D.ini" 473
"../../../Engine/Plugins/Animation/LiveLink/Config/BaseLiveLink.ini" 474
"D:/UE4t/Tutorial1/myGames/EndlessRunner/Saved/Config/Windows/LiveLink.ini" 475
"../../../Engine/Plugins/FX/Niagara/Config/BaseNiagara.ini" 476
"D:/UE4t/Tutorial1/myGames/EndlessRunner/Saved/Config/Windows/Niagara.ini" 477
"../../../Engine/Plugins/Enterprise/VariantManagerContent/Config/BaseVariantManagerContent.ini" 478
"D:/UE4t/Tutorial1/myGames/EndlessRunner/Saved/Config/Windows/VariantManagerContent.ini" 479
"../../../Engine/Plugins/Lumin/MagicLeap/Config/BaseMagicLeap.ini" 480
"D:/UE4t/Tutorial1/myGames/EndlessRunner/Saved/Config/Windows/MagicLeap.ini" 481
"../../../Engine/Plugins/Lumin/MagicLeapLightEstimation/Config/BaseMagicLeapLightEstimation.ini" 482
"D:/UE4t/Tutorial1/myGames/EndlessRunner/Saved/Config/Windows/MagicLeapLightEstimation.ini" 483
"../../../Engine/Plugins/Experimental/MotoSynth/Config/BaseMotoSynth.ini" 484
"D:/UE4t/Tutorial1/myGames/EndlessRunner/Saved/Config/Windows/MotoSynth.ini" 485
"../../../Engine/Plugins/Runtime/PhysXVehicles/Config/BasePhysXVehicles.ini" 486
"D:/UE4t/Tutorial1/myGames/EndlessRunner/Saved/Config/Windows/PhysXVehicles.ini" 487
"../../../Engine/Plugins/Runtime/PostSplashScreen/Config/BasePostSplashScreen.ini" 488
"D:/UE4t/Tutorial1/myGames/EndlessRunner/Saved/Config/Windows/PostSplashScreen.ini" 489
"../../../Engine/Plugins/Runtime/Synthesis/Config/BaseSynthesis.ini" 490
"D:/UE4t/Tutorial1/myGames/EndlessRunner/Saved/Config/Windows/Synthesis.ini" 491
"../../../Engine/Plugins/Runtime/Oculus/OculusVR/Config/BaseOculusVR.ini" 492
"D:/UE4t/Tutorial1/myGames/EndlessRunner/Saved/Config/Windows/OculusVR.ini" 493
"../../../Engine/Plugins/MeshPainting/Binaries/Win64/UE4Editor.modules" 494
"../../../Engine/Plugins/Experimental/GeometryProcessing/Binaries/Win64/UE4Editor.modules" 495
"../../../Engine/Plugins/XGEController/Binaries/Win64/UE4Editor.modules" 496
"../../../Engine/Plugins/2D/Paper2D/Binaries/Win64/UE4Editor.modules" 497
"../../../Engine/Plugins/AI/AISupport/Binaries/Win64/UE4Editor.modules" 498
"../../../Engine/Plugins/AI/EnvironmentQueryEditor/Binaries/Win64/UE4Editor.modules" 499
"../../../Engine/Plugins/Cameras/GameplayCameras/Binaries/Win64/UE4Editor.modules" 500
"../../../Engine/Plugins/MovieScene/TemplateSequence/Binaries/Win64/UE4Editor.modules" 501
"../../../Engine/Plugins/MovieScene/LevelSequenceEditor/Binaries/Win64/UE4Editor.modules" 502
"../../../Engine/Plugins/Cameras/CameraShakePreviewer/Binaries/Win64/UE4Editor.modules" 503
"../../../Engine/Plugins/Blendables/LightPropagationVolume/Binaries/Win64/UE4Editor.modules" 504
"../../../Engine/Plugins/Compression/OodleNetwork/Binaries/Win64/UE4Editor.modules" 505
"../../../Engine/Plugins/Compression/OodleData/Binaries/Win64/UE4Editor.modules" 506
"../../../Engine/Plugins/Editor/AssetManagerEditor/Binaries/Win64/UE4Editor.modules" 507
"../../../Engine/Plugins/Editor/CurveEditorTools/Binaries/Win64/UE4Editor.modules" 508
"../../../Engine/Plugins/Editor/DataValidation/Binaries/Win64/UE4Editor.modules" 509
"../../../Engine/Plugins/Editor/FacialAnimation/Binaries/Win64/UE4Editor.modules" 510
"../../../Engine/Plugins/Editor/CryptoKeys/Binaries/Win64/UE4Editor.modules" 511
"../../../Engine/Plugins/Editor/GameplayTagsEditor/Binaries/Win64/UE4Editor.modules" 512
"../../../Engine/Plugins/Editor/GeometryMode/Binaries/Win64/UE4Editor.modules" 513
"../../../Engine/Plugins/Editor/MaterialAnalyzer/Binaries/Win64/UE4Editor.modules" 514
"../../../Engine/Plugins/Editor/MobileLauncherProfileWizard/Binaries/Win64/UE4Editor.modules" 515
"../../../Engine/Plugins/Editor/PluginBrowser/Binaries/Win64/UE4Editor.modules" 516
"../../../Engine/Plugins/Developer/PluginUtils/Binaries/Win64/UE4Editor.modules" 517
"../../../Engine/Plugins/Editor/SpeedTreeImporter/Binaries/Win64/UE4Editor.modules" 518
"../../../Engine/Plugins/Enterprise/DatasmithContent/Binaries/Win64/UE4Editor.modules" 519
"../../../Engine/Plugins/Enterprise/VariantManagerContent/Binaries/Win64/UE4Editor.modules" 520
"../../../Engine/Plugins/Developer/AnimationSharing/Binaries/Win64/UE4Editor.modules" 521
"../../../Engine/Plugins/Runtime/SignificanceManager/Binaries/Win64/UE4Editor.modules" 522
"../../../Engine/Plugins/Developer/CLionSourceCodeAccess/Binaries/Win64/UE4Editor.modules" 523
"../../../Engine/Plugins/Developer/GitSourceControl/Binaries/Win64/UE4Editor.modules" 524
"../../../Engine/Plugins/Developer/PerforceSourceControl/Binaries/Win64/UE4Editor.modules" 525
"../../../Engine/Plugins/Developer/PlasticSourceControl/Binaries/Win64/UE4Editor.modules" 526
"../../../Engine/Plugins/Developer/PixWinPlugin/Binaries/Win64/UE4Editor.modules" 527
"../../../Engine/Plugins/Developer/PropertyAccessNode/Binaries/Win64/UE4Editor.modules" 528
"../../../Engine/Plugins/Runtime/PropertyAccess/Binaries/Win64/UE4Editor.modules" 529
"../../../Engine/Plugins/Experimental/AlembicImporter/Binaries/Win64/UE4Editor.modules" 530
"../../../Engine/Plugins/Experimental/GeometryCache/Binaries/Win64/UE4Editor.modules" 531
"../../../Engine/Plugins/Experimental/AutomationUtils/Binaries/Win64/UE4Editor.modules" 532
"../../../Engine/Plugins/Tests/ScreenshotTools/Binaries/Win64/UE4Editor.modules" 533
"../../../Engine/Plugins/Developer/RiderSourceCodeAccess/Binaries/Win64/UE4Editor.modules" 534
"../../../Engine/Plugins/Experimental/BackChannel/Binaries/Win64/UE4Editor.modules" 535
"../../../Engine/Plugins/Developer/SubversionSourceControl/Binaries/Win64/UE4Editor.modules" 536
"../../../Engine/Plugins/Developer/TextureFormatOodle/Binaries/Win64/UE4Editor.modules" 537
"../../../Engine/Plugins/Experimental/ChaosCloth/Binaries/Win64/UE4Editor.modules" 538
"../../../Engine/Plugins/Experimental/ChaosClothEditor/Binaries/Win64/UE4Editor.modules" 539
"../../../Engine/Plugins/Developer/UObjectPlugin/Binaries/Win64/UE4Editor.modules" 540
"../../../Engine/Plugins/Experimental/ChaosEditor/Binaries/Win64/UE4Editor.modules" 541
"../../../Engine/Plugins/Experimental/PlanarCutPlugin/Binaries/Win64/UE4Editor.modules" 542
"../../../Engine/Plugins/Runtime/EditableMesh/Binaries/Win64/UE4Editor.modules" 543
"../../../Engine/Plugins/Experimental/GeometryCollectionPlugin/Binaries/Win64/UE4Editor.modules" 544
"../../../Engine/Plugins/Runtime/ProceduralMeshComponent/Binaries/Win64/UE4Editor.modules" 545
"../../../Engine/Plugins/Experimental/ChaosSolverPlugin/Binaries/Win64/UE4Editor.modules" 546
"../../../Engine/Plugins/Experimental/ChaosNiagara/Binaries/Win64/UE4Editor.modules" 547
"../../../Engine/Plugins/FX/Niagara/Binaries/Win64/UE4Editor.modules" 548
"../../../Engine/Plugins/Experimental/PythonScriptPlugin/Binaries/Win64/UE4Editor.modules" 549
"../../../Engine/Plugins/Editor/ContentBrowser/ContentBrowserFileDataSource/Binaries/Win64/UE4Editor.modules" 550
"../../../Engine/Plugins/Experimental/CharacterAI/Binaries/Win64/UE4Editor.modules" 551
"../../../Engine/Plugins/Developer/VisualStudioSourceCodeAccess/Binaries/Win64/UE4Editor.modules" 552
"../../../Engine/Plugins/Developer/VisualStudioCodeSourceCodeAccess/Binaries/Win64/UE4Editor.modules" 553
"../../../Engine/Plugins/Lumin/MagicLeap/Binaries/Win64/UE4Editor.modules" 554
"../../../Engine/Plugins/Lumin/MLSDK/Binaries/Win64/UE4Editor.modules" 555
"../../../Engine/Plugins/Lumin/MagicLeapPassableWorld/Binaries/Win64/UE4Editor.modules" 556
"../../../Engine/Plugins/Lumin/MagicLeapLightEstimation/Binaries/Win64/UE4Editor.modules" 557
"../../../Engine/Plugins/Lumin/MagicLeapMedia/Binaries/Win64/UE4Editor.modules" 558
"../../../Engine/Plugins/Experimental/MotoSynth/Binaries/Win64/UE4Editor.modules" 559
"../../../Engine/Plugins/Experimental/OpenImageDenoise/Binaries/Win64/UE4Editor.modules" 560
"../../../Engine/Plugins/Experimental/PlatformCrypto/Binaries/Win64/UE4Editor.modules" 561
"../../../Engine/Plugins/Experimental/ProxyLODPlugin/Binaries/Win64/UE4Editor.modules" 562
"../../../Engine/Plugins/Experimental/SkeletalReduction/Binaries/Win64/UE4Editor.modules" 563
"../../../Engine/Plugins/Media/AndroidMedia/Binaries/Win64/UE4Editor.modules" 564
"../../../Engine/Plugins/Media/AvfMedia/Binaries/Win64/UE4Editor.modules" 565
"../../../Engine/Plugins/Media/ImgMedia/Binaries/Win64/UE4Editor.modules" 566
"../../../Engine/Plugins/Media/MediaCompositing/Binaries/Win64/UE4Editor.modules" 567
"../../../Engine/Plugins/Media/MediaPlayerEditor/Binaries/Win64/UE4Editor.modules" 568
"../../../Engine/Plugins/Media/WmfMedia/Binaries/Win64/UE4Editor.modules" 569
"../../../Engine/Plugins/Messaging/TcpMessaging/Binaries/Win64/UE4Editor.modules" 570
"../../../Engine/Plugins/Messaging/UdpMessaging/Binaries/Win64/UE4Editor.modules" 571
"../../../Engine/Plugins/MovieScene/ActorSequence/Binaries/Win64/UE4Editor.modules" 572
"../../../Engine/Plugins/MovieScene/MatineeToLevelSequence/Binaries/Win64/UE4Editor.modules" 573
"../../../Engine/Plugins/Online/OnlineSubsystem/Binaries/Win64/UE4Editor.modules" 574
"../../../Engine/Plugins/Online/OnlineSubsystemNull/Binaries/Win64/UE4Editor.modules" 575
"../../../Engine/Plugins/Online/OnlineSubsystemUtils/Binaries/Win64/UE4Editor.modules" 576
"../../../Engine/Plugins/Portal/LauncherChunkInstaller/Binaries/Win64/UE4Editor.modules" 577
"../../../Engine/Plugins/Runtime/AndroidDeviceProfileSelector/Binaries/Win64/UE4Editor.modules" 578
"../../../Engine/Plugins/Runtime/ActorLayerUtilities/Binaries/Win64/UE4Editor.modules" 579
"../../../Engine/Plugins/Runtime/AndroidPermission/Binaries/Win64/UE4Editor.modules" 580
"../../../Engine/Plugins/Runtime/AppleImageUtils/Binaries/Win64/UE4Editor.modules" 581
"../../../Engine/Plugins/Runtime/ArchVisCharacter/Binaries/Win64/UE4Editor.modules" 582
"../../../Engine/Plugins/Runtime/AssetTags/Binaries/Win64/UE4Editor.modules" 583
"../../../Engine/Plugins/Runtime/AudioCapture/Binaries/Win64/UE4Editor.modules" 584
"../../../Engine/Plugins/Runtime/CableComponent/Binaries/Win64/UE4Editor.modules" 585
"../../../Engine/Plugins/Runtime/ChunkDownloader/Binaries/Win64/UE4Editor.modules" 586
"../../../Engine/Plugins/Runtime/CustomMeshComponent/Binaries/Win64/UE4Editor.modules" 587
"../../../Engine/Plugins/Runtime/ExampleDeviceProfileSelector/Binaries/Win64/UE4Editor.modules" 588
"../../../Engine/Plugins/Runtime/GooglePAD/Binaries/Win64/UE4Editor.modules" 589
"../../../Engine/Plugins/Runtime/LocationServicesBPLibrary/Binaries/Win64/UE4Editor.modules" 590
"../../../Engine/Plugins/Runtime/MobilePatchingUtils/Binaries/Win64/UE4Editor.modules" 591
"../../../Engine/Plugins/Runtime/OpenXR/Binaries/Win64/UE4Editor.modules" 592
"../../../Engine/Plugins/Runtime/OpenXREyeTracker/Binaries/Win64/UE4Editor.modules" 593
"../../../Engine/Plugins/Runtime/OpenXRHandTracking/Binaries/Win64/UE4Editor.modules" 594
"../../../Engine/Plugins/Animation/LiveLink/Binaries/Win64/UE4Editor.modules" 595
"../../../Engine/Plugins/VirtualProduction/Takes/Binaries/Win64/UE4Editor.modules" 596
"../../../Engine/Plugins/Runtime/PhysXVehicles/Binaries/Win64/UE4Editor.modules" 597
"../../../Engine/Plugins/Runtime/RuntimePhysXCooking/Binaries/Win64/UE4Editor.modules" 598
"../../../Engine/Plugins/Runtime/SoundFields/Binaries/Win64/UE4Editor.modules" 599
"../../../Engine/Plugins/Runtime/Synthesis/Binaries/Win64/UE4Editor.modules" 600
"../../../Engine/Plugins/Runtime/AudioSynesthesia/Binaries/Win64/UE4Editor.modules" 601
"../../../Engine/Plugins/Runtime/WebMMoviePlayer/Binaries/Win64/UE4Editor.modules" 602
"../../../Engine/Plugins/Media/WebMMedia/Binaries/Win64/UE4Editor.modules" 603
"../../../Engine/Plugins/Runtime/WindowsMoviePlayer/Binaries/Win64/UE4Editor.modules" 604
"../../../Engine/Plugins/Editor/ContentBrowser/ContentBrowserAssetDataSource/Binaries/Win64/UE4Editor.modules" 605
"../../../Engine/Plugins/Editor/ContentBrowser/ContentBrowserClassDataSource/Binaries/Win64/UE4Editor.modules" 606
"../../../Engine/Plugins/Runtime/Oculus/OculusVR/Binaries/Win64/UE4Editor.modules" 607
"../../../Engine/Plugins/Runtime/Steam/SteamVR/Binaries/Win64/UE4Editor.modules" 608
"../../../Engine/Content/Certificates/ThirdParty/cacert.pem" 609
"../../../Engine/Config/ConsoleVariables.ini" 610
"../../../Engine/Binaries/Win64/Android/UE4Editor.modules" 611
"../../../Engine/Binaries/Win64/IOS/UE4Editor.modules" 612
"../../../Engine/Binaries/Win64/Linux/UE4Editor.modules" 613
"../../../Engine/Binaries/Win64/Lumin/UE4Editor.modules" 614
"../../../Engine/Config/Android/BaseAndroidEngine.ini" 615
"../../../Engine/Config/Android/AndroidEngine.ini" 616
"../../../Engine/Config/Unix/UnixEngine.ini" 617
"../../../Engine/Config/Linux/LinuxEngine.ini" 618
"../../../Engine/Config/LinuxAArch64/LinuxAArch64Engine.ini" 619
"../../../Engine/Config/Lumin/LuminEngine.ini" 620
"../../../Engine/Config/Mac/BaseMacEngine.ini" 621
"../../../Engine/Config/Mac/MacEngine.ini" 622
"../../../Engine/Content/Localization/Editor/en/Editor.locres" 623
"../../../Engine/Content/Localization/EditorTutorials/en/EditorTutorials.locres" 624
"../../../Engine/Content/Localization/Keywords/en/Keywords.locres" 625
"../../../Engine/Content/Localization/Category/en/Category.locres" 626
"../../../Engine/Content/Localization/ToolTips/en/ToolTips.locres" 627
"../../../Engine/Content/Localization/PropertyNames/en/PropertyNames.locres" 628
"../../../Engine/Content/Localization/Engine/en/Engine.locres" 629
"../../../Engine/Plugins/Online/OnlineSubsystem/Content/Localization/OnlineSubsystem/en/OnlineSubsystem.locres" 630
"../../../Engine/Plugins/Online/OnlineSubsystemUtils/Content/Localization/OnlineSubsystemUtils/en/OnlineSubsystemUtils.locres" 631
"../../../Engine/Plugins/Online/Android/OnlineSubsystemGooglePlay/Content/Localization/OnlineSubsystemGooglePlay/en/OnlineSubsystemGooglePlay.locres" 632
"../../../Engine/Plugins/Online/IOS/OnlineSubsystemIOS/Content/Localization/OnlineSubsystemIOS/en/OnlineSubsystemIOS.locres" 633
"../../../Engine/Content/Internationalization/icudt64l/numberingSystems.res" 634
"../../../Engine/Content/Internationalization/icudt64l/curr/supplementalData.res" 635
"../../../Engine/Content/Internationalization/icudt64l/curr/en.res" 636
"../../../Engine/Content/Internationalization/icudt64l/curr/pool.res" 637
"../../../Engine/Content/Internationalization/icudt64l/curr/root.res" 638
"../../../Engine/Content/Internationalization/icudt64l/lang/af.res" 639
"../../../Engine/Content/Internationalization/icudt64l/region/af.res" 640
"../../../Engine/Content/Internationalization/icudt64l/lang/agq.res" 641
"../../../Engine/Content/Internationalization/icudt64l/region/agq.res" 642
"../../../Engine/Content/Internationalization/icudt64l/lang/ak.res" 643
"../../../Engine/Content/Internationalization/icudt64l/region/ak.res" 644
"../../../Engine/Content/Internationalization/icudt64l/lang/am.res" 645
"../../../Engine/Content/Internationalization/icudt64l/region/am.res" 646
"../../../Engine/Content/Internationalization/icudt64l/lang/ar.res" 647
"../../../Engine/Content/Internationalization/icudt64l/region/ar.res" 648
"../../../Engine/Content/Internationalization/icudt64l/region/ar_AE.res" 649
"../../../Engine/Content/Internationalization/icudt64l/lang/ar_EG.res" 650
"../../../Engine/Content/Internationalization/icudt64l/lang/ar_LY.res" 651
"../../../Engine/Content/Internationalization/icudt64l/region/ar_LY.res" 652
"../../../Engine/Content/Internationalization/icudt64l/lang/ar_SA.res" 653
"../../../Engine/Content/Internationalization/icudt64l/region/ar_SA.res" 654
"../../../Engine/Content/Internationalization/icudt64l/lang/as.res" 655
"../../../Engine/Content/Internationalization/icudt64l/region/as.res" 656
"../../../Engine/Content/Internationalization/icudt64l/lang/asa.res" 657
"../../../Engine/Content/Internationalization/icudt64l/region/asa.res" 658
"../../../Engine/Content/Internationalization/icudt64l/lang/ast.res" 659
"../../../Engine/Content/Internationalization/icudt64l/region/ast.res" 660
"../../../Engine/Content/Internationalization/icudt64l/lang/az.res" 661
"../../../Engine/Content/Internationalization/icudt64l/lang/az_Cyrl.res" 662
"../../../Engine/Content/Internationalization/icudt64l/lang/az_AZ.res" 663
"../../../Engine/Content/Internationalization/icudt64l/lang/az_Latn_AZ.res" 664
"../../../Engine/Content/Internationalization/icudt64l/lang/az_Latn.res" 665
"../../../Engine/Content/Internationalization/icudt64l/region/az_AZ.res" 666
"../../../Engine/Content/Internationalization/icudt64l/region/az_Latn_AZ.res" 667
"../../../Engine/Content/Internationalization/icudt64l/region/az_Latn.res" 668
"../../../Engine/Content/Internationalization/icudt64l/region/az.res" 669
"../../../Engine/Content/Internationalization/icudt64l/region/az_Cyrl.res" 670
"../../../Engine/Content/Internationalization/icudt64l/lang/bas.res" 671
"../../../Engine/Content/Internationalization/icudt64l/region/bas.res" 672
"../../../Engine/Content/Internationalization/icudt64l/lang/be.res" 673
"../../../Engine/Content/Internationalization/icudt64l/region/be.res" 674
"../../../Engine/Content/Internationalization/icudt64l/lang/bem.res" 675
"../../../Engine/Content/Internationalization/icudt64l/region/bem.res" 676
"../../../Engine/Content/Internationalization/icudt64l/lang/bez.res" 677
"../../../Engine/Content/Internationalization/icudt64l/region/bez.res" 678
"../../../Engine/Content/Internationalization/icudt64l/lang/bg.res" 679
"../../../Engine/Content/Internationalization/icudt64l/region/bg.res" 680
"../../../Engine/Content/Internationalization/icudt64l/lang/bm.res" 681
"../../../Engine/Content/Internationalization/icudt64l/region/bm.res" 682
"../../../Engine/Content/Internationalization/icudt64l/lang/bn.res" 683
"../../../Engine/Content/Internationalization/icudt64l/region/bn.res" 684
"../../../Engine/Content/Internationalization/icudt64l/lang/bn_IN.res" 685
"../../../Engine/Content/Internationalization/icudt64l/region/bn_IN.res" 686
"../../../Engine/Content/Internationalization/icudt64l/lang/bo.res" 687
"../../../Engine/Content/Internationalization/icudt64l/region/bo.res" 688
"../../../Engine/Content/Internationalization/icudt64l/region/bo_IN.res" 689
"../../../Engine/Content/Internationalization/icudt64l/lang/br.res" 690
"../../../Engine/Content/Internationalization/icudt64l/region/br.res" 691
"../../../Engine/Content/Internationalization/icudt64l/lang/brx.res" 692
"../../../Engine/Content/Internationalization/icudt64l/region/brx.res" 693
"../../../Engine/Content/Internationalization/icudt64l/lang/bs.res" 694
"../../../Engine/Content/Internationalization/icudt64l/lang/bs_Cyrl.res" 695
"../../../Engine/Content/Internationalization/icudt64l/lang/bs_BA.res" 696
"../../../Engine/Content/Internationalization/icudt64l/lang/bs_Latn_BA.res" 697
"../../../Engine/Content/Internationalization/icudt64l/lang/bs_Latn.res" 698
"../../../Engine/Content/Internationalization/icudt64l/region/bs_BA.res" 699
"../../../Engine/Content/Internationalization/icudt64l/region/bs_Latn_BA.res" 700
"../../../Engine/Content/Internationalization/icudt64l/region/bs_Latn.res" 701
"../../../Engine/Content/Internationalization/icudt64l/region/bs.res" 702
"../../../Engine/Content/Internationalization/icudt64l/region/bs_Cyrl.res" 703
"../../../Engine/Content/Internationalization/icudt64l/lang/ca.res" 704
"../../../Engine/Content/Internationalization/icudt64l/region/ca.res" 705
"../../../Engine/Content/Internationalization/icudt64l/lang/ccp.res" 706
"../../../Engine/Content/Internationalization/icudt64l/region/ccp.res" 707
"../../../Engine/Content/Internationalization/icudt64l/lang/ce.res" 708
"../../../Engine/Content/Internationalization/icudt64l/region/ce.res" 709
"../../../Engine/Content/Internationalization/icudt64l/lang/ceb.res" 710
"../../../Engine/Content/Internationalization/icudt64l/region/ceb.res" 711
"../../../Engine/Content/Internationalization/icudt64l/lang/cgg.res" 712
"../../../Engine/Content/Internationalization/icudt64l/region/cgg.res" 713
"../../../Engine/Content/Internationalization/icudt64l/lang/chr.res" 714
"../../../Engine/Content/Internationalization/icudt64l/region/chr.res" 715
"../../../Engine/Content/Internationalization/icudt64l/lang/ckb.res" 716
"../../../Engine/Content/Internationalization/icudt64l/region/ckb.res" 717
"../../../Engine/Content/Internationalization/icudt64l/lang/cs.res" 718
"../../../Engine/Content/Internationalization/icudt64l/region/cs.res" 719
"../../../Engine/Content/Internationalization/icudt64l/lang/cy.res" 720
"../../../Engine/Content/Internationalization/icudt64l/region/cy.res" 721
"../../../Engine/Content/Internationalization/icudt64l/lang/da.res" 722
"../../../Engine/Content/Internationalization/icudt64l/region/da.res" 723
"../../../Engine/Content/Internationalization/icudt64l/lang/dav.res" 724
"../../../Engine/Content/Internationalization/icudt64l/region/dav.res" 725
"../../../Engine/Content/Internationalization/icudt64l/lang/de.res" 726
"../../../Engine/Content/Internationalization/icudt64l/lang/de_AT.res" 727
"../../../Engine/Content/Internationalization/icudt64l/region/de_AT.res" 728
"../../../Engine/Content/Internationalization/icudt64l/region/de.res" 729
"../../../Engine/Content/Internationalization/icudt64l/lang/de_CH.res" 730
"../../../Engine/Content/Internationalization/icudt64l/region/de_CH.res" 731
"../../../Engine/Content/Internationalization/icudt64l/lang/de_LU.res" 732
"../../../Engine/Content/Internationalization/icudt64l/lang/dje.res" 733
"../../../Engine/Content/Internationalization/icudt64l/region/dje.res" 734
"../../../Engine/Content/Internationalization/icudt64l/lang/dsb.res" 735
"../../../Engine/Content/Internationalization/icudt64l/region/dsb.res" 736
"../../../Engine/Content/Internationalization/icudt64l/lang/dua.res" 737
"../../../Engine/Content/Internationalization/icudt64l/region/dua.res" 738
"../../../Engine/Content/Internationalization/icudt64l/lang/dyo.res" 739
"../../../Engine/Content/Internationalization/icudt64l/region/dyo.res" 740
"../../../Engine/Content/Internationalization/icudt64l/lang/dz.res" 741
"../../../Engine/Content/Internationalization/icudt64l/region/dz.res" 742
"../../../Engine/Content/Internationalization/icudt64l/lang/ebu.res" 743
"../../../Engine/Content/Internationalization/icudt64l/region/ebu.res" 744
"../../../Engine/Content/Internationalization/icudt64l/lang/ee.res" 745
"../../../Engine/Content/Internationalization/icudt64l/region/ee.res" 746
"../../../Engine/Content/Internationalization/icudt64l/lang/el.res" 747
"../../../Engine/Content/Internationalization/icudt64l/region/el.res" 748
"../../../Engine/Content/Internationalization/icudt64l/lang/en_001.res" 749
"../../../Engine/Content/Internationalization/icudt64l/lang/en_150.res" 750
"../../../Engine/Content/Internationalization/icudt64l/region/en_150.res" 751
"../../../Engine/Content/Internationalization/icudt64l/lang/en_AG.res" 752
"../../../Engine/Content/Internationalization/icudt64l/region/en_AG.res" 753
"../../../Engine/Content/Internationalization/icudt64l/lang/en_AI.res" 754
"../../../Engine/Content/Internationalization/icudt64l/region/en_AI.res" 755
"../../../Engine/Content/Internationalization/icudt64l/lang/en_AT.res" 756
"../../../Engine/Content/Internationalization/icudt64l/region/en_AT.res" 757
"../../../Engine/Content/Internationalization/icudt64l/lang/en_AU.res" 758
"../../../Engine/Content/Internationalization/icudt64l/region/en_AU.res" 759
"../../../Engine/Content/Internationalization/icudt64l/lang/en_BB.res" 760
"../../../Engine/Content/Internationalization/icudt64l/region/en_BB.res" 761
"../../../Engine/Content/Internationalization/icudt64l/lang/en_BE.res" 762
"../../../Engine/Content/Internationalization/icudt64l/region/en_BE.res" 763
"../../../Engine/Content/Internationalization/icudt64l/lang/en_BM.res" 764
"../../../Engine/Content/Internationalization/icudt64l/region/en_BM.res" 765
"../../../Engine/Content/Internationalization/icudt64l/lang/en_BS.res" 766
"../../../Engine/Content/Internationalization/icudt64l/region/en_BS.res" 767
"../../../Engine/Content/Internationalization/icudt64l/lang/en_BW.res" 768
"../../../Engine/Content/Internationalization/icudt64l/region/en_BW.res" 769
"../../../Engine/Content/Internationalization/icudt64l/lang/en_BZ.res" 770
"../../../Engine/Content/Internationalization/icudt64l/region/en_BZ.res" 771
"../../../Engine/Content/Internationalization/icudt64l/lang/en_CA.res" 772
"../../../Engine/Content/Internationalization/icudt64l/region/en_CA.res" 773
"../../../Engine/Content/Internationalization/icudt64l/lang/en_CC.res" 774
"../../../Engine/Content/Internationalization/icudt64l/region/en_CC.res" 775
"../../../Engine/Content/Internationalization/icudt64l/lang/en_CH.res" 776
"../../../Engine/Content/Internationalization/icudt64l/region/en_CH.res" 777
"../../../Engine/Content/Internationalization/icudt64l/lang/en_CK.res" 778
"../../../Engine/Content/Internationalization/icudt64l/region/en_CK.res" 779
"../../../Engine/Content/Internationalization/icudt64l/lang/en_CM.res" 780
"../../../Engine/Content/Internationalization/icudt64l/region/en_CM.res" 781
"../../../Engine/Content/Internationalization/icudt64l/lang/en_CX.res" 782
"../../../Engine/Content/Internationalization/icudt64l/region/en_CX.res" 783
"../../../Engine/Content/Internationalization/icudt64l/lang/en_CY.res" 784
"../../../Engine/Content/Internationalization/icudt64l/region/en_CY.res" 785
"../../../Engine/Content/Internationalization/icudt64l/lang/en_DE.res" 786
"../../../Engine/Content/Internationalization/icudt64l/region/en_DE.res" 787
"../../../Engine/Content/Internationalization/icudt64l/lang/en_DG.res" 788
"../../../Engine/Content/Internationalization/icudt64l/region/en_DG.res" 789
"../../../Engine/Content/Internationalization/icudt64l/lang/en_DK.res" 790
"../../../Engine/Content/Internationalization/icudt64l/region/en_DK.res" 791
"../../../Engine/Content/Internationalization/icudt64l/lang/en_DM.res" 792
"../../../Engine/Content/Internationalization/icudt64l/region/en_DM.res" 793
"../../../Engine/Content/Internationalization/icudt64l/lang/en_ER.res" 794
"../../../Engine/Content/Internationalization/icudt64l/region/en_ER.res" 795
"../../../Engine/Content/Internationalization/icudt64l/lang/en_FI.res" 796
"../../../Engine/Content/Internationalization/icudt64l/region/en_FI.res" 797
"../../../Engine/Content/Internationalization/icudt64l/lang/en_FJ.res" 798
"../../../Engine/Content/Internationalization/icudt64l/region/en_FJ.res" 799
"../../../Engine/Content/Internationalization/icudt64l/lang/en_FK.res" 800
"../../../Engine/Content/Internationalization/icudt64l/region/en_FK.res" 801
"../../../Engine/Content/Internationalization/icudt64l/lang/en_FM.res" 802
"../../../Engine/Content/Internationalization/icudt64l/region/en_FM.res" 803
"../../../Engine/Content/Internationalization/icudt64l/lang/en_GB.res" 804
"../../../Engine/Content/Internationalization/icudt64l/region/en_GB.res" 805
"../../../Engine/Content/Internationalization/icudt64l/lang/en_GD.res" 806
"../../../Engine/Content/Internationalization/icudt64l/region/en_GD.res" 807
"../../../Engine/Content/Internationalization/icudt64l/lang/en_GG.res" 808
"../../../Engine/Content/Internationalization/icudt64l/region/en_GG.res" 809
"../../../Engine/Content/Internationalization/icudt64l/lang/en_GH.res" 810
"../../../Engine/Content/Internationalization/icudt64l/region/en_GH.res" 811
"../../../Engine/Content/Internationalization/icudt64l/lang/en_GI.res" 812
"../../../Engine/Content/Internationalization/icudt64l/region/en_GI.res" 813
"../../../Engine/Content/Internationalization/icudt64l/lang/en_GM.res" 814
"../../../Engine/Content/Internationalization/icudt64l/region/en_GM.res" 815
"../../../Engine/Content/Internationalization/icudt64l/lang/en_GY.res" 816
"../../../Engine/Content/Internationalization/icudt64l/region/en_GY.res" 817
"../../../Engine/Content/Internationalization/icudt64l/lang/en_HK.res" 818
"../../../Engine/Content/Internationalization/icudt64l/region/en_HK.res" 819
"../../../Engine/Content/Internationalization/icudt64l/lang/en_IE.res" 820
"../../../Engine/Content/Internationalization/icudt64l/region/en_IE.res" 821
"../../../Engine/Content/Internationalization/icudt64l/lang/en_IL.res" 822
"../../../Engine/Content/Internationalization/icudt64l/region/en_IL.res" 823
"../../../Engine/Content/Internationalization/icudt64l/lang/en_IM.res" 824
"../../../Engine/Content/Internationalization/icudt64l/region/en_IM.res" 825
"../../../Engine/Content/Internationalization/icudt64l/lang/en_IN.res" 826
"../../../Engine/Content/Internationalization/icudt64l/region/en_IN.res" 827
"../../../Engine/Content/Internationalization/icudt64l/lang/en_IO.res" 828
"../../../Engine/Content/Internationalization/icudt64l/region/en_IO.res" 829
"../../../Engine/Content/Internationalization/icudt64l/lang/en_JE.res" 830
"../../../Engine/Content/Internationalization/icudt64l/region/en_JE.res" 831
"../../../Engine/Content/Internationalization/icudt64l/lang/en_JM.res" 832
"../../../Engine/Content/Internationalization/icudt64l/region/en_JM.res" 833
"../../../Engine/Content/Internationalization/icudt64l/lang/en_KE.res" 834
"../../../Engine/Content/Internationalization/icudt64l/region/en_KE.res" 835
"../../../Engine/Content/Internationalization/icudt64l/lang/en_KI.res" 836
"../../../Engine/Content/Internationalization/icudt64l/region/en_KI.res" 837
"../../../Engine/Content/Internationalization/icudt64l/lang/en_KN.res" 838
"../../../Engine/Content/Internationalization/icudt64l/region/en_KN.res" 839
"../../../Engine/Content/Internationalization/icudt64l/lang/en_KY.res" 840
"../../../Engine/Content/Internationalization/icudt64l/region/en_KY.res" 841
"../../../Engine/Content/Internationalization/icudt64l/lang/en_LC.res" 842
"../../../Engine/Content/Internationalization/icudt64l/region/en_LC.res" 843
"../../../Engine/Content/Internationalization/icudt64l/lang/en_LR.res" 844
"../../../Engine/Content/Internationalization/icudt64l/region/en_LR.res" 845
"../../../Engine/Content/Internationalization/icudt64l/lang/en_LS.res" 846
"../../../Engine/Content/Internationalization/icudt64l/region/en_LS.res" 847
"../../../Engine/Content/Internationalization/icudt64l/lang/en_MG.res" 848
"../../../Engine/Content/Internationalization/icudt64l/region/en_MG.res" 849
"../../../Engine/Content/Internationalization/icudt64l/lang/en_MO.res" 850
"../../../Engine/Content/Internationalization/icudt64l/region/en_MO.res" 851
"../../../Engine/Content/Internationalization/icudt64l/lang/en_MS.res" 852
"../../../Engine/Content/Internationalization/icudt64l/region/en_MS.res" 853
"../../../Engine/Content/Internationalization/icudt64l/lang/en_MT.res" 854
"../../../Engine/Content/Internationalization/icudt64l/region/en_MT.res" 855
"../../../Engine/Content/Internationalization/icudt64l/lang/en_MU.res" 856
"../../../Engine/Content/Internationalization/icudt64l/region/en_MU.res" 857
"../../../Engine/Content/Internationalization/icudt64l/lang/en_MW.res" 858
"../../../Engine/Content/Internationalization/icudt64l/region/en_MW.res" 859
"../../../Engine/Content/Internationalization/icudt64l/lang/en_MY.res" 860
"../../../Engine/Content/Internationalization/icudt64l/region/en_MY.res" 861
"../../../Engine/Content/Internationalization/icudt64l/lang/en_NA.res" 862
"../../../Engine/Content/Internationalization/icudt64l/region/en_NA.res" 863
"../../../Engine/Content/Internationalization/icudt64l/lang/en_NF.res" 864
"../../../Engine/Content/Internationalization/icudt64l/region/en_NF.res" 865
"../../../Engine/Content/Internationalization/icudt64l/lang/en_NG.res" 866
"../../../Engine/Content/Internationalization/icudt64l/region/en_NG.res" 867
"../../../Engine/Content/Internationalization/icudt64l/lang/en_NL.res" 868
"../../../Engine/Content/Internationalization/icudt64l/region/en_NL.res" 869
"../../../Engine/Content/Internationalization/icudt64l/lang/en_NR.res" 870
"../../../Engine/Content/Internationalization/icudt64l/region/en_NR.res" 871
"../../../Engine/Content/Internationalization/icudt64l/lang/en_NU.res" 872
"../../../Engine/Content/Internationalization/icudt64l/region/en_NU.res" 873
"../../../Engine/Content/Internationalization/icudt64l/lang/en_NZ.res" 874
"../../../Engine/Content/Internationalization/icudt64l/region/en_NZ.res" 875
"../../../Engine/Content/Internationalization/icudt64l/lang/en_PG.res" 876
"../../../Engine/Content/Internationalization/icudt64l/region/en_PG.res" 877
"../../../Engine/Content/Internationalization/icudt64l/lang/en_PH.res" 878
"../../../Engine/Content/Internationalization/icudt64l/region/en_PH.res" 879
"../../../Engine/Content/Internationalization/icudt64l/lang/en_PK.res" 880
"../../../Engine/Content/Internationalization/icudt64l/region/en_PK.res" 881
"../../../Engine/Content/Internationalization/icudt64l/lang/en_PN.res" 882
"../../../Engine/Content/Internationalization/icudt64l/region/en_PN.res" 883
"../../../Engine/Content/Internationalization/icudt64l/lang/en_PW.res" 884
"../../../Engine/Content/Internationalization/icudt64l/region/en_PW.res" 885
"../../../Engine/Content/Internationalization/icudt64l/lang/en_RW.res" 886
"../../../Engine/Content/Internationalization/icudt64l/region/en_RW.res" 887
"../../../Engine/Content/Internationalization/icudt64l/lang/en_SB.res" 888
"../../../Engine/Content/Internationalization/icudt64l/region/en_SB.res" 889
"../../../Engine/Content/Internationalization/icudt64l/lang/en_SC.res" 890
"../../../Engine/Content/Internationalization/icudt64l/region/en_SC.res" 891
"../../../Engine/Content/Internationalization/icudt64l/lang/en_SD.res" 892
"../../../Engine/Content/Internationalization/icudt64l/region/en_SD.res" 893
"../../../Engine/Content/Internationalization/icudt64l/lang/en_SE.res" 894
"../../../Engine/Content/Internationalization/icudt64l/region/en_SE.res" 895
"../../../Engine/Content/Internationalization/icudt64l/lang/en_SG.res" 896
"../../../Engine/Content/Internationalization/icudt64l/region/en_SG.res" 897
"../../../Engine/Content/Internationalization/icudt64l/lang/en_SH.res" 898
"../../../Engine/Content/Internationalization/icudt64l/region/en_SH.res" 899
"../../../Engine/Content/Internationalization/icudt64l/lang/en_SI.res" 900
"../../../Engine/Content/Internationalization/icudt64l/region/en_SI.res" 901
"../../../Engine/Content/Internationalization/icudt64l/lang/en_SL.res" 902
"../../../Engine/Content/Internationalization/icudt64l/region/en_SL.res" 903
"../../../Engine/Content/Internationalization/icudt64l/lang/en_SS.res" 904
"../../../Engine/Content/Internationalization/icudt64l/region/en_SS.res" 905
"../../../Engine/Content/Internationalization/icudt64l/lang/en_SX.res" 906
"../../../Engine/Content/Internationalization/icudt64l/region/en_SX.res" 907
"../../../Engine/Content/Internationalization/icudt64l/lang/en_SZ.res" 908
"../../../Engine/Content/Internationalization/icudt64l/region/en_SZ.res" 909
"../../../Engine/Content/Internationalization/icudt64l/lang/en_TC.res" 910
"../../../Engine/Content/Internationalization/icudt64l/region/en_TC.res" 911
"../../../Engine/Content/Internationalization/icudt64l/lang/en_TK.res" 912
"../../../Engine/Content/Internationalization/icudt64l/region/en_TK.res" 913
"../../../Engine/Content/Internationalization/icudt64l/lang/en_TO.res" 914
"../../../Engine/Content/Internationalization/icudt64l/region/en_TO.res" 915
"../../../Engine/Content/Internationalization/icudt64l/lang/en_TT.res" 916
"../../../Engine/Content/Internationalization/icudt64l/region/en_TT.res" 917
"../../../Engine/Content/Internationalization/icudt64l/lang/en_TV.res" 918
"../../../Engine/Content/Internationalization/icudt64l/region/en_TV.res" 919
"../../../Engine/Content/Internationalization/icudt64l/lang/en_TZ.res" 920
"../../../Engine/Content/Internationalization/icudt64l/region/en_TZ.res" 921
"../../../Engine/Content/Internationalization/icudt64l/lang/en_UG.res" 922
"../../../Engine/Content/Internationalization/icudt64l/region/en_UG.res" 923
"../../../Engine/Content/Internationalization/icudt64l/lang/en_VC.res" 924
"../../../Engine/Content/Internationalization/icudt64l/region/en_VC.res" 925
"../../../Engine/Content/Internationalization/icudt64l/lang/en_VG.res" 926
"../../../Engine/Content/Internationalization/icudt64l/region/en_VG.res" 927
"../../../Engine/Content/Internationalization/icudt64l/lang/en_VU.res" 928
"../../../Engine/Content/Internationalization/icudt64l/region/en_VU.res" 929
"../../../Engine/Content/Internationalization/icudt64l/lang/en_WS.res" 930
"../../../Engine/Content/Internationalization/icudt64l/region/en_WS.res" 931
"../../../Engine/Content/Internationalization/icudt64l/lang/en_ZA.res" 932
"../../../Engine/Content/Internationalization/icudt64l/region/en_ZA.res" 933
"../../../Engine/Content/Internationalization/icudt64l/lang/en_ZM.res" 934
"../../../Engine/Content/Internationalization/icudt64l/region/en_ZM.res" 935
"../../../Engine/Content/Internationalization/icudt64l/lang/en_ZW.res" 936
"../../../Engine/Content/Internationalization/icudt64l/region/en_ZW.res" 937
"../../../Engine/Content/Internationalization/icudt64l/lang/eo.res" 938
"../../../Engine/Content/Internationalization/icudt64l/region/eo.res" 939
"../../../Engine/Content/Internationalization/icudt64l/lang/es.res" 940
"../../../Engine/Content/Internationalization/icudt64l/lang/es_419.res" 941
"../../../Engine/Content/Internationalization/icudt64l/region/es_419.res" 942
"../../../Engine/Content/Internationalization/icudt64l/region/es.res" 943
"../../../Engine/Content/Internationalization/icudt64l/lang/es_AR.res" 944
"../../../Engine/Content/Internationalization/icudt64l/region/es_AR.res" 945
"../../../Engine/Content/Internationalization/icudt64l/lang/es_BO.res" 946
"../../../Engine/Content/Internationalization/icudt64l/region/es_BO.res" 947
"../../../Engine/Content/Internationalization/icudt64l/lang/es_BR.res" 948
"../../../Engine/Content/Internationalization/icudt64l/region/es_BR.res" 949
"../../../Engine/Content/Internationalization/icudt64l/lang/es_BZ.res" 950
"../../../Engine/Content/Internationalization/icudt64l/region/es_BZ.res" 951
"../../../Engine/Content/Internationalization/icudt64l/lang/es_CL.res" 952
"../../../Engine/Content/Internationalization/icudt64l/region/es_CL.res" 953
"../../../Engine/Content/Internationalization/icudt64l/lang/es_CO.res" 954
"../../../Engine/Content/Internationalization/icudt64l/region/es_CO.res" 955
"../../../Engine/Content/Internationalization/icudt64l/lang/es_CR.res" 956
"../../../Engine/Content/Internationalization/icudt64l/region/es_CR.res" 957
"../../../Engine/Content/Internationalization/icudt64l/lang/es_CU.res" 958
"../../../Engine/Content/Internationalization/icudt64l/region/es_CU.res" 959
"../../../Engine/Content/Internationalization/icudt64l/lang/es_DO.res" 960
"../../../Engine/Content/Internationalization/icudt64l/region/es_DO.res" 961
"../../../Engine/Content/Internationalization/icudt64l/lang/es_EC.res" 962
"../../../Engine/Content/Internationalization/icudt64l/region/es_EC.res" 963
"../../../Engine/Content/Internationalization/icudt64l/lang/es_GT.res" 964
"../../../Engine/Content/Internationalization/icudt64l/region/es_GT.res" 965
"../../../Engine/Content/Internationalization/icudt64l/lang/es_HN.res" 966
"../../../Engine/Content/Internationalization/icudt64l/region/es_HN.res" 967
"../../../Engine/Content/Internationalization/icudt64l/lang/es_MX.res" 968
"../../../Engine/Content/Internationalization/icudt64l/region/es_MX.res" 969
"../../../Engine/Content/Internationalization/icudt64l/lang/es_NI.res" 970
"../../../Engine/Content/Internationalization/icudt64l/region/es_NI.res" 971
"../../../Engine/Content/Internationalization/icudt64l/lang/es_PA.res" 972
"../../../Engine/Content/Internationalization/icudt64l/region/es_PA.res" 973
"../../../Engine/Content/Internationalization/icudt64l/lang/es_PE.res" 974
"../../../Engine/Content/Internationalization/icudt64l/region/es_PE.res" 975
"../../../Engine/Content/Internationalization/icudt64l/lang/es_PR.res" 976
"../../../Engine/Content/Internationalization/icudt64l/region/es_PR.res" 977
"../../../Engine/Content/Internationalization/icudt64l/lang/es_PY.res" 978
"../../../Engine/Content/Internationalization/icudt64l/region/es_PY.res" 979
"../../../Engine/Content/Internationalization/icudt64l/lang/es_SV.res" 980
"../../../Engine/Content/Internationalization/icudt64l/region/es_SV.res" 981
"../../../Engine/Content/Internationalization/icudt64l/lang/es_US.res" 982
"../../../Engine/Content/Internationalization/icudt64l/region/es_US.res" 983
"../../../Engine/Content/Internationalization/icudt64l/lang/es_UY.res" 984
"../../../Engine/Content/Internationalization/icudt64l/region/es_UY.res" 985
"../../../Engine/Content/Internationalization/icudt64l/lang/es_VE.res" 986
"../../../Engine/Content/Internationalization/icudt64l/region/es_VE.res" 987
"../../../Engine/Content/Internationalization/icudt64l/lang/et.res" 988
"../../../Engine/Content/Internationalization/icudt64l/region/et.res" 989
"../../../Engine/Content/Internationalization/icudt64l/lang/eu.res" 990
"../../../Engine/Content/Internationalization/icudt64l/region/eu.res" 991
"../../../Engine/Content/Internationalization/icudt64l/lang/ewo.res" 992
"../../../Engine/Content/Internationalization/icudt64l/region/ewo.res" 993
"../../../Engine/Content/Internationalization/icudt64l/lang/fa.res" 994
"../../../Engine/Content/Internationalization/icudt64l/lang/fa_AF.res" 995
"../../../Engine/Content/Internationalization/icudt64l/region/fa_AF.res" 996
"../../../Engine/Content/Internationalization/icudt64l/region/fa.res" 997
"../../../Engine/Content/Internationalization/icudt64l/lang/ff.res" 998
"../../../Engine/Content/Internationalization/icudt64l/lang/ff_Latn.res" 999
"../../../Engine/Content/Internationalization/icudt64l/region/ff.res" 1000
"../../../Engine/Content/Internationalization/icudt64l/region/ff_Latn.res" 1001
"../../../Engine/Content/Internationalization/icudt64l/lang/ff_CM.res" 1002
"../../../Engine/Content/Internationalization/icudt64l/lang/ff_Latn_CM.res" 1003
"../../../Engine/Content/Internationalization/icudt64l/region/ff_CM.res" 1004
"../../../Engine/Content/Internationalization/icudt64l/region/ff_Latn_CM.res" 1005
"../../../Engine/Content/Internationalization/icudt64l/lang/ff_GN.res" 1006
"../../../Engine/Content/Internationalization/icudt64l/lang/ff_Latn_GN.res" 1007
"../../../Engine/Content/Internationalization/icudt64l/region/ff_GN.res" 1008
"../../../Engine/Content/Internationalization/icudt64l/region/ff_Latn_GN.res" 1009
"../../../Engine/Content/Internationalization/icudt64l/lang/ff_MR.res" 1010
"../../../Engine/Content/Internationalization/icudt64l/lang/ff_Latn_MR.res" 1011
"../../../Engine/Content/Internationalization/icudt64l/region/ff_MR.res" 1012
"../../../Engine/Content/Internationalization/icudt64l/region/ff_Latn_MR.res" 1013
"../../../Engine/Content/Internationalization/icudt64l/lang/ff_SN.res" 1014
"../../../Engine/Content/Internationalization/icudt64l/lang/ff_Latn_SN.res" 1015
"../../../Engine/Content/Internationalization/icudt64l/region/ff_SN.res" 1016
"../../../Engine/Content/Internationalization/icudt64l/region/ff_Latn_SN.res" 1017
"../../../Engine/Content/Internationalization/icudt64l/lang/fi.res" 1018
"../../../Engine/Content/Internationalization/icudt64l/region/fi.res" 1019
"../../../Engine/Content/Internationalization/icudt64l/lang/fil.res" 1020
"../../../Engine/Content/Internationalization/icudt64l/lang/fil_PH.res" 1021
"../../../Engine/Content/Internationalization/icudt64l/region/fil_PH.res" 1022
"../../../Engine/Content/Internationalization/icudt64l/region/fil.res" 1023
"../../../Engine/Content/Internationalization/icudt64l/lang/fo.res" 1024
"../../../Engine/Content/Internationalization/icudt64l/region/fo.res" 1025
"../../../Engine/Content/Internationalization/icudt64l/lang/fr.res" 1026
"../../../Engine/Content/Internationalization/icudt64l/lang/fr_BE.res" 1027
"../../../Engine/Content/Internationalization/icudt64l/region/fr_BE.res" 1028
"../../../Engine/Content/Internationalization/icudt64l/region/fr.res" 1029
"../../../Engine/Content/Internationalization/icudt64l/lang/fr_CA.res" 1030
"../../../Engine/Content/Internationalization/icudt64l/region/fr_CA.res" 1031
"../../../Engine/Content/Internationalization/icudt64l/lang/fr_CH.res" 1032
"../../../Engine/Content/Internationalization/icudt64l/lang/fur.res" 1033
"../../../Engine/Content/Internationalization/icudt64l/region/fur.res" 1034
"../../../Engine/Content/Internationalization/icudt64l/lang/fy.res" 1035
"../../../Engine/Content/Internationalization/icudt64l/region/fy.res" 1036
"../../../Engine/Content/Internationalization/icudt64l/lang/ga.res" 1037
"../../../Engine/Content/Internationalization/icudt64l/region/ga.res" 1038
"../../../Engine/Content/Internationalization/icudt64l/lang/gd.res" 1039
"../../../Engine/Content/Internationalization/icudt64l/region/gd.res" 1040
"../../../Engine/Content/Internationalization/icudt64l/lang/gl.res" 1041
"../../../Engine/Content/Internationalization/icudt64l/region/gl.res" 1042
"../../../Engine/Content/Internationalization/icudt64l/lang/gsw.res" 1043
"../../../Engine/Content/Internationalization/icudt64l/region/gsw.res" 1044
"../../../Engine/Content/Internationalization/icudt64l/lang/gu.res" 1045
"../../../Engine/Content/Internationalization/icudt64l/region/gu.res" 1046
"../../../Engine/Content/Internationalization/icudt64l/lang/guz.res" 1047
"../../../Engine/Content/Internationalization/icudt64l/region/guz.res" 1048
"../../../Engine/Content/Internationalization/icudt64l/lang/gv.res" 1049
"../../../Engine/Content/Internationalization/icudt64l/region/gv.res" 1050
"../../../Engine/Content/Internationalization/icudt64l/lang/ha.res" 1051
"../../../Engine/Content/Internationalization/icudt64l/region/ha.res" 1052
"../../../Engine/Content/Internationalization/icudt64l/lang/ha_NE.res" 1053
"../../../Engine/Content/Internationalization/icudt64l/region/ha_NE.res" 1054
"../../../Engine/Content/Internationalization/icudt64l/lang/haw.res" 1055
"../../../Engine/Content/Internationalization/icudt64l/region/haw.res" 1056
"../../../Engine/Content/Internationalization/icudt64l/lang/he.res" 1057
"../../../Engine/Content/Internationalization/icudt64l/lang/he_IL.res" 1058
"../../../Engine/Content/Internationalization/icudt64l/region/he_IL.res" 1059
"../../../Engine/Content/Internationalization/icudt64l/region/he.res" 1060
"../../../Engine/Content/Internationalization/icudt64l/lang/hi.res" 1061
"../../../Engine/Content/Internationalization/icudt64l/region/hi.res" 1062
"../../../Engine/Content/Internationalization/icudt64l/lang/hr.res" 1063
"../../../Engine/Content/Internationalization/icudt64l/region/hr.res" 1064
"../../../Engine/Content/Internationalization/icudt64l/lang/hsb.res" 1065
"../../../Engine/Content/Internationalization/icudt64l/region/hsb.res" 1066
"../../../Engine/Content/Internationalization/icudt64l/lang/hu.res" 1067
"../../../Engine/Content/Internationalization/icudt64l/region/hu.res" 1068
"../../../Engine/Content/Internationalization/icudt64l/lang/hy.res" 1069
"../../../Engine/Content/Internationalization/icudt64l/region/hy.res" 1070
"../../../Engine/Content/Internationalization/icudt64l/lang/ia.res" 1071
"../../../Engine/Content/Internationalization/icudt64l/region/ia.res" 1072
"../../../Engine/Content/Internationalization/icudt64l/lang/id.res" 1073
"../../../Engine/Content/Internationalization/icudt64l/lang/id_ID.res" 1074
"../../../Engine/Content/Internationalization/icudt64l/region/id_ID.res" 1075
"../../../Engine/Content/Internationalization/icudt64l/region/id.res" 1076
"../../../Engine/Content/Internationalization/icudt64l/lang/ig.res" 1077
"../../../Engine/Content/Internationalization/icudt64l/region/ig.res" 1078
"../../../Engine/Content/Internationalization/icudt64l/lang/ii.res" 1079
"../../../Engine/Content/Internationalization/icudt64l/region/ii.res" 1080
"../../../Engine/Content/Internationalization/icudt64l/lang/is.res" 1081
"../../../Engine/Content/Internationalization/icudt64l/region/is.res" 1082
"../../../Engine/Content/Internationalization/icudt64l/lang/it.res" 1083
"../../../Engine/Content/Internationalization/icudt64l/region/it.res" 1084
"../../../Engine/Content/Internationalization/icudt64l/lang/ja.res" 1085
"../../../Engine/Content/Internationalization/icudt64l/lang/ja_JP.res" 1086
"../../../Engine/Content/Internationalization/icudt64l/region/ja_JP.res" 1087
"../../../Engine/Content/Internationalization/icudt64l/region/ja.res" 1088
"../../../Engine/Content/Internationalization/icudt64l/lang/jgo.res" 1089
"../../../Engine/Content/Internationalization/icudt64l/region/jgo.res" 1090
"../../../Engine/Content/Internationalization/icudt64l/lang/jmc.res" 1091
"../../../Engine/Content/Internationalization/icudt64l/region/jmc.res" 1092
"../../../Engine/Content/Internationalization/icudt64l/lang/jv.res" 1093
"../../../Engine/Content/Internationalization/icudt64l/region/jv.res" 1094
"../../../Engine/Content/Internationalization/icudt64l/lang/ka.res" 1095
"../../../Engine/Content/Internationalization/icudt64l/region/ka.res" 1096
"../../../Engine/Content/Internationalization/icudt64l/lang/kab.res" 1097
"../../../Engine/Content/Internationalization/icudt64l/region/kab.res" 1098
"../../../Engine/Content/Internationalization/icudt64l/lang/kam.res" 1099
"../../../Engine/Content/Internationalization/icudt64l/region/kam.res" 1100
"../../../Engine/Content/Internationalization/icudt64l/lang/kde.res" 1101
"../../../Engine/Content/Internationalization/icudt64l/region/kde.res" 1102
"../../../Engine/Content/Internationalization/icudt64l/lang/kea.res" 1103
"../../../Engine/Content/Internationalization/icudt64l/region/kea.res" 1104
"../../../Engine/Content/Internationalization/icudt64l/lang/khq.res" 1105
"../../../Engine/Content/Internationalization/icudt64l/region/khq.res" 1106
"../../../Engine/Content/Internationalization/icudt64l/lang/ki.res" 1107
"../../../Engine/Content/Internationalization/icudt64l/region/ki.res" 1108
"../../../Engine/Content/Internationalization/icudt64l/lang/kk.res" 1109
"../../../Engine/Content/Internationalization/icudt64l/region/kk.res" 1110
"../../../Engine/Content/Internationalization/icudt64l/lang/kkj.res" 1111
"../../../Engine/Content/Internationalization/icudt64l/region/kkj.res" 1112
"../../../Engine/Content/Internationalization/icudt64l/lang/kl.res" 1113
"../../../Engine/Content/Internationalization/icudt64l/region/kl.res" 1114
"../../../Engine/Content/Internationalization/icudt64l/lang/kln.res" 1115
"../../../Engine/Content/Internationalization/icudt64l/region/kln.res" 1116
"../../../Engine/Content/Internationalization/icudt64l/lang/km.res" 1117
"../../../Engine/Content/Internationalization/icudt64l/region/km.res" 1118
"../../../Engine/Content/Internationalization/icudt64l/lang/kn.res" 1119
"../../../Engine/Content/Internationalization/icudt64l/region/kn.res" 1120
"../../../Engine/Content/Internationalization/icudt64l/lang/ko.res" 1121
"../../../Engine/Content/Internationalization/icudt64l/region/ko_KP.res" 1122
"../../../Engine/Content/Internationalization/icudt64l/region/ko.res" 1123
"../../../Engine/Content/Internationalization/icudt64l/lang/kok.res" 1124
"../../../Engine/Content/Internationalization/icudt64l/region/kok.res" 1125
"../../../Engine/Content/Internationalization/icudt64l/lang/ks.res" 1126
"../../../Engine/Content/Internationalization/icudt64l/region/ks.res" 1127
"../../../Engine/Content/Internationalization/icudt64l/lang/ksb.res" 1128
"../../../Engine/Content/Internationalization/icudt64l/region/ksb.res" 1129
"../../../Engine/Content/Internationalization/icudt64l/lang/ksf.res" 1130
"../../../Engine/Content/Internationalization/icudt64l/region/ksf.res" 1131
"../../../Engine/Content/Internationalization/icudt64l/lang/ksh.res" 1132
"../../../Engine/Content/Internationalization/icudt64l/region/ksh.res" 1133
"../../../Engine/Content/Internationalization/icudt64l/lang/ku.res" 1134
"../../../Engine/Content/Internationalization/icudt64l/region/ku.res" 1135
"../../../Engine/Content/Internationalization/icudt64l/lang/kw.res" 1136
"../../../Engine/Content/Internationalization/icudt64l/region/kw.res" 1137
"../../../Engine/Content/Internationalization/icudt64l/lang/ky.res" 1138
"../../../Engine/Content/Internationalization/icudt64l/region/ky.res" 1139
"../../../Engine/Content/Internationalization/icudt64l/lang/lag.res" 1140
"../../../Engine/Content/Internationalization/icudt64l/region/lag.res" 1141
"../../../Engine/Content/Internationalization/icudt64l/lang/lb.res" 1142
"../../../Engine/Content/Internationalization/icudt64l/region/lb.res" 1143
"../../../Engine/Content/Internationalization/icudt64l/lang/lg.res" 1144
"../../../Engine/Content/Internationalization/icudt64l/region/lg.res" 1145
"../../../Engine/Content/Internationalization/icudt64l/lang/lkt.res" 1146
"../../../Engine/Content/Internationalization/icudt64l/region/lkt.res" 1147
"../../../Engine/Content/Internationalization/icudt64l/lang/ln.res" 1148
"../../../Engine/Content/Internationalization/icudt64l/region/ln.res" 1149
"../../../Engine/Content/Internationalization/icudt64l/lang/lo.res" 1150
"../../../Engine/Content/Internationalization/icudt64l/region/lo.res" 1151
"../../../Engine/Content/Internationalization/icudt64l/lang/lrc.res" 1152
"../../../Engine/Content/Internationalization/icudt64l/region/lrc.res" 1153
"../../../Engine/Content/Internationalization/icudt64l/lang/lt.res" 1154
"../../../Engine/Content/Internationalization/icudt64l/region/lt.res" 1155
"../../../Engine/Content/Internationalization/icudt64l/lang/lu.res" 1156
"../../../Engine/Content/Internationalization/icudt64l/region/lu.res" 1157
"../../../Engine/Content/Internationalization/icudt64l/lang/luo.res" 1158
"../../../Engine/Content/Internationalization/icudt64l/region/luo.res" 1159
"../../../Engine/Content/Internationalization/icudt64l/lang/luy.res" 1160
"../../../Engine/Content/Internationalization/icudt64l/region/luy.res" 1161
"../../../Engine/Content/Internationalization/icudt64l/lang/lv.res" 1162
"../../../Engine/Content/Internationalization/icudt64l/region/lv.res" 1163
"../../../Engine/Content/Internationalization/icudt64l/lang/mas.res" 1164
"../../../Engine/Content/Internationalization/icudt64l/region/mas.res" 1165
"../../../Engine/Content/Internationalization/icudt64l/lang/mer.res" 1166
"../../../Engine/Content/Internationalization/icudt64l/region/mer.res" 1167
"../../../Engine/Content/Internationalization/icudt64l/lang/mfe.res" 1168
"../../../Engine/Content/Internationalization/icudt64l/region/mfe.res" 1169
"../../../Engine/Content/Internationalization/icudt64l/lang/mg.res" 1170
"../../../Engine/Content/Internationalization/icudt64l/region/mg.res" 1171
"../../../Engine/Content/Internationalization/icudt64l/lang/mgh.res" 1172
"../../../Engine/Content/Internationalization/icudt64l/region/mgh.res" 1173
"../../../Engine/Content/Internationalization/icudt64l/lang/mgo.res" 1174
"../../../Engine/Content/Internationalization/icudt64l/region/mgo.res" 1175
"../../../Engine/Content/Internationalization/icudt64l/lang/mi.res" 1176
"../../../Engine/Content/Internationalization/icudt64l/region/mi.res" 1177
"../../../Engine/Content/Internationalization/icudt64l/lang/mk.res" 1178
"../../../Engine/Content/Internationalization/icudt64l/region/mk.res" 1179
"../../../Engine/Content/Internationalization/icudt64l/lang/ml.res" 1180
"../../../Engine/Content/Internationalization/icudt64l/region/ml.res" 1181
"../../../Engine/Content/Internationalization/icudt64l/lang/mn.res" 1182
"../../../Engine/Content/Internationalization/icudt64l/region/mn.res" 1183
"../../../Engine/Content/Internationalization/icudt64l/lang/mr.res" 1184
"../../../Engine/Content/Internationalization/icudt64l/region/mr.res" 1185
"../../../Engine/Content/Internationalization/icudt64l/lang/ms.res" 1186
"../../../Engine/Content/Internationalization/icudt64l/region/ms.res" 1187
"../../../Engine/Content/Internationalization/icudt64l/lang/mt.res" 1188
"../../../Engine/Content/Internationalization/icudt64l/region/mt.res" 1189
"../../../Engine/Content/Internationalization/icudt64l/lang/mua.res" 1190
"../../../Engine/Content/Internationalization/icudt64l/region/mua.res" 1191
"../../../Engine/Content/Internationalization/icudt64l/lang/my.res" 1192
"../../../Engine/Content/Internationalization/icudt64l/region/my.res" 1193
"../../../Engine/Content/Internationalization/icudt64l/lang/mzn.res" 1194
"../../../Engine/Content/Internationalization/icudt64l/region/mzn.res" 1195
"../../../Engine/Content/Internationalization/icudt64l/lang/naq.res" 1196
"../../../Engine/Content/Internationalization/icudt64l/region/naq.res" 1197
"../../../Engine/Content/Internationalization/icudt64l/lang/nb.res" 1198
"../../../Engine/Content/Internationalization/icudt64l/lang/nb_NO.res" 1199
"../../../Engine/Content/Internationalization/icudt64l/region/nb_NO.res" 1200
"../../../Engine/Content/Internationalization/icudt64l/region/nb.res" 1201
"../../../Engine/Content/Internationalization/icudt64l/lang/nd.res" 1202
"../../../Engine/Content/Internationalization/icudt64l/region/nd.res" 1203
"../../../Engine/Content/Internationalization/icudt64l/lang/nds.res" 1204
"../../../Engine/Content/Internationalization/icudt64l/region/nds.res" 1205
"../../../Engine/Content/Internationalization/icudt64l/lang/ne.res" 1206
"../../../Engine/Content/Internationalization/icudt64l/region/ne.res" 1207
"../../../Engine/Content/Internationalization/icudt64l/lang/nl.res" 1208
"../../../Engine/Content/Internationalization/icudt64l/region/nl.res" 1209
"../../../Engine/Content/Internationalization/icudt64l/lang/nmg.res" 1210
"../../../Engine/Content/Internationalization/icudt64l/region/nmg.res" 1211
"../../../Engine/Content/Internationalization/icudt64l/lang/nn.res" 1212
"../../../Engine/Content/Internationalization/icudt64l/lang/nn_NO.res" 1213
"../../../Engine/Content/Internationalization/icudt64l/region/nn_NO.res" 1214
"../../../Engine/Content/Internationalization/icudt64l/region/nn.res" 1215
"../../../Engine/Content/Internationalization/icudt64l/lang/nnh.res" 1216
"../../../Engine/Content/Internationalization/icudt64l/region/nnh.res" 1217
"../../../Engine/Content/Internationalization/icudt64l/lang/nus.res" 1218
"../../../Engine/Content/Internationalization/icudt64l/region/nus.res" 1219
"../../../Engine/Content/Internationalization/icudt64l/lang/nyn.res" 1220
"../../../Engine/Content/Internationalization/icudt64l/region/nyn.res" 1221
"../../../Engine/Content/Internationalization/icudt64l/lang/om.res" 1222
"../../../Engine/Content/Internationalization/icudt64l/region/om.res" 1223
"../../../Engine/Content/Internationalization/icudt64l/lang/or.res" 1224
"../../../Engine/Content/Internationalization/icudt64l/region/or.res" 1225
"../../../Engine/Content/Internationalization/icudt64l/lang/os.res" 1226
"../../../Engine/Content/Internationalization/icudt64l/region/os.res" 1227
"../../../Engine/Content/Internationalization/icudt64l/lang/pa.res" 1228
"../../../Engine/Content/Internationalization/icudt64l/lang/pa_Arab.res" 1229
"../../../Engine/Content/Internationalization/icudt64l/lang/pa_PK.res" 1230
"../../../Engine/Content/Internationalization/icudt64l/lang/pa_Arab_PK.res" 1231
"../../../Engine/Content/Internationalization/icudt64l/region/pa_PK.res" 1232
"../../../Engine/Content/Internationalization/icudt64l/region/pa_Arab_PK.res" 1233
"../../../Engine/Content/Internationalization/icudt64l/region/pa_Arab.res" 1234
"../../../Engine/Content/Internationalization/icudt64l/lang/pa_Guru.res" 1235
"../../../Engine/Content/Internationalization/icudt64l/lang/pa_IN.res" 1236
"../../../Engine/Content/Internationalization/icudt64l/lang/pa_Guru_IN.res" 1237
"../../../Engine/Content/Internationalization/icudt64l/region/pa_IN.res" 1238
"../../../Engine/Content/Internationalization/icudt64l/region/pa_Guru_IN.res" 1239
"../../../Engine/Content/Internationalization/icudt64l/region/pa_Guru.res" 1240
"../../../Engine/Content/Internationalization/icudt64l/region/pa.res" 1241
"../../../Engine/Content/Internationalization/icudt64l/lang/pl.res" 1242
"../../../Engine/Content/Internationalization/icudt64l/region/pl.res" 1243
"../../../Engine/Content/Internationalization/icudt64l/lang/ps.res" 1244
"../../../Engine/Content/Internationalization/icudt64l/region/ps.res" 1245
"../../../Engine/Content/Internationalization/icudt64l/lang/ps_PK.res" 1246
"../../../Engine/Content/Internationalization/icudt64l/region/ps_PK.res" 1247
"../../../Engine/Content/Internationalization/icudt64l/lang/pt.res" 1248
"../../../Engine/Content/Internationalization/icudt64l/lang/pt_AO.res" 1249
"../../../Engine/Content/Internationalization/icudt64l/lang/pt_PT.res" 1250
"../../../Engine/Content/Internationalization/icudt64l/region/pt_AO.res" 1251
"../../../Engine/Content/Internationalization/icudt64l/region/pt_PT.res" 1252
"../../../Engine/Content/Internationalization/icudt64l/region/pt.res" 1253
"../../../Engine/Content/Internationalization/icudt64l/lang/pt_CH.res" 1254
"../../../Engine/Content/Internationalization/icudt64l/region/pt_CH.res" 1255
"../../../Engine/Content/Internationalization/icudt64l/lang/pt_CV.res" 1256
"../../../Engine/Content/Internationalization/icudt64l/region/pt_CV.res" 1257
"../../../Engine/Content/Internationalization/icudt64l/lang/pt_GQ.res" 1258
"../../../Engine/Content/Internationalization/icudt64l/region/pt_GQ.res" 1259
"../../../Engine/Content/Internationalization/icudt64l/lang/pt_GW.res" 1260
"../../../Engine/Content/Internationalization/icudt64l/region/pt_GW.res" 1261
"../../../Engine/Content/Internationalization/icudt64l/lang/pt_LU.res" 1262
"../../../Engine/Content/Internationalization/icudt64l/region/pt_LU.res" 1263
"../../../Engine/Content/Internationalization/icudt64l/lang/pt_MO.res" 1264
"../../../Engine/Content/Internationalization/icudt64l/region/pt_MO.res" 1265
"../../../Engine/Content/Internationalization/icudt64l/lang/pt_MZ.res" 1266
"../../../Engine/Content/Internationalization/icudt64l/region/pt_MZ.res" 1267
"../../../Engine/Content/Internationalization/icudt64l/lang/pt_ST.res" 1268
"../../../Engine/Content/Internationalization/icudt64l/region/pt_ST.res" 1269
"../../../Engine/Content/Internationalization/icudt64l/lang/pt_TL.res" 1270
"../../../Engine/Content/Internationalization/icudt64l/region/pt_TL.res" 1271
"../../../Engine/Content/Internationalization/icudt64l/lang/qu.res" 1272
"../../../Engine/Content/Internationalization/icudt64l/region/qu.res" 1273
"../../../Engine/Content/Internationalization/icudt64l/lang/rm.res" 1274
"../../../Engine/Content/Internationalization/icudt64l/region/rm.res" 1275
"../../../Engine/Content/Internationalization/icudt64l/lang/rn.res" 1276
"../../../Engine/Content/Internationalization/icudt64l/region/rn.res" 1277
"../../../Engine/Content/Internationalization/icudt64l/lang/ro.res" 1278
"../../../Engine/Content/Internationalization/icudt64l/lang/ro_MD.res" 1279
"../../../Engine/Content/Internationalization/icudt64l/region/ro_MD.res" 1280
"../../../Engine/Content/Internationalization/icudt64l/region/ro.res" 1281
"../../../Engine/Content/Internationalization/icudt64l/lang/rof.res" 1282
"../../../Engine/Content/Internationalization/icudt64l/region/rof.res" 1283
"../../../Engine/Content/Internationalization/icudt64l/lang/ru.res" 1284
"../../../Engine/Content/Internationalization/icudt64l/region/ru.res" 1285
"../../../Engine/Content/Internationalization/icudt64l/region/ru_UA.res" 1286
"../../../Engine/Content/Internationalization/icudt64l/lang/rw.res" 1287
"../../../Engine/Content/Internationalization/icudt64l/region/rw.res" 1288
"../../../Engine/Content/Internationalization/icudt64l/lang/rwk.res" 1289
"../../../Engine/Content/Internationalization/icudt64l/region/rwk.res" 1290
"../../../Engine/Content/Internationalization/icudt64l/lang/sah.res" 1291
"../../../Engine/Content/Internationalization/icudt64l/region/sah.res" 1292
"../../../Engine/Content/Internationalization/icudt64l/lang/saq.res" 1293
"../../../Engine/Content/Internationalization/icudt64l/region/saq.res" 1294
"../../../Engine/Content/Internationalization/icudt64l/lang/sbp.res" 1295
"../../../Engine/Content/Internationalization/icudt64l/region/sbp.res" 1296
"../../../Engine/Content/Internationalization/icudt64l/lang/sd.res" 1297
"../../../Engine/Content/Internationalization/icudt64l/region/sd.res" 1298
"../../../Engine/Content/Internationalization/icudt64l/lang/se.res" 1299
"../../../Engine/Content/Internationalization/icudt64l/lang/se_FI.res" 1300
"../../../Engine/Content/Internationalization/icudt64l/region/se_FI.res" 1301
"../../../Engine/Content/Internationalization/icudt64l/region/se.res" 1302
"../../../Engine/Content/Internationalization/icudt64l/lang/seh.res" 1303
"../../../Engine/Content/Internationalization/icudt64l/region/seh.res" 1304
"../../../Engine/Content/Internationalization/icudt64l/lang/ses.res" 1305
"../../../Engine/Content/Internationalization/icudt64l/region/ses.res" 1306
"../../../Engine/Content/Internationalization/icudt64l/lang/sg.res" 1307
"../../../Engine/Content/Internationalization/icudt64l/region/sg.res" 1308
"../../../Engine/Content/Internationalization/icudt64l/lang/shi.res" 1309
"../../../Engine/Content/Internationalization/icudt64l/lang/shi_Latn.res" 1310
"../../../Engine/Content/Internationalization/icudt64l/lang/shi_MA.res" 1311
"../../../Engine/Content/Internationalization/icudt64l/lang/shi_Tfng_MA.res" 1312
"../../../Engine/Content/Internationalization/icudt64l/lang/shi_Tfng.res" 1313
"../../../Engine/Content/Internationalization/icudt64l/region/shi_MA.res" 1314
"../../../Engine/Content/Internationalization/icudt64l/region/shi_Tfng_MA.res" 1315
"../../../Engine/Content/Internationalization/icudt64l/region/shi_Tfng.res" 1316
"../../../Engine/Content/Internationalization/icudt64l/region/shi.res" 1317
"../../../Engine/Content/Internationalization/icudt64l/region/shi_Latn.res" 1318
"../../../Engine/Content/Internationalization/icudt64l/lang/si.res" 1319
"../../../Engine/Content/Internationalization/icudt64l/region/si.res" 1320
"../../../Engine/Content/Internationalization/icudt64l/lang/sk.res" 1321
"../../../Engine/Content/Internationalization/icudt64l/region/sk.res" 1322
"../../../Engine/Content/Internationalization/icudt64l/lang/sl.res" 1323
"../../../Engine/Content/Internationalization/icudt64l/region/sl.res" 1324
"../../../Engine/Content/Internationalization/icudt64l/lang/smn.res" 1325
"../../../Engine/Content/Internationalization/icudt64l/region/smn.res" 1326
"../../../Engine/Content/Internationalization/icudt64l/lang/sn.res" 1327
"../../../Engine/Content/Internationalization/icudt64l/region/sn.res" 1328
"../../../Engine/Content/Internationalization/icudt64l/lang/so.res" 1329
"../../../Engine/Content/Internationalization/icudt64l/region/so.res" 1330
"../../../Engine/Content/Internationalization/icudt64l/lang/sq.res" 1331
"../../../Engine/Content/Internationalization/icudt64l/region/sq.res" 1332
"../../../Engine/Content/Internationalization/icudt64l/lang/sr.res" 1333
"../../../Engine/Content/Internationalization/icudt64l/lang/sr_Cyrl.res" 1334
"../../../Engine/Content/Internationalization/icudt64l/lang/sr_BA.res" 1335
"../../../Engine/Content/Internationalization/icudt64l/lang/sr_Cyrl_BA.res" 1336
"../../../Engine/Content/Internationalization/icudt64l/region/sr_BA.res" 1337
"../../../Engine/Content/Internationalization/icudt64l/region/sr_Cyrl_BA.res" 1338
"../../../Engine/Content/Internationalization/icudt64l/region/sr_Cyrl.res" 1339
"../../../Engine/Content/Internationalization/icudt64l/region/sr.res" 1340
"../../../Engine/Content/Internationalization/icudt64l/lang/sr_ME.res" 1341
"../../../Engine/Content/Internationalization/icudt64l/lang/sr_Latn_ME.res" 1342
"../../../Engine/Content/Internationalization/icudt64l/lang/sr_Latn.res" 1343
"../../../Engine/Content/Internationalization/icudt64l/region/sr_ME.res" 1344
"../../../Engine/Content/Internationalization/icudt64l/region/sr_Latn_ME.res" 1345
"../../../Engine/Content/Internationalization/icudt64l/region/sr_Latn.res" 1346
"../../../Engine/Content/Internationalization/icudt64l/lang/sr_Cyrl_ME.res" 1347
"../../../Engine/Content/Internationalization/icudt64l/region/sr_Cyrl_ME.res" 1348
"../../../Engine/Content/Internationalization/icudt64l/lang/sr_RS.res" 1349
"../../../Engine/Content/Internationalization/icudt64l/lang/sr_Cyrl_RS.res" 1350
"../../../Engine/Content/Internationalization/icudt64l/region/sr_RS.res" 1351
"../../../Engine/Content/Internationalization/icudt64l/region/sr_Cyrl_RS.res" 1352
"../../../Engine/Content/Internationalization/icudt64l/lang/sr_XK.res" 1353
"../../../Engine/Content/Internationalization/icudt64l/lang/sr_Cyrl_XK.res" 1354
"../../../Engine/Content/Internationalization/icudt64l/region/sr_XK.res" 1355
"../../../Engine/Content/Internationalization/icudt64l/region/sr_Cyrl_XK.res" 1356
"../../../Engine/Content/Internationalization/icudt64l/lang/sr_Latn_BA.res" 1357
"../../../Engine/Content/Internationalization/icudt64l/region/sr_Latn_BA.res" 1358
"../../../Engine/Content/Internationalization/icudt64l/lang/sr_Latn_RS.res" 1359
"../../../Engine/Content/Internationalization/icudt64l/region/sr_Latn_RS.res" 1360
"../../../Engine/Content/Internationalization/icudt64l/lang/sr_Latn_XK.res" 1361
"../../../Engine/Content/Internationalization/icudt64l/region/sr_Latn_XK.res" 1362
"../../../Engine/Content/Internationalization/icudt64l/lang/sv.res" 1363
"../../../Engine/Content/Internationalization/icudt64l/region/sv.res" 1364
"../../../Engine/Content/Internationalization/icudt64l/lang/sv_FI.res" 1365
"../../../Engine/Content/Internationalization/icudt64l/lang/sw.res" 1366
"../../../Engine/Content/Internationalization/icudt64l/lang/sw_CD.res" 1367
"../../../Engine/Content/Internationalization/icudt64l/region/sw_CD.res" 1368
"../../../Engine/Content/Internationalization/icudt64l/region/sw.res" 1369
"../../../Engine/Content/Internationalization/icudt64l/lang/sw_KE.res" 1370
"../../../Engine/Content/Internationalization/icudt64l/region/sw_KE.res" 1371
"../../../Engine/Content/Internationalization/icudt64l/lang/ta.res" 1372
"../../../Engine/Content/Internationalization/icudt64l/region/ta.res" 1373
"../../../Engine/Content/Internationalization/icudt64l/lang/te.res" 1374
"../../../Engine/Content/Internationalization/icudt64l/region/te.res" 1375
"../../../Engine/Content/Internationalization/icudt64l/lang/teo.res" 1376
"../../../Engine/Content/Internationalization/icudt64l/region/teo.res" 1377
"../../../Engine/Content/Internationalization/icudt64l/lang/tg.res" 1378
"../../../Engine/Content/Internationalization/icudt64l/region/tg.res" 1379
"../../../Engine/Content/Internationalization/icudt64l/lang/th.res" 1380
"../../../Engine/Content/Internationalization/icudt64l/lang/th_TH.res" 1381
"../../../Engine/Content/Internationalization/icudt64l/region/th_TH.res" 1382
"../../../Engine/Content/Internationalization/icudt64l/region/th.res" 1383
"../../../Engine/Content/Internationalization/icudt64l/lang/ti.res" 1384
"../../../Engine/Content/Internationalization/icudt64l/region/ti.res" 1385
"../../../Engine/Content/Internationalization/icudt64l/lang/tk.res" 1386
"../../../Engine/Content/Internationalization/icudt64l/region/tk.res" 1387
"../../../Engine/Content/Internationalization/icudt64l/lang/to.res" 1388
"../../../Engine/Content/Internationalization/icudt64l/region/to.res" 1389
"../../../Engine/Content/Internationalization/icudt64l/lang/tr.res" 1390
"../../../Engine/Content/Internationalization/icudt64l/region/tr.res" 1391
"../../../Engine/Content/Internationalization/icudt64l/lang/tt.res" 1392
"../../../Engine/Content/Internationalization/icudt64l/region/tt.res" 1393
"../../../Engine/Content/Internationalization/icudt64l/lang/twq.res" 1394
"../../../Engine/Content/Internationalization/icudt64l/region/twq.res" 1395
"../../../Engine/Content/Internationalization/icudt64l/lang/tzm.res" 1396
"../../../Engine/Content/Internationalization/icudt64l/region/tzm.res" 1397
"../../../Engine/Content/Internationalization/icudt64l/lang/ug.res" 1398
"../../../Engine/Content/Internationalization/icudt64l/region/ug.res" 1399
"../../../Engine/Content/Internationalization/icudt64l/lang/uk.res" 1400
"../../../Engine/Content/Internationalization/icudt64l/region/uk.res" 1401
"../../../Engine/Content/Internationalization/icudt64l/lang/ur.res" 1402
"../../../Engine/Content/Internationalization/icudt64l/lang/ur_IN.res" 1403
"../../../Engine/Content/Internationalization/icudt64l/region/ur_IN.res" 1404
"../../../Engine/Content/Internationalization/icudt64l/region/ur.res" 1405
"../../../Engine/Content/Internationalization/icudt64l/lang/uz.res" 1406
"../../../Engine/Content/Internationalization/icudt64l/lang/uz_Arab.res" 1407
"../../../Engine/Content/Internationalization/icudt64l/lang/uz_AF.res" 1408
"../../../Engine/Content/Internationalization/icudt64l/lang/uz_Arab_AF.res" 1409
"../../../Engine/Content/Internationalization/icudt64l/region/uz_AF.res" 1410
"../../../Engine/Content/Internationalization/icudt64l/region/uz_Arab_AF.res" 1411
"../../../Engine/Content/Internationalization/icudt64l/region/uz_Arab.res" 1412
"../../../Engine/Content/Internationalization/icudt64l/lang/uz_Cyrl.res" 1413
"../../../Engine/Content/Internationalization/icudt64l/lang/uz_UZ.res" 1414
"../../../Engine/Content/Internationalization/icudt64l/lang/uz_Latn_UZ.res" 1415
"../../../Engine/Content/Internationalization/icudt64l/lang/uz_Latn.res" 1416
"../../../Engine/Content/Internationalization/icudt64l/region/uz_UZ.res" 1417
"../../../Engine/Content/Internationalization/icudt64l/region/uz_Latn_UZ.res" 1418
"../../../Engine/Content/Internationalization/icudt64l/region/uz_Latn.res" 1419
"../../../Engine/Content/Internationalization/icudt64l/region/uz.res" 1420
"../../../Engine/Content/Internationalization/icudt64l/region/uz_Cyrl.res" 1421
"../../../Engine/Content/Internationalization/icudt64l/lang/vai.res" 1422
"../../../Engine/Content/Internationalization/icudt64l/lang/vai_Latn.res" 1423
"../../../Engine/Content/Internationalization/icudt64l/lang/vai_LR.res" 1424
"../../../Engine/Content/Internationalization/icudt64l/lang/vai_Vaii_LR.res" 1425
"../../../Engine/Content/Internationalization/icudt64l/lang/vai_Vaii.res" 1426
"../../../Engine/Content/Internationalization/icudt64l/region/vai_LR.res" 1427
"../../../Engine/Content/Internationalization/icudt64l/region/vai_Vaii_LR.res" 1428
"../../../Engine/Content/Internationalization/icudt64l/region/vai_Vaii.res" 1429
"../../../Engine/Content/Internationalization/icudt64l/region/vai.res" 1430
"../../../Engine/Content/Internationalization/icudt64l/region/vai_Latn.res" 1431
"../../../Engine/Content/Internationalization/icudt64l/lang/vi.res" 1432
"../../../Engine/Content/Internationalization/icudt64l/region/vi.res" 1433
"../../../Engine/Content/Internationalization/icudt64l/lang/vun.res" 1434
"../../../Engine/Content/Internationalization/icudt64l/region/vun.res" 1435
"../../../Engine/Content/Internationalization/icudt64l/lang/wae.res" 1436
"../../../Engine/Content/Internationalization/icudt64l/region/wae.res" 1437
"../../../Engine/Content/Internationalization/icudt64l/lang/wo.res" 1438
"../../../Engine/Content/Internationalization/icudt64l/region/wo.res" 1439
"../../../Engine/Content/Internationalization/icudt64l/lang/xh.res" 1440
"../../../Engine/Content/Internationalization/icudt64l/region/xh.res" 1441
"../../../Engine/Content/Internationalization/icudt64l/lang/xog.res" 1442
"../../../Engine/Content/Internationalization/icudt64l/region/xog.res" 1443
"../../../Engine/Content/Internationalization/icudt64l/lang/yav.res" 1444
"../../../Engine/Content/Internationalization/icudt64l/region/yav.res" 1445
"../../../Engine/Content/Internationalization/icudt64l/lang/yi.res" 1446
"../../../Engine/Content/Internationalization/icudt64l/region/yi.res" 1447
"../../../Engine/Content/Internationalization/icudt64l/lang/yo.res" 1448
"../../../Engine/Content/Internationalization/icudt64l/lang/yo_BJ.res" 1449
"../../../Engine/Content/Internationalization/icudt64l/region/yo_BJ.res" 1450
"../../../Engine/Content/Internationalization/icudt64l/region/yo.res" 1451
"../../../Engine/Content/Internationalization/icudt64l/lang/yue.res" 1452
"../../../Engine/Content/Internationalization/icudt64l/lang/yue_Hans.res" 1453
"../../../Engine/Content/Internationalization/icudt64l/lang/yue_CN.res" 1454
"../../../Engine/Content/Internationalization/icudt64l/lang/yue_Hans_CN.res" 1455
"../../../Engine/Content/Internationalization/icudt64l/region/yue_CN.res" 1456
"../../../Engine/Content/Internationalization/icudt64l/region/yue_Hans_CN.res" 1457
"../../../Engine/Content/Internationalization/icudt64l/region/yue_Hans.res" 1458
"../../../Engine/Content/Internationalization/icudt64l/lang/yue_Hant.res" 1459
"../../../Engine/Content/Internationalization/icudt64l/lang/yue_HK.res" 1460
"../../../Engine/Content/Internationalization/icudt64l/lang/yue_Hant_HK.res" 1461
"../../../Engine/Content/Internationalization/icudt64l/region/yue_HK.res" 1462
"../../../Engine/Content/Internationalization/icudt64l/region/yue_Hant_HK.res" 1463
"../../../Engine/Content/Internationalization/icudt64l/region/yue_Hant.res" 1464
"../../../Engine/Content/Internationalization/icudt64l/region/yue.res" 1465
"../../../Engine/Content/Internationalization/icudt64l/lang/zgh.res" 1466
"../../../Engine/Content/Internationalization/icudt64l/region/zgh.res" 1467
"../../../Engine/Content/Internationalization/icudt64l/lang/zh.res" 1468
"../../../Engine/Content/Internationalization/icudt64l/lang/zh_Hans.res" 1469
"../../../Engine/Content/Internationalization/icudt64l/lang/zh_CN.res" 1470
"../../../Engine/Content/Internationalization/icudt64l/lang/zh_Hans_CN.res" 1471
"../../../Engine/Content/Internationalization/icudt64l/region/zh_CN.res" 1472
"../../../Engine/Content/Internationalization/icudt64l/region/zh_Hans_CN.res" 1473
"../../../Engine/Content/Internationalization/icudt64l/region/zh_Hans.res" 1474
"../../../Engine/Content/Internationalization/icudt64l/region/zh.res" 1475
"../../../Engine/Content/Internationalization/icudt64l/lang/zh_HK.res" 1476
"../../../Engine/Content/Internationalization/icudt64l/lang/zh_Hant_HK.res" 1477
"../../../Engine/Content/Internationalization/icudt64l/lang/zh_Hant.res" 1478
"../../../Engine/Content/Internationalization/icudt64l/region/zh_HK.res" 1479
"../../../Engine/Content/Internationalization/icudt64l/region/zh_Hant_HK.res" 1480
"../../../Engine/Content/Internationalization/icudt64l/region/zh_Hant.res" 1481
"../../../Engine/Content/Internationalization/icudt64l/lang/zh_MO.res" 1482
"../../../Engine/Content/Internationalization/icudt64l/lang/zh_Hant_MO.res" 1483
"../../../Engine/Content/Internationalization/icudt64l/region/zh_MO.res" 1484
"../../../Engine/Content/Internationalization/icudt64l/region/zh_Hant_MO.res" 1485
"../../../Engine/Content/Internationalization/icudt64l/lang/zh_SG.res" 1486
"../../../Engine/Content/Internationalization/icudt64l/lang/zh_Hans_SG.res" 1487
"../../../Engine/Content/Internationalization/icudt64l/region/zh_SG.res" 1488
"../../../Engine/Content/Internationalization/icudt64l/region/zh_Hans_SG.res" 1489
"../../../Engine/Content/Internationalization/icudt64l/lang/zh_TW.res" 1490
"../../../Engine/Content/Internationalization/icudt64l/lang/zh_Hant_TW.res" 1491
"../../../Engine/Content/Internationalization/icudt64l/region/zh_TW.res" 1492
"../../../Engine/Content/Internationalization/icudt64l/region/zh_Hant_TW.res" 1493
"../../../Engine/Content/Internationalization/icudt64l/lang/zu.res" 1494
"../../../Engine/Content/Internationalization/icudt64l/region/zu.res" 1495
"../../../Engine/Content/Internationalization/icudt64l/lang/no.res" 1496
"../../../Engine/Content/Internationalization/icudt64l/lang/tl.res" 1497
"../../../Engine/Plugins/FX/Niagara/Shaders/Private/NiagaraSpriteVertexFactory.ush" 1498
"../../../Engine/Shaders/Private/VertexFactoryCommon.ush" 1499
"../../../Engine/Shaders/Private/Common.ush" 1500
"../../../Engine/Shaders/Public/Platform.ush" 1501
"../../../Engine/Shaders/Public/FP16Math.ush" 1502
"../../../Engine/Shaders/Public/Platform/D3D/D3DCommon.ush" 1503
"../../../Engine/Shaders/Public/ShaderVersion.ush" 1504
"../../../Engine/Shaders/Private/CommonViewUniformBuffer.ush" 1505
"../../../Engine/Shaders/Private/InstancedStereo.ush" 1506
"../../../Engine/Shaders/Private/Definitions.usf" 1507
"../../../Engine/Shaders/Private/FastMath.ush" 1508
"../../../Engine/Shaders/Private/Random.ush" 1509
"../../../Engine/Shaders/Private/ParticleVertexFactoryCommon.ush" 1510
"../../../Engine/Plugins/FX/Niagara/Shaders/Private/NiagaraVFParticleAccess.usf" 1511
"../../../Engine/Plugins/FX/Niagara/Shaders/Private/NiagaraRibbonVertexFactory.ush" 1512
"../../../Engine/Plugins/FX/Niagara/Shaders/Private/NiagaraMeshVertexFactory.ush" 1513
"../../../Engine/Plugins/FX/Niagara/Shaders/Private/NiagaraCommon.ush" 1514
"../../../Engine/Shaders/Private/RayTracing/RayTracingCommon.ush" 1515
"../../../Engine/Shaders/Private/ShadingCommon.ush" 1516
"../../../Engine/Shaders/Shared/RayTracingDefinitions.h" 1517
"../../../Engine/Shaders/Private/RayTracing/RayTracingHitGroupCommon.ush" 1518
"../../../Engine/Shaders/Shared/RayTracingBuiltInResources.h" 1519
"../../../Engine/Shaders/Private/VectorFieldVisualizationVertexFactory.ush" 1520
"../../../Engine/Shaders/Private/ParticleSpriteVertexFactory.ush" 1521
"../../../Engine/Shaders/Private/ParticleGPUSpriteVertexFactory.ush" 1522
"../../../Engine/Shaders/Private/ParticleBeamTrailVertexFactory.ush" 1523
"../../../Engine/Shaders/Private/MeshParticleVertexFactory.ush" 1524
"../../../Engine/Shaders/Private/LocalVertexFactory.ush" 1525
"../../../Engine/Shaders/Private/LocalVertexFactoryCommon.ush" 1526
"../../../Engine/Shaders/Private/LightmapData.ush" 1527
"../../../Engine/Shaders/Private/GpuSkinCommon.ush" 1528
"../../../Engine/Shaders/Private/GpuSkinVertexFactory.ush" 1529
"../../../Engine/Shaders/Private/GeometryCacheVertexFactory.ush" 1530
"../../../Engine/Shaders/Private/LandscapeVertexFactory.ush" 1531
"../../../Engine/Plugins/Media/WmfMedia/Shaders/Private/MediaHardwareVideoDecoding.usf" 1532
"../../../Engine/Shaders/Private/GammaCorrectionCommon.ush" 1533
"../../../Engine/Shaders/Private/ColorUtils.ush" 1534
"../../../Engine/Plugins/Media/ImgMedia/Shaders/Private/ExrSwizzler.usf" 1535
"../../../Engine/Plugins/FX/Niagara/Shaders/Private/NiagaraSortKeyGen.usf" 1536
"../../../Engine/Plugins/FX/Niagara/Shaders/Private/NiagaraGPURayTracingTransforms.usf" 1537
"../../../Engine/Plugins/FX/Niagara/Shaders/Private/NiagaraDrawIndirectArgsGen.usf" 1538
"../../../Engine/Plugins/FX/Niagara/Shaders/Private/NiagaraFillIntBuffer.usf" 1539
"../../../Engine/Plugins/FX/Niagara/Shaders/Private/NiagaraComputeFreeIDs.usf" 1540
"../../../Engine/Plugins/FX/Niagara/Shaders/Private/NiagaraInitFreeIDBuffer.usf" 1541
"../../../Engine/Plugins/FX/Niagara/Shaders/Private/NiagaraEmitterInstanceShader.usf" 1542
"../../../Engine/Plugins/FX/Niagara/Shaders/Private/NiagaraShaderVersion.ush" 1543
"../../../Engine/Shaders/Private/GlobalDistanceFieldShared.ush" 1544
"../../../Engine/Shaders/Private/SceneTexturesCommon.ush" 1545
"../../../Engine/Plugins/FX/Niagara/Shaders/Private/NiagaraPhysicsCommon.ush" 1546
"../../../Engine/Plugins/FX/Niagara/Shaders/Private/NiagaraDebugDraw.usf" 1547
"../../../Engine/Plugins/FX/Niagara/Shaders/Private/NiagaraDebugDraw.ush" 1548
"../../../Engine/Plugins/FX/Niagara/Shaders/Private/NiagaraVisualizeTexture.usf" 1549
"../../../Engine/Plugins/FX/Niagara/Shaders/Private/NiagaraBatchedElements.usf" 1550
"../../../Engine/Shaders/Private/SlateElementPixelShader.usf" 1551
"../../../Engine/Shaders/Private/SlateShaderCommon.ush" 1552
"../../../Engine/Shaders/Private/MaterialTemplate.ush" 1553
"../../../Engine/Shaders/Private/EyeAdaptationCommon.ush" 1554
"../../../Engine/Shaders/Private/SobolRandom.ush" 1555
"../../../Engine/Shaders/Private/MonteCarlo.ush" 1556
"../../../Engine/Shaders/Private/DepthOfFieldCommon.ush" 1557
"../../../Engine/Shaders/Private/CircleDOFCommon.ush" 1558
"../../../Engine/Shaders/Private/PhysicsFieldSampler.ush" 1559
"../../../Engine/Shaders/Private/PhysicsFieldShared.ush" 1560
"../../../Engine/Shaders/Private/SceneData.ush" 1561
"../../../Engine/Shaders/Private/HairShadingCommon.ush" 1562
"../../../Engine/Shaders/Private/HairStrands/HairCardsAttributeCommon.ush" 1563
"../../../Engine/Shaders/Private/HairStrands/HairStrandsVertexFactoryCommon.ush" 1564
"../../../Engine/Shaders/Private/HairStrands/HairStrandsAttributeCommon.ush" 1565
"../../../Engine/Shaders/Private/SpeedTreeCommon.ush" 1566
"../../../Engine/Shaders/Private/VirtualTextureCommon.ush" 1567
"../../../Engine/Shaders/Private/MinMaterialTexCoords.ush" 1568
"../../../Engine/Shaders/Private/AtmosphereCommon.ush" 1569
"../../../Engine/Shaders/Private/SkyAtmosphereCommon.ush" 1570
"../../../Engine/Shaders/Private/SingleLayerWaterCommon.ush" 1571
"../../../Engine/Shaders/Private/PaniniProjection.ush" 1572
"../../../Engine/Shaders/Private/DeferredShadingCommon.ush" 1573
"../../../Engine/Shaders/Private/LightAccumulator.ush" 1574
"../../../Engine/Shaders/Private/CompositeUIPixelShader.usf" 1575
"../../../Engine/Shaders/Private/TonemapCommon.ush" 1576
"../../../Engine/Shaders/Private/ACES.ush" 1577
"../../../Engine/Shaders/Private/SlateMaskingShader.usf" 1578
"../../../Engine/Shaders/Private/SlatePostProcessColorDeficiencyPixelShader.usf" 1579
"../../../Engine/Shaders/Private/ColorSpace.ush" 1580
"../../../Engine/Shaders/Private/SlatePostProcessPixelShader.usf" 1581
"../../../Engine/Shaders/Private/SlateVertexShader.usf" 1582
"../../../Engine/Shaders/Private/TranslucentLightingShaders.usf" 1583
"../../../Engine/Shaders/Private/SHCommon.ush" 1584
"../../../Engine/Shaders/Private/ShadowProjectionCommon.ush" 1585
"../../../Engine/Shaders/Private/CubemapCommon.ush" 1586
"../../../Engine/Shaders/Private/VectorFieldCompositeShaders.usf" 1587
"../../../Engine/Shaders/Private/UpdateTextureShaders.usf" 1588
"../../../Engine/Shaders/Private/StereoLayerShader.usf" 1589
"../../../Engine/Shaders/Private/MorphTargets.usf" 1590
"../../../Engine/Shaders/Private/SimpleElementColorChannelMaskPixelShader.usf" 1591
"../../../Engine/Shaders/Private/SimpleElementHitProxyPixelShader.usf" 1592
"../../../Engine/Shaders/Private/SimpleElementPixelShader.usf" 1593
"../../../Engine/Shaders/Private/IESLightProfilesCommon.ush" 1594
"../../../Engine/Shaders/Private/SimpleElementVertexShader.usf" 1595
"../../../Engine/Shaders/Private/ScreenPixelShaderOES.usf" 1596
"../../../Engine/Shaders/Private/ScreenVertexShader.usf" 1597
"../../../Engine/Shaders/Private/ScreenPixelShader.usf" 1598
"../../../Engine/Shaders/Private/VolumetricLightmapStreaming.usf" 1599
"../../../Engine/Shaders/Private/PhysicsFieldReset.usf" 1600
"../../../Engine/Shaders/Private/PhysicsFieldBuilder.usf" 1601
"../../../Engine/Shaders/Private/ParticleSortKeyGen.usf" 1602
"../../../Engine/Shaders/Private/ParticleBoundsShader.usf" 1603
"../../../Engine/Shaders/Private/ParticleSimVisualizeShader.usf" 1604
"../../../Engine/Shaders/Private/ParticleInjectionShader.usf" 1605
"../../../Engine/Shaders/Private/ParticleSimulationShader.usf" 1606
"../../../Engine/Shaders/Private/ParticleCurveInjectionShader.usf" 1607
"../../../Engine/Shaders/Private/CopyUIntBuffer.usf" 1608
"../../../Engine/Shaders/Private/RadixSortShaders.usf" 1609
"../../../Engine/Shaders/Private/RecomputeTangentsPerVertexPass.usf" 1610
"../../../Engine/Shaders/Private/RecomputeTangentsCommon.ush" 1611
"../../../Engine/Shaders/Private/RecomputeTangentsPerTrianglePass.usf" 1612
"../../../Engine/Shaders/Private/GpuSkinCacheComputeShader.usf" 1613
"../../../Engine/Shaders/Private/DistanceFieldDownsampling.usf" 1614
"../../../Engine/Shaders/Private/HeightFieldAtlasManagement.usf" 1615
"../../../Engine/Shaders/Private/LandscapePhysicalMaterial.usf" 1616
"../../../Engine/Shaders/Private/LandscapeGrassWeight.usf" 1617
"../../../Engine/Shaders/Private/LandscapeLayersCS.usf" 1618
"../../../Engine/Shaders/Private/LandscapeLayersPS.usf" 1619
"../../../Engine/Shaders/Private/LandscapeLayersVS.usf" 1620
"../../../Engine/Shaders/Private/WideCustomResolveShaders.usf" 1621
"../../../Engine/Shaders/Private/WideCustomResolve_Wide.ush" 1622
"../../../Engine/Shaders/Private/WideCustomResolve_Wider.ush" 1623
"../../../Engine/Shaders/Private/WideCustomResolve_Widest.ush" 1624
"../../../Engine/Shaders/Private/PageTableUpdate.usf" 1625
"../../../Engine/Shaders/Private/VirtualTextureCompress.usf" 1626
"../../../Engine/Shaders/Private/BCCompressionCommon.ush" 1627
"../../../Engine/Shaders/Private/ETCCompressionCommon.ush" 1628
"../../../Engine/Shaders/Private/VirtualTextureMaterial.usf" 1629
"../../../Engine/Shaders/Private/PixelShaderOutputCommon.ush" 1630
"../../../Engine/Shaders/Private/VolumetricRenderTarget.usf" 1631
"../../../Engine/Shaders/Private/SceneTextureParameters.ush" 1632
"../../../Engine/Shaders/Private/VolumetricFogVoxelization.usf" 1633
"../../../Engine/Shaders/Private/VolumetricCloudMaterialPixelCommon.ush" 1634
"../../../Engine/Shaders/Private/VolumetricFogLightFunction.usf" 1635
"../../../Engine/Shaders/Private/LightFunctionCommon.ush" 1636
"../../../Engine/Shaders/Private/VolumetricFog.usf" 1637
"../../../Engine/Shaders/Private/DeferredLightingCommon.ush" 1638
"../../../Engine/Shaders/Private/DynamicLightingCommon.ush" 1639
"../../../Engine/Shaders/Private/CapsuleLightIntegrate.ush" 1640
"../../../Engine/Shaders/Private/ShadingModels.ush" 1641
"../../../Engine/Shaders/Private/BRDF.ush" 1642
"../../../Engine/Shaders/Private/CapsuleLight.ush" 1643
"../../../Engine/Shaders/Private/RectLight.ush" 1644
"../../../Engine/Shaders/Private/TransmissionCommon.ush" 1645
"../../../Engine/Shaders/Private/SubsurfaceProfileCommon.ush" 1646
"../../../Engine/Shaders/Private/BurleyNormalizedSSSCommon.ush" 1647
"../../../Engine/Shaders/Private/HairBsdf.ush" 1648
"../../../Engine/Shaders/Private/CapsuleLightSampling.ush" 1649
"../../../Engine/Shaders/Private/RectLightIntegrate.ush" 1650
"../../../Engine/Shaders/Private/LightGridCommon.ush" 1651
"../../../Engine/Shaders/Private/HeightFogCommon.ush" 1652
"../../../Engine/Shaders/Private/DistanceFieldAOShared.ush" 1653
"../../../Engine/Shaders/Private/VolumeLightingCommon.ush" 1654
"../../../Engine/Shaders/Private/ShadowFilteringCommon.ush" 1655
"../../../Engine/Shaders/Private/PixelQuadMessagePassing.ush" 1656
"../../../Engine/Shaders/Private/VolumeLightingCommonSampling.ush" 1657
"../../../Engine/Shaders/Private/VolumetricLightmapShared.ush" 1658
"../../../Engine/Shaders/Private/ForwardShadowingCommon.ush" 1659
"../../../Engine/Shaders/Private/ParticipatingMediaCommon.ush" 1660
"../../../Engine/Shaders/Private/VolumetricCloudCommon.ush" 1661
"../../../Engine/Shaders/Private/VolumetricCloud.usf" 1662
"../../../Engine/Shaders/Private/ReflectionEnvironmentShared.ush" 1663
"../../../Engine/Shaders/Private/ShaderDrawDebug.ush" 1664
"../../../Engine/Shaders/Private/VisualizeVolumetricLightmap.usf" 1665
"../../../Engine/Shaders/Private/ViewMode/LODColorationPixelShader.usf" 1666
"../../../Engine/Shaders/Private/DebugViewModeCommon.ush" 1667
"../../../Engine/Shaders/Private/VelocityShader.usf" 1668
"../../../Engine/Shaders/Private/VelocityCommon.ush" 1669
"../../../Engine/Shaders/Private/Tessellation.ush" 1670
"../../../Engine/Shaders/Private/FlatTessellation.ush" 1671
"../../../Engine/Shaders/Private/PNTriangles.ush" 1672
"../../../Engine/Shaders/Private/VariableRateShading.usf" 1673
"../../../Engine/Shaders/Private/TranslucencyUpsampling.usf" 1674
"../../../Engine/Shaders/Private/SeparateTranslucency.ush" 1675
"../../../Engine/Shaders/Private/TranslucentLightInjectionShaders.usf" 1676
"../../../Engine/Shaders/Private/TranslucentShadowDepthShaders.usf" 1677
"../../../Engine/Shaders/Private/ShadowDepthCommon.ush" 1678
"../../../Engine/Shaders/Private/TiledDeferredLightShaders.usf" 1679
"../../../Engine/Shaders/Private/RayTracing/RayTracingTest.usf" 1680
"../../../Engine/Shaders/Private/SkyAtmosphere.usf" 1681
"../../../Engine/Shaders/Private/MiniFontCommon.ush" 1682
"../../../Engine/Shaders/Private/SingleLayerWaterComposite.usf" 1683
"../../../Engine/Shaders/Private/ReflectionEnvironmentComposite.ush" 1684
"../../../Engine/Shaders/Private/ShadowProjectionPixelShader.usf" 1685
"../../../Engine/Shaders/Private/ShadowPercentageCloserFiltering.ush" 1686
"../../../Engine/Shaders/Private/TransmissionThickness.ush" 1687
"../../../Engine/Shaders/Private/HairStrands/HairStrandsVisibilityCommon.ush" 1688
"../../../Engine/Shaders/Private/HairStrands/HairStrandsVisibilityCommonStruct.ush" 1689
"../../../Engine/Shaders/Private/ShadowProjectionVertexShader.usf" 1690
"../../../Engine/Shaders/Private/CopyShadowMaps.usf" 1691
"../../../Engine/Shaders/Private/ShadowDepthPixelShader.usf" 1692
"../../../Engine/Shaders/Private/LPVListEntry.ush" 1693
"../../../Engine/Shaders/Private/LPVWriteVplCommon.ush" 1694
"../../../Engine/Shaders/Private/LPVWriteCommon.ush" 1695
"../../../Engine/Shaders/Private/LPVCommon.ush" 1696
"../../../Engine/Shaders/Private/ShadowDepthVertexShader.usf" 1697
"../../../Engine/Shaders/Private/ShaderPrintDraw.usf" 1698
"../../../Engine/Shaders/Private/ShaderPrintCommon.ush" 1699
"../../../Engine/Shaders/Private/ShaderComplexityAccumulatePixelShader.usf" 1700
"../../../Engine/Shaders/Private/QuadOverdraw.ush" 1701
"../../../Engine/Shaders/Private/SSRT/SSRTDiffuseIndirect.usf" 1702
"../../../Engine/Shaders/Private/SSRT/SSRTRayCast.ush" 1703
"../../../Engine/Shaders/Private/SSRT/SSRTTileClassificationBuffer.ush" 1704
"../../../Engine/Shaders/Private/SSRT/SSRTReflections.usf" 1705
"../../../Engine/Shaders/Private/ScreenSpaceDenoise/SSDPublic.ush" 1706
"../../../Engine/Shaders/Private/SSRT/SSRTTileClassification.usf" 1707
"../../../Engine/Shaders/Private/SSRT/SSRTPrevFrameReduction.usf" 1708
"../../../Engine/Shaders/Private/ScreenSpaceDenoise/SSDComposeHarmonics.usf" 1709
"../../../Engine/Shaders/Private/ScreenSpaceDenoise/SSDDefinitions.ush" 1710
"../../../Engine/Shaders/Private/ScreenSpaceDenoise/SSDPublicHarmonics.ush" 1711
"../../../Engine/Shaders/Private/LightShaderParameters.ush" 1712
"../../../Engine/Shaders/Private/ScreenSpaceDenoise/SSDSignalFramework.ush" 1713
"../../../Engine/Shaders/Private/ScreenSpaceDenoise/SSDCommon.ush" 1714
"../../../Engine/Shaders/Private/SphericalGaussian.ush" 1715
"../../../Engine/Shaders/Public/WaveBroadcastIntrinsics.ush" 1716
"../../../Engine/Shaders/Private/ScreenSpaceDenoise/SSDMetadata.ush" 1717
"../../../Engine/Shaders/Private/ScreenSpaceDenoise/SSDSignalCore.ush" 1718
"../../../Engine/Shaders/Private/QuasiRandom.ush" 1719
"../../../Engine/Shaders/Private/BlueNoise.ush" 1720
"../../../Engine/Shaders/Private/Halton.ush" 1721
"../../../Engine/Shaders/Private/MortonCode.ush" 1722
"../../../Engine/Shaders/Private/ScreenSpaceDenoise/SSDSignalArray.ush" 1723
"../../../Engine/Shaders/Private/ScreenSpaceDenoise/SSDSignalBufferEncoding.ush" 1724
"../../../Engine/Shaders/Private/ScreenSpaceDenoise/SSDPublicBufferEncoding.ush" 1725
"../../../Engine/Shaders/Private/ScreenSpaceDenoise/SSDTemporalAccumulation.usf" 1726
"../../../Engine/Shaders/Private/ScreenSpaceDenoise/SSDSpatialKernel.ush" 1727
"../../../Engine/Shaders/Private/ScreenSpaceDenoise/SSDSignalAccumulatorArray.ush" 1728
"../../../Engine/Shaders/Private/ScreenSpaceDenoise/SSDSignalAccumulator.ush" 1729
"../../../Engine/Shaders/Private/ScreenSpaceDenoise/SSDSignalCompression.ush" 1730
"../../../Engine/Shaders/Private/TextureSampling.ush" 1731
"../../../Engine/Shaders/Private/ScreenSpaceDenoise/SSDSpatialAccumulation.usf" 1732
"../../../Engine/Shaders/Private/ScreenSpaceDenoise/SSDInjest.usf" 1733
"../../../Engine/Shaders/Private/ScreenSpaceDenoise/SSDCompressMetadata.usf" 1734
"../../../Engine/Shaders/Private/DownsampleDepthPixelShader.usf" 1735
"../../../Engine/Shaders/Private/ScreenPass.usf" 1736
"../../../Engine/Shaders/Private/HZB.usf" 1737
"../../../Engine/Shaders/Private/ReductionCommon.ush" 1738
"../../../Engine/Shaders/Private/HZBOcclusion.usf" 1739
"../../../Engine/Shaders/Private/OcclusionQueryPixelShader.usf" 1740
"../../../Engine/Shaders/Private/OcclusionQueryVertexShader.usf" 1741
"../../../Engine/Shaders/Private/HitProxyPixelShader.usf" 1742
"../../../Engine/Shaders/Private/HitProxyVertexShader.usf" 1743
"../../../Engine/Shaders/Private/ODSCapture.usf" 1744
"../../../Engine/Shaders/Private/SceneCapturePixelShader.usf" 1745
"../../../Engine/Shaders/Private/RequiredTextureResolutionPixelShader.usf" 1746
"../../../Engine/Shaders/Private/RTWriteMaskDecode.usf" 1747
"../../../Engine/Shaders/Private/ReflectionEnvironmentShaders.usf" 1748
"../../../Engine/Shaders/Private/SkyLightingShared.ush" 1749
"../../../Engine/Shaders/Private/RayTracing/VisualizeSkyLightMipTreePS.usf" 1750
"../../../Engine/Shaders/Private/RayTracing/MipTreeCommon.ush" 1751
"../../../Engine/Shaders/Private/RayTracing/CompositeSkyLightPS.usf" 1752
"../../../Engine/Shaders/Private/RayTracing/GenerateSkyLightVisibilityRaysCS.usf" 1753
"../../../Engine/Shaders/Private/RayTracing/RayTracingSkyLightCommon.ush" 1754
"../../../Engine/Shaders/Private/RayTracing/SkyLightVisibilityRaysData.ush" 1755
"../../../Engine/Shaders/Private/PathTracing/Utilities/PathTracingRandomSequence.ush" 1756
"../../../Engine/Shaders/Private/Raytracing/RaytracingSkylightRGS.usf" 1757
"../../../Engine/Shaders/Private/HairStrands/HairStrandsVoxelPageCommonStruct.ush" 1758
"../../../Engine/Shaders/Private/HairStrands/HairStrandsRaytracing.ush" 1759
"../../../Engine/Shaders/Private/HairStrands/HairStrandsVoxelPageCommon.ush" 1760
"../../../Engine/Shaders/Private/HairStrands/HairStrandsVoxelPageTraversal.ush" 1761
"../../../Engine/Shaders/Private/Raytracing/RayTracingSkyLightEvaluation.ush" 1762
"../../../Engine/Shaders/Private/Raytracing/RayTracingDeferredShadingCommon.ush" 1763
"../../../Engine/Shaders/Private/RayTracing/RayTracingOcclusionRGS.usf" 1764
"../../../Engine/Shaders/Private/RayTracing/RayTracingDirectionalLight.ush" 1765
"../../../Engine/Shaders/Private/RayTracing/RayTracingRectLight.ush" 1766
"../../../Engine/Shaders/Private/RayTracing/RayTracingSphereLight.ush" 1767
"../../../Engine/Shaders/Private/RayTracing/RayTracingSpotLight.ush" 1768
"../../../Engine/Shaders/Private/RayTracing/RayTracingDiskLight.ush" 1769
"../../../Engine/Shaders/Private/RayTracing/RayTracingPointLight.ush" 1770
"../../../Engine/Shaders/Private/RayTracing/SplitImaginaryReflectionGBufferCS.usf" 1771
"../../../Engine/Shaders/Private/RayTracing/RayTracingReflectionsCommon.ush" 1772
"../../../Engine/Shaders/Private/RayTracing/RayTracingReflections.usf" 1773
"../../../Engine/Shaders/Private/RayTracing/RayTracingLightingCommon.ush" 1774
"../../../Engine/Shaders/Private/RayTracing/RayTracingLightCullingCommon.ush" 1775
"../../../Engine/Shaders/Private/RayTracing/RayTracingReflectionEnvironment.ush" 1776
"../../../Engine/Shaders/Private/RayTracing/RayTracingPrimaryRays.usf" 1777
"../../../Engine/Shaders/Private/RayTracing/RayTracingMaterialDefaultHitShaders.usf" 1778
"../../../Engine/Shaders/Private/RayTracing/RayTracingMaterialHitShaders.usf" 1779
"../../../Engine/Shaders/Private/LightmapCommon.ush" 1780
"../../../Engine/Shaders/Private/PathTracing/Material/PathTracingFresnel.ush" 1781
"../../../Engine/Shaders/Private/PathTracing/Material/PathTracingThinGlass.ush" 1782
"../../../Engine/Shaders/Private/PathTracing/Material/PathTracingMaterialCommon.ush" 1783
"../../../Engine/Shaders/Private/PathTracing/PathTracingCommon.ush" 1784
"../../../Engine/Shaders/Private/PathTracing/PathTracingDefinitions.ush" 1785
"../../../Engine/Shaders/Private/PathTracing/Material/PathTracingGlossy.ush" 1786
"../../../Engine/Shaders/Private/RayTracing/RayTracingLightingMS.usf" 1787
"../../../Engine/Shaders/Private/RayTracing/GenerateCulledLightListCS.usf" 1788
"../../../Engine/Shaders/Private/RayTracing/RayTracingFinalGatherRGS.usf" 1789
"../../../Engine/Shaders/Private/RayTracing/RayTracingGatherPoints.ush" 1790
"../../../Engine/Shaders/Private/PathTracing/Light/PathTracingLightSampling.ush" 1791
"../../../Engine/Shaders/Private/PathTracing/Light/PathTracingLightCommon.ush" 1792
"../../../Engine/Shaders/Shared/RayTracingTypes.h" 1793
"../../../Engine/Shaders/Shared/PathTracingDefinitions.h" 1794
"../../../Engine/Shaders/Private/PathTracing/Light/PathTracingDirectionalLight.ush" 1795
"../../../Engine/Shaders/Private/PathTracing/Light/PathTracingPointLight.ush" 1796
"../../../Engine/Shaders/Private/PathTracing/Light/PathTracingCapsuleLight.ush" 1797
"../../../Engine/Shaders/Private/PathTracing/Light/PathTracingRectLight.ush" 1798
"../../../Engine/Shaders/Private/PathTracing/Light/PathTracingSkyLight.ush" 1799
"../../../Engine/Shaders/Private/PathTracing/Light/PathTracingSpotLight.ush" 1800
"../../../Engine/Shaders/Private/PathTracing/Material/PathTracingMaterialSampling.ush" 1801
"../../../Engine/Shaders/Private/PathTracing/Material/PathTracingLambert.ush" 1802
"../../../Engine/Shaders/Private/PathTracing/Material/PathTracingRadianceProbe.ush" 1803
"../../../Engine/Shaders/Private/PathTracing/Material/FirstBounceRayGuidingCommon.ush" 1804
"../../../Engine/Shaders/Private/PathTracing/Material/PathTracingSpecularReflection.ush" 1805
"../../../Engine/Shaders/Private/PathTracing/Material/PathTracingSpecularTransmission.ush" 1806
"../../../Engine/Shaders/Private/PathTracing/Material/PathTracingSolidGlass.ush" 1807
"../../../Engine/Shaders/Private/PathTracing/Material/PathTracingDefaultLit.ush" 1808
"../../../Engine/Shaders/Private/PathTracing/Material/PathTracingClearCoat.ush" 1809
"../../../Engine/Shaders/Private/PathTracing/Material/PathTracingTwoSidedFoliage.ush" 1810
"../../../Engine/Shaders/Private/PathTracing/Material/PathTracingCloth.ush" 1811
"../../../Engine/Shaders/Private/PathTracing/Material/PathTracingSubsurfaceProfile.ush" 1812
"../../../Engine/Shaders/Private/RayTracing/RayTracingCreateGatherPointsRGS.usf" 1813
"../../../Engine/Shaders/Private/RayTracing/RayTracingGlobalIlluminationRGS.usf" 1814
"../../../Engine/Shaders/Private/RayTracing/RayTracingDynamicMesh.usf" 1815
"../../../Engine/Shaders/Private/RayTracing/RayTracingDeferredReflections.usf" 1816
"../../../Engine/Shaders/Private/RayTracing/RayTracingDeferredMaterials.ush" 1817
"../../../Engine/Shaders/Shared/ThirdParty/AMD/ags_shader_intrinsics_dx12.h" 1818
"../../../Engine/Shaders/Private/RayTracing/RayTracingDeferredReflections.ush" 1819
"../../../Engine/Shaders/Private/RayTracing/RayTracingReflectionResolve.usf" 1820
"../../../Engine/Shaders/Private/RayTracing/RayTracingReflectionsGenerateRaysCS.usf" 1821
"../../../Engine/Shaders/Private/RayTracing/MaterialSort.usf" 1822
"../../../Engine/Shaders/Private/RayTracing/RayTracingDeferredMaterials.usf" 1823
"../../../Engine/Shaders/Private/RayTracing/RayTracingDebug.usf" 1824
"../../../Engine/Shaders/Shared/RayTracingDebugDefinitions.h" 1825
"../../../Engine/Shaders/Private/RayTracing/RayTracingBarycentrics.usf" 1826
"../../../Engine/Shaders/Private/RayTracing/RayTracingAmbientOcclusionRGS.usf" 1827
"../../../Engine/Shaders/Private/PrimitiveDistanceAccuracyPixelShader.usf" 1828
"../../../Engine/Shaders/Private/VisualizeShadingModels.usf" 1829
"../../../Engine/Shaders/Private/PostProcessCommon.ush" 1830
"../../../Engine/Shaders/Private/TemporalAA/TAAUpdateHistory.usf" 1831
"../../../Engine/Shaders/Private/TemporalAA/TAACommon.ush" 1832
"../../../Engine/Shaders/Private/TemporalAA/TAADilateRejection.usf" 1833
"../../../Engine/Shaders/Private/TemporalAA/TAACompareHistory.usf" 1834
"../../../Engine/Shaders/Private/TemporalAA/TAAFilterFrequencies.usf" 1835
"../../../Engine/Shaders/Private/TemporalAA/TAADecimateHistory.usf" 1836
"../../../Engine/Shaders/Private/TemporalAA/TAADilateVelocity.usf" 1837
"../../../Engine/Shaders/Private/TemporalAA/TAAClearPrevTextures.usf" 1838
"../../../Engine/Shaders/Private/TemporalAA/TAAStandalone.usf" 1839
"../../../Engine/Shaders/Private/FilterPixelShader.usf" 1840
"../../../Engine/Shaders/Private/ScreenPass.ush" 1841
"../../../Engine/Shaders/Private/FilterVertexShader.usf" 1842
"../../../Engine/Shaders/Private/PostProcessVisualizeHDR.usf" 1843
"../../../Engine/Shaders/Private/PostProcessHistogramCommon.ush" 1844
"../../../Engine/Shaders/Private/ShaderComplexityApplyPixelShader.usf" 1845
"../../../Engine/Shaders/Private/PostProcessVisualizeBuffer.usf" 1846
"../../../Engine/Shaders/Private/PostProcessUpscale.usf" 1847
"../../../Engine/Shaders/Private/PostProcessTonemap.usf" 1848
"../../../Engine/Shaders/Private/PostProcessTestImage.usf" 1849
"../../../Engine/Shaders/Private/PostProcessSubsurface.usf" 1850
"../../../Engine/Shaders/Private/SeparableSSS.ush" 1851
"../../../Engine/Shaders/Private/SubsurfaceBurleyNormalized.ush" 1852
"../../../Engine/Shaders/Private/PostProcessSelectionOutline.usf" 1853
"../../../Engine/Shaders/Private/PostProcessPixelProjectedReflectionMobile.usf" 1854
"../../../Engine/Shaders/Private/PostProcessNoiseBlur.usf" 1855
"../../../Engine/Shaders/Private/PostProcessMotionBlur.usf" 1856
"../../../Engine/Shaders/Private/PostProcessVelocityFlatten.usf" 1857
"../../../Engine/Shaders/Private/PostProcessMobile.usf" 1858
"../../../Engine/Shaders/Private/PostProcessMitchellNetravali.usf" 1859
"../../../Engine/Shaders/Private/PostProcessMaterialShaders.usf" 1860
"../../../Engine/Shaders/Private/PostProcessLensFlares.usf" 1861
"../../../Engine/Shaders/Private/ComposeSeparateTranslucency.usf" 1862
"../../../Engine/Shaders/Private/PostProcessHMD.usf" 1863
"../../../Engine/Shaders/Private/PostProcessHistogramReduce.usf" 1864
"../../../Engine/Shaders/Private/PostProcessHistogram.usf" 1865
"../../../Engine/Shaders/Private/PostProcessGBufferHints.usf" 1866
"../../../Engine/Shaders/Private/PostProcessFFTBloom.usf" 1867
"../../../Engine/Shaders/Private/PostProcessEyeAdaptation.usf" 1868
"../../../Engine/Shaders/Private/PostProcessDownsample.usf" 1869
"../../../Engine/Shaders/Private/PostProcessDOF.usf" 1870
"../../../Engine/Shaders/Private/PostProcessDeviceEncodingOnly.usf" 1871
"../../../Engine/Shaders/Private/PostProcessCompositeEditorPrimitives.usf" 1872
"../../../Engine/Shaders/Private/PostProcessCombineLUTs.usf" 1873
"../../../Engine/Shaders/Private/PostProcessVisualizeDOF.usf" 1874
"../../../Engine/Shaders/Private/PostProcessBloom.usf" 1875
"../../../Engine/Shaders/Private/PostProcessAmbientOcclusionMobile.usf" 1876
"../../../Engine/Shaders/Private/PostProcessAmbientOcclusionCommon.ush" 1877
"../../../Engine/Shaders/Private/FXAAShader.usf" 1878
"../../../Engine/Shaders/Private/Fxaa3_11.ush" 1879
"../../../Engine/Shaders/Private/DiaphragmDOF/DOFRecombine.usf" 1880
"../../../Engine/Shaders/Private/DiaphragmDOF/DOFCommon.ush" 1881
"../../../Engine/Shaders/Private/DiaphragmDOF/DOFHybridScatterPixelShader.usf" 1882
"../../../Engine/Shaders/Private/DiaphragmDOF/DOFHybridScatterCommon.ush" 1883
"../../../Engine/Shaders/Private/DiaphragmDOF/DOFHybridScatterVertexShader.usf" 1884
"../../../Engine/Shaders/Private/DiaphragmDOF/DOFPostfiltering.usf" 1885
"../../../Engine/Shaders/Private/DiaphragmDOF/DOFGatherTileSuggest.ush" 1886
"../../../Engine/Shaders/Private/DiaphragmDOF/DOFCocTileCommon.ush" 1887
"../../../Engine/Shaders/Private/DiaphragmDOF/DOFGatherPass.usf" 1888
"../../../Engine/Shaders/Private/DiaphragmDOF/DOFGatherCommon.ush" 1889
"../../../Engine/Shaders/Private/DiaphragmDOF/DOFGatherAccumulator.ush" 1890
"../../../Engine/Shaders/Private/DiaphragmDOF/DOFGatherKernel.ush" 1891
"../../../Engine/Shaders/Private/DiaphragmDOF/DOFBokehLUT.usf" 1892
"../../../Engine/Shaders/Private/DiaphragmDOF/DOFHybridScatterCompilation.usf" 1893
"../../../Engine/Shaders/Private/DiaphragmDOF/DOFReduce.usf" 1894
"../../../Engine/Shaders/Private/DiaphragmDOF/DOFDownsample.ush" 1895
"../../../Engine/Shaders/Private/DiaphragmDOF/DOFHybridScatterCompilation.ush" 1896
"../../../Engine/Shaders/Private/DiaphragmDOF/DOFDownsample.usf" 1897
"../../../Engine/Shaders/Private/DiaphragmDOF/DOFCocTileDilate.usf" 1898
"../../../Engine/Shaders/Private/DiaphragmDOF/DOFCocTileFlatten.usf" 1899
"../../../Engine/Shaders/Private/DiaphragmDOF/DOFSetup.usf" 1900
"../../../Engine/Shaders/Private/PlanarReflectionShaders.usf" 1901
"../../../Engine/Shaders/Private/PlanarReflectionShared.ush" 1902
"../../../Engine/Shaders/Private/PathTracing/PathTracingCompositingPixelShader.usf" 1903
"../../../Engine/Shaders/Private/PathTracing/PathTracingIESAtlas.usf" 1904
"../../../Engine/Shaders/Private/PathTracing/PathTracing.usf" 1905
"../../../Engine/Shaders/Private/PathTracing/Light/PathTracingLightGrid.ush" 1906
"../../../Engine/Shaders/Private/PathTracing/PathTracingCamera.ush" 1907
"../../../Engine/Shaders/Private/PathTracing/Sensor/PathTracingPinholeCamera.ush" 1908
"../../../Engine/Shaders/Private/PathTracing/PathTracingBuildLightGrid.usf" 1909
"../../../Engine/Shaders/Private/PathTracing/PathTracingSkylightMISCompensation.usf" 1910
"../../../Engine/Shaders/Private/PathTracing/PathTracingSkylightPrepare.usf" 1911
"../../../Engine/Shaders/Private/MobileSceneCapture.usf" 1912
"../../../Engine/Shaders/Private/DistortApplyScreenPS.usf" 1913
"../../../Engine/Shaders/Private/MobileDeferredShading.usf" 1914
"../../../Engine/Shaders/Private/MobileShadingModels.ush" 1915
"../../../Engine/Shaders/Private/MobileGGX.ush" 1916
"../../../Engine/Shaders/Private/MobileBasePassPixelShader.usf" 1917
"../../../Engine/Shaders/Private/MobileBasePassCommon.ush" 1918
"../../../Engine/Shaders/Private/SingleLayerWaterShading.ush" 1919
"../../../Engine/Shaders/Private/DistortionCommon.ush" 1920
"../../../Engine/Shaders/Private/MobileBasePassVertexShader.usf" 1921
"../../../Engine/Shaders/Private/MeshTexCoordSizeAccuracyPixelShader.usf" 1922
"../../../Engine/Shaders/Private/MaterialTexCoordScalesPixelShader.usf" 1923
"../../../Engine/Shaders/Private/LightShaftShader.usf" 1924
"../../../Engine/Shaders/Private/StationaryLightOverlapShaders.usf" 1925
"../../../Engine/Shaders/Private/DeferredLightPixelShaders.usf" 1926
"../../../Engine/Shaders/Private/HairStrands/HairStrandsCommon.ush" 1927
"../../../Engine/Shaders/Private/HairStrands/HairStrandsDeepTransmittanceCommon.ush" 1928
"../../../Engine/Shaders/Private/HairStrands/HairStrandsDeepTransmittanceDualScattering.ush" 1929
"../../../Engine/Shaders/Private/DeferredLightVertexShaders.usf" 1930
"../../../Engine/Shaders/Private/LPVVisualise.usf" 1931
"../../../Engine/Shaders/Private/LPVGeometryVolumeCommon.ush" 1932
"../../../Engine/Shaders/Private/LPVDirectLightInject.usf" 1933
"../../../Engine/Shaders/Private/LPVPropagate.usf" 1934
"../../../Engine/Shaders/Private/LPVPacking.ush" 1935
"../../../Engine/Shaders/Private/LPVBuildGeometryVolume.usf" 1936
"../../../Engine/Shaders/Private/LPVDirectionalOcclusion.usf" 1937
"../../../Engine/Shaders/Private/LPVInject_AccumulateVplLists.usf" 1938
"../../../Engine/Shaders/Private/LPVInject_GenerateVplLists.usf" 1939
"../../../Engine/Shaders/Private/LPVClearLists.usf" 1940
"../../../Engine/Shaders/Private/LPVClear.usf" 1941
"../../../Engine/Shaders/Private/LightMapDensityShader.usf" 1942
"../../../Engine/Shaders/Private/LightGridInjection.usf" 1943
"../../../Engine/Shaders/Private/LightFunctionPixelShader.usf" 1944
"../../../Engine/Shaders/Private/LightFunctionVertexShader.usf" 1945
"../../../Engine/Shaders/Private/ReflectionEnvironmentPixelShader.usf" 1946
"../../../Engine/Shaders/Private/AmbientCubemapComposite.usf" 1947
"../../../Engine/Shaders/Private/DiffuseIndirectComposite.usf" 1948
"../../../Engine/Shaders/Private/HeightfieldLighting.usf" 1949
"../../../Engine/Shaders/Private/DistanceFieldLightingShared.ush" 1950
"../../../Engine/Shaders/Private/DistanceFieldShadowingShared.ush" 1951
"../../../Engine/Shaders/Private/HeightfieldLightingShared.ush" 1952
"../../../Engine/Shaders/Private/HdrCustomResolveShaders.usf" 1953
"../../../Engine/Shaders/Private/HairStrands/HairStrandsVoxelMip.usf" 1954
"../../../Engine/Shaders/Private/HairStrands/HairStrandsVoxelRasterCompute.usf" 1955
"../../../Engine/Shaders/Private/HairStrands/HairStrandsVoxelPageAllocation.usf" 1956
"../../../Engine/Shaders/Private/Matrices.ush" 1957
"../../../Engine/Shaders/Private/HairStrands/HairStrandsAABBCommon.ush" 1958
"../../../Engine/Shaders/Private/HairStrands/HairStrandsVoxelOpaque.usf" 1959
"../../../Engine/Shaders/Private/HairStrands/HairStrandsVisibilityRasterCompute.usf" 1960
"../../../Engine/Shaders/Shared/ThirdParty/NVIDIA/nvHLSLExtns.h" 1961
"../../../Engine/Shaders/Shared/ThirdParty/NVIDIA/nvHLSLExtnsInternal.h" 1962
"../../../Engine/Shaders/Shared/ThirdParty/NVIDIA/nvShaderExtnEnums.h" 1963
"../../../Engine/Shaders/Shared/ThirdParty/AMD/ags_shader_intrinsics_dx11.h" 1964
"../../../Engine/Shaders/Private/HairStrands/HairStrandsCoverage.usf" 1965
"../../../Engine/Shaders/Private/HairStrands/HairStrandsVisibilityDepthPS.usf" 1966
"../../../Engine/Shaders/Private/HairStrands/HairStrandsVisibilityTransmittanceDepthPS.usf" 1967
"../../../Engine/Shaders/Private/HairStrands/HairStrandsVisibilityFillOpaqueDepthPS.usf" 1968
"../../../Engine/Shaders/Private/HairStrands/HairStrandsVisibilityTile.usf" 1969
"../../../Engine/Shaders/Private/HairStrands/HairStrandsVisibilityCompactionComputeRaster.usf" 1970
"../../../Engine/Shaders/Private/HairStrands/HairStrandsVisibilityCompaction.usf" 1971
"../../../Engine/Shaders/Private/HairStrands/HairStrandsVisibilityCopyIndirectArg.usf" 1972
"../../../Engine/Shaders/Private/HairStrands/HairStrandsVisibilityClearPS.usf" 1973
"../../../Engine/Shaders/Private/HairStrands/HairStrandsVisibilityPS.usf" 1974
"../../../Engine/Shaders/Private/HairStrands/HairStrandsVisibilityVS.usf" 1975
"../../../Engine/Shaders/Private/HairStrands/HairStrandsLightChannelMask.usf" 1976
"../../../Engine/Shaders/Private/HairStrands/HairStrandsVelocity.usf" 1977
"../../../Engine/Shaders/Private/HairStrands/HairStrandsVisibilityComputeSampleCoverage.usf" 1978
"../../../Engine/Shaders/Private/HairStrands/HairStrandsMaterialPS.usf" 1979
"../../../Engine/Shaders/Private/HairStrands/HairStrandsMaterialCommon.ush" 1980
"../../../Engine/Shaders/Private/HairStrands/HairStrandsMaterialVS.usf" 1981
"../../../Engine/Shaders/Private/HairStrands/HairStrandsMaterialGBufferPS.usf" 1982
"../../../Engine/Shaders/Private/HairStrands/HairStrandsGBufferCommon.ush" 1983
"../../../Engine/Shaders/Private/HairStrands/HairStrandsMaterialGBufferVS.usf" 1984
"../../../Engine/Shaders/Private/HairStrands/HairStrandsLightSample.usf" 1985
"../../../Engine/Shaders/Private/HairStrands/HairStrandsDeepShadowMask.usf" 1986
"../../../Engine/Shaders/Private/HairStrands/HairStrandsDeepShadowCommonStruct.ush" 1987
"../../../Engine/Shaders/Private/HairStrands/HairStrandsDebugCommon.ush" 1988
"../../../Engine/Shaders/Private/HairStrands/HairStrandsDeepShadowCommon.ush" 1989
"../../../Engine/Shaders/Private/HairStrands/HairStrandsDeepTransmittanceMask.usf" 1990
"../../../Engine/Shaders/Private/HairStrands/HairScatter.usf" 1991
"../../../Engine/Shaders/Private/HairStrands/HairScatterCompose.usf" 1992
"../../../Engine/Shaders/Private/HairStrands/HairStrandsDeepShadowPS.usf" 1993
"../../../Engine/Shaders/Private/HairStrands/HairStrandsDeepShadowVS.usf" 1994
"../../../Engine/Shaders/Private/HairStrands/HairStrandsLUT.usf" 1995
"../../../Engine/Shaders/Private/HairStrands/HairStrandsEnvironmentLighting.usf" 1996
"../../../Engine/Shaders/Private/HairStrands/HairStrandsEnvironmentLightingCommon.ush" 1997
"../../../Engine/Shaders/Private/HairStrands/HairStrandsDebugCommonStruct.ush" 1998
"../../../Engine/Shaders/Private/HairStrands/HairStrandsEnvironmentAO.usf" 1999
"../../../Engine/Shaders/Private/HairStrands/HairStrandsDeepShadowAllocation.usf" 2000
"../../../Engine/Shaders/Private/HairStrands/HairStrandsVoxelDepthInjection.usf" 2001
"../../../Engine/Shaders/Private/HairStrands/HairStrandsClusterCulling.usf" 2002
"../../../Engine/Shaders/Private/HairStrands/HairStrandsClusterCommon.ush" 2003
"../../../Engine/Shaders/Private/HairStrands/HairStrandsVisibilityPPLLDebug.usf" 2004
"../../../Engine/Shaders/Private/HairStrands/HairStrandsBsdfPlot.usf" 2005
"../../../Engine/Shaders/Private/HairStrands/HairStrandsVoxelPageRayMarching.usf" 2006
"../../../Engine/Shaders/Private/HairStrands/HairStrandsDeepShadowDebug.usf" 2007
"../../../Engine/Shaders/Private/HairStrands/HairStrandsDebug.usf" 2008
"../../../Engine/Shaders/Private/HairStrands/HairStrandsDebugPrint.usf" 2009
"../../../Engine/Shaders/Private/HairStrands/HairStrandsGBufferWrite.usf" 2010
"../../../Engine/Shaders/Private/HairStrands/HairStrandsVisibilityComposeSubPixelPS.usf" 2011
"../../../Engine/Shaders/Private/HairStrands/HairStrandsAABB.usf" 2012
"../../../Engine/Shaders/Private/GPUFastFourierTransform.usf" 2013
"../../../Engine/Shaders/Private/GPUFastFourierTransform2DCore.ush" 2014
"../../../Engine/Shaders/Private/GPUFastFourierTransformCore.ush" 2015
"../../../Engine/Shaders/Private/ShaderDrawDebug.usf" 2016
"../../../Engine/Shaders/Private/GPUBenchmark.usf" 2017
"../../../Engine/Shaders/Private/GlobalDistanceField.usf" 2018
"../../../Engine/Shaders/Private/GammaCorrection.usf" 2019
"../../../Engine/Shaders/Private/HeightFogPixelShader.usf" 2020
"../../../Engine/Shaders/Private/HeightFogVertexShader.usf" 2021
"../../../Engine/Shaders/Private/DistortAccumulatePS.usf" 2022
"../../../Engine/Shaders/Private/DistortAccumulateVS.usf" 2023
"../../../Engine/Shaders/Private/DistanceFieldVisualization.usf" 2024
"../../../Engine/Shaders/Private/DistanceFieldShadowing.usf" 2025
"../../../Engine/Shaders/Private/DistanceFieldScreenGridLighting.usf" 2026
"../../../Engine/Shaders/Private/DistanceFieldObjectCulling.usf" 2027
"../../../Engine/Shaders/Private/DistanceFieldLightingPost.usf" 2028
"../../../Engine/Shaders/Private/DitheredTransitionStencil.usf" 2029
"../../../Engine/Shaders/Private/DepthOnlyPixelShader.usf" 2030
"../../../Engine/Shaders/Private/DepthOnlyVertexShader.usf" 2031
"../../../Engine/Shaders/Private/PositionOnlyDepthVertexShader.usf" 2032
"../../../Engine/Shaders/Private/DeferredDecal.usf" 2033
"../../../Engine/Shaders/Private/DecalCommon.ush" 2034
"../../../Engine/Shaders/Private/DBufferDecalShared.ush" 2035
"../../../Engine/Shaders/Private/DebugViewModeVertexShader.usf" 2036
"../../../Engine/Shaders/Private/PostProcessPassThrough.usf" 2037
"../../../Engine/Shaders/Private/MeshDecals.usf" 2038
"../../../Engine/Shaders/Private/PostProcessLpvIndirect.usf" 2039
"../../../Engine/Shaders/Private/LPVFinalPass.ush" 2040
"../../../Engine/Shaders/Private/PostProcessAmbientOcclusion.usf" 2041
"../../../Engine/Shaders/Private/ClusteredDeferredShadingPixelShader.usf" 2042
"../../../Engine/Shaders/Private/CapsuleShadowShaders.usf" 2043
"../../../Engine/Shaders/Private/BasePassPixelShader.usf" 2044
"../../../Engine/Shaders/Private/BasePassCommon.ush" 2045
"../../../Engine/Shaders/Private/ShadingModelsMaterial.ush" 2046
"../../../Engine/Shaders/Private/ThinTranslucentCommon.ush" 2047
"../../../Engine/Shaders/Private/ForwardLightingCommon.ush" 2048
"../../../Engine/Shaders/Private/BasePassTessellationShaders.usf" 2049
"../../../Engine/Shaders/Private/BasePassVertexCommon.ush" 2050
"../../../Engine/Shaders/Private/BasePassVertexShader.usf" 2051
"../../../Engine/Shaders/Private/AtmospherePrecomputeInscatter.usf" 2052
"../../../Engine/Shaders/Private/AtmospherePrecomputeCommon.ush" 2053
"../../../Engine/Shaders/Private/AtmospherePrecompute.usf" 2054
"../../../Engine/Shaders/Private/AtmosphericFogShader.usf" 2055
"../../../Engine/Shaders/Private/AnisotropyPassShader.usf" 2056
"../../../Engine/Shaders/Private/SimpleElementVolumeTexturePreviewPixelShader.usf" 2057
"../../../Engine/Shaders/Private/SimpleElementTexture2DPreviewPixelShader.usf" 2058
"../../../Engine/Shaders/Private/SimpleElementNormalMapPixelShader.usf" 2059
"../../../Engine/Shaders/Private/meshpaintdilatepixelshader.usf" 2060
"../../../Engine/Shaders/Private/meshpaintdilatevertexshader.usf" 2061
"../../../Engine/Shaders/Private/MeshPaintPixelShader.usf" 2062
"../../../Engine/Shaders/Private/MeshPaintVertexShader.usf" 2063
"../../../Engine/Shaders/Private/Tools/VisualizeTexture.usf" 2064
"../../../Engine/Shaders/Private/ByteBuffer.usf" 2065
"../../../Engine/Shaders/Private/ResolveVertexShader.usf" 2066
"../../../Engine/Shaders/Private/ResolvePixelShader.usf" 2067
"../../../Engine/Shaders/Private/Tools/ClearUAV.usf" 2068
"../../../Engine/Shaders/Private/ClearReplacementShaders.usf" 2069
"../../../Engine/Shaders/Private/Raytracing/RayTracingInstanceCopy.usf" 2070
"../../../Engine/Shaders/Private/RenderGraphUtilities.usf" 2071
"../../../Engine/Shaders/Private/OneColorShader.usf" 2072
"../../../Engine/Shaders/Private/OculusShaders.usf" 2073
"../../../Engine/Shaders/Private/MediaShaders.usf" 2074
"../../../Engine/Shaders/Private/NullPixelShader.usf" 2075
"../../../Engine/Shaders/Private/ComputeGenerateMips.usf" 2076
"../../../Engine/Shaders/Private/CopyTextureShaders.usf" 2077
"../../../Engine/Shaders/Private/Tools/FullscreenVertexShader.usf" 2078
"../../../Engine/Shaders/Private/RayTracing/RayTracingBuiltInShaders.usf" 2079
"C:/Users/shashinda adithya/AppData/Local/UnrealEngine/4.27/DerivedDataCache/Boot.ddc" 2080
"../../../Engine/DerivedDataCache/Compressed.ddp" 2081
"C:/Users/shashinda adithya/AppData/Local/UnrealEngine/Common/DerivedDataCache/TestData/0/TestData_4kb.dat" 2082
"C:/Users/shashinda adithya/AppData/Local/UnrealEngine/Common/DerivedDataCache/TestData/1/TestData_4kb.dat" 2083
"C:/Users/shashinda adithya/AppData/Local/UnrealEngine/Common/DerivedDataCache/TestData/0/TestData_8kb.dat" 2084
"C:/Users/shashinda adithya/AppData/Local/UnrealEngine/Common/DerivedDataCache/TestData/1/TestData_8kb.dat" 2085
"C:/Users/shashinda adithya/AppData/Local/UnrealEngine/Common/DerivedDataCache/TestData/0/TestData_16kb.dat" 2086
"C:/Users/shashinda adithya/AppData/Local/UnrealEngine/Common/DerivedDataCache/TestData/1/TestData_16kb.dat" 2087
"C:/Users/shashinda adithya/AppData/Local/UnrealEngine/Common/DerivedDataCache/TestData/0/TestData_64kb.dat" 2088
"C:/Users/shashinda adithya/AppData/Local/UnrealEngine/Common/DerivedDataCache/TestData/1/TestData_64kb.dat" 2089
"C:/Users/shashinda adithya/AppData/Local/UnrealEngine/Common/DerivedDataCache/TestData/0/TestData_128kb.dat" 2090
"C:/Users/shashinda adithya/AppData/Local/UnrealEngine/Common/DerivedDataCache/TestData/1/TestData_128kb.dat" 2091
"C:/Users/shashinda adithya/AppData/Local/UnrealEngine/Common/DerivedDataCache/TestData/0/TestData_256kb.dat" 2092
"C:/Users/shashinda adithya/AppData/Local/UnrealEngine/Common/DerivedDataCache/TestData/1/TestData_256kb.dat" 2093
"../../../Engine/Content/EditorResources/S_Actor.uasset" 2094
"../../../Engine/Content/EngineResources/WhiteSquareTexture.uasset" 2095
"../../../Engine/Content/EngineResources/GradientTexture0.uasset" 2096
"../../../Engine/Content/EngineResources/Black.uasset" 2097
"../../../Engine/Content/EngineMeshes/Sphere.uasset" 2098
"../../../Engine/Content/EditorMaterials/MatineeGroups/MAT_Groups_Float.uasset" 2099
"../../../Engine/Content/EditorMaterials/MatineeGroups/MAT_Groups_Anim.uasset" 2100
"../../../Engine/Content/EditorMaterials/MatineeGroups/MAT_Groups_AudioMaster.uasset" 2101
"../../../Engine/Content/EditorMaterials/MatineeGroups/MAT_ColorTrack.uasset" 2102
"../../../Engine/Content/EditorMaterials/MatineeGroups/MAT_Groups_Fade.uasset" 2103
"../../../Engine/Content/EditorMaterials/MatineeGroups/MAT_Groups_Director.uasset" 2104
"../../../Engine/Content/EditorMaterials/MatineeGroups/MAT_Groups_Event.uasset" 2105
"../../../Engine/Content/EditorMaterials/MatineeGroups/MAT_Groups_Move.uasset" 2106
"../../../Engine/Content/EditorMaterials/MatineeGroups/MAT_Groups_Slomo.uasset" 2107
"../../../Engine/Content/EditorMaterials/MatineeGroups/MAT_Groups_Sound.uasset" 2108
"../../../Engine/Content/EditorMaterials/MAT_Groups_Toggle.uasset" 2109
"../../../Engine/Content/EditorMaterials/MatineeGroups/MAT_Groups_Vector.uasset" 2110
"../../../Engine/Content/EditorMaterials/MAT_Groups_Visibility.uasset" 2111
"../../../Engine/Content/EngineResources/DefaultTexture.uasset" 2112
"../../../Engine/Content/EngineResources/DefaultTextureCube.uasset" 2113
"../../../Engine/Content/EngineResources/DefaultVolumeTexture.uasset" 2114
"../../../Engine/Content/EngineResources/DefaultVolumeTexture2D.uasset" 2115
"../../../Engine/Content/EngineFonts/RobotoDistanceField.uasset" 2116
"../../../Engine/Content/EngineMaterials/DefaultTextMaterialOpaque.uasset" 2117
"../../../Engine/Content/Functions/Engine_MaterialFunctions01/Shading/PowerToRoughness.uasset" 2118
"../../../Engine/Content/Functions/Engine_MaterialFunctions01/Shading/ConvertFromDiffSpec.uasset" 2119
"../../../Engine/Content/EngineMaterials/WorldGridMaterial.uasset" 2120
"../../../Engine/Content/Functions/Engine_MaterialFunctions01/Opacity/CameraDepthFade.uasset" 2121
"../../../Engine/Content/EngineMaterials/T_Default_Material_Grid_M.uasset" 2122
"../../../Engine/Content/EngineMaterials/T_Default_Material_Grid_N.uasset" 2123
"../../../Engine/Content/EngineMaterials/DefaultDeferredDecalMaterial.uasset" 2124
"../../../Engine/Content/EngineMaterials/DefaultDiffuse.uasset" 2125
"../../../Engine/Content/EngineMaterials/DefaultLightFunctionMaterial.uasset" 2126
"../../../Engine/Content/EngineMaterials/DefaultPostProcessMaterial.uasset" 2127
"../../../Engine/Content/Functions/Engine_MaterialFunctions02/Utility/BreakOutFloat2Components.uasset" 2128
"../../../Engine/Content/EditorResources/S_Trigger.uasset" 2129
"../../../Engine/Content/EngineSky/VolumetricClouds/m_SimpleVolumetricCloud_Inst.uasset" 2130
"../../../Engine/Content/EngineSky/VolumetricClouds/m_SimpleVolumetricCloud.uasset" 2131
"../../../Engine/Content/Functions/Engine_MaterialFunctions02/Utility/MakeFloat2.uasset" 2132
"../../../Engine/Content/EngineSky/VolumetricClouds/CloudGradientTexture.uasset" 2133
"../../../Engine/Content/EngineSky/VolumetricClouds/CloudWeatherTexture.uasset" 2134
"../../../Engine/Content/EngineSky/VolumetricClouds/T_VolumeNoiseErosion32.uasset" 2135
"../../../Engine/Content/EngineSky/VolumetricClouds/T_NoiseErosion.uasset" 2136
"../../../Engine/Content/EngineSky/VolumetricClouds/T_VolumeNoiseShape64.uasset" 2137
"../../../Engine/Content/EngineSky/VolumetricClouds/T_NoiseShape64.uasset" 2138
"../../../Engine/Content/EngineMaterials/BaseFlattenMaterial.uasset" 2139
"../../../Engine/Content/EngineMaterials/BaseFlattenDiffuseMap.uasset" 2140
"../../../Engine/Content/EngineMaterials/BaseFlattenEmissiveMap.uasset" 2141
"../../../Engine/Content/EngineMaterials/BaseFlattenGrayscaleMap.uasset" 2142
"../../../Engine/Content/EngineMaterials/BaseFlattenNormalMap.uasset" 2143
"../../../Engine/Content/EngineDamageTypes/DmgTypeBP_Environmental.uasset" 2144
"../../../Engine/Content/VREditor/TransformGizmo/SM_Sequencer_Key.uasset" 2145
"../../../Engine/Content/VREditor/TransformGizmo/Main.uasset" 2146
"../../../Engine/Content/VREditor/TransformGizmo/Xray.uasset" 2147
"../../../Engine/Content/EngineMaterials/Widget3DPassThrough_Translucent.uasset" 2148
"../../../Engine/Content/EngineMaterials/Widget3DPassThrough.uasset" 2149
"../../../Engine/Config/TVOS/TVOSEngine.ini" 2150
"../../../Engine/Content/EngineMaterials/Widget3DPassThrough_Translucent_OneSided.uasset" 2151
"../../../Engine/Content/EngineMaterials/Widget3DPassThrough_Opaque.uasset" 2152
"../../../Engine/Content/EngineMaterials/Widget3DPassThrough_Opaque_OneSided.uasset" 2153
"../../../Engine/Content/EngineMaterials/Widget3DPassThrough_Masked.uasset" 2154
"../../../Engine/Content/EngineMaterials/Widget3DPassThrough_Masked_OneSided.uasset" 2155
"../../../Engine/Content/VREditor/TransformGizmo/PlaneTranslationHandle.uasset" 2156
"../../../Engine/Content/VREditor/TransformGizmo/TransformGizmoMaterial.uasset" 2157
"../../../Engine/Content/VREditor/LaserPointer/VR_LaserPower_01.uasset" 2158
"../../../Engine/Content/VREditor/TransformGizmo/TranslucentTransformGizmoMaterial.uasset" 2159
"../../../Engine/Content/VREditor/TransformGizmo/BoundingBoxCorner.uasset" 2160
"../../../Engine/Content/VREditor/TransformGizmo/BoundingBoxEdge.uasset" 2161
"../../../Engine/Content/EditorMeshes/Camera/SM_CraneRig_Base.uasset" 2162
"../../../Engine/Content/EditorMaterials/Camera/MI_CineMat_Rig.uasset" 2163
"../../../Engine/Content/EditorMaterials/Camera/CineMat.uasset" 2164
"../../../Engine/Content/EditorMeshes/Camera/SM_CraneRig_Arm.uasset" 2165
"../../../Engine/Content/EditorMeshes/Camera/SM_CraneRig_Mount.uasset" 2166
"../../../Engine/Content/EditorMeshes/Camera/SM_CraneRig_Body.uasset" 2167
"../../../Engine/Content/EditorMeshes/Camera/SM_RailRig_Track.uasset" 2168
"../../../Engine/Content/EditorMeshes/Camera/SM_RailRig_Mount.uasset" 2169
"../../../Engine/Content/ArtTools/RenderToTexture/Meshes/S_1_Unit_Plane.uasset" 2170
"../../../Engine/Content/EngineDebugMaterials/M_SimpleUnlitTranslucent.uasset" 2171
"../../../Engine/Content/EngineFonts/Roboto.uasset" 2172
"../../../Engine/Content/EngineFonts/Faces/DroidSansFallback.uasset" 2173
"../../../Engine/Content/EngineFonts/Faces/RobotoBold.uasset" 2174
"../../../Engine/Content/EngineFonts/Faces/RobotoBoldItalic.uasset" 2175
"../../../Engine/Content/EngineFonts/Faces/RobotoItalic.uasset" 2176
"../../../Engine/Content/EngineFonts/Faces/RobotoLight.uasset" 2177
"../../../Engine/Content/EngineFonts/Faces/RobotoRegular.uasset" 2178
"../../../Engine/Content/EditorMaterials/ParticleSystems/PSysThumbnail_NoImage.uasset" 2179
"../../../Engine/Content/EditorMaterials/ParticleSystems/PSysThumbnail_OOD.uasset" 2180
"../../../Engine/Content/Maps/Templates/Thumbnails/Default.uasset" 2181
"../../../Engine/Content/Maps/Templates/Thumbnails/TimeOfDay.uasset" 2182
"../../../Engine/Content/Maps/Templates/Thumbnails/VR-Basic.uasset" 2183
"../../../Engine/Content/EditorLandscapeResources/DataLayer.uasset" 2184
"../../Plugins/Runtime/Oculus/OculusVR/Content/Materials/PokeAHoleMaterial.uasset" 2185
"../../../Engine/Content/VREditor/TransformGizmo/SM_Sequencer_Node.uasset" 2186
"../../../Engine/Content/Internationalization/icudt64l/coll/ucadata.icu" 2187
"../../../Engine/Content/Internationalization/icudt64l/coll/en.res" 2188
"../../../Engine/Content/Internationalization/icudt64l/coll/root.res" 2189
"../../../Engine/Content/Tutorial/Basics/LevelEditorAttract.uasset" 2190
"../../../Engine/Content/Tutorial/Basics/LevelEditorOverview.uasset" 2191
"../../../Engine/Content/Tutorial/Basics/TutorialAssets/icon_tab_Levels_40x.uasset" 2192
"../../../Engine/Content/Tutorial/Landscape/Landscape_Manage_Mode.uasset" 2193
"../../../Engine/Content/Tutorial/Landscape/TutorialAssets/Landscape.uasset" 2194
"../../../Engine/Content/Tutorial/Landscape/Landscape_Sculpt_Mode.uasset" 2195
"../../../Engine/Content/EditorBlueprintResources/StandardMacros.uasset" 2196
"../../../Engine/Content/Tutorial/Landscape/Landscape_Painting_Mode.uasset" 2197
"../../../Engine/Content/Tutorial/BlueprintTutorials/LevelBlueprintEditorOverview.uasset" 2198
"../../../Engine/Content/Tutorial/BlueprintTutorials/TutorialAssets/Blueprint_64x.uasset" 2199
"../../../Engine/Content/Tutorial/BlueprintTutorials/BlueprintEditorTutorial.uasset" 2200
"../../../Engine/Content/Tutorial/ContentIntroCurve.uasset" 2201
"../../Plugins/2D/Paper2D/Content/MaskedUnlitSpriteMaterial.uasset" 2202
"../../Plugins/2D/Paper2D/Content/DefaultSpriteMaterial.uasset" 2203
"../../Plugins/2D/Paper2D/Content/PlaceholderTextures/DummySpriteTexture.uasset" 2204
"../../Plugins/2D/Paper2D/Content/OpaqueUnlitSpriteMaterial.uasset" 2205
"../../Plugins/2D/Paper2D/Content/DefaultPaperTerrainMaterial.uasset" 2206
"../../Plugins/2D/Paper2D/Content/DummySprite.uasset" 2207
"../../Plugins/Lumin/MagicLeapPassableWorld/Content/MagicLeapARPinInfoActor.uasset" 2208
"../../../Engine/Content/ArtTools/RenderToTexture/Materials/Debug/M_Emissive_Color.uasset" 2209
"../../../Engine/Content/BasicShapes/Cylinder.uasset" 2210
"../../../Engine/Content/EngineMaterials/DefaultMaterial.uasset" 2211
"../../../Engine/Content/EngineDebugMaterials/VertexColorMaterial.uasset" 2212
"../../../Engine/Content/EngineDebugMaterials/WireframeMaterial.uasset" 2213
"../../../Engine/Content/EngineMeshes/Cylinder.uasset" 2214
"../../Plugins/Editor/SpeedTreeImporter/Content/SpeedTree9/SpeedTreeMaster.uasset" 2215
"../../../Engine/Content/Functions/Engine_MaterialFunctions02/ObjectLocalBounds.uasset" 2216
"../../../Engine/Content/Functions/Engine_MaterialFunctions02/SafeNormalize.uasset" 2217
"../../../Engine/Content/Functions/Engine_MaterialFunctions02/Utility/BreakOutFloat3Components.uasset" 2218
"../../../Engine/Content/Functions/Engine_MaterialFunctions02/Utility/VectorLength.uasset" 2219
"../../../Engine/Content/Functions/Engine_MaterialFunctions02/UVs/BoundingBoxBased_0-1_UVW.uasset" 2220
"../../../Engine/Content/Functions/Engine_MaterialFunctions02/WorldPositionOffset/ObjectScale.uasset" 2221
"../../Plugins/Editor/SpeedTreeImporter/Content/SpeedTree9/SpeedTreeBranchMotion.uasset" 2222
"../../Plugins/Editor/SpeedTreeImporter/Content/SpeedTree9/SpeedTreeWindMotion.uasset" 2223
"../../Plugins/Editor/SpeedTreeImporter/Content/SpeedTree9/game_wind_noise.uasset" 2224
"../../Plugins/Editor/SpeedTreeImporter/Content/SpeedTree9/UnpackDirection.uasset" 2225
"../../Plugins/Editor/SpeedTreeImporter/Content/SpeedTree9/UnpackInteger3.uasset" 2226
"../../Plugins/Editor/SpeedTreeImporter/Content/SpeedTree9/SpeedTreeCameraFacing.uasset" 2227
"../../Plugins/Editor/SpeedTreeImporter/Content/SpeedTree9/SpeedTreeWind.uasset" 2228
"../../Plugins/Editor/SpeedTreeImporter/Content/SpeedTree9/Empty.uasset" 2229
"../../Plugins/Editor/SpeedTreeImporter/Content/SpeedTree9/EmptyNormal.uasset" 2230
"../../Plugins/Editor/SpeedTreeImporter/Content/SpeedTree9/SpeedTreeBillboardMaster.uasset" 2231
"../../Plugins/Editor/SpeedTreeImporter/Content/SpeedTree9/SpeedTreeBillboard.uasset" 2232
"../../../Engine/Content/EditorResources/S_Solver.uasset" 2233
"../../../Engine/Content/EditorResources/S_Note.uasset" 2234
"../../../Engine/Content/EngineDebugMaterials/VolumeToRender.uasset" 2235
"../../../Engine/Content/EngineDebugMaterials/M_VolumeRenderSphereTracePP.uasset" 2236
"../../../Engine/Content/Functions/Engine_MaterialFunctions02/Utility/CameraDirectionVector.uasset" 2237
"../../Plugins/Runtime/OpenXR/Content/Devices/GoogleDaydream/GoogleDaydreamController.uasset" 2238
"../../Plugins/Runtime/OpenXR/Content/Devices/GoogleDaydream/MI_GoogleDaydream.uasset" 2239
"../../Plugins/Runtime/OpenXR/Content/Devices/M_XRController.uasset" 2240
"../../Plugins/Runtime/OpenXR/Content/Devices/GoogleDaydream/BaseTexture.uasset" 2241
"../../Plugins/Runtime/OpenXR/Content/Devices/GoogleDaydream/MRTexture.uasset" 2242
"../../Plugins/Runtime/OpenXR/Content/Devices/HTCVive/HTCViveController.uasset" 2243
"../../Plugins/Runtime/OpenXR/Content/Devices/HTCVive/MI_HTCVive.uasset" 2244
"../../Plugins/Runtime/OpenXR/Content/Devices/HTCVive/BaseTexture.uasset" 2245
"../../Plugins/Runtime/OpenXR/Content/Devices/MicrosoftMixedReality/Left/left_MicrosoftMixedRealityController.uasset" 2246
"../../Plugins/Runtime/OpenXR/Content/Devices/MicrosoftMixedReality/MI_MicrosoftMixedReality.uasset" 2247
"../../Plugins/Runtime/OpenXR/Content/Devices/MicrosoftMixedReality/BaseTexture.uasset" 2248
"../../Plugins/Runtime/OpenXR/Content/Devices/MicrosoftMixedReality/EmissiveTexture.uasset" 2249
"../../Plugins/Runtime/OpenXR/Content/Devices/MicrosoftMixedReality/MRTexture.uasset" 2250
"../../Plugins/Runtime/OpenXR/Content/Devices/MicrosoftMixedReality/NormalTexture.uasset" 2251
"../../Plugins/Runtime/OpenXR/Content/Devices/MicrosoftMixedReality/Right/right_MicrosoftMixedRealityController.uasset" 2252
"../../Plugins/Runtime/OpenXR/Content/Devices/OculusGo/OculusGoController.uasset" 2253
"../../Plugins/Runtime/OpenXR/Content/Devices/OculusGo/MI_OculusGo.uasset" 2254
"../../Plugins/Runtime/OpenXR/Content/Devices/OculusGo/BaseTexture.uasset" 2255
"../../Plugins/Runtime/OpenXR/Content/Devices/OculusTouch/Left/left_OculusTouchController.uasset" 2256
"../../Plugins/Runtime/OpenXR/Content/Devices/OculusTouch/MI_OculusTouch.uasset" 2257
"../../Plugins/Runtime/OpenXR/Content/Devices/OculusTouch/BaseTexture.uasset" 2258
"../../Plugins/Runtime/OpenXR/Content/Devices/OculusTouch/MRTexture.uasset" 2259
"../../Plugins/Runtime/OpenXR/Content/Devices/OculusTouch/Right/right_OculusTouchController.uasset" 2260
"../../Plugins/Runtime/OpenXR/Content/Devices/ValveIndex/Left/left_ValveIndexController.uasset" 2261
"../../Plugins/Runtime/OpenXR/Content/Devices/ValveIndex/Left/MI_left_ValveIndex.uasset" 2262
"../../Plugins/Runtime/OpenXR/Content/Devices/ValveIndex/BaseTexture.uasset" 2263
"../../Plugins/Runtime/OpenXR/Content/Devices/ValveIndex/MRTexture.uasset" 2264
"../../Plugins/Runtime/OpenXR/Content/Devices/ValveIndex/Right/right_ValveIndexController.uasset" 2265
"../../Plugins/Runtime/OpenXR/Content/Devices/ValveIndex/Right/MI_right_ValveIndex.uasset" 2266
"../../Plugins/Runtime/OpenXR/Content/Devices/OculusTouch_v2/Left/left_OculusTouch_v2Controller.uasset" 2267
"../../Plugins/Runtime/OpenXR/Content/Devices/OculusTouch_v2/MI_OculusTouch_v2.uasset" 2268
"../../Plugins/Runtime/OpenXR/Content/Devices/OculusTouch_v2/BaseTexture.uasset" 2269
"../../Plugins/Runtime/OpenXR/Content/Devices/OculusTouch_v2/MRTexture.uasset" 2270
"../../Plugins/Runtime/OpenXR/Content/Devices/OculusTouch_v2/Right/right_OculusTouch_v2Controller.uasset" 2271
"../../Plugins/Runtime/OpenXR/Content/Devices/OculusTouch_v3/Left/left_OculusTouch_v3Controller.uasset" 2272
"../../Plugins/Runtime/OpenXR/Content/Devices/OculusTouch_v3/MI_OculusTouch_v3.uasset" 2273
"../../Plugins/Runtime/OpenXR/Content/Devices/OculusTouch_v3/BaseTexture.uasset" 2274
"../../Plugins/Runtime/OpenXR/Content/Devices/OculusTouch_v3/MRTexture.uasset" 2275
"../../Plugins/Runtime/OpenXR/Content/Devices/OculusTouch_v3/Right/right_OculusTouch_v3Controller.uasset" 2276
"../../Plugins/Runtime/Oculus/OculusVR/Content/Materials/OculusMR_ChromaKey.uasset" 2277
"../../../Engine/Content/Functions/Engine_MaterialFunctions02/Utility/BreakOutFloat4Components.uasset" 2278
"../../../Engine/Content/Functions/Engine_MaterialFunctions02/Utility/MakeFloat3.uasset" 2279
"../../Plugins/Runtime/Oculus/OculusVR/Content/Materials/OculusMR_OpaqueColoredMaterial.uasset" 2280
"../../Plugins/Runtime/Oculus/OculusVR/Content/Meshes/RiftHMD.uasset" 2281
"../../Plugins/Runtime/Oculus/OculusVR/Content/Meshes/LeftTouchController.uasset" 2282
"../../Plugins/Runtime/Oculus/OculusVR/Content/Materials/touchController_mat.uasset" 2283
"../../Plugins/Runtime/Oculus/OculusVR/Content/Textures/touchController_albedo.uasset" 2284
"../../Plugins/Runtime/Oculus/OculusVR/Content/Textures/touchController_controlmap.uasset" 2285
"../../Plugins/Runtime/Oculus/OculusVR/Content/Meshes/RightTouchController.uasset" 2286
"../../Plugins/Runtime/Oculus/OculusVR/Content/Meshes/LeftTouchForQuestRiftSController.uasset" 2287
"../../Plugins/Runtime/Oculus/OculusVR/Content/Materials/TouchForQuestRiftSControllerMaterial.uasset" 2288
"../../Plugins/Runtime/Oculus/OculusVR/Content/Textures/TouchForQuestRiftSController_albedo.uasset" 2289
"../../Plugins/Runtime/Oculus/OculusVR/Content/Meshes/RightTouchForQuestRiftSController.uasset" 2290
"../../../Engine/Content/EngineMaterials/RemoveSurfaceMaterial.uasset" 2291
"../../../Engine/Content/EngineDebugMaterials/DebugMeshMaterial.uasset" 2292
"../../../Engine/Content/EngineMaterials/EmissiveMeshMaterial.uasset" 2293
"../../../Engine/Content/EngineMaterials/DefaultWhiteGrid_Low.uasset" 2294
"../../../Engine/Content/EngineMaterials/M_InvalidLightmapSettings.uasset" 2295
"../../../Engine/Content/EngineMaterials/InvalidLightmapSettings.uasset" 2296
"../../../Engine/Content/EngineMaterials/GizmoMaterial.uasset" 2297
"../../../Engine/Content/EngineMaterials/PhAT_JointLimitMaterial.uasset" 2298
"../../../Engine/Content/Functions/Engine_MaterialFunctions02/WorldPositionOffset/CameraOffset.uasset" 2299
"../../../Engine/Content/EngineMaterials/Good64x64TilingNoiseHighFreq.uasset" 2300
"../../../Engine/Content/EngineMaterials/DefaultBokeh.uasset" 2301
"../../../Engine/Content/EngineMaterials/DefaultBloomKernel.uasset" 2302
"../../../Engine/Content/EngineMaterials/PreintegratedSkinBRDF.uasset" 2303
"../../../Engine/Content/EngineMaterials/MiniFont.uasset" 2304
"../../../Engine/Content/EngineMaterials/WeightMapPlaceholderTexture.uasset" 2305
"../../../Engine/Content/EngineMaterials/DefaultWhiteGrid.uasset" 2306
"../../../Engine/Content/EngineMaterials/BlueNoise.uasset" 2307
"../../../Engine/Content/EngineMaterials/DefaultPhysicalMaterial.uasset" 2308
"D:/UE4t/Tutorial1/myGames/EndlessRunner/Intermediate/AssetRegistryCache/311563bb.bin" 2309
"D:/UE4t/Tutorial1/myGames/EndlessRunner/Content/Maps/GameMap.umap" 2310
"D:/UE4t/Tutorial1/myGames/EndlessRunner/Intermediate/AssetRegistryCache/c90e3f55.bin" 2311
"../../../Engine/Content/BasicShapes/Cube.uasset" 2312
"../../../Engine/Content/BasicShapes/Sphere.uasset" 2313
"../../../Engine/Content/BasicShapes/Cone.uasset" 2314
"../../../Engine/Content/BasicShapes/Plane.uasset" 2315
"../../../Engine/Content/EditorLandscapeResources/DefaultAlphaTexture.uasset" 2316
"../../../Engine/Content/EditorResources/S_Terrain.uasset" 2317
"../../../Engine/Content/EditorResources/SequenceRecorder/Countdown.uasset" 2318
"../../../Engine/Content/EditorResources/SequenceRecorder/RecordingIndicator.uasset" 2319
"D:/UE4t/Tutorial1/myGames/EndlessRunner/Intermediate/AssetRegistryCache/4c37e0bb.bin" 2320
"D:/UE4t/Tutorial1/myGames/EndlessRunner/Saved/Cooked/WindowsNoEditor/EndlessRunner/Metadata/CookedIniVersion.txt" 2321
"../../../Engine/Content/Tutorial/Landscape/LandscapeWalkThrough.uasset" 2322
"../../../Engine/Content/EngineMaterials/DefaultCalibrationGrayscale.uasset" 2323
"../../../Engine/Content/EngineMaterials/PPM_DefaultCalibrationGrayscale.uasset" 2324
"../../../Engine/Content/EngineMaterials/DefaultCalibrationColor.uasset" 2325
"../../../Engine/Content/EngineMaterials/PPM_DefaultCalibrationColor.uasset" 2326
"../../../Engine/Content/MobileResources/HUD/VirtualJoystick_Thumb.uasset" 2327
"../../../Engine/Content/MobileResources/HUD/VirtualJoystick_Background.uasset" 2328
"../../../Engine/Content/MobileResources/HUD/DefaultVirtualJoysticks.uasset" 2329
"D:/UE4t/Tutorial1/myGames/EndlessRunner/Content/Content/UI/BP_MainMenuWB.uasset" 2330
"D:/UE4t/Tutorial1/myGames/EndlessRunner/Content/Content/BluePrints/MainMenu/MainMenuPlayerController.uasset" 2331
"D:/UE4t/Tutorial1/myGames/EndlessRunner/Content/Content/BluePrints/MainMenu/BP_MainMenuGameMode.uasset" 2332
"D:/UE4t/Tutorial1/myGames/EndlessRunner/Content/Maps/MainMenu.umap" 2333
"D:/UE4t/Tutorial1/myGames/EndlessRunner/Content/Man/Mesh/Full/SK_Man_Full_01_PhysicsAsset.uasset" 2334
"D:/UE4t/Tutorial1/myGames/EndlessRunner/Content/Man/Textures/Body/T_Man_Body_Normals.uasset" 2335
"D:/UE4t/Tutorial1/myGames/EndlessRunner/Content/Man/Textures/Body/T_Man_Body_Metallic.uasset" 2336
"D:/UE4t/Tutorial1/myGames/EndlessRunner/Content/Man/Textures/Body/T_Man_Body_Ao.uasset" 2337
"D:/UE4t/Tutorial1/myGames/EndlessRunner/Content/Man/Textures/Body/T_Man_Body_Albedo.uasset" 2338
"D:/UE4t/Tutorial1/myGames/EndlessRunner/Content/Man/Materials/M_MAn_Body.uasset" 2339
"D:/UE4t/Tutorial1/myGames/EndlessRunner/Content/Man/Demo/Mesh/UE4_Mannequin_Skeleton.uasset" 2340
"C:/Users/shashinda adithya/AppData/Local/UnrealEngine/Common/DerivedDataCache/5/5/6/TEXTURE_E01F4250BECD420DA9CE63B5EECEC2C2_OODLE_BC5_11_18EBE6894D80137AD7EF89A0__C8D0BB5707577B9D195330531D927C10090BF6FE.udd" 2341
"C:/Users/shashinda adithya/AppData/Local/UnrealEngine/Common/DerivedDataCache/5/6/6/TEXTURE_E01F4250BECD420DA9CE63B5EECEC2C2_OODLE_BC5_11_18EBE6894D80137AD7EF89A0__EC9345CE217E954F407665676D2B92DA62E23F42.udd" 2342
"C:/Users/shashinda adithya/AppData/Local/UnrealEngine/Common/DerivedDataCache/7/1/4/TEXTURE_E01F4250BECD420DA9CE63B5EECEC2C2_OODLE_BC5_11_18EBE6894D80137AD7EF89A0__019C2A9C198A160C53700712383149672BE0FF5F.udd" 2343
"C:/Users/shashinda adithya/AppData/Local/UnrealEngine/Common/DerivedDataCache/1/4/5/TEXTURE_E01F4250BECD420DA9CE63B5EECEC2C2_OODLE_BC5_11_18EBE6894D80137AD7EF89A0__4E7BC2502EA430DE30A01E23A614AD21DD175CF7.udd" 2344
"C:/Users/shashinda adithya/AppData/Local/UnrealEngine/Common/DerivedDataCache/1/8/4/TEXTURE_E01F4250BECD420DA9CE63B5EECEC2C2_OODLE_BC5_11_18EBE6894D80137AD7EF89A0__AFD8031BDF7EF1E1F23F3189E8A2AEECAB1D5C7D.udd" 2345
"C:/Users/shashinda adithya/AppData/Local/UnrealEngine/Common/DerivedDataCache/3/2/8/TEXTURE_E01F4250BECD420DA9CE63B5EECEC2C2_OODLE_BC5_11_18EBE6894D80137AD7EF89A0__78543A9305F8AAB0178FACF0BD6451C1A3AB7CE5.udd" 2346
"C:/Users/shashinda adithya/AppData/Local/UnrealEngine/Common/DerivedDataCache/8/9/2/TEXTURE_E01F4250BECD420DA9CE63B5EECEC2C2_OODLE_BC5_11_18EBE6894D80137AD7EF89A0__F2DB6791220434144011CC25D7B365E55011AE03.udd" 2347
"C:/Users/shashinda adithya/AppData/Local/UnrealEngine/Common/DerivedDataCache/1/1/4/TEXTURE_E01F4250BECD420DA9CE63B5EECEC2C2_OODLE_AUTODXT_11_0C2FC2DC4BA05FE98C62__9F27557B9449B837A8B28E70F668367E55A46FAC.udd" 2348
"C:/Users/shashinda adithya/AppData/Local/UnrealEngine/Common/DerivedDataCache/0/1/7/TEXTURE_E01F4250BECD420DA9CE63B5EECEC2C2_OODLE_AUTODXT_11_0C2FC2DC4BA05FE98C62__5B3CA0E0E8124967305E495FDCD50D6ECFFAA924.udd" 2349
"C:/Users/shashinda adithya/AppData/Local/UnrealEngine/Common/DerivedDataCache/9/9/8/TEXTURE_E01F4250BECD420DA9CE63B5EECEC2C2_OODLE_AUTODXT_11_0C2FC2DC4BA05FE98C62__11CF37C5D069151099DE631F53CA9498BBCF67DB.udd" 2350
"C:/Users/shashinda adithya/AppData/Local/UnrealEngine/Common/DerivedDataCache/9/3/8/TEXTURE_E01F4250BECD420DA9CE63B5EECEC2C2_OODLE_AUTODXT_11_0C2FC2DC4BA05FE98C62__CA5D51B3ABCADB9971BE25CB19B05BBB0FB786DB.udd" 2351
"C:/Users/shashinda adithya/AppData/Local/UnrealEngine/Common/DerivedDataCache/4/5/2/TEXTURE_E01F4250BECD420DA9CE63B5EECEC2C2_OODLE_AUTODXT_11_0C2FC2DC4BA05FE98C62__3107A4D0DF0B8FF3E3627C87B1D71436BF2692AB.udd" 2352
"C:/Users/shashinda adithya/AppData/Local/UnrealEngine/Common/DerivedDataCache/9/7/5/TEXTURE_E01F4250BECD420DA9CE63B5EECEC2C2_OODLE_AUTODXT_11_0C2FC2DC4BA05FE98C62__C8B649A3CBD81A8B0F431E3755B2A2212E83D2B7.udd" 2353
"C:/Users/shashinda adithya/AppData/Local/UnrealEngine/Common/DerivedDataCache/7/8/8/TEXTURE_E01F4250BECD420DA9CE63B5EECEC2C2_OODLE_AUTODXT_11_0C2FC2DC4BA05FE98C62__C5237015C4E5044452A4712F462285C85BC21573.udd" 2354
"D:/UE4t/Tutorial1/myGames/EndlessRunner/Content/Man/Mesh/Full/SK_Man_Full_01.uasset" 2355
"D:/UE4t/Tutorial1/myGames/EndlessRunner/Content/Content/Enums/EwichSide.uasset" 2356
"C:/Users/shashinda adithya/AppData/Local/UnrealEngine/Common/DerivedDataCache/5/0/1/TEXTURE_E01F4250BECD420DA9CE63B5EECEC2C2_OODLE_AUTODXT_11_8597037F407DA19500B6__9FFA15FBB0D8FF01342E459CC73386A00679FE96.udd" 2357
"C:/Users/shashinda adithya/AppData/Local/UnrealEngine/Common/DerivedDataCache/8/6/4/TEXTURE_E01F4250BECD420DA9CE63B5EECEC2C2_OODLE_AUTODXT_11_500904EF4465EE66E3AD__D3170E63D57A002E03887D3CF337722DD20D1197.udd" 2358
"C:/Users/shashinda adithya/AppData/Local/UnrealEngine/Common/DerivedDataCache/1/1/8/TEXTURE_E01F4250BECD420DA9CE63B5EECEC2C2_OODLE_AUTODXT_11_500904EF4465EE66E3AD__4BABDE73F05FFE62FBC3ACE1836F305166CB27C9.udd" 2359
"C:/Users/shashinda adithya/AppData/Local/UnrealEngine/Common/DerivedDataCache/1/2/1/TEXTURE_E01F4250BECD420DA9CE63B5EECEC2C2_OODLE_AUTODXT_11_500904EF4465EE66E3AD__06657492645940C3A5D35021FBA53265503CE7E6.udd" 2360
"C:/Users/shashinda adithya/AppData/Local/UnrealEngine/Common/DerivedDataCache/4/6/2/MATSM_0BA69734E4FD45E082FA4560DBE25454_PCD3D_SM5_8__BC5N_NOCCBN_NOIRIS_DEV_SL___2AA9B125176E7B61B6133982A8E57A5BC68D1C5C.udd" 2361
"C:/Users/shashinda adithya/AppData/Local/UnrealEngine/Common/DerivedDataCache/7/4/5/TEXTURE_E01F4250BECD420DA9CE63B5EECEC2C2_OODLE_AUTODXT_11_500904EF4465EE66E3AD__2B3BF73F6327E54284717BD49968E9FB136243BC.udd" 2362
"C:/Users/shashinda adithya/AppData/Local/UnrealEngine/Common/DerivedDataCache/9/1/0/TEXTURE_E01F4250BECD420DA9CE63B5EECEC2C2_OODLE_AUTODXT_11_500904EF4465EE66E3AD__BB491F507601423ACD220F95B7F30E967C2F7719.udd" 2363
"C:/Users/shashinda adithya/AppData/Local/UnrealEngine/Common/DerivedDataCache/1/4/0/TEXTURE_E01F4250BECD420DA9CE63B5EECEC2C2_OODLE_AUTODXT_11_500904EF4465EE66E3AD__FC2D8FA6E75F96474E4CFAB419B6C6074F528E10.udd" 2364
"C:/Users/shashinda adithya/AppData/Local/UnrealEngine/Common/DerivedDataCache/5/5/7/TEXTURE_E01F4250BECD420DA9CE63B5EECEC2C2_OODLE_AUTODXT_11_500904EF4465EE66E3AD__A4CE5EE7C0630C17254200B37DB29A103AE69CE4.udd" 2365
"C:/Users/shashinda adithya/AppData/Local/UnrealEngine/Common/DerivedDataCache/4/5/1/TEXTURE_E01F4250BECD420DA9CE63B5EECEC2C2_OODLE_AUTODXT_11_8597037F407DA19500B6__539F176682103EA44BDCC7EAD916C96394DE5C46.udd" 2366
"C:/Users/shashinda adithya/AppData/Local/UnrealEngine/Common/DerivedDataCache/7/6/6/TEXTURE_E01F4250BECD420DA9CE63B5EECEC2C2_OODLE_AUTODXT_11_8597037F407DA19500B6__E59A3A53CFD554D4009E7248411429E6C2129B1E.udd" 2367
"C:/Users/shashinda adithya/AppData/Local/UnrealEngine/Common/DerivedDataCache/8/0/9/TEXTURE_E01F4250BECD420DA9CE63B5EECEC2C2_OODLE_AUTODXT_11_8597037F407DA19500B6__6265E55C4CDD909EA40F3804574A13BDD7B878AE.udd" 2368
"C:/Users/shashinda adithya/AppData/Local/UnrealEngine/Common/DerivedDataCache/2/8/2/TEXTURE_E01F4250BECD420DA9CE63B5EECEC2C2_OODLE_AUTODXT_11_8597037F407DA19500B6__4B574889C7F51C481B95CCBD53BBE2DF16BD6D20.udd" 2369
"C:/Users/shashinda adithya/AppData/Local/UnrealEngine/Common/DerivedDataCache/8/6/8/TEXTURE_E01F4250BECD420DA9CE63B5EECEC2C2_OODLE_AUTODXT_11_8597037F407DA19500B6__430D55E2C0145C330317F394FC65F157D3E4080F.udd" 2370
"C:/Users/shashinda adithya/AppData/Local/UnrealEngine/Common/DerivedDataCache/4/4/5/TEXTURE_E01F4250BECD420DA9CE63B5EECEC2C2_OODLE_AUTODXT_11_8597037F407DA19500B6__23A057BECE1B3ACC165724A53BA1ABF1CF333424.udd" 2371
"D:/UE4t/Tutorial1/myGames/EndlessRunner/Content/Content/BluePrints/Game/BP_GameState.uasset" 2372
"D:/UE4t/Tutorial1/myGames/EndlessRunner/Content/Content/UI/EndScreen_WB.uasset" 2373
"D:/UE4t/Tutorial1/myGames/EndlessRunner/Content/Content/BluePrints/Game/Course/Obstracles/Obstracle_Parent.uasset" 2374
"D:/UE4t/Tutorial1/myGames/EndlessRunner/Content/Man/Demo/Animations/ThirdPersonWalk.uasset" 2375
"D:/UE4t/Tutorial1/myGames/EndlessRunner/Content/Man/Demo/Animations/ThirdPersonRun.uasset" 2376
"D:/UE4t/Tutorial1/myGames/EndlessRunner/Content/Man/Demo/Animations/ThirdPersonIdle.uasset" 2377
"D:/UE4t/Tutorial1/myGames/EndlessRunner/Content/Content/BluePrints/Game/Character/walkRunAnime.uasset" 2378
"D:/UE4t/Tutorial1/myGames/EndlessRunner/Content/Man/Demo/Animations/ThirdPersonJump_Loop.uasset" 2379
"D:/UE4t/Tutorial1/myGames/EndlessRunner/Content/Man/Demo/Animations/ThirdPerson_Jump.uasset" 2380
"D:/UE4t/Tutorial1/myGames/EndlessRunner/Content/Content/BluePrints/Game/Character/Character_AnimeBP.uasset" 2381
"D:/UE4t/Tutorial1/myGames/EndlessRunner/Content/Content/BluePrints/Game/Character/BP_Character.uasset" 2382
"D:/UE4t/Tutorial1/myGames/EndlessRunner/Content/Content/BluePrints/Main_GI.uasset" 2383
"../../../Engine/Content/EditorMaterials/PreviewShadowIndicator.uasset" 2384
"../../../Engine/Content/EditorMaterials/PreviewShadowIndicatorMaterial.uasset" 2385
"C:/Users/shashinda adithya/AppData/Local/UnrealEngine/Common/DerivedDataCache/1/8/0/SKELETALMESH_91550326BADA436B92C8BF16C910465C_699BFC52522919E7074B9454B3479BEE__F42E01F98C5A0843994EF7F9E4797E93871FF64E.udd" 2386
"../../../Engine/Content/EngineDebugMaterials/DebugEditorMaterial.uasset" 2387
"../../../Engine/Content/EditorResources/BSPVertex.uasset" 2388
"../../../Engine/Content/EngineSounds/Submixes/MasterReverbEffectPreset.uasset" 2389
"../../../Engine/Content/EngineSounds/Submixes/MasterReverbSubmixDefault.uasset" 2390
"../../../Engine/Content/EngineSounds/Submixes/MasterSubmixDefault.uasset" 2391
"../../../Engine/Content/Animation/DefaultAnimBoneCompressionSettings.uasset" 2392
"../../../Engine/Content/Animation/DefaultAnimCurveCompressionSettings.uasset" 2393
"C:/Users/shashinda adithya/AppData/Local/UnrealEngine/Common/DerivedDataCache/7/7/8/ANIMSEQ_D0E639028BB74237AD0F9775C097BB85_0_93140C8675C0EF3A829B5CA4983A3DD460E__0F5D721A59A10C828E28314800C5B4F429882727.udd" 2394
"../../../Engine/Content/EngineSounds/Submixes/MasterEQEffectPreset.uasset" 2395
"C:/Users/shashinda adithya/AppData/Local/UnrealEngine/Common/DerivedDataCache/4/0/7/ANIMSEQ_D0E639028BB74237AD0F9775C097BB85_0_9FDF273B7108E0078066169D7AE8E50460E__8FC4E58BA43DC07479B2DD882085760295595BCB.udd" 2396
"../../../Engine/Content/EngineSounds/Submixes/MasterEQSubmixDefault.uasset" 2397
"C:/Users/shashinda adithya/AppData/Local/UnrealEngine/Common/DerivedDataCache/8/9/8/ANIMSEQ_D0E639028BB74237AD0F9775C097BB85_0_F3A4F5BD6197DAB4401AC0FE094D54DA60E__9FA5DD6A8684BF3BABE14141A1F958C97F24A37F.udd" 2398
"../../../Engine/Content/EngineSounds/Master.uasset" 2399
"../../../Engine/Content/MobileResources/HUD/T_Castle_ThumbstickOutter.uasset" 2400
"C:/Users/shashinda adithya/AppData/Local/UnrealEngine/Common/DerivedDataCache/0/8/4/ANIMSEQ_D0E639028BB74237AD0F9775C097BB85_0_32E3C0BAD7630B6E10E89AD9BA38629960E__D1404BD7E2CA073900C336E6E57ECC340330EAE1.udd" 2401
"../../../Engine/Content/MobileResources/HUD/T_Castle_ThumbstickInner.uasset" 2402
"C:/Users/shashinda adithya/AppData/Local/UnrealEngine/Common/DerivedDataCache/3/6/3/ANIMSEQ_D0E639028BB74237AD0F9775C097BB85_0_DD555BC797272A139B4CF978841E688E60E__AD81D0DD12C29D5798870718EC1107B72ECF76E9.udd" 2403
"../../../Engine/Content/MobileResources/HUD/MobileHUDDirectionStick.uasset" 2404
"../../../Engine/Content/MobileResources/HUD/MobileHUDDirectionPad3.uasset" 2405
"../../../Engine/Content/MobileResources/HUD/MobileHUDDirectionPad2.uasset" 2406
"../../../Engine/Content/MobileResources/HUD/MobileHUDDirectionPad.uasset" 2407
"../../../Engine/Content/MobileResources/HUD/MobileHUDButtonFire.uasset" 2408
"../../../Engine/Content/MobileResources/HUD/MobileHUDButton3.uasset" 2409
"../../../Engine/Content/MobileResources/HUD/MobileHUDButton2_on.uasset" 2410
"../../../Engine/Content/MobileResources/HUD/MobileHUDButton2_off.uasset" 2411
"../../../Engine/Content/MobileResources/HUD/MobileHUDButton1_on.uasset" 2412
"../../../Engine/Content/MobileResources/HUD/MobileHUDButton1_off.uasset" 2413
"../../../Engine/Content/MobileResources/HUD/LeftVirtualJoystickOnly.uasset" 2414
"../../../Engine/Content/MobileResources/HUD/AnalogHat.uasset" 2415
"../../../Engine/Content/MobileResources/T_MobileMenu2.uasset" 2416
"../../../Engine/Content/MobileResources/T_MobileControls_texture.uasset" 2417
"../../../Engine/Content/Maps/Entry_BuiltData.uasset" 2418
"../../../Engine/Content/Maps/Entry.umap" 2419
"D:/UE4t/Tutorial1/myGames/EndlessRunner/Content/PN_Banana/Textures/MasterTextures/bananaBark_N.uasset" 2420
"D:/UE4t/Tutorial1/myGames/EndlessRunner/Content/PN_Banana/Textures/MasterTextures/bananaBark_AORH.uasset" 2421
"D:/UE4t/Tutorial1/myGames/EndlessRunner/Content/PN_Banana/Textures/MasterTextures/bananabark_A.uasset" 2422
"D:/UE4t/Tutorial1/myGames/EndlessRunner/Content/PN_Banana/Textures/MasterTextures/banana_leaf_N.uasset" 2423
"D:/UE4t/Tutorial1/myGames/EndlessRunner/Content/PN_Banana/Textures/MasterTextures/banana_leaf_AORO.uasset" 2424
"D:/UE4t/Tutorial1/myGames/EndlessRunner/Content/PN_Banana/Textures/MasterTextures/banana_leaf_A.uasset" 2425
"../../../Engine/Content/Functions/Engine_MaterialFunctions01/SpeedTree/SpeedTreeColorVariation.uasset" 2426
"../../../Engine/Content/Functions/Engine_MaterialFunctions01/Texturing/FlattenNormal.uasset" 2427
"D:/UE4t/Tutorial1/myGames/EndlessRunner/Content/PN_Banana/Materials/MA_BananaProps.uasset" 2428
"D:/UE4t/Tutorial1/myGames/EndlessRunner/Content/PN_Banana/Materials/Material_Instances/props/MI_Props.uasset" 2429
"D:/UE4t/Tutorial1/myGames/EndlessRunner/Content/PN_Banana/Meshes/props/rottenLeaves_02.uasset" 2430
"D:/UE4t/Tutorial1/myGames/EndlessRunner/Content/PN_Banana/Meshes/props/rottenLeaves_01.uasset" 2431
"D:/UE4t/Tutorial1/myGames/EndlessRunner/Content/PN_Banana/Meshes/props/goundBananas_03.uasset" 2432
"D:/UE4t/Tutorial1/myGames/EndlessRunner/Content/PN_Banana/Meshes/props/goundBananas_02.uasset" 2433
"D:/UE4t/Tutorial1/myGames/EndlessRunner/Content/PN_Banana/Meshes/props/goundBananas_01.uasset" 2434
"D:/UE4t/Tutorial1/myGames/EndlessRunner/Content/PN_Banana/Textures/PivotPainter/banana_02_07_VEC.uasset" 2435
"D:/UE4t/Tutorial1/myGames/EndlessRunner/Content/PN_Banana/Textures/PivotPainter/banana_02_07_PIV.uasset" 2436
"D:/UE4t/Tutorial1/myGames/EndlessRunner/Content/PN_Banana/Materials/PN_WindParameters.uasset" 2437
"../../../Engine/Content/Functions/Engine_MaterialFunctions02/ExampleContent/Textures/WindTurblenceVectorAndGustMagnitude.uasset" 2438
"../../../Engine/Content/Functions/Engine_MaterialFunctions02/ExampleContent/PivotPainter2/test2_rgb_PivotPos_a_ParentIndexInt_UV_2.uasset" 2439
"../../../Engine/Content/Functions/Engine_MaterialFunctions02/ExampleContent/PivotPainter2/SimpExPivPos.uasset" 2440
"../../../Engine/Content/Functions/Engine_MaterialFunctions02/ExampleContent/PivotPainter2/PP2_rgb_XVect_a_XExtent.uasset" 2441
"../../../Engine/Content/Functions/Engine_MaterialFunctions02/PivotPainter2/ms_PivotPainter2_DecodePostion.uasset" 2442
"../../../Engine/Content/Functions/Engine_MaterialFunctions02/PivotPainter2/ms_PivotPainter2_DecodeAxisVector.uasset" 2443
"../../../Engine/Content/Functions/Engine_MaterialFunctions02/PivotPainter2/ms_PivotPainter2_Decode8BitAlphaAxisExtent.uasset" 2444
"D:/UE4t/Tutorial1/myGames/EndlessRunner/Content/PN_Banana/Materials/MaterialFunctions/PN_WindAnimation.uasset" 2445
"C:/Users/shashinda adithya/AppData/Local/UnrealEngine/Common/DerivedDataCache/6/6/5/STATICMESH_9CE2B6FB46754B699726C4AA1515F12E_228332BAE0224DD294E232B87D83948FQU__613537F45C24216FF96F8CAE3C52E5D0C0FD26A4.udd" 2446
"C:/Users/shashinda adithya/AppData/Local/UnrealEngine/Common/DerivedDataCache/7/2/0/PHYSX_A08609EF508D460CBB6710540B03AACF_PHYSXPC_CAA2507A46A2AC24384DCCBDBCCEE16__92E11A69D6E4C349FAE13FA739D9D9F76DEAEE59.udd" 2447
"C:/Users/shashinda adithya/AppData/Local/UnrealEngine/Common/DerivedDataCache/4/2/1/NAVCOLLISION_2983273BE5D6425391E8C0B3D1C0A55D_NAVCOLLISION_X_CAA2507A46A2AC243__0CC0340B0CBDD10402B88543E28C04F1B96D3B36.udd" 2448
"D:/UE4t/Tutorial1/myGames/EndlessRunner/Content/PN_Banana/Materials/MaterialFunctions/PN_Bending.uasset" 2449
"C:/Users/shashinda adithya/AppData/Local/UnrealEngine/Common/DerivedDataCache/1/5/9/STATICMESH_9CE2B6FB46754B699726C4AA1515F12E_228332BAE0224DD294E232B87D83948FQU__31DB6F99387FC78E755F03BEBD17704A448BEE69.udd" 2450
"C:/Users/shashinda adithya/AppData/Local/UnrealEngine/Common/DerivedDataCache/7/9/4/PHYSX_A08609EF508D460CBB6710540B03AACF_PHYSXPC_AD72D1534613DE16ADC0039E4D00070__88E29BB16C66B99A316A70B07D6D2CD7E5C9F6A0.udd" 2451
"C:/Users/shashinda adithya/AppData/Local/UnrealEngine/Common/DerivedDataCache/1/1/4/NAVCOLLISION_2983273BE5D6425391E8C0B3D1C0A55D_NAVCOLLISION_X_AD72D1534613DE16A__D75595770F5DCFA8B1534E51F82D45D353B3A95C.udd" 2452
"../../../Engine/Content/Functions/Engine_MaterialFunctions02/WorldPositionOffset/ObjectPivotPoint.uasset" 2453
"C:/Users/shashinda adithya/AppData/Local/UnrealEngine/Common/DerivedDataCache/4/7/3/STATICMESH_9CE2B6FB46754B699726C4AA1515F12E_228332BAE0224DD294E232B87D83948FQU__93BB06BD0C514F839ED7B1A4B9562261B5178B81.udd" 2454
"C:/Users/shashinda adithya/AppData/Local/UnrealEngine/Common/DerivedDataCache/1/9/4/PHYSX_A08609EF508D460CBB6710540B03AACF_PHYSXPC_3C56F8B34A7EBD6D7114EDB0575DD02__454150232CEFDAD647163F87792FCA2405DCC955.udd" 2455
"C:/Users/shashinda adithya/AppData/Local/UnrealEngine/Common/DerivedDataCache/9/2/8/NAVCOLLISION_2983273BE5D6425391E8C0B3D1C0A55D_NAVCOLLISION_X_3C56F8B34A7EBD6D7__273BD2B3EAAE9103F3E2637100855D2575DBD1DE.udd" 2456
"D:/UE4t/Tutorial1/myGames/EndlessRunner/Content/PN_Banana/Materials/MaterialFunctions/PN_MultiBend.uasset" 2457
"C:/Users/shashinda adithya/AppData/Local/UnrealEngine/Common/DerivedDataCache/8/1/4/STATICMESH_9CE2B6FB46754B699726C4AA1515F12E_228332BAE0224DD294E232B87D83948FQU__2760E62311FF217297981D779D3CEE28AE1EEFC9.udd" 2458
"C:/Users/shashinda adithya/AppData/Local/UnrealEngine/Common/DerivedDataCache/0/0/1/PHYSX_A08609EF508D460CBB6710540B03AACF_PHYSXPC_E17C38484E0824959D6446AA31FE3B5__C2D43E2486D6AE4C72F0C78C7818B544A7793165.udd" 2459
"C:/Users/shashinda adithya/AppData/Local/UnrealEngine/Common/DerivedDataCache/2/4/7/NAVCOLLISION_2983273BE5D6425391E8C0B3D1C0A55D_NAVCOLLISION_X_E17C38484E0824959__D871051DD8B764DF3F0B8558773301B6216BC5B8.udd" 2460
"../../../Engine/Content/Functions/Engine_MaterialFunctions02/PivotPainter2/2dArrayLookupByIndex.uasset" 2461
"C:/Users/shashinda adithya/AppData/Local/UnrealEngine/Common/DerivedDataCache/3/3/9/STATICMESH_9CE2B6FB46754B699726C4AA1515F12E_228332BAE0224DD294E232B87D83948FQU__E5A4900EB602BD7B555315CD7991C3E6A050E9A2.udd" 2462
"C:/Users/shashinda adithya/AppData/Local/UnrealEngine/Common/DerivedDataCache/2/6/1/PHYSX_A08609EF508D460CBB6710540B03AACF_PHYSXPC_71B11D014098E1F85F69A39A1B5DAF0__DD0A2E2905AD40DF153CFFF8957E77A62710FD89.udd" 2463
"C:/Users/shashinda adithya/AppData/Local/UnrealEngine/Common/DerivedDataCache/5/6/1/NAVCOLLISION_2983273BE5D6425391E8C0B3D1C0A55D_NAVCOLLISION_X_71B11D014098E1F85__1E9DC09F1D61F0817D4C2C74B3EC15D4F89733BE.udd" 2464
"../../../Engine/Content/Functions/Engine_MaterialFunctions02/PivotPainter2/ms_PivotPainter2_ReturnParentTextureInfo.uasset" 2465
"../../../Engine/Content/Functions/Engine_MaterialFunctions02/PivotPainter2/ms_PivotPainter2_CalculateMeshElementIndex.uasset" 2466
"../../../Engine/Content/Functions/Engine_MaterialFunctions02/ms_PivotPainter2_UnpackIntegerAsFloat.uasset" 2467
"../../../Engine/Content/Functions/Engine_MaterialFunctions02/Math/TimeWithSpeedVariable.uasset" 2468
"../../../Engine/Content/Functions/Engine_MaterialFunctions02/Lerp_Multiple_Float2.uasset" 2469
"D:/UE4t/Tutorial1/myGames/EndlessRunner/Content/PN_Banana/Materials/MaterialFunctions/PN_BendingParameters.uasset" 2470
"D:/UE4t/Tutorial1/myGames/EndlessRunner/Content/PN_Banana/Materials/MaterialFunctions/PN_AnimationShader.uasset" 2471
"D:/UE4t/Tutorial1/myGames/EndlessRunner/Content/PN_Banana/Materials/MA_Banana.uasset" 2472
"D:/UE4t/Tutorial1/myGames/EndlessRunner/Content/PN_Banana/Materials/Material_Instances/big/MAI_Banana_02_07.uasset" 2473
"D:/UE4t/Tutorial1/myGames/EndlessRunner/Content/PN_Banana/Materials/Material_Instances/big/MI_Banana_02_07_trunk.uasset" 2474
"D:/UE4t/Tutorial1/myGames/EndlessRunner/Content/PN_Banana/Materials/Material_Instances/big/MI_Banana_02_07_leaves.uasset" 2475
"D:/UE4t/Tutorial1/myGames/EndlessRunner/Content/PN_Banana/Meshes/plants/banana_02_07.uasset" 2476
"D:/UE4t/Tutorial1/myGames/EndlessRunner/Content/PN_Banana/Textures/PivotPainter/banana_02_06_VEC.uasset" 2477
"D:/UE4t/Tutorial1/myGames/EndlessRunner/Content/PN_Banana/Textures/PivotPainter/banana_02_06_PIV.uasset" 2478
"D:/UE4t/Tutorial1/myGames/EndlessRunner/Content/PN_Banana/Materials/Material_Instances/big/MAI_Banana_02_06.uasset" 2479
"D:/UE4t/Tutorial1/myGames/EndlessRunner/Content/PN_Banana/Materials/Material_Instances/big/MI_Banana_02_06_trunk.uasset" 2480
"D:/UE4t/Tutorial1/myGames/EndlessRunner/Content/PN_Banana/Materials/Material_Instances/big/MI_Banana_02_06_leaves.uasset" 2481
"D:/UE4t/Tutorial1/myGames/EndlessRunner/Content/PN_Banana/Meshes/plants/banana_02_06.uasset" 2482
"D:/UE4t/Tutorial1/myGames/EndlessRunner/Content/PN_Banana/Textures/PivotPainter/banana_02_04_VEC.uasset" 2483
"D:/UE4t/Tutorial1/myGames/EndlessRunner/Content/PN_Banana/Textures/PivotPainter/banana_02_04_PIV.uasset" 2484
"D:/UE4t/Tutorial1/myGames/EndlessRunner/Content/PN_Banana/Materials/Material_Instances/big/MAI_Banana_02_04.uasset" 2485
"D:/UE4t/Tutorial1/myGames/EndlessRunner/Content/PN_Banana/Materials/Material_Instances/big/MI_Banana_02_04_trunk.uasset" 2486
"D:/UE4t/Tutorial1/myGames/EndlessRunner/Content/PN_Banana/Materials/Material_Instances/big/MI_Banana_02_04_leaves.uasset" 2487
"D:/UE4t/Tutorial1/myGames/EndlessRunner/Content/PN_Banana/Meshes/plants/banana_02_04.uasset" 2488
"C:/Users/shashinda adithya/AppData/Local/UnrealEngine/Common/DerivedDataCache/9/0/4/MATSM_0BA69734E4FD45E082FA4560DBE25454_PCD3D_SM5_8__BC5N_NOCCBN_NOIRIS_DEV_SL___539AF02D18FB10CFC0E00FBF51C7CD8C3B6F250E.udd" 2489
"D:/UE4t/Tutorial1/myGames/EndlessRunner/Content/PN_Banana/Textures/PivotPainter/banana_02_03_VEC.uasset" 2490
"C:/Users/shashinda adithya/AppData/Local/UnrealEngine/Common/DerivedDataCache/3/1/0/MATSM_0BA69734E4FD45E082FA4560DBE25454_PCD3D_SM5_8__BC5N_NOCCBN_NOIRIS_DEV_SL___0455039D05B0BA959A8A9436D779E4B6BF53A910.udd" 2491
"D:/UE4t/Tutorial1/myGames/EndlessRunner/Content/PN_Banana/Textures/PivotPainter/banana_02_03_PIV.uasset" 2492
"D:/UE4t/Tutorial1/myGames/EndlessRunner/Content/PN_Banana/Materials/Material_Instances/big/MAI_Banana_02_03.uasset" 2493
"C:/Users/shashinda adithya/AppData/Local/UnrealEngine/Common/DerivedDataCache/8/0/0/STATICMESH_9CE2B6FB46754B699726C4AA1515F12E_228332BAE0224DD294E232B87D83948FQU__1950D61986173E81D90C8B55A4A7EE019E73BF26.udd" 2494
"C:/Users/shashinda adithya/AppData/Local/UnrealEngine/Common/DerivedDataCache/8/5/0/PHYSX_A08609EF508D460CBB6710540B03AACF_PHYSXPC_666B94B640E3B7CB6E997FABAC5A307__427FB087F5E2CE8F282E6BC48B83292FC52C8472.udd" 2495
"C:/Users/shashinda adithya/AppData/Local/UnrealEngine/Common/DerivedDataCache/3/0/2/NAVCOLLISION_2983273BE5D6425391E8C0B3D1C0A55D_NAVCOLLISION_X_666B94B640E3B7CB6__92A0209D63CA0C3AA512D79B64357EE18156433A.udd" 2496
"D:/UE4t/Tutorial1/myGames/EndlessRunner/Content/PN_Banana/Materials/Material_Instances/big/MI_Banana_02_03_trunk.uasset" 2497
"D:/UE4t/Tutorial1/myGames/EndlessRunner/Content/PN_Banana/Materials/Material_Instances/big/MI_Banana_02_03_leaves.uasset" 2498
"D:/UE4t/Tutorial1/myGames/EndlessRunner/Content/PN_Banana/Meshes/plants/banana_02_03.uasset" 2499
"D:/UE4t/Tutorial1/myGames/EndlessRunner/Content/PN_Banana/Textures/PivotPainter/banana_02_02_VEC.uasset" 2500
"D:/UE4t/Tutorial1/myGames/EndlessRunner/Content/PN_Banana/Textures/PivotPainter/banana_02_02_PIV.uasset" 2501
"D:/UE4t/Tutorial1/myGames/EndlessRunner/Content/PN_Banana/Materials/Material_Instances/small/MI_Banana_02_02.uasset" 2502
"C:/Users/shashinda adithya/AppData/Local/UnrealEngine/Common/DerivedDataCache/8/4/4/STATICMESH_9CE2B6FB46754B699726C4AA1515F12E_228332BAE0224DD294E232B87D83948FQU__279878A816D4054F6E120ABDDA017DD6D87BCA0F.udd" 2503
"C:/Users/shashinda adithya/AppData/Local/UnrealEngine/Common/DerivedDataCache/3/0/3/PHYSX_A08609EF508D460CBB6710540B03AACF_PHYSXPC_689659354229607EBE5DE382DB1DFB2__7E366180017ED1251C2EDCF57A33F7E8F2CFE9F2.udd" 2504
"C:/Users/shashinda adithya/AppData/Local/UnrealEngine/Common/DerivedDataCache/8/9/2/NAVCOLLISION_2983273BE5D6425391E8C0B3D1C0A55D_NAVCOLLISION_X_689659354229607EB__C20273CEF6FCF365BF656C37A67DB1D05C6E4123.udd" 2505
"D:/UE4t/Tutorial1/myGames/EndlessRunner/Content/PN_Banana/Meshes/plants/banana_02_02.uasset" 2506
"D:/UE4t/Tutorial1/myGames/EndlessRunner/Content/PN_Banana/Textures/PivotPainter/banana_02_01_VEC.uasset" 2507
"D:/UE4t/Tutorial1/myGames/EndlessRunner/Content/PN_Banana/Textures/PivotPainter/banana_02_01_PIV.uasset" 2508
"D:/UE4t/Tutorial1/myGames/EndlessRunner/Content/PN_Banana/Materials/Material_Instances/small/MI_Banana_02_01.uasset" 2509
"D:/UE4t/Tutorial1/myGames/EndlessRunner/Content/PN_Banana/Meshes/plants/banana_02_01.uasset" 2510
"D:/UE4t/Tutorial1/myGames/EndlessRunner/Content/PN_Banana/Textures/PivotPainter/banana_01_07_VEC.uasset" 2511
"C:/Users/shashinda adithya/AppData/Local/UnrealEngine/Common/DerivedDataCache/2/9/1/STATICMESH_9CE2B6FB46754B699726C4AA1515F12E_228332BAE0224DD294E232B87D83948FQU__B01C81D96BD5F18B590777ABC861DCF82535F999.udd" 2512
"C:/Users/shashinda adithya/AppData/Local/UnrealEngine/Common/DerivedDataCache/2/9/2/PHYSX_A08609EF508D460CBB6710540B03AACF_PHYSXPC_AF3CD20049E389F2E4C347950584065__92EE9D2CCFA425F524209B88FFB046ECA09DA685.udd" 2513
"C:/Users/shashinda adithya/AppData/Local/UnrealEngine/Common/DerivedDataCache/7/5/4/NAVCOLLISION_2983273BE5D6425391E8C0B3D1C0A55D_NAVCOLLISION_X_AF3CD20049E389F2E__61BBFA50A9E357E7BA2ECB5B6B484A40312BC6E4.udd" 2514
"D:/UE4t/Tutorial1/myGames/EndlessRunner/Content/PN_Banana/Textures/PivotPainter/banana_01_07_PIV.uasset" 2515
"D:/UE4t/Tutorial1/myGames/EndlessRunner/Content/PN_Banana/Materials/Material_Instances/big/MAI_Banana_01_07.uasset" 2516
"D:/UE4t/Tutorial1/myGames/EndlessRunner/Content/PN_Banana/Materials/Material_Instances/big/MI_Banana_01_07_trunk.uasset" 2517
"D:/UE4t/Tutorial1/myGames/EndlessRunner/Content/PN_Banana/Materials/Material_Instances/big/MI_Banana_01_07_leaves.uasset" 2518
"D:/UE4t/Tutorial1/myGames/EndlessRunner/Content/PN_Banana/Meshes/plants/banana_01_07.uasset" 2519
"D:/UE4t/Tutorial1/myGames/EndlessRunner/Content/PN_Banana/Textures/PivotPainter/banana_01_06_VEC.uasset" 2520
"C:/Users/shashinda adithya/AppData/Local/UnrealEngine/Common/DerivedDataCache/8/7/3/STATICMESH_9CE2B6FB46754B699726C4AA1515F12E_228332BAE0224DD294E232B87D83948FQU__99B92211227CA54C0407E61D79C84D05927AB22F.udd" 2521
"C:/Users/shashinda adithya/AppData/Local/UnrealEngine/Common/DerivedDataCache/7/7/5/PHYSX_A08609EF508D460CBB6710540B03AACF_PHYSXPC_311DD276495480D98BBBA08DE7B3D4A__5025CDBA7E7799285EFB16E4106C5DFD8A5C821D.udd" 2522
"C:/Users/shashinda adithya/AppData/Local/UnrealEngine/Common/DerivedDataCache/4/0/1/NAVCOLLISION_2983273BE5D6425391E8C0B3D1C0A55D_NAVCOLLISION_X_311DD276495480D98__A4DCB4D529A3D9E1AB362A80C7B35ECC2C5A52C7.udd" 2523
"D:/UE4t/Tutorial1/myGames/EndlessRunner/Content/PN_Banana/Textures/PivotPainter/banana_01_06_PIV.uasset" 2524
"D:/UE4t/Tutorial1/myGames/EndlessRunner/Content/PN_Banana/Materials/Material_Instances/big/MAI_Banana_01_06.uasset" 2525
"D:/UE4t/Tutorial1/myGames/EndlessRunner/Content/PN_Banana/Materials/Material_Instances/big/MI_Banana_01_06_trunk.uasset" 2526
"D:/UE4t/Tutorial1/myGames/EndlessRunner/Content/PN_Banana/Materials/Material_Instances/big/MI_Banana_01_06_leaves.uasset" 2527
"C:/Users/shashinda adithya/AppData/Local/UnrealEngine/Common/DerivedDataCache/0/5/3/STATICMESH_9CE2B6FB46754B699726C4AA1515F12E_228332BAE0224DD294E232B87D83948FQU__55269024710F079BD7E6F5DCE13402343A9B4266.udd" 2528
"C:/Users/shashinda adithya/AppData/Local/UnrealEngine/Common/DerivedDataCache/6/9/2/PHYSX_A08609EF508D460CBB6710540B03AACF_PHYSXPC_26D894D242588EBD1692D5AEB42B199__E9DE2E2D6BBCEE28D878B0375C88F1F547F78219.udd" 2529
"C:/Users/shashinda adithya/AppData/Local/UnrealEngine/Common/DerivedDataCache/8/0/1/NAVCOLLISION_2983273BE5D6425391E8C0B3D1C0A55D_NAVCOLLISION_X_26D894D242588EBD1__0992F0932815EF563DB5CEFF4F1EC3F101DD6F2D.udd" 2530
"D:/UE4t/Tutorial1/myGames/EndlessRunner/Content/PN_Banana/Meshes/plants/banana_01_06.uasset" 2531
"D:/UE4t/Tutorial1/myGames/EndlessRunner/Content/PN_Banana/Textures/PivotPainter/banana_01_05_VEC.uasset" 2532
"D:/UE4t/Tutorial1/myGames/EndlessRunner/Content/PN_Banana/Textures/PivotPainter/banana_01_05_PIV.uasset" 2533
"D:/UE4t/Tutorial1/myGames/EndlessRunner/Content/PN_Banana/Materials/Material_Instances/big/MAI_Banana_01_05.uasset" 2534
"C:/Users/shashinda adithya/AppData/Local/UnrealEngine/Common/DerivedDataCache/6/6/5/STATICMESH_9CE2B6FB46754B699726C4AA1515F12E_228332BAE0224DD294E232B87D83948FQU__F5565B2B3F941C04DB26988E91738E313631A447.udd" 2535
"C:/Users/shashinda adithya/AppData/Local/UnrealEngine/Common/DerivedDataCache/8/5/1/PHYSX_A08609EF508D460CBB6710540B03AACF_PHYSXPC_4048625D49607A1E5144BBB8E06F75C__B6744A2988ACF6BE526115CFBA6B51E8BF9D6887.udd" 2536
"C:/Users/shashinda adithya/AppData/Local/UnrealEngine/Common/DerivedDataCache/8/7/5/NAVCOLLISION_2983273BE5D6425391E8C0B3D1C0A55D_NAVCOLLISION_X_4048625D49607A1E5__C7B22F635AEF9B2B58B43BB5CF019BA723C2A464.udd" 2537
"D:/UE4t/Tutorial1/myGames/EndlessRunner/Content/PN_Banana/Materials/Material_Instances/big/MI_Banana_01_05_trunk.uasset" 2538
"D:/UE4t/Tutorial1/myGames/EndlessRunner/Content/PN_Banana/Materials/Material_Instances/big/MI_Banana_01_05_leaves.uasset" 2539
"D:/UE4t/Tutorial1/myGames/EndlessRunner/Content/PN_Banana/Meshes/plants/banana_01_05.uasset" 2540
"D:/UE4t/Tutorial1/myGames/EndlessRunner/Content/PN_Banana/Textures/PivotPainter/banana_01_04_VEC.uasset" 2541
"D:/UE4t/Tutorial1/myGames/EndlessRunner/Content/PN_Banana/Textures/PivotPainter/banana_01_04_PIV.uasset" 2542
"D:/UE4t/Tutorial1/myGames/EndlessRunner/Content/PN_Banana/Materials/Material_Instances/big/MAI_Banana_01_04.uasset" 2543
"C:/Users/shashinda adithya/AppData/Local/UnrealEngine/Common/DerivedDataCache/2/9/1/STATICMESH_9CE2B6FB46754B699726C4AA1515F12E_228332BAE0224DD294E232B87D83948FQU__B9C289EF05B34DAC78F547A0791C4BF5FDF4C2CC.udd" 2544
"C:/Users/shashinda adithya/AppData/Local/UnrealEngine/Common/DerivedDataCache/6/5/6/PHYSX_A08609EF508D460CBB6710540B03AACF_PHYSXPC_D0B46D7F4193DFE0D991E3A5C46D317__5AE5FEFBB2DF21632F46DFA7AF79FDB50AA100E3.udd" 2545
"C:/Users/shashinda adithya/AppData/Local/UnrealEngine/Common/DerivedDataCache/0/4/6/NAVCOLLISION_2983273BE5D6425391E8C0B3D1C0A55D_NAVCOLLISION_X_D0B46D7F4193DFE0D__8F905961292DE11FFC26F54128B42DB4687F236B.udd" 2546
"D:/UE4t/Tutorial1/myGames/EndlessRunner/Content/PN_Banana/Materials/Material_Instances/big/MI_Banana_01_04_trunk.uasset" 2547
"D:/UE4t/Tutorial1/myGames/EndlessRunner/Content/PN_Banana/Materials/Material_Instances/big/MI_Banana_01_04_leaves.uasset" 2548
"D:/UE4t/Tutorial1/myGames/EndlessRunner/Content/PN_Banana/Meshes/plants/banana_01_04.uasset" 2549
"D:/UE4t/Tutorial1/myGames/EndlessRunner/Content/PN_Banana/Textures/PivotPainter/banana_01_03_VEC.uasset" 2550
"D:/UE4t/Tutorial1/myGames/EndlessRunner/Content/PN_Banana/Textures/PivotPainter/banana_01_03_PIV.uasset" 2551
"D:/UE4t/Tutorial1/myGames/EndlessRunner/Content/PN_Banana/Materials/Material_Instances/big/MAI_Banana_01_03.uasset" 2552
"C:/Users/shashinda adithya/AppData/Local/UnrealEngine/Common/DerivedDataCache/5/1/6/STATICMESH_9CE2B6FB46754B699726C4AA1515F12E_228332BAE0224DD294E232B87D83948FQU__088F1F70C7462C85EC7EF57BF9B3E48A761AA72A.udd" 2553
"C:/Users/shashinda adithya/AppData/Local/UnrealEngine/Common/DerivedDataCache/2/8/5/PHYSX_A08609EF508D460CBB6710540B03AACF_PHYSXPC_CC27B11F4A501E544A231FACBF3DE9E__DF6B8838E805AA919A20C74A568D7E65D4E95037.udd" 2554
"C:/Users/shashinda adithya/AppData/Local/UnrealEngine/Common/DerivedDataCache/2/1/2/NAVCOLLISION_2983273BE5D6425391E8C0B3D1C0A55D_NAVCOLLISION_X_CC27B11F4A501E544__9F4EF6B3E4C58F6E43F8AF03EF248365D0DF7DCB.udd" 2555
"D:/UE4t/Tutorial1/myGames/EndlessRunner/Content/PN_Banana/Materials/Material_Instances/big/MI_Banana_01_03_trunk.uasset" 2556
"D:/UE4t/Tutorial1/myGames/EndlessRunner/Content/PN_Banana/Materials/Material_Instances/big/MI_Banana_01_03_leaves.uasset" 2557
"D:/UE4t/Tutorial1/myGames/EndlessRunner/Content/PN_Banana/Meshes/plants/banana_01_03.uasset" 2558
"D:/UE4t/Tutorial1/myGames/EndlessRunner/Content/PN_Banana/Textures/PivotPainter/banana_01_02_VEC.uasset" 2559
"D:/UE4t/Tutorial1/myGames/EndlessRunner/Content/PN_Banana/Textures/PivotPainter/banana_01_02_PIV.uasset" 2560
"D:/UE4t/Tutorial1/myGames/EndlessRunner/Content/PN_Banana/Materials/Material_Instances/small/MI_Banana_01_02.uasset" 2561
"C:/Users/shashinda adithya/AppData/Local/UnrealEngine/Common/DerivedDataCache/8/2/5/STATICMESH_9CE2B6FB46754B699726C4AA1515F12E_228332BAE0224DD294E232B87D83948FQU__8765DAC52763FDA1533FE935E1EF911F2528CC1A.udd" 2562
"C:/Users/shashinda adithya/AppData/Local/UnrealEngine/Common/DerivedDataCache/0/6/0/PHYSX_A08609EF508D460CBB6710540B03AACF_PHYSXPC_7E3B380449B76DB13FF144ABF926D3C__F589DF6F1B271702C2C252B1F927A52F13FF4ED3.udd" 2563
"C:/Users/shashinda adithya/AppData/Local/UnrealEngine/Common/DerivedDataCache/4/2/0/NAVCOLLISION_2983273BE5D6425391E8C0B3D1C0A55D_NAVCOLLISION_X_7E3B380449B76DB13__B3E9FF134D4460EEA4B9571E3268C45B47755D73.udd" 2564
"D:/UE4t/Tutorial1/myGames/EndlessRunner/Content/PN_Banana/Meshes/plants/banana_01_02.uasset" 2565
"D:/UE4t/Tutorial1/myGames/EndlessRunner/Content/PN_Banana/Textures/PivotPainter/banana_01_01_VEC.uasset" 2566
"D:/UE4t/Tutorial1/myGames/EndlessRunner/Content/PN_Banana/Textures/PivotPainter/banana_01_01_PIV.uasset" 2567
"D:/UE4t/Tutorial1/myGames/EndlessRunner/Content/PN_Banana/Materials/Material_Instances/small/MI_Banana_01_01.uasset" 2568
"D:/UE4t/Tutorial1/myGames/EndlessRunner/Content/PN_Banana/Meshes/plants/banana_01_01.uasset" 2569
"D:/UE4t/Tutorial1/myGames/EndlessRunner/Content/PN_Banana/Textures/PivotPainter/banana_02_05_VEC.uasset" 2570
"C:/Users/shashinda adithya/AppData/Local/UnrealEngine/Common/DerivedDataCache/9/4/1/STATICMESH_9CE2B6FB46754B699726C4AA1515F12E_228332BAE0224DD294E232B87D83948FQU__C3C2DEF954522243C7570CD14C40AB934975DA97.udd" 2571
"C:/Users/shashinda adithya/AppData/Local/UnrealEngine/Common/DerivedDataCache/2/5/9/PHYSX_A08609EF508D460CBB6710540B03AACF_PHYSXPC_BC081FB749004ED9B0408F9D89B91FB__78F34FE201DF893211EEC93027B0C30CDC1A1842.udd" 2572
"C:/Users/shashinda adithya/AppData/Local/UnrealEngine/Common/DerivedDataCache/9/2/0/NAVCOLLISION_2983273BE5D6425391E8C0B3D1C0A55D_NAVCOLLISION_X_BC081FB749004ED9B__1BECDB48A0D22E20F9DE4A2588C6BA64578DC31F.udd" 2573
"D:/UE4t/Tutorial1/myGames/EndlessRunner/Content/PN_Banana/Textures/PivotPainter/banana_02_05_PIV.uasset" 2574
"D:/UE4t/Tutorial1/myGames/EndlessRunner/Content/PN_Banana/Materials/Material_Instances/big/MAI_Banana_02_05.uasset" 2575
"D:/UE4t/Tutorial1/myGames/EndlessRunner/Content/PN_Banana/Materials/Material_Instances/big/MI_Banana_02_05_trunk.uasset" 2576
"D:/UE4t/Tutorial1/myGames/EndlessRunner/Content/PN_Banana/Materials/Material_Instances/big/MI_Banana_02_05_leaves.uasset" 2577
"D:/UE4t/Tutorial1/myGames/EndlessRunner/Content/PN_Banana/Meshes/plants/banana_02_05.uasset" 2578
"D:/UE4t/Tutorial1/myGames/EndlessRunner/Content/PN_Banana/UE4_ThirdPerson/Mannequin/Character/Mesh/SK_Mannequin_PhysicsAsset.uasset" 2579
"C:/Users/shashinda adithya/AppData/Local/UnrealEngine/Common/DerivedDataCache/4/1/8/STATICMESH_9CE2B6FB46754B699726C4AA1515F12E_228332BAE0224DD294E232B87D83948FQU__5ED78318D1AFBB7CFF8ED419FAA39A9FD080020E.udd" 2580
"C:/Users/shashinda adithya/AppData/Local/UnrealEngine/Common/DerivedDataCache/1/5/1/PHYSX_A08609EF508D460CBB6710540B03AACF_PHYSXPC_C375A308446DAEE630DF47B5C63F01D__E17C4C85A03FD97FF640221543408748B0465060.udd" 2581
"C:/Users/shashinda adithya/AppData/Local/UnrealEngine/Common/DerivedDataCache/4/4/4/NAVCOLLISION_2983273BE5D6425391E8C0B3D1C0A55D_NAVCOLLISION_X_C375A308446DAEE63__7FA5D93BEC59B386BB00F2031A68C60442D71769.udd" 2582
"D:/UE4t/Tutorial1/myGames/EndlessRunner/Content/PN_Banana/UE4_ThirdPerson/Mannequin/Character/Textures/UE4Man_Logo_N.uasset" 2583
"D:/UE4t/Tutorial1/myGames/EndlessRunner/Content/PN_Banana/UE4_ThirdPerson/Mannequin/Character/Textures/UE4_Mannequin_MAT_MASKA.uasset" 2584
"D:/UE4t/Tutorial1/myGames/EndlessRunner/Content/PN_Banana/UE4_ThirdPerson/Mannequin/Character/Textures/UE4_Mannequin__normals.uasset" 2585
"D:/UE4t/Tutorial1/myGames/EndlessRunner/Content/PN_Banana/UE4_ThirdPerson/Mannequin/Character/Materials/MaterialLayers/T_ML_Aluminum01_N.uasset" 2586
"C:/Users/shashinda adithya/AppData/Local/UnrealEngine/Common/DerivedDataCache/9/3/2/STATICMESH_9CE2B6FB46754B699726C4AA1515F12E_228332BAE0224DD294E232B87D83948FQU__EAEB94B344A30AB9A4DBACA8996544A27BDBC8C4.udd" 2587
"C:/Users/shashinda adithya/AppData/Local/UnrealEngine/Common/DerivedDataCache/5/0/4/PHYSX_A08609EF508D460CBB6710540B03AACF_PHYSXPC_934080D34C94FF7E2AB9078CD51B63A__2AA50372DF74BCF5E35766F2C07027307DB98321.udd" 2588
"C:/Users/shashinda adithya/AppData/Local/UnrealEngine/Common/DerivedDataCache/8/8/8/NAVCOLLISION_2983273BE5D6425391E8C0B3D1C0A55D_NAVCOLLISION_X_934080D34C94FF7E2__F5864444B185D974C50238815D008FA517634E26.udd" 2589
"D:/UE4t/Tutorial1/myGames/EndlessRunner/Content/PN_Banana/UE4_ThirdPerson/Mannequin/Character/Materials/MaterialLayers/T_ML_Aluminum01.uasset" 2590
"D:/UE4t/Tutorial1/myGames/EndlessRunner/Content/PN_Banana/UE4_ThirdPerson/Mannequin/Character/Materials/MaterialLayers/ML_SoftMetal_UE4.uasset" 2591
"D:/UE4t/Tutorial1/myGames/EndlessRunner/Content/PN_Banana/UE4_ThirdPerson/Mannequin/Character/Textures/UE4_LOGO_CARD.uasset" 2592
"D:/UE4t/Tutorial1/myGames/EndlessRunner/Content/PN_Banana/UE4_ThirdPerson/Mannequin/Character/Materials/MaterialLayers/ML_Plastic_Shiny_Beige_LOGO.uasset" 2593
"C:/Users/shashinda adithya/AppData/Local/UnrealEngine/Common/DerivedDataCache/9/4/1/STATICMESH_9CE2B6FB46754B699726C4AA1515F12E_228332BAE0224DD294E232B87D83948FQU__965BA5AA0F406A5A98C573BE80488E2CF7DD58C5.udd" 2594
"C:/Users/shashinda adithya/AppData/Local/UnrealEngine/Common/DerivedDataCache/9/9/6/PHYSX_A08609EF508D460CBB6710540B03AACF_PHYSXPC_DA5D2D0C47F5A538C3E50AB34D6F2D2__731D0EE00D9CE0A351694659371173F5017FDE36.udd" 2595
"C:/Users/shashinda adithya/AppData/Local/UnrealEngine/Common/DerivedDataCache/1/2/1/NAVCOLLISION_2983273BE5D6425391E8C0B3D1C0A55D_NAVCOLLISION_X_DA5D2D0C47F5A538C__9A8A3DE794761FE6889AB61474382FC54C5A1D51.udd" 2596
"D:/UE4t/Tutorial1/myGames/EndlessRunner/Content/PN_Banana/UE4_ThirdPerson/Mannequin/Character/Materials/MaterialLayers/ML_Plastic_Shiny_Beige.uasset" 2597
"D:/UE4t/Tutorial1/myGames/EndlessRunner/Content/PN_Banana/UE4_ThirdPerson/Mannequin/Character/Materials/MaterialLayers/T_ML_Rubber_Blue_01_N.uasset" 2598
"D:/UE4t/Tutorial1/myGames/EndlessRunner/Content/PN_Banana/UE4_ThirdPerson/Mannequin/Character/Materials/MaterialLayers/T_ML_Rubber_Blue_01_D.uasset" 2599
"D:/UE4t/Tutorial1/myGames/EndlessRunner/Content/PN_Banana/UE4_ThirdPerson/Mannequin/Character/Materials/MaterialLayers/ML_GlossyBlack_Latex_UE4.uasset" 2600
"../../../Engine/Content/Functions/Engine_MaterialFunctions02/Utility/BlendAngleCorrectedNormals.uasset" 2601
"../../../Engine/Content/Functions/MaterialLayerFunctions/MatLayerBlend_NormalBlend.uasset" 2602
"C:/Users/shashinda adithya/AppData/Local/UnrealEngine/Common/DerivedDataCache/1/5/6/STATICMESH_9CE2B6FB46754B699726C4AA1515F12E_228332BAE0224DD294E232B87D83948FQU__4664446DFFDA24DD5C28C146A4785AC277D24E90.udd" 2603
"C:/Users/shashinda adithya/AppData/Local/UnrealEngine/Common/DerivedDataCache/5/5/5/PHYSX_A08609EF508D460CBB6710540B03AACF_PHYSXPC_E0BF65D14259F05F37972D8AA83B7B8__CD681141301D7D5C9C6CB92B62D3EE9C9788D136.udd" 2604
"C:/Users/shashinda adithya/AppData/Local/UnrealEngine/Common/DerivedDataCache/8/8/1/NAVCOLLISION_2983273BE5D6425391E8C0B3D1C0A55D_NAVCOLLISION_X_E0BF65D14259F05F3__443E0AA061C0C5185556D30B47A32A1AE7062BA9.udd" 2605
"../../../Engine/Content/Functions/MaterialLayerFunctions/MatLayerBlend_Simple.uasset" 2606
"D:/UE4t/Tutorial1/myGames/EndlessRunner/Content/PN_Banana/UE4_ThirdPerson/Mannequin/Character/Materials/M_UE4Man_Body.uasset" 2607
"D:/UE4t/Tutorial1/myGames/EndlessRunner/Content/PN_Banana/UE4_ThirdPerson/Mannequin/Character/Materials/M_UE4Man_ChestLogo.uasset" 2608
"D:/UE4t/Tutorial1/myGames/EndlessRunner/Content/PN_Banana/UE4_ThirdPerson/Mannequin/Character/Mesh/UE4_Mannequin_Skeleton.uasset" 2609
"D:/UE4t/Tutorial1/myGames/EndlessRunner/Content/PN_Banana/UE4_ThirdPerson/Mannequin/Character/Mesh/SK_Mannequin.uasset" 2610
"D:/UE4t/Tutorial1/myGames/EndlessRunner/Content/PN_Banana/UE4_ThirdPerson/Mannequin/Animations/ThirdPersonWalk.uasset" 2611
"D:/UE4t/Tutorial1/myGames/EndlessRunner/Content/PN_Banana/UE4_ThirdPerson/Mannequin/Animations/ThirdPersonRun.uasset" 2612
"D:/UE4t/Tutorial1/myGames/EndlessRunner/Content/PN_Banana/UE4_ThirdPerson/Mannequin/Animations/ThirdPersonIdle.uasset" 2613
"D:/UE4t/Tutorial1/myGames/EndlessRunner/Content/PN_Banana/UE4_ThirdPerson/Mannequin/Animations/ThirdPerson_IdleRun_2D.uasset" 2614
"D:/UE4t/Tutorial1/myGames/EndlessRunner/Content/PN_Banana/UE4_ThirdPerson/Mannequin/Animations/ThirdPerson_Jump.uasset" 2615
"D:/UE4t/Tutorial1/myGames/EndlessRunner/Content/PN_Banana/UE4_ThirdPerson/Mannequin/Animations/ThirdPersonJump_Start.uasset" 2616
"D:/UE4t/Tutorial1/myGames/EndlessRunner/Content/PN_Banana/UE4_ThirdPerson/Mannequin/Animations/ThirdPersonJump_Loop.uasset" 2617
"D:/UE4t/Tutorial1/myGames/EndlessRunner/Content/PN_Banana/UE4_ThirdPerson/Mannequin/Animations/ThirdPerson_AnimBP.uasset" 2618
"D:/UE4t/Tutorial1/myGames/EndlessRunner/Content/PN_Banana/UE4_ThirdPerson/Blueprints/ThirdPersonCharacter.uasset" 2619
"D:/UE4t/Tutorial1/myGames/EndlessRunner/Content/PN_Banana/Blueprints/PN_Bending_Component.uasset" 2620
"D:/UE4t/Tutorial1/myGames/EndlessRunner/Content/PN_Banana/Blueprints/PN_GlobalUpdater.uasset" 2621
"../../../Engine/Content/BasicShapes/BasicShapeMaterial.uasset" 2622
"D:/UE4t/Tutorial1/myGames/EndlessRunner/Content/PN_Banana/Blueprints/CollisionBall.uasset" 2623
"C:/Users/shashinda adithya/AppData/Local/UnrealEngine/Common/DerivedDataCache/9/9/1/MATSM_0BA69734E4FD45E082FA4560DBE25454_PCD3D_SM5_8__BC5N_NOCCBN_NOIRIS_DEV_SL___891AF32DE225E4BCA371C98D43DC9E7B6E40D034.udd" 2624
"../../../Engine/Content/EngineSky/T_Sky_Stars.uasset" 2625
"../../../Engine/Content/EngineSky/T_Sky_Clouds_M.uasset" 2626
"C:/Users/shashinda adithya/AppData/Local/UnrealEngine/Common/DerivedDataCache/1/0/6/SKELETALMESH_91550326BADA436B92C8BF16C910465C_F7B9E34C6BDDAE0A4C248150EBDE8C90__973C0AED6CB233655917238706BF76C79635FE57.udd" 2627
"../../../Engine/Content/EngineSky/T_Sky_Blue.uasset" 2628
"../../../Engine/Content/EngineSky/M_Sky_Panning_Clouds2.uasset" 2629
"../../../Engine/Content/EngineSky/SM_SkySphere.uasset" 2630
"../../../Engine/Content/EngineSky/C_Sky_Zenith_Color.uasset" 2631
"../../../Engine/Content/EngineSky/C_Sky_Horizon_Color.uasset" 2632
"../../../Engine/Content/EngineSky/C_Sky_Cloud_Color.uasset" 2633
"C:/Users/shashinda adithya/AppData/Local/UnrealEngine/Common/DerivedDataCache/8/5/1/ANIMSEQ_D0E639028BB74237AD0F9775C097BB85_0_B1406EE101E69C6B7F8C34CD8C0F7ECC60E__24E4650CE9BBDBE84010E4DFA8658088072BBDD3.udd" 2634
"../../../Engine/Content/EngineSky/BP_Sky_Sphere.uasset" 2635
"D:/UE4t/Tutorial1/myGames/EndlessRunner/Content/PN_Banana/Map/Showroom.umap" 2636
"D:/UE4t/Tutorial1/myGames/EndlessRunner/Content/Content/UI/HUD_WB.uasset" 2637
"D:/UE4t/Tutorial1/myGames/EndlessRunner/Content/Content/BluePrints/Game/BP_PlayerController.uasset" 2638
"D:/UE4t/Tutorial1/myGames/EndlessRunner/Content/Content/BluePrints/Game/BP_GameMode.uasset" 2639
"D:/UE4t/Tutorial1/myGames/EndlessRunner/Content/texture/highway-lanes-ue/highway-lanes_roughness.uasset" 2640
"D:/UE4t/Tutorial1/myGames/EndlessRunner/Content/texture/highway-lanes-ue/highway-lanes_normal-dx.uasset" 2641
"D:/UE4t/Tutorial1/myGames/EndlessRunner/Content/texture/highway-lanes-ue/highway-lanes_metallic.uasset" 2642
"D:/UE4t/Tutorial1/myGames/EndlessRunner/Content/texture/highway-lanes-ue/highway-lanes_ao.uasset" 2643
"D:/UE4t/Tutorial1/myGames/EndlessRunner/Content/texture/highway-lanes-ue/highway-lanes_albedo.uasset" 2644
"D:/UE4t/Tutorial1/myGames/EndlessRunner/Content/texture/highway-lanes-ue/roadMat.uasset" 2645
"D:/UE4t/Tutorial1/myGames/EndlessRunner/Content/Construction_VOL1/Textures/Unique/TX_FreightContainer_01b_RMA.uasset" 2646
"D:/UE4t/Tutorial1/myGames/EndlessRunner/Content/Construction_VOL1/Textures/Unique/TX_FreightContainer_01b_NRM.uasset" 2647
"D:/UE4t/Tutorial1/myGames/EndlessRunner/Content/Construction_VOL1/Textures/Unique/TX_FreightContainer_01b_ALB.uasset" 2648
"D:/UE4t/Tutorial1/myGames/EndlessRunner/Content/Construction_VOL1/Textures/Tileable/TX_Dirt_01_ALB.uasset" 2649
"../../../Engine/Content/Functions/Engine_MaterialFunctions01/Gradient/LinearGradient.uasset" 2650
"../../../Engine/Content/Functions/Engine_MaterialFunctions01/ImageAdjustment/CheapContrast.uasset" 2651
"C:/Users/shashinda adithya/AppData/Local/UnrealEngine/Common/DerivedDataCache/0/8/6/PHYSX_A08609EF508D460CBB6710540B03AACF_PHYSXPC_E8AEF7CF4B2B3599CA08AF9F21811031__1_0_0_0_2_13315_0.udd" 2652
"C:/Users/shashinda adithya/AppData/Local/UnrealEngine/Common/DerivedDataCache/3/4/6/PHYSX_A08609EF508D460CBB6710540B03AACF_PHYSXPC_9449E1294D0A022985A537AAADBE63C6__1_0_0_0_2_13315_0.udd" 2653
"C:/Users/shashinda adithya/AppData/Local/UnrealEngine/Common/DerivedDataCache/5/4/5/PHYSX_A08609EF508D460CBB6710540B03AACF_PHYSXPC_9A70AC864125BD104C0DB08FA5AEB722__1_0_0_0_2_13315_0.udd" 2654
"C:/Users/shashinda adithya/AppData/Local/UnrealEngine/Common/DerivedDataCache/3/0/7/PHYSX_A08609EF508D460CBB6710540B03AACF_PHYSXPC_852D79164034C1EB21D17E82E08484BB__1_0_0_0_2_13315_0.udd" 2655
"C:/Users/shashinda adithya/AppData/Local/UnrealEngine/Common/DerivedDataCache/8/0/7/PHYSX_A08609EF508D460CBB6710540B03AACF_PHYSXPC_CF7CEE704F1B515587B550AB4B215E1F__1_0_0_0_2_13315_0.udd" 2656
"C:/Users/shashinda adithya/AppData/Local/UnrealEngine/Common/DerivedDataCache/1/5/7/PHYSX_A08609EF508D460CBB6710540B03AACF_PHYSXPC_337E1F4B4001086CA1BEFD8BD6435B1B__1_0_0_0_2_13315_0.udd" 2657
"C:/Users/shashinda adithya/AppData/Local/UnrealEngine/Common/DerivedDataCache/3/8/6/PHYSX_A08609EF508D460CBB6710540B03AACF_PHYSXPC_EB41679D460F86CC256444999D4FC94D__1_0_0_0_2_13315_0.udd" 2658
"C:/Users/shashinda adithya/AppData/Local/UnrealEngine/Common/DerivedDataCache/4/2/2/PHYSX_A08609EF508D460CBB6710540B03AACF_PHYSXPC_1CC6B6A547549DF3E1D4A3904D35D020__1_0_0_0_2_13315_0.udd" 2659
"C:/Users/shashinda adithya/AppData/Local/UnrealEngine/Common/DerivedDataCache/3/2/9/MATSM_0BA69734E4FD45E082FA4560DBE25454_PCD3D_SM5_8__BC5N_NOCCBN_NOIRIS_DEV_SL___013CFBE714A6EFA9DC9FF3B8D4BEBD0D3BF22776.udd" 2660
"D:/UE4t/Tutorial1/myGames/EndlessRunner/Content/Construction_VOL1/Materials/Functions/MI_VertexBlend_02a.uasset" 2661
"D:/UE4t/Tutorial1/myGames/EndlessRunner/Content/Construction_VOL1/Textures/Utility/TX_Fill_01_RMA.uasset" 2662
"D:/UE4t/Tutorial1/myGames/EndlessRunner/Content/Construction_VOL1/Textures/Utility/TX_Fill_01_NRM.uasset" 2663
"D:/UE4t/Tutorial1/myGames/EndlessRunner/Content/Construction_VOL1/Textures/Utility/TX_Fill_01_ALB.uasset" 2664
"../../../Engine/Content/Functions/MaterialLayerFunctions/MatLayerBlend_BreakBaseColor.uasset" 2665
"../../../Engine/Content/EngineMaterials/BlendFunc_DefBlend.uasset" 2666
"../../../Engine/Content/EngineMaterials/BlendFunc_DefBase.uasset" 2667
"../../../Engine/Content/Functions/Engine_MaterialFunctions03/Blends/Blend_Overlay.uasset" 2668
"D:/UE4t/Tutorial1/myGames/EndlessRunner/Content/Construction_VOL1/Textures/Tileable/TX_Noise_NRM.uasset" 2669
"D:/UE4t/Tutorial1/myGames/EndlessRunner/Content/Construction_VOL1/Textures/Tileable/TX_Micro_MASK.uasset" 2670
"D:/UE4t/Tutorial1/myGames/EndlessRunner/Content/Construction_VOL1/Materials/Functions/MF_MicroDetail_01a.uasset" 2671
"D:/UE4t/Tutorial1/myGames/EndlessRunner/Content/Construction_VOL1/Materials/Masters/MM_MasterMaterial_01.uasset" 2672
"D:/UE4t/Tutorial1/myGames/EndlessRunner/Content/Construction_VOL1/Materials/Instances/MI_FreightContainer_01b.uasset" 2673
"D:/UE4t/Tutorial1/myGames/EndlessRunner/Content/Construction_VOL1/Textures/Unique/TX_FreightContainer_01a_RMA.uasset" 2674
"D:/UE4t/Tutorial1/myGames/EndlessRunner/Content/Construction_VOL1/Textures/Unique/TX_FreightContainer_01a_NRM.uasset" 2675
"D:/UE4t/Tutorial1/myGames/EndlessRunner/Content/Construction_VOL1/Textures/Unique/TX_FreightContainer_01a_ALB.uasset" 2676
"D:/UE4t/Tutorial1/myGames/EndlessRunner/Content/Construction_VOL1/Materials/Instances/MI_FreightContainer_01a.uasset" 2677
"D:/UE4t/Tutorial1/myGames/EndlessRunner/Content/Construction_VOL1/Meshes/SM_FreightContainer_01.uasset" 2678
"D:/UE4t/Tutorial1/myGames/EndlessRunner/Content/Content/BluePrints/Game/Course/Obstracles/Obstracle_NoneDodgable.uasset" 2679
"D:/UE4t/Tutorial1/myGames/EndlessRunner/Content/Construction_VOL1/Textures/Unique/TX_Portapotty_01_RMA.uasset" 2680
"D:/UE4t/Tutorial1/myGames/EndlessRunner/Content/Construction_VOL1/Textures/Unique/TX_Portapotty_01_NRM.uasset" 2681
"D:/UE4t/Tutorial1/myGames/EndlessRunner/Content/Construction_VOL1/Textures/Unique/TX_Portapotty_01_ALB.uasset" 2682
"D:/UE4t/Tutorial1/myGames/EndlessRunner/Content/Construction_VOL1/Materials/Instances/MI_Portapotty_01a.uasset" 2683
"D:/UE4t/Tutorial1/myGames/EndlessRunner/Content/Construction_VOL1/Meshes/SM_Portapotty_01.uasset" 2684
"D:/UE4t/Tutorial1/myGames/EndlessRunner/Content/Content/BluePrints/Game/Course/Obstracles/Obstracle_NoneDodgable_Child3.uasset" 2685
"D:/UE4t/Tutorial1/myGames/EndlessRunner/Content/Construction_VOL1/Textures/Unique/TX_LightGenerator_01a_NRM.uasset" 2686
"D:/UE4t/Tutorial1/myGames/EndlessRunner/Content/Construction_VOL1/Textures/Unique/TX_LightGenerator_01a_ALB.uasset" 2687
"D:/UE4t/Tutorial1/myGames/EndlessRunner/Content/Construction_VOL1/Textures/Unique/TX_LightGenerator_01a_RMA.uasset" 2688
"C:/Users/shashinda adithya/AppData/Local/UnrealEngine/Common/DerivedDataCache/0/8/9/MATSM_0BA69734E4FD45E082FA4560DBE25454_PCD3D_SM5_8__BC5N_NOCCBN_NOIRIS_DEV_SL___6A34632450A9FD72A046F1F1F9572D0DF2108C40.udd" 2689
"D:/UE4t/Tutorial1/myGames/EndlessRunner/Content/Construction_VOL1/Materials/Instances/MI_Lightgenerator_01a.uasset" 2690
"D:/UE4t/Tutorial1/myGames/EndlessRunner/Content/Construction_VOL1/Textures/Unique/TX_LightGenerator_01b_RMA.uasset" 2691
"D:/UE4t/Tutorial1/myGames/EndlessRunner/Content/Construction_VOL1/Textures/Unique/TX_LightGenerator_01b_NRM.uasset" 2692
"D:/UE4t/Tutorial1/myGames/EndlessRunner/Content/Construction_VOL1/Textures/Unique/TX_LightGenerator_01b_ALB.uasset" 2693
"C:/Users/shashinda adithya/AppData/Local/UnrealEngine/Common/DerivedDataCache/6/5/8/MATSM_0BA69734E4FD45E082FA4560DBE25454_PCD3D_SM5_8__BC5N_NOCCBN_NOIRIS_DEV_SL___18B1A0A7BFC51BD88723EEE3BC73AD2DDF71FCC8.udd" 2694
"D:/UE4t/Tutorial1/myGames/EndlessRunner/Content/Construction_VOL1/Materials/Instances/MI_Lightgenerator_01b.uasset" 2695
"C:/Users/shashinda adithya/AppData/Local/UnrealEngine/Common/DerivedDataCache/2/8/9/STATICMESH_9CE2B6FB46754B699726C4AA1515F12E_228332BAE0224DD294E232B87D83948FQU__C2FA8F2C95AB3F0CC941E39B5691AAEB388B13A1.udd" 2696
"C:/Users/shashinda adithya/AppData/Local/UnrealEngine/Common/DerivedDataCache/5/5/4/PHYSX_A08609EF508D460CBB6710540B03AACF_PHYSXPC_6BB2AF78493013C75015F7941865498__CB8CD2B3B7E01712A701092D1FC3FED704AD35CD.udd" 2697
"C:/Users/shashinda adithya/AppData/Local/UnrealEngine/Common/DerivedDataCache/4/5/1/NAVCOLLISION_2983273BE5D6425391E8C0B3D1C0A55D_NAVCOLLISION_X_6BB2AF78493013C75__B283CA2A048D752972FF6C44456355514CAF3C6D.udd" 2698
"D:/UE4t/Tutorial1/myGames/EndlessRunner/Content/Construction_VOL1/Meshes/SM_LightGenerator_01a.uasset" 2699
"D:/UE4t/Tutorial1/myGames/EndlessRunner/Content/Content/BluePrints/Game/Course/Obstracles/Obstracle_NoneDodgable_Child2.uasset" 2700
"D:/UE4t/Tutorial1/myGames/EndlessRunner/Content/Content/BluePrints/Game/Course/Obstracles/Obstracle_NoneDodgable_Child1.uasset" 2701
"D:/UE4t/Tutorial1/myGames/EndlessRunner/Content/IndustryPropsPack6/Textures/T_Barrel01_D.uasset" 2702
"D:/UE4t/Tutorial1/myGames/EndlessRunner/Content/IndustryPropsPack6/Textures/BaseTextures/T_MASK2.uasset" 2703
"C:/Users/shashinda adithya/AppData/Local/UnrealEngine/Common/DerivedDataCache/7/2/9/MATSM_0BA69734E4FD45E082FA4560DBE25454_PCD3D_SM5_8__BC5N_NOCCBN_NOIRIS_DEV_SL___522788E56C09A56E71BDF9F8F77D7C602D19316F.udd" 2704
"D:/UE4t/Tutorial1/myGames/EndlessRunner/Content/IndustryPropsPack6/Textures/BaseTextures/T_MASK1.uasset" 2705
"C:/Users/shashinda adithya/AppData/Local/UnrealEngine/Common/DerivedDataCache/7/2/1/STATICMESH_9CE2B6FB46754B699726C4AA1515F12E_228332BAE0224DD294E232B87D83948FQU__65CFC7A540BB878AE2D1E9A42CF0503727978E2D.udd" 2706
"C:/Users/shashinda adithya/AppData/Local/UnrealEngine/Common/DerivedDataCache/2/6/1/PHYSX_A08609EF508D460CBB6710540B03AACF_PHYSXPC_46B4AB5248BF0193AD111F87560DA9A__BCD4B91CEDFDCD898B6BBB6E6BCFC04DBA4FD56F.udd" 2707
"C:/Users/shashinda adithya/AppData/Local/UnrealEngine/Common/DerivedDataCache/3/4/6/NAVCOLLISION_2983273BE5D6425391E8C0B3D1C0A55D_NAVCOLLISION_X_46B4AB5248BF0193A__1BE1A01397AE8D3D2E6A8FD7DEDBD2438F968B9C.udd" 2708
"D:/UE4t/Tutorial1/myGames/EndlessRunner/Content/IndustryPropsPack6/Textures/BaseTextures/BG_D.uasset" 2709
"D:/UE4t/Tutorial1/myGames/EndlessRunner/Content/IndustryPropsPack6/Textures/BaseTextures/BB_D.uasset" 2710
"D:/UE4t/Tutorial1/myGames/EndlessRunner/Content/IndustryPropsPack6/Textures/BaseTextures/B_N.uasset" 2711
"../../../Engine/Content/Functions/Engine_MaterialFunctions02/HueShift.uasset" 2712
"../../../Engine/Content/EngineDebugMaterials/HeatmapGradient.uasset" 2713
"../../../Engine/Content/Functions/Engine_MaterialFunctions01/ImageAdjustment/CheapContrast_RGB.uasset" 2714
"../../../Engine/Content/Functions/Engine_MaterialFunctions01/ImageAdjustment/BlurSampleOffsets.uasset" 2715
"../../../Engine/Content/Functions/Engine_MaterialFunctions02/Texturing/ScreenAlignedPixelToPixelUVs.uasset" 2716
"../../../Engine/Content/Functions/Engine_MaterialFunctions02/Utility/DitherTemporalAA.uasset" 2717
"D:/UE4t/Tutorial1/myGames/EndlessRunner/Content/IndustryPropsPack6/Materials/BaseMaterial/M_base.uasset" 2718
"C:/Users/shashinda adithya/AppData/Local/UnrealEngine/Common/DerivedDataCache/4/4/8/STATICMESH_9CE2B6FB46754B699726C4AA1515F12E_228332BAE0224DD294E232B87D83948FQU__23D05DA749D4129A43E42F6A4367DEB816D4D952.udd" 2719
"C:/Users/shashinda adithya/AppData/Local/UnrealEngine/Common/DerivedDataCache/3/3/2/PHYSX_A08609EF508D460CBB6710540B03AACF_PHYSXPC_3956DB0C476120EC12F1668EA3AE827__29399F10F674A0C62A3A990CA4596C9B509FC2B5.udd" 2720
"C:/Users/shashinda adithya/AppData/Local/UnrealEngine/Common/DerivedDataCache/8/4/7/NAVCOLLISION_2983273BE5D6425391E8C0B3D1C0A55D_NAVCOLLISION_X_3956DB0C476120EC1__9A7C35107076292B72AC5CF62FAE5270991AF0C0.udd" 2721
"D:/UE4t/Tutorial1/myGames/EndlessRunner/Content/IndustryPropsPack6/Textures/T_Barrel01_SRM.uasset" 2722
"D:/UE4t/Tutorial1/myGames/EndlessRunner/Content/IndustryPropsPack6/Textures/T_Barrel01_N.uasset" 2723
"D:/UE4t/Tutorial1/myGames/EndlessRunner/Content/IndustryPropsPack6/Materials/MI_Barrel01_1.uasset" 2724
"D:/UE4t/Tutorial1/myGames/EndlessRunner/Content/IndustryPropsPack6/Meshes/SM_Barrel01.uasset" 2725
"D:/UE4t/Tutorial1/myGames/EndlessRunner/Content/Content/BluePrints/Game/Course/Obstracles/Obstracle_Dodgable.uasset" 2726
"D:/UE4t/Tutorial1/myGames/EndlessRunner/Content/Construction_VOL1/Textures/Unique/TX_Trafficbarrier_RMA.uasset" 2727
"D:/UE4t/Tutorial1/myGames/EndlessRunner/Content/Construction_VOL1/Textures/Unique/TX_Trafficbarrier_NRM.uasset" 2728
"D:/UE4t/Tutorial1/myGames/EndlessRunner/Content/Construction_VOL1/Textures/Unique/TX_Trafficbarrier_ALB.uasset" 2729
"D:/UE4t/Tutorial1/myGames/EndlessRunner/Content/Construction_VOL1/Materials/Instances/MI_Trafficbarrier_01a.uasset" 2730
"D:/UE4t/Tutorial1/myGames/EndlessRunner/Content/Construction_VOL1/Meshes/SM_Trafficbarrier_01.uasset" 2731
"D:/UE4t/Tutorial1/myGames/EndlessRunner/Content/Content/BluePrints/Game/Course/Obstracles/Obstracle_Dodgable_Child3.uasset" 2732
"D:/UE4t/Tutorial1/myGames/EndlessRunner/Content/Construction_VOL1/Textures/Unique/TX_ConstructionPylons_01_RMA.uasset" 2733
"D:/UE4t/Tutorial1/myGames/EndlessRunner/Content/Construction_VOL1/Textures/Unique/TX_ConstructionPylons_01_NRM.uasset" 2734
"D:/UE4t/Tutorial1/myGames/EndlessRunner/Content/Construction_VOL1/Textures/Unique/TX_ConstructionPylons_01_ALB.uasset" 2735
"D:/UE4t/Tutorial1/myGames/EndlessRunner/Content/Construction_VOL1/Materials/Instances/MI_ConstructionPylon_01a.uasset" 2736
"D:/UE4t/Tutorial1/myGames/EndlessRunner/Content/Construction_VOL1/Meshes/SM_ConstructionPylons_01f.uasset" 2737
"D:/UE4t/Tutorial1/myGames/EndlessRunner/Content/Content/BluePrints/Game/Course/Obstracles/Obstracle_Dodgable_Child2.uasset" 2738
"D:/UE4t/Tutorial1/myGames/EndlessRunner/Content/Content/BluePrints/Game/Course/Obstracles/Obstracle_Dodgable_Child1.uasset" 2739
"C:/Users/shashinda adithya/AppData/Local/UnrealEngine/Common/DerivedDataCache/2/8/9/MATSM_0BA69734E4FD45E082FA4560DBE25454_PCD3D_SM5_8__BC5N_NOCCBN_NOIRIS_DEV_SL___5B1010E580C0689D5F2F9D28352D7F5118EF11DD.udd" 2740
"D:/UE4t/Tutorial1/myGames/EndlessRunner/Content/Construction_VOL1/Textures/Unique/TX_ConstructionFence_01a_RMA.uasset" 2741
"C:/Users/shashinda adithya/AppData/Local/UnrealEngine/Common/DerivedDataCache/1/5/2/STATICMESH_9CE2B6FB46754B699726C4AA1515F12E_228332BAE0224DD294E232B87D83948FQU__8DC96936A6AA1592485B49F33F9581946E3EAACA.udd" 2742
"C:/Users/shashinda adithya/AppData/Local/UnrealEngine/Common/DerivedDataCache/2/0/3/PHYSX_A08609EF508D460CBB6710540B03AACF_PHYSXPC_ABE7A6054BF2F1685C7693A1657E2E0__A42CB67B6C01BE76F372671FBAD6D8B0E29CB5BF.udd" 2743
"C:/Users/shashinda adithya/AppData/Local/UnrealEngine/Common/DerivedDataCache/8/0/0/NAVCOLLISION_2983273BE5D6425391E8C0B3D1C0A55D_NAVCOLLISION_X_ABE7A6054BF2F1685__122BED2129764F04FA68EDAA9DCF8D2975550CF1.udd" 2744
"D:/UE4t/Tutorial1/myGames/EndlessRunner/Content/Construction_VOL1/Textures/Unique/TX_ConstructionFence_01a_NRM.uasset" 2745
"D:/UE4t/Tutorial1/myGames/EndlessRunner/Content/Construction_VOL1/Textures/Unique/TX_ConstructionFence_01a_ALB.uasset" 2746
"D:/UE4t/Tutorial1/myGames/EndlessRunner/Content/Construction_VOL1/Materials/Instances/MI_Fence_01a.uasset" 2747
"D:/UE4t/Tutorial1/myGames/EndlessRunner/Content/Construction_VOL1/Meshes/SM_construction_fence_01a.uasset" 2748
"D:/UE4t/Tutorial1/myGames/EndlessRunner/Content/Content/BluePrints/Game/Course/Obstracle_BASE.uasset" 2749
"D:/UE4t/Tutorial1/myGames/EndlessRunner/Content/Maps/GameMap_BuiltData.uasset" 2750
"C:/Users/shashinda adithya/AppData/Local/UnrealEngine/Common/DerivedDataCache/4/8/4/STATICMESH_9CE2B6FB46754B699726C4AA1515F12E_228332BAE0224DD294E232B87D83948FQU__D027CF2C19F2025A75FAED15D7AC62C9C11434BE.udd" 2751
"C:/Users/shashinda adithya/AppData/Local/UnrealEngine/Common/DerivedDataCache/0/7/7/PHYSX_A08609EF508D460CBB6710540B03AACF_PHYSXPC_DE00ECA74B009F2F6384DD805E77754__8ADCDC0613A5289F4467103F1E46FC9AA5A4A171.udd" 2752
"C:/Users/shashinda adithya/AppData/Local/UnrealEngine/Common/DerivedDataCache/3/4/4/NAVCOLLISION_2983273BE5D6425391E8C0B3D1C0A55D_NAVCOLLISION_X_DE00ECA74B009F2F6__385C768EFF66CE79E5A1A3AFFA930781834AAEF3.udd" 2753
"../../../Engine/Content/MapTemplates/SM_Template_Map_Floor.uasset" 2754
"D:/UE4t/Tutorial1/myGames/EndlessRunner/Content/Man/Mesh/Parts/SK_Man_Shoes_PhysicsAsset.uasset" 2755
"D:/UE4t/Tutorial1/myGames/EndlessRunner/Content/Man/Textures/Cloth/T_Man_Cloth_Down_Normals.uasset" 2756
"D:/UE4t/Tutorial1/myGames/EndlessRunner/Content/Man/Textures/Cloth/T_Man_Cloth_Down_Metallic.uasset" 2757
"D:/UE4t/Tutorial1/myGames/EndlessRunner/Content/Man/Textures/Cloth/T_Man_Cloth_Down_Ao.uasset" 2758
"C:/Users/shashinda adithya/AppData/Local/UnrealEngine/Common/DerivedDataCache/4/9/7/STATICMESH_9CE2B6FB46754B699726C4AA1515F12E_228332BAE0224DD294E232B87D83948FQU__D513DDAF18C03AA492DEF9E7841286D279F90B66.udd" 2759
"C:/Users/shashinda adithya/AppData/Local/UnrealEngine/Common/DerivedDataCache/7/0/2/PHYSX_A08609EF508D460CBB6710540B03AACF_PHYSXPC_84C10B624D496D6734861F8BD949D29__386D2290DF892A5553898B5D0CDD661CD2354365.udd" 2760
"C:/Users/shashinda adithya/AppData/Local/UnrealEngine/Common/DerivedDataCache/4/3/2/NAVCOLLISION_2983273BE5D6425391E8C0B3D1C0A55D_NAVCOLLISION_X_84C10B624D496D673__19508E2CB4F81C6D7A633F8C3944332FF7189877.udd" 2761
"D:/UE4t/Tutorial1/myGames/EndlessRunner/Content/Man/Textures/Cloth/T_Man_Cloth_Down_Albedo_01.uasset" 2762
"D:/UE4t/Tutorial1/myGames/EndlessRunner/Content/Man/Materials/M_Man_Cloth_Down_01.uasset" 2763
"D:/UE4t/Tutorial1/myGames/EndlessRunner/Content/Man/Mesh/Parts/SK_Man_Shoes.uasset" 2764
"D:/UE4t/Tutorial1/myGames/EndlessRunner/Content/Man/Mesh/Parts/SK_Man_Pullover_For_Jacket_PhysicsAsset.uasset" 2765
"D:/UE4t/Tutorial1/myGames/EndlessRunner/Content/Man/Textures/Cloth/T_Man_Cloth_Up_Normals.uasset" 2766
"D:/UE4t/Tutorial1/myGames/EndlessRunner/Content/Man/Textures/Cloth/T_Man_Cloth_Up_Metallic.uasset" 2767
"C:/Users/shashinda adithya/AppData/Local/UnrealEngine/Common/DerivedDataCache/9/3/8/MATSM_0BA69734E4FD45E082FA4560DBE25454_PCD3D_SM5_8__BC5N_NOCCBN_NOIRIS_DEV_SL___B6AAAC85281467E0846469873CF4A498060A9430.udd" 2768
"D:/UE4t/Tutorial1/myGames/EndlessRunner/Content/Man/Textures/Cloth/T_Man_Cloth_Up_Ao.uasset" 2769
"C:/Users/shashinda adithya/AppData/Local/UnrealEngine/Common/DerivedDataCache/6/6/6/STATICMESH_9CE2B6FB46754B699726C4AA1515F12E_228332BAE0224DD294E232B87D83948FQU__4D07C21D3050ABEFB48DBA174388DE7DD1EAEE1A.udd" 2770
"C:/Users/shashinda adithya/AppData/Local/UnrealEngine/Common/DerivedDataCache/3/1/9/PHYSX_A08609EF508D460CBB6710540B03AACF_PHYSXPC_A0FC9D1B4C811CEE3F890C9B94DA5CC__2C6AB22973159A2B0004E83639339C743D65B391.udd" 2771
"C:/Users/shashinda adithya/AppData/Local/UnrealEngine/Common/DerivedDataCache/9/3/5/NAVCOLLISION_2983273BE5D6425391E8C0B3D1C0A55D_NAVCOLLISION_X_A0FC9D1B4C811CEE3__D33B558A9B67226DBDB11641F2DCD0E4EE4BED4D.udd" 2772
"D:/UE4t/Tutorial1/myGames/EndlessRunner/Content/Man/Textures/Cloth/T_Man_Cloth_Up_Albedo_01.uasset" 2773
"D:/UE4t/Tutorial1/myGames/EndlessRunner/Content/Man/Materials/M_Man_Cloth_Up_01.uasset" 2774
"D:/UE4t/Tutorial1/myGames/EndlessRunner/Content/Man/Mesh/Parts/SK_Man_Pullover_For_Jacket.uasset" 2775
"D:/UE4t/Tutorial1/myGames/EndlessRunner/Content/Man/Mesh/Parts/SK_Man_Pullover_PhysicsAsset.uasset" 2776
"D:/UE4t/Tutorial1/myGames/EndlessRunner/Content/Man/Mesh/Parts/SK_Man_Pullover.uasset" 2777
"D:/UE4t/Tutorial1/myGames/EndlessRunner/Content/Man/Mesh/Parts/SK_Man_Pants_PhysicsAsset.uasset" 2778
"D:/UE4t/Tutorial1/myGames/EndlessRunner/Content/Man/Mesh/Parts/SK_Man_Pants.uasset" 2779
"D:/UE4t/Tutorial1/myGames/EndlessRunner/Content/Man/Mesh/Parts/SK_Man_Jacket_PhysicsAsset.uasset" 2780
"D:/UE4t/Tutorial1/myGames/EndlessRunner/Content/Man/Mesh/Parts/SK_Man_Jacket.uasset" 2781
"D:/UE4t/Tutorial1/myGames/EndlessRunner/Content/Man/Mesh/Parts/SK_Man_Head_PhysicsAsset.uasset" 2782
"D:/UE4t/Tutorial1/myGames/EndlessRunner/Content/Man/Mesh/Parts/SK_Man_Head.uasset" 2783
"C:/Users/shashinda adithya/AppData/Local/UnrealEngine/Common/DerivedDataCache/6/6/7/SKELETALMESH_91550326BADA436B92C8BF16C910465C_6B8275881C6A3E8775D2772D56507538__D885EDD3740913AB0848D8DFE0C22FE686B9097E.udd" 2784
"D:/UE4t/Tutorial1/myGames/EndlessRunner/Content/Man/Mesh/Parts/SK_Man_Half__Body_PhysicsAsset.uasset" 2785
"D:/UE4t/Tutorial1/myGames/EndlessRunner/Content/Man/Mesh/Parts/SK_Man_Half__Body.uasset" 2786
"D:/UE4t/Tutorial1/myGames/EndlessRunner/Content/Man/Mesh/Parts/SK_Man_Feet_PhysicsAsset.uasset" 2787
"D:/UE4t/Tutorial1/myGames/EndlessRunner/Content/Man/Mesh/Parts/SK_Man_Feet.uasset" 2788
"D:/UE4t/Tutorial1/myGames/EndlessRunner/Content/Man/Mesh/Parts/SK_Man_Cloth_Face_PhysicsAsset.uasset" 2789
"D:/UE4t/Tutorial1/myGames/EndlessRunner/Content/Man/Mesh/Parts/SK_Man_Cloth_Face.uasset" 2790
"D:/UE4t/Tutorial1/myGames/EndlessRunner/Content/Man/Mesh/Parts/SK_Man_Body_For_Jacket_PhysicsAsset.uasset" 2791
"C:/Users/shashinda adithya/AppData/Local/UnrealEngine/Common/DerivedDataCache/2/8/6/SKELETALMESH_91550326BADA436B92C8BF16C910465C_9F24D49AFB1D5906CDBB576569E92FC9__9FBFBA58F006863FAC73772BD81D369FE0699C39.udd" 2792
"D:/UE4t/Tutorial1/myGames/EndlessRunner/Content/Man/Mesh/Parts/SK_Man_Body_For_Jacket.uasset" 2793
"D:/UE4t/Tutorial1/myGames/EndlessRunner/Content/Man/Mesh/Parts/SK_Man_Balaclava_PhysicsAsset.uasset" 2794
"C:/Users/shashinda adithya/AppData/Local/UnrealEngine/Common/DerivedDataCache/0/9/7/SKELETALMESH_91550326BADA436B92C8BF16C910465C_93351099895332C5EFD8D117FAB41A78__5372A9EF278EF5DE4D97CE172ECE055235FA13B7.udd" 2795
"D:/UE4t/Tutorial1/myGames/EndlessRunner/Content/Man/Mesh/Parts/SK_Man_Balaclava.uasset" 2796
"D:/UE4t/Tutorial1/myGames/EndlessRunner/Content/Man/Mesh/Parts/SK_Man_Bag_PhysicsAsset.uasset" 2797
"C:/Users/shashinda adithya/AppData/Local/UnrealEngine/Common/DerivedDataCache/4/5/7/SKELETALMESH_91550326BADA436B92C8BF16C910465C_549700AF8C4A2DF796D7A497159AE8E0__0CB4054CBACA579684CED2C44B3070AE67F1B0D6.udd" 2798
"D:/UE4t/Tutorial1/myGames/EndlessRunner/Content/Man/Mesh/Parts/SK_Man_Bag.uasset" 2799
"D:/UE4t/Tutorial1/myGames/EndlessRunner/Content/Man/Mesh/Parts/SK_Man_Arms_PhysicsAsset.uasset" 2800
"C:/Users/shashinda adithya/AppData/Local/UnrealEngine/Common/DerivedDataCache/6/5/6/SKELETALMESH_91550326BADA436B92C8BF16C910465C_168B5CC01787ACB1EBEC456FAB2AFB74__7888DCE6A2B89367CA6E9D27FC4E0DEA77AB10C6.udd" 2801
"D:/UE4t/Tutorial1/myGames/EndlessRunner/Content/Man/Mesh/Parts/SK_Man_Arms.uasset" 2802
"D:/UE4t/Tutorial1/myGames/EndlessRunner/Content/Man/Mesh/Parts/SK_Man_Legs_PhysicsAsset.uasset" 2803
"C:/Users/shashinda adithya/AppData/Local/UnrealEngine/Common/DerivedDataCache/9/4/1/SKELETALMESH_91550326BADA436B92C8BF16C910465C_67E906F5402260DE6157228FBEF7602B__94EF4E089E17612C4D77D8B578285CD3D7C7A908.udd" 2804
"D:/UE4t/Tutorial1/myGames/EndlessRunner/Content/Man/Mesh/Parts/SK_Man_Legs.uasset" 2805
"D:/UE4t/Tutorial1/myGames/EndlessRunner/Content/Man/Mesh/Full/SK_Man_Full_04_PhysicsAsset.uasset" 2806
"C:/Users/shashinda adithya/AppData/Local/UnrealEngine/Common/DerivedDataCache/8/9/6/SKELETALMESH_91550326BADA436B92C8BF16C910465C_D12FE9F217D8CB58DBFECF5493F5BC1A__F2927FDFC058B5BE0737650138E228BF4AC007CA.udd" 2807
"D:/UE4t/Tutorial1/myGames/EndlessRunner/Content/Man/Mesh/Full/SK_Man_Full_04.uasset" 2808
"D:/UE4t/Tutorial1/myGames/EndlessRunner/Content/Man/Mesh/Full/SK_Man_Full_03_PhysicsAsset.uasset" 2809
"C:/Users/shashinda adithya/AppData/Local/UnrealEngine/Common/DerivedDataCache/4/3/7/SKELETALMESH_91550326BADA436B92C8BF16C910465C_B975122B9E6B59E530B9BCCFAEE14606__F8A3490396B2D01B984C1EAA46CC3A911B78C803.udd" 2810
"D:/UE4t/Tutorial1/myGames/EndlessRunner/Content/Man/Mesh/Full/SK_Man_Full_03.uasset" 2811
"D:/UE4t/Tutorial1/myGames/EndlessRunner/Content/Man/Mesh/Full/SK_Man_Full_02_PhysicsAsset.uasset" 2812
"C:/Users/shashinda adithya/AppData/Local/UnrealEngine/Common/DerivedDataCache/2/8/8/SKELETALMESH_91550326BADA436B92C8BF16C910465C_441EA256C5727841F31CBF1E5BE4588D__597F2DC6154D9EBF5A1E99C29191CC1AC3CB9E3F.udd" 2813
"D:/UE4t/Tutorial1/myGames/EndlessRunner/Content/Man/Mesh/Full/SK_Man_Full_02.uasset" 2814
"D:/UE4t/Tutorial1/myGames/EndlessRunner/Content/Man/Maps/Demo.umap" 2815
"C:/Users/shashinda adithya/AppData/Local/UnrealEngine/Common/DerivedDataCache/7/0/8/SKELETALMESH_91550326BADA436B92C8BF16C910465C_5A56B917B9A8871E396DAD2B80F4C2EA__797DCF501883611CB0A39C15078756BEF1251ED3.udd" 2816
"D:/UE4t/Tutorial1/myGames/EndlessRunner/Content/IndustryPropsPack6/Textures/T_TrafficBarrel01_SRM.uasset" 2817
"D:/UE4t/Tutorial1/myGames/EndlessRunner/Content/IndustryPropsPack6/Textures/T_TrafficBarrel01_N.uasset" 2818
"C:/Users/shashinda adithya/AppData/Local/UnrealEngine/Common/DerivedDataCache/8/9/5/SKELETALMESH_91550326BADA436B92C8BF16C910465C_47E1483E684EC919C26510D0FCBC5A1D__6BCF8F1A1B2E434A9172B6B6479159FCF6E5E1AD.udd" 2819
"D:/UE4t/Tutorial1/myGames/EndlessRunner/Content/IndustryPropsPack6/Textures/T_TrafficBarrel01_D.uasset" 2820
"D:/UE4t/Tutorial1/myGames/EndlessRunner/Content/IndustryPropsPack6/Materials/MI_TrafficBarrel01_1.uasset" 2821
"C:/Users/shashinda adithya/AppData/Local/UnrealEngine/Common/DerivedDataCache/3/5/0/SKELETALMESH_91550326BADA436B92C8BF16C910465C_13175BD58C32908C7226AF76E7C44BFB__E281CECD159B3E816169476E09338B07AC79756D.udd" 2822
"D:/UE4t/Tutorial1/myGames/EndlessRunner/Content/IndustryPropsPack6/Textures/T_Tarp02_D.uasset" 2823
"D:/UE4t/Tutorial1/myGames/EndlessRunner/Content/IndustryPropsPack6/Textures/T_Tarp01_SRM.uasset" 2824
"C:/Users/shashinda adithya/AppData/Local/UnrealEngine/Common/DerivedDataCache/4/0/9/SKELETALMESH_91550326BADA436B92C8BF16C910465C_1CBD902BAD60013D9F04D9418ABE138D__2584DEEA61792C83CADA507468ECAE75D1E9638E.udd" 2825
"D:/UE4t/Tutorial1/myGames/EndlessRunner/Content/IndustryPropsPack6/Textures/T_Tarp01_N.uasset" 2826
"D:/UE4t/Tutorial1/myGames/EndlessRunner/Content/IndustryPropsPack6/Materials/Mi_Tarp01_2.uasset" 2827
"C:/Users/shashinda adithya/AppData/Local/UnrealEngine/Common/DerivedDataCache/7/8/6/SKELETALMESH_91550326BADA436B92C8BF16C910465C_8D06DF591C556897F2CB81269F53708E__5A835766C609AFFF7BA9595FE8F0DE6217B440FC.udd" 2828
"D:/UE4t/Tutorial1/myGames/EndlessRunner/Content/IndustryPropsPack6/Textures/T_Rack_SRM.uasset" 2829
"D:/UE4t/Tutorial1/myGames/EndlessRunner/Content/IndustryPropsPack6/Textures/T_Rack_N.uasset" 2830
"C:/Users/shashinda adithya/AppData/Local/UnrealEngine/Common/DerivedDataCache/8/7/7/SKELETALMESH_91550326BADA436B92C8BF16C910465C_291C2B9319CE079B3FBA4AEFA76916C1__90657B8E0F18DE1DA254327538C2998AEB5AD8F0.udd" 2831
"D:/UE4t/Tutorial1/myGames/EndlessRunner/Content/IndustryPropsPack6/Textures/T_Rack_D.uasset" 2832
"D:/UE4t/Tutorial1/myGames/EndlessRunner/Content/IndustryPropsPack6/Materials/MI_Rack01_1.uasset" 2833
"C:/Users/shashinda adithya/AppData/Local/UnrealEngine/Common/DerivedDataCache/5/4/6/SKELETALMESH_91550326BADA436B92C8BF16C910465C_E00CF3851B7C850C48FAF42BC072F0C9__99964652A0617AAFB37526A0C032F4CD35D23B6B.udd" 2834
"D:/UE4t/Tutorial1/myGames/EndlessRunner/Content/IndustryPropsPack6/Textures/T_Newspaper01_SRM.uasset" 2835
"D:/UE4t/Tutorial1/myGames/EndlessRunner/Content/IndustryPropsPack6/Textures/T_Newspaper01_N.uasset" 2836
"C:/Users/shashinda adithya/AppData/Local/UnrealEngine/Common/DerivedDataCache/8/1/4/SKELETALMESH_91550326BADA436B92C8BF16C910465C_C7EADF125C3A38CB18E7D53C0A0772AC__B001DA7221177B406AF0AF154D336CC4DE2F4BC0.udd" 2837
"D:/UE4t/Tutorial1/myGames/EndlessRunner/Content/IndustryPropsPack6/Textures/T_Newspaper01_D.uasset" 2838
"D:/UE4t/Tutorial1/myGames/EndlessRunner/Content/IndustryPropsPack6/Materials/MI_Newspaper01_1.uasset" 2839
"D:/UE4t/Tutorial1/myGames/EndlessRunner/Content/IndustryPropsPack6/Textures/T_Hose_SRM.uasset" 2840
"D:/UE4t/Tutorial1/myGames/EndlessRunner/Content/IndustryPropsPack6/Textures/T_Hose_N.uasset" 2841
"D:/UE4t/Tutorial1/myGames/EndlessRunner/Content/IndustryPropsPack6/Textures/T_Hose_D.uasset" 2842
"C:/Users/shashinda adithya/AppData/Local/UnrealEngine/Common/DerivedDataCache/5/0/7/MATSM_0BA69734E4FD45E082FA4560DBE25454_PCD3D_SM5_8__BC5N_NOCCBN_NOIRIS_DEV_SL___D6E30BAFD688CCD955666A34B0A4BE1F6DA7073D.udd" 2843
"D:/UE4t/Tutorial1/myGames/EndlessRunner/Content/IndustryPropsPack6/Materials/MI_Hose01_2.uasset" 2844
"D:/UE4t/Tutorial1/myGames/EndlessRunner/Content/IndustryPropsPack6/Textures/T_Cartonbox01_SRM.uasset" 2845
"D:/UE4t/Tutorial1/myGames/EndlessRunner/Content/IndustryPropsPack6/Textures/T_Cartonbox01_N.uasset" 2846
"D:/UE4t/Tutorial1/myGames/EndlessRunner/Content/IndustryPropsPack6/Textures/T_Cartonbox01_D.uasset" 2847
"C:/Users/shashinda adithya/AppData/Local/UnrealEngine/Common/DerivedDataCache/4/0/6/MATSM_0BA69734E4FD45E082FA4560DBE25454_PCD3D_SM5_8__BC5N_NOCCBN_NOIRIS_DEV_SL___40C1A86020553E1F9025D555026E9858E9679CCD.udd" 2848
"D:/UE4t/Tutorial1/myGames/EndlessRunner/Content/IndustryPropsPack6/Materials/MI_Cartonbox01_2.uasset" 2849
"D:/UE4t/Tutorial1/myGames/EndlessRunner/Content/IndustryPropsPack6/Materials/MI_Cartonbox01_1.uasset" 2850
"D:/UE4t/Tutorial1/myGames/EndlessRunner/Content/IndustryPropsPack6/Textures/T_Box01_SRM.uasset" 2851
"D:/UE4t/Tutorial1/myGames/EndlessRunner/Content/IndustryPropsPack6/Textures/T_Box01_N.uasset" 2852
"C:/Users/shashinda adithya/AppData/Local/UnrealEngine/Common/DerivedDataCache/3/7/0/MATSM_0BA69734E4FD45E082FA4560DBE25454_PCD3D_SM5_8__BC5N_NOCCBN_NOIRIS_DEV_SL___2682E36E2C06ADFAC8893217E80EC600E905FCEE.udd" 2853
"D:/UE4t/Tutorial1/myGames/EndlessRunner/Content/IndustryPropsPack6/Textures/T_Box01_D.uasset" 2854
"D:/UE4t/Tutorial1/myGames/EndlessRunner/Content/IndustryPropsPack6/Materials/MI_Box01_4.uasset" 2855
"D:/UE4t/Tutorial1/myGames/EndlessRunner/Content/IndustryPropsPack6/Materials/MI_Box01_3.uasset" 2856
"D:/UE4t/Tutorial1/myGames/EndlessRunner/Content/IndustryPropsPack6/Materials/MI_Box01_1.uasset" 2857
"C:/Users/shashinda adithya/AppData/Local/UnrealEngine/Common/DerivedDataCache/7/7/7/MATSM_0BA69734E4FD45E082FA4560DBE25454_PCD3D_SM5_8__BC5N_NOCCBN_NOIRIS_DEV_SL___B1711C6E8E4478A19CDEB0DA7C5B2F1C433795CE.udd" 2858
"D:/UE4t/Tutorial1/myGames/EndlessRunner/Content/IndustryPropsPack6/Materials/MI_Barrel01_6.uasset" 2859
"D:/UE4t/Tutorial1/myGames/EndlessRunner/Content/IndustryPropsPack6/Materials/MI_Barrel01_5.uasset" 2860
"D:/UE4t/Tutorial1/myGames/EndlessRunner/Content/IndustryPropsPack6/Materials/MI_Barrel01_4.uasset" 2861
"D:/UE4t/Tutorial1/myGames/EndlessRunner/Content/IndustryPropsPack6/Materials/MI_Barrel01_3.uasset" 2862
"C:/Users/shashinda adithya/AppData/Local/UnrealEngine/Common/DerivedDataCache/9/4/9/MATSM_0BA69734E4FD45E082FA4560DBE25454_PCD3D_SM5_8__BC5N_NOCCBN_NOIRIS_DEV_SL___38551D9BE5FB2A86AC87401BDDD135457F699D86.udd" 2863
"D:/UE4t/Tutorial1/myGames/EndlessRunner/Content/IndustryPropsPack6/Materials/MI_Barrel01_2.uasset" 2864
"D:/UE4t/Tutorial1/myGames/EndlessRunner/Content/IndustryPropsPack6/Textures/T_WaterTank01_SRM.uasset" 2865
"D:/UE4t/Tutorial1/myGames/EndlessRunner/Content/IndustryPropsPack6/Textures/T_WaterTank01_N.uasset" 2866
"D:/UE4t/Tutorial1/myGames/EndlessRunner/Content/IndustryPropsPack6/Textures/T_WaterTank01_D.uasset" 2867
"C:/Users/shashinda adithya/AppData/Local/UnrealEngine/Common/DerivedDataCache/9/2/1/MATSM_0BA69734E4FD45E082FA4560DBE25454_PCD3D_SM5_8__BC5N_NOCCBN_NOIRIS_DEV_SL___C0C1E63003C3274DA557610C9EF5931A35233C44.udd" 2868
"D:/UE4t/Tutorial1/myGames/EndlessRunner/Content/IndustryPropsPack6/Materials/MI_WaterTank01.uasset" 2869
"C:/Users/shashinda adithya/AppData/Local/UnrealEngine/Common/DerivedDataCache/1/2/6/MATSM_0BA69734E4FD45E082FA4560DBE25454_PCD3D_SM5_8__BC5N_NOCCBN_NOIRIS_DEV_SL___B9DEFF8FB44BD4BA493846BEE7DCBBD4A34AC25B.udd" 2870
"D:/UE4t/Tutorial1/myGames/EndlessRunner/Content/IndustryPropsPack6/Meshes/SM_WaterTank01.uasset" 2871
"D:/UE4t/Tutorial1/myGames/EndlessRunner/Content/IndustryPropsPack6/Meshes/SM_TrafficBarrel01.uasset" 2872
"D:/UE4t/Tutorial1/myGames/EndlessRunner/Content/IndustryPropsPack6/Textures/T_Tarp01_D.uasset" 2873
"D:/UE4t/Tutorial1/myGames/EndlessRunner/Content/IndustryPropsPack6/Materials/MI_Tarp01_1.uasset" 2874
"C:/Users/shashinda adithya/AppData/Local/UnrealEngine/Common/DerivedDataCache/6/3/5/MATSM_0BA69734E4FD45E082FA4560DBE25454_PCD3D_SM5_8__BC5N_NOCCBN_NOIRIS_DEV_SL___99524247F661D8FF91D16255D87EC52CE0A90485.udd" 2875
"D:/UE4t/Tutorial1/myGames/EndlessRunner/Content/IndustryPropsPack6/Meshes/SM_Tarp02.uasset" 2876
"C:/Users/shashinda adithya/AppData/Local/UnrealEngine/Common/DerivedDataCache/6/2/2/MATSM_0BA69734E4FD45E082FA4560DBE25454_PCD3D_SM5_8__BC5N_NOCCBN_NOIRIS_DEV_SL___1F563B3C6D2B6F82ACC8758437B86136F0B63880.udd" 2877
"D:/UE4t/Tutorial1/myGames/EndlessRunner/Content/IndustryPropsPack6/Meshes/SM_Tarp01.uasset" 2878
"D:/UE4t/Tutorial1/myGames/EndlessRunner/Content/IndustryPropsPack6/Meshes/SM_Rack02.uasset" 2879
"C:/Users/shashinda adithya/AppData/Local/UnrealEngine/Common/DerivedDataCache/2/5/1/MATSM_0BA69734E4FD45E082FA4560DBE25454_PCD3D_SM5_8__BC5N_NOCCBN_NOIRIS_DEV_SL___DE35BF9D3CAA6FD5047398E2DA47072DA75631E6.udd" 2880
"D:/UE4t/Tutorial1/myGames/EndlessRunner/Content/IndustryPropsPack6/Meshes/SM_Rack01.uasset" 2881
"C:/Users/shashinda adithya/AppData/Local/UnrealEngine/Common/DerivedDataCache/2/3/8/MATSM_0BA69734E4FD45E082FA4560DBE25454_PCD3D_SM5_8__BC5N_NOCCBN_NOIRIS_DEV_SL___F57149BCCC0C7D77FC5C682CC13574140310EB85.udd" 2882
"D:/UE4t/Tutorial1/myGames/EndlessRunner/Content/IndustryPropsPack6/Materials/MI_Box01_2.uasset" 2883
"D:/UE4t/Tutorial1/myGames/EndlessRunner/Content/IndustryPropsPack6/Meshes/SM_Pallet01.uasset" 2884
"C:/Users/shashinda adithya/AppData/Local/UnrealEngine/Common/DerivedDataCache/7/4/8/MATSM_0BA69734E4FD45E082FA4560DBE25454_PCD3D_SM5_8__BC5N_NOCCBN_NOIRIS_DEV_SL___0BB55FCA8F920E523154A0AD993452CD244E510E.udd" 2885
"D:/UE4t/Tutorial1/myGames/EndlessRunner/Content/IndustryPropsPack6/Meshes/SM_Newspaper03.uasset" 2886
"D:/UE4t/Tutorial1/myGames/EndlessRunner/Content/IndustryPropsPack6/Meshes/SM_Newspaper02.uasset" 2887
"D:/UE4t/Tutorial1/myGames/EndlessRunner/Content/IndustryPropsPack6/Meshes/SM_Newspaper01.uasset" 2888
"D:/UE4t/Tutorial1/myGames/EndlessRunner/Content/IndustryPropsPack6/Materials/MI_Hose01_1.uasset" 2889
"D:/UE4t/Tutorial1/myGames/EndlessRunner/Content/IndustryPropsPack6/Meshes/SM_Hose01.uasset" 2890
"C:/Users/shashinda adithya/AppData/Local/UnrealEngine/Common/DerivedDataCache/3/0/4/MATSM_0BA69734E4FD45E082FA4560DBE25454_PCD3D_SM5_8__BC5N_NOCCBN_NOIRIS_DEV_SL___88306DEE81C4B723AAB6AE5A3853269F31B2D4AD.udd" 2891
"D:/UE4t/Tutorial1/myGames/EndlessRunner/Content/IndustryPropsPack6/Meshes/SM_CartonGarbage09.uasset" 2892
"C:/Users/shashinda adithya/AppData/Local/UnrealEngine/Common/DerivedDataCache/4/7/0/STATICMESH_9CE2B6FB46754B699726C4AA1515F12E_228332BAE0224DD294E232B87D83948FQU__402BE131D9EE7B18DE083968BCA75B9DAC0E7B7E.udd" 2893
"C:/Users/shashinda adithya/AppData/Local/UnrealEngine/Common/DerivedDataCache/8/3/6/PHYSX_A08609EF508D460CBB6710540B03AACF_PHYSXPC_B22B3A194A0729E537AB31900D6ACB9__CF151CC8662035FB8D22FA6C7CAC3D669799C5D2.udd" 2894
"C:/Users/shashinda adithya/AppData/Local/UnrealEngine/Common/DerivedDataCache/5/2/4/NAVCOLLISION_2983273BE5D6425391E8C0B3D1C0A55D_NAVCOLLISION_X_B22B3A194A0729E53__3D09554F2D658DB9526916936C52EBE61269CD9C.udd" 2895
"D:/UE4t/Tutorial1/myGames/EndlessRunner/Content/IndustryPropsPack6/Meshes/SM_CartonGarbage07.uasset" 2896
"C:/Users/shashinda adithya/AppData/Local/UnrealEngine/Common/DerivedDataCache/1/2/7/STATICMESH_9CE2B6FB46754B699726C4AA1515F12E_228332BAE0224DD294E232B87D83948FQU__C99C3D7F62A7ABDD7D8D8D66B624C3F465381157.udd" 2897
"C:/Users/shashinda adithya/AppData/Local/UnrealEngine/Common/DerivedDataCache/6/6/3/PHYSX_A08609EF508D460CBB6710540B03AACF_PHYSXPC_B93E32834ACC7B23FE964FA1E9EAB8B__114FEE951F7C1ACBE462735D3D41B36F1539EC32.udd" 2898
"C:/Users/shashinda adithya/AppData/Local/UnrealEngine/Common/DerivedDataCache/3/0/3/NAVCOLLISION_2983273BE5D6425391E8C0B3D1C0A55D_NAVCOLLISION_X_B93E32834ACC7B23F__E968FD03F04CAB178D5EA8B1015139E6447089E4.udd" 2899
"D:/UE4t/Tutorial1/myGames/EndlessRunner/Content/IndustryPropsPack6/Meshes/SM_CartonGarbage06.uasset" 2900
"D:/UE4t/Tutorial1/myGames/EndlessRunner/Content/IndustryPropsPack6/Meshes/SM_CartonGarbage05.uasset" 2901
"D:/UE4t/Tutorial1/myGames/EndlessRunner/Content/IndustryPropsPack6/Meshes/SM_CartonGarbage04.uasset" 2902
"C:/Users/shashinda adithya/AppData/Local/UnrealEngine/Common/DerivedDataCache/7/8/3/STATICMESH_9CE2B6FB46754B699726C4AA1515F12E_228332BAE0224DD294E232B87D83948FQU__7A8F9C659445B42F6A7876E189FA04318576B686.udd" 2903
"C:/Users/shashinda adithya/AppData/Local/UnrealEngine/Common/DerivedDataCache/6/8/7/PHYSX_A08609EF508D460CBB6710540B03AACF_PHYSXPC_0446FEDD448739747C6D7E855BF0B21__37BAAE9F90806A438DD230D0FC91FD181A4D7779.udd" 2904
"C:/Users/shashinda adithya/AppData/Local/UnrealEngine/Common/DerivedDataCache/3/7/3/NAVCOLLISION_2983273BE5D6425391E8C0B3D1C0A55D_NAVCOLLISION_X_0446FEDD448739747__A88E14A2880BDF761349CA5A598C09AD42216979.udd" 2905
"D:/UE4t/Tutorial1/myGames/EndlessRunner/Content/IndustryPropsPack6/Meshes/SM_CartonGarbage03.uasset" 2906
"C:/Users/shashinda adithya/AppData/Local/UnrealEngine/Common/DerivedDataCache/4/4/7/STATICMESH_9CE2B6FB46754B699726C4AA1515F12E_228332BAE0224DD294E232B87D83948FQU__F8634922755B208DC084A2A070E0131F5F5E5CB5.udd" 2907
"C:/Users/shashinda adithya/AppData/Local/UnrealEngine/Common/DerivedDataCache/8/5/9/PHYSX_A08609EF508D460CBB6710540B03AACF_PHYSXPC_ED20C45743226BE83DA0D691214A5B7__EF40C6BF7ED41932C1B3F7754B94B875F9174575.udd" 2908
"C:/Users/shashinda adithya/AppData/Local/UnrealEngine/Common/DerivedDataCache/5/3/1/NAVCOLLISION_2983273BE5D6425391E8C0B3D1C0A55D_NAVCOLLISION_X_ED20C45743226BE83__A527247BCA93D75335F8F7472C2570E2F417ADCA.udd" 2909
"D:/UE4t/Tutorial1/myGames/EndlessRunner/Content/IndustryPropsPack6/Meshes/SM_CartonGarbage02.uasset" 2910
"C:/Users/shashinda adithya/AppData/Local/UnrealEngine/Common/DerivedDataCache/6/1/7/STATICMESH_9CE2B6FB46754B699726C4AA1515F12E_228332BAE0224DD294E232B87D83948FQU__E0FA84EA191D48DB12C7820B981256503D56181B.udd" 2911
"C:/Users/shashinda adithya/AppData/Local/UnrealEngine/Common/DerivedDataCache/7/3/2/PHYSX_A08609EF508D460CBB6710540B03AACF_PHYSXPC_E807E8A44C03715CEFB51C8B50E57E8__AA444498F1320E9D4888FCF1C2AC3DC6794164DC.udd" 2912
"C:/Users/shashinda adithya/AppData/Local/UnrealEngine/Common/DerivedDataCache/7/9/9/NAVCOLLISION_2983273BE5D6425391E8C0B3D1C0A55D_NAVCOLLISION_X_E807E8A44C03715CE__1B77BD96DCC0C4C923D53D651F670AF91323A3E9.udd" 2913
"D:/UE4t/Tutorial1/myGames/EndlessRunner/Content/IndustryPropsPack6/Meshes/SM_CartonGarbage01.uasset" 2914
"C:/Users/shashinda adithya/AppData/Local/UnrealEngine/Common/DerivedDataCache/2/2/9/STATICMESH_9CE2B6FB46754B699726C4AA1515F12E_228332BAE0224DD294E232B87D83948FQU__AB40C0FFB65D2E76FC59B00C8C0F83033F0909DB.udd" 2915
"C:/Users/shashinda adithya/AppData/Local/UnrealEngine/Common/DerivedDataCache/7/8/8/PHYSX_A08609EF508D460CBB6710540B03AACF_PHYSXPC_DF6EDA954BB1AADAB8AC42925FBF685__90560E2AE7F12E93E35EA94407A46818E54FA098.udd" 2916
"C:/Users/shashinda adithya/AppData/Local/UnrealEngine/Common/DerivedDataCache/0/5/4/NAVCOLLISION_2983273BE5D6425391E8C0B3D1C0A55D_NAVCOLLISION_X_DF6EDA954BB1AADAB__6613F80993B7E2ADBA6A212393E384AA82AE4F34.udd" 2917
"D:/UE4t/Tutorial1/myGames/EndlessRunner/Content/IndustryPropsPack6/Meshes/SM_CartonBox03.uasset" 2918
"D:/UE4t/Tutorial1/myGames/EndlessRunner/Content/IndustryPropsPack6/Meshes/SM_CartonBox02.uasset" 2919
"C:/Users/shashinda adithya/AppData/Local/UnrealEngine/Common/DerivedDataCache/0/9/5/STATICMESH_9CE2B6FB46754B699726C4AA1515F12E_228332BAE0224DD294E232B87D83948FQU__36EC3EF99B62FED23F928617E7253A9A68003126.udd" 2920
"C:/Users/shashinda adithya/AppData/Local/UnrealEngine/Common/DerivedDataCache/7/0/8/PHYSX_A08609EF508D460CBB6710540B03AACF_PHYSXPC_CA217BA148F15141FCCB66B40AE624A__B98271E3DA4497040657777FDE368F11D51B8C33.udd" 2921
"C:/Users/shashinda adithya/AppData/Local/UnrealEngine/Common/DerivedDataCache/2/6/5/NAVCOLLISION_2983273BE5D6425391E8C0B3D1C0A55D_NAVCOLLISION_X_CA217BA148F15141F__0E9D4C8A271528888385D92D498717F8D0592A35.udd" 2922
"D:/UE4t/Tutorial1/myGames/EndlessRunner/Content/IndustryPropsPack6/Meshes/SM_CartonBox01.uasset" 2923
"C:/Users/shashinda adithya/AppData/Local/UnrealEngine/Common/DerivedDataCache/9/6/0/STATICMESH_9CE2B6FB46754B699726C4AA1515F12E_228332BAE0224DD294E232B87D83948FQU__927457DF4D0AE6B013EDAB25CAD1777B978B4E81.udd" 2924
"C:/Users/shashinda adithya/AppData/Local/UnrealEngine/Common/DerivedDataCache/3/1/8/PHYSX_A08609EF508D460CBB6710540B03AACF_PHYSXPC_AE68D35C41BC934B2F6A6DA8F802AC8__C1CB15ABE884D2A30AF82E5E0433629954F66D15.udd" 2925
"C:/Users/shashinda adithya/AppData/Local/UnrealEngine/Common/DerivedDataCache/9/9/6/NAVCOLLISION_2983273BE5D6425391E8C0B3D1C0A55D_NAVCOLLISION_X_AE68D35C41BC934B2__CE5DF726C4CB44078C25D33FC9E8E7AAF278B1E7.udd" 2926
"D:/UE4t/Tutorial1/myGames/EndlessRunner/Content/IndustryPropsPack6/Meshes/SM_Box03.uasset" 2927
"C:/Users/shashinda adithya/AppData/Local/UnrealEngine/Common/DerivedDataCache/7/8/8/STATICMESH_9CE2B6FB46754B699726C4AA1515F12E_228332BAE0224DD294E232B87D83948FQU__A14F5349584031318A7DF76C97187EB97D3A95D8.udd" 2928
"C:/Users/shashinda adithya/AppData/Local/UnrealEngine/Common/DerivedDataCache/1/6/5/PHYSX_A08609EF508D460CBB6710540B03AACF_PHYSXPC_D250EE96415843F0D6D573AD44FDA23__50AC686E3350EB3BCC3EAD7980AE5BDC0004AE6D.udd" 2929
"C:/Users/shashinda adithya/AppData/Local/UnrealEngine/Common/DerivedDataCache/6/6/9/NAVCOLLISION_2983273BE5D6425391E8C0B3D1C0A55D_NAVCOLLISION_X_D250EE96415843F0D__9B30951E9DBBB8BDB9B61C0FDF61FBA70D3EB7C7.udd" 2930
"D:/UE4t/Tutorial1/myGames/EndlessRunner/Content/IndustryPropsPack6/Meshes/SM_Box02.uasset" 2931
"C:/Users/shashinda adithya/AppData/Local/UnrealEngine/Common/DerivedDataCache/7/3/3/STATICMESH_9CE2B6FB46754B699726C4AA1515F12E_228332BAE0224DD294E232B87D83948FQU__956D6588CED9B3D1E1EA53825B39BA32F3E7F463.udd" 2932
"C:/Users/shashinda adithya/AppData/Local/UnrealEngine/Common/DerivedDataCache/5/7/6/PHYSX_A08609EF508D460CBB6710540B03AACF_PHYSXPC_642B0A354F56157D2A4AADAF73A8457__9442CB692B34B3E49D28F9EB780DC62FB73062FF.udd" 2933
"C:/Users/shashinda adithya/AppData/Local/UnrealEngine/Common/DerivedDataCache/4/3/5/NAVCOLLISION_2983273BE5D6425391E8C0B3D1C0A55D_NAVCOLLISION_X_642B0A354F56157D2__C0B4035E3C4C15476FE8A514761B20600BF2508B.udd" 2934
"D:/UE4t/Tutorial1/myGames/EndlessRunner/Content/IndustryPropsPack6/Meshes/SM_Box01.uasset" 2935
"D:/UE4t/Tutorial1/myGames/EndlessRunner/Content/IndustryPropsPack6/Meshes/SM_Barrel04.uasset" 2936
"C:/Users/shashinda adithya/AppData/Local/UnrealEngine/Common/DerivedDataCache/4/4/4/STATICMESH_9CE2B6FB46754B699726C4AA1515F12E_228332BAE0224DD294E232B87D83948FQU__7BB3B325458C78619C435D17B32F171939686C4B.udd" 2937
"C:/Users/shashinda adithya/AppData/Local/UnrealEngine/Common/DerivedDataCache/2/7/9/PHYSX_A08609EF508D460CBB6710540B03AACF_PHYSXPC_BEC6183D4E0BE34764488680C60B0C4__E04FD2E6DBC25FC4E1785E968EC1FA01B2DC30DA.udd" 2938
"C:/Users/shashinda adithya/AppData/Local/UnrealEngine/Common/DerivedDataCache/7/5/7/NAVCOLLISION_2983273BE5D6425391E8C0B3D1C0A55D_NAVCOLLISION_X_BEC6183D4E0BE3476__B1E23D68C32F8F3B8C36AAB0EDDF672BD9B973D1.udd" 2939
"D:/UE4t/Tutorial1/myGames/EndlessRunner/Content/IndustryPropsPack6/Meshes/SM_Barrel03.uasset" 2940
"C:/Users/shashinda adithya/AppData/Local/UnrealEngine/Common/DerivedDataCache/5/8/3/STATICMESH_9CE2B6FB46754B699726C4AA1515F12E_228332BAE0224DD294E232B87D83948FQU__31253ADD652C9C0372F065A4A16F0D0C96AC2E92.udd" 2941
"C:/Users/shashinda adithya/AppData/Local/UnrealEngine/Common/DerivedDataCache/9/9/5/PHYSX_A08609EF508D460CBB6710540B03AACF_PHYSXPC_02406F13452FA5001B4653B94566F79__FBF7163C3B08D647D61246B8A95836F3B8C35939.udd" 2942
"C:/Users/shashinda adithya/AppData/Local/UnrealEngine/Common/DerivedDataCache/3/2/3/NAVCOLLISION_2983273BE5D6425391E8C0B3D1C0A55D_NAVCOLLISION_X_02406F13452FA5001__FE536892F607CDCE9D3D52678A0ED31992F502FE.udd" 2943
"D:/UE4t/Tutorial1/myGames/EndlessRunner/Content/IndustryPropsPack6/Meshes/SM_Barrel02.uasset" 2944
"C:/Users/shashinda adithya/AppData/Local/UnrealEngine/Common/DerivedDataCache/0/2/1/STATICMESH_9CE2B6FB46754B699726C4AA1515F12E_228332BAE0224DD294E232B87D83948FQU__496B93BF7592C4E969D0909B08FCA108DABAFDD0.udd" 2945
"C:/Users/shashinda adithya/AppData/Local/UnrealEngine/Common/DerivedDataCache/4/7/3/PHYSX_A08609EF508D460CBB6710540B03AACF_PHYSXPC_0DBA17404C1E99C93BCD7AAC68D9BF6__EC1746A977DA9D238223DD705767AA28DF4FFB32.udd" 2946
"C:/Users/shashinda adithya/AppData/Local/UnrealEngine/Common/DerivedDataCache/9/8/4/NAVCOLLISION_2983273BE5D6425391E8C0B3D1C0A55D_NAVCOLLISION_X_0DBA17404C1E99C93__AC4238A0B9C9C8E281581BA137233C80D045FC3A.udd" 2947
"D:/UE4t/Tutorial1/myGames/EndlessRunner/Content/IndustryPropsPack6/Meshes/SM_CartonGarbage08.uasset" 2948
"C:/Users/shashinda adithya/AppData/Local/UnrealEngine/Common/DerivedDataCache/8/7/3/STATICMESH_9CE2B6FB46754B699726C4AA1515F12E_228332BAE0224DD294E232B87D83948FQU__FC30F8914FD65DA495FA09717A9EAA5296558D34.udd" 2949
"C:/Users/shashinda adithya/AppData/Local/UnrealEngine/Common/DerivedDataCache/3/0/8/PHYSX_A08609EF508D460CBB6710540B03AACF_PHYSXPC_6729AFB74D87DAD444A9779C3A8662A__9E0BD8A0340D33C507801C9E5EF46CFDC651B4E7.udd" 2950
"C:/Users/shashinda adithya/AppData/Local/UnrealEngine/Common/DerivedDataCache/1/7/8/NAVCOLLISION_2983273BE5D6425391E8C0B3D1C0A55D_NAVCOLLISION_X_6729AFB74D87DAD44__AEB303F0E733EC2464468515AF9EC56CFE64649C.udd" 2951
"C:/Users/shashinda adithya/AppData/Local/UnrealEngine/Common/DerivedDataCache/5/7/2/STATICMESH_9CE2B6FB46754B699726C4AA1515F12E_228332BAE0224DD294E232B87D83948FQU__69B66CD16470751B6B8FBF23C163082502C4823F.udd" 2952
"D:/UE4t/Tutorial1/myGames/EndlessRunner/Content/IndustryPropsPack6/Materials/MI_Gray.uasset" 2953
"C:/Users/shashinda adithya/AppData/Local/UnrealEngine/Common/DerivedDataCache/8/7/6/PHYSX_A08609EF508D460CBB6710540B03AACF_PHYSXPC_5FC320BE4003A357A611FBB02884AA9__FEA31722200B04E47B133548DC5477B536D12F42.udd" 2954
"C:/Users/shashinda adithya/AppData/Local/UnrealEngine/Common/DerivedDataCache/3/3/9/NAVCOLLISION_2983273BE5D6425391E8C0B3D1C0A55D_NAVCOLLISION_X_5FC320BE4003A357A__D836095B988833488C0D68852A7E390003FEC98C.udd" 2955
"D:/UE4t/Tutorial1/myGames/EndlessRunner/Content/IndustryPropsPack6/Maps/Showcase.umap" 2956
"C:/Users/shashinda adithya/AppData/Local/UnrealEngine/Common/DerivedDataCache/0/0/0/STATICMESH_9CE2B6FB46754B699726C4AA1515F12E_228332BAE0224DD294E232B87D83948FQU__66C110B38085EA6498DEE8A1697A9C18A75F3891.udd" 2957
"C:/Users/shashinda adithya/AppData/Local/UnrealEngine/Common/DerivedDataCache/9/3/6/PHYSX_A08609EF508D460CBB6710540B03AACF_PHYSXPC_52FCCDE9430435B4873344A88EB278B__E9C14F56A2B9B32F223C2C09DD54E9B953BCDB14.udd" 2958
"C:/Users/shashinda adithya/AppData/Local/UnrealEngine/Common/DerivedDataCache/2/3/8/NAVCOLLISION_2983273BE5D6425391E8C0B3D1C0A55D_NAVCOLLISION_X_52FCCDE9430435B48__DD69B9AC0853A9004C3653BA16451F57E96D2143.udd" 2959
"D:/UE4t/Tutorial1/myGames/EndlessRunner/Content/IndustryPropsPack6/Maps/Overview.umap" 2960
"C:/Users/shashinda adithya/AppData/Local/UnrealEngine/Common/DerivedDataCache/7/0/6/STATICMESH_9CE2B6FB46754B699726C4AA1515F12E_228332BAE0224DD294E232B87D83948FQU__81AF0EDF218148E3CF8E15C64D5440B68DB1B4CD.udd" 2961
"C:/Users/shashinda adithya/AppData/Local/UnrealEngine/Common/DerivedDataCache/8/6/2/PHYSX_A08609EF508D460CBB6710540B03AACF_PHYSXPC_56E1FC0745F8F49CC33A12AD34224B1__E8681E1060BEC5340A4DDFA39E61AF326F9CA3B2.udd" 2962
"C:/Users/shashinda adithya/AppData/Local/UnrealEngine/Common/DerivedDataCache/8/2/8/NAVCOLLISION_2983273BE5D6425391E8C0B3D1C0A55D_NAVCOLLISION_X_56E1FC0745F8F49CC__A93451B134AE80AE6479E0090F93961DEBD87D47.udd" 2963
"D:/UE4t/Tutorial1/myGames/EndlessRunner/Content/FXVarietyPack/Textures/T_ky_shockwave12_4x4.uasset" 2964
"C:/Users/shashinda adithya/AppData/Local/UnrealEngine/Common/DerivedDataCache/7/6/5/STATICMESH_9CE2B6FB46754B699726C4AA1515F12E_228332BAE0224DD294E232B87D83948FQU__1A61CDCB0C122A3833177AA8A7493F1103EDF5C1.udd" 2965
"C:/Users/shashinda adithya/AppData/Local/UnrealEngine/Common/DerivedDataCache/6/2/3/PHYSX_A08609EF508D460CBB6710540B03AACF_PHYSXPC_F696B4B8429633E76CD12ABFD4CD464__43B3B65615995988E760AAA7F0ABBD13CF31D46F.udd" 2966
"C:/Users/shashinda adithya/AppData/Local/UnrealEngine/Common/DerivedDataCache/0/1/5/NAVCOLLISION_2983273BE5D6425391E8C0B3D1C0A55D_NAVCOLLISION_X_F696B4B8429633E76__BA8F418CADFE53CCD886E57A978D0DEE454A7195.udd" 2967
"D:/UE4t/Tutorial1/myGames/EndlessRunner/Content/FXVarietyPack/Textures/T_ky_bg.uasset" 2968
"C:/Users/shashinda adithya/AppData/Local/UnrealEngine/Common/DerivedDataCache/6/8/0/STATICMESH_9CE2B6FB46754B699726C4AA1515F12E_228332BAE0224DD294E232B87D83948FQU__1F53B1B5E8977A1DF427A208C4F81F04A0FB42FA.udd" 2969
"C:/Users/shashinda adithya/AppData/Local/UnrealEngine/Common/DerivedDataCache/4/5/1/PHYSX_A08609EF508D460CBB6710540B03AACF_PHYSXPC_1D18118C4245D4079AF1B9A777A0901__1441F084E8CF5AB3EFA8B82DB174E46D50A524DB.udd" 2970
"C:/Users/shashinda adithya/AppData/Local/UnrealEngine/Common/DerivedDataCache/4/9/3/NAVCOLLISION_2983273BE5D6425391E8C0B3D1C0A55D_NAVCOLLISION_X_1D18118C4245D4079__5F31DD2791EAF1BA96A8BBB58561961AC9CBD0D8.udd" 2971
"D:/UE4t/Tutorial1/myGames/EndlessRunner/Content/FXVarietyPack/Materials/M_ky_subUV01.uasset" 2972
"C:/Users/shashinda adithya/AppData/Local/UnrealEngine/Common/DerivedDataCache/9/7/6/STATICMESH_9CE2B6FB46754B699726C4AA1515F12E_228332BAE0224DD294E232B87D83948FQU__DA53561CE9795C43FF46621653FD6B367614E61F.udd" 2973
"C:/Users/shashinda adithya/AppData/Local/UnrealEngine/Common/DerivedDataCache/1/7/0/PHYSX_A08609EF508D460CBB6710540B03AACF_PHYSXPC_7010E25D45BCEB7E7A36A8AA158966F__F000342C2011105A1D6E5AA2921A4B9360E94690.udd" 2974
"C:/Users/shashinda adithya/AppData/Local/UnrealEngine/Common/DerivedDataCache/8/3/9/NAVCOLLISION_2983273BE5D6425391E8C0B3D1C0A55D_NAVCOLLISION_X_7010E25D45BCEB7E7__64A449A735423853B3207EA9B75DB853E86CD38D.udd" 2975
"D:/UE4t/Tutorial1/myGames/EndlessRunner/Content/FXVarietyPack/Materials/MI_ky_shockwave12_4x4.uasset" 2976
"C:/Users/shashinda adithya/AppData/Local/UnrealEngine/Common/DerivedDataCache/7/3/7/STATICMESH_9CE2B6FB46754B699726C4AA1515F12E_228332BAE0224DD294E232B87D83948FQU__E6BF7E22E96718CC230600E88BDB53B4981E2D7A.udd" 2977
"C:/Users/shashinda adithya/AppData/Local/UnrealEngine/Common/DerivedDataCache/8/5/1/PHYSX_A08609EF508D460CBB6710540B03AACF_PHYSXPC_C5A35E774E90593E0EEBD1B28884727__6DAECE7B06B6FEBC6EE29EEA041D7EA8B1B6FC6B.udd" 2978
"C:/Users/shashinda adithya/AppData/Local/UnrealEngine/Common/DerivedDataCache/6/4/2/NAVCOLLISION_2983273BE5D6425391E8C0B3D1C0A55D_NAVCOLLISION_X_C5A35E774E90593E0__370BE7B4487D2A0D4A1F2F453843CA43863B25F3.udd" 2979
"D:/UE4t/Tutorial1/myGames/EndlessRunner/Content/FXVarietyPack/Textures/T_ky_decoLinesB.uasset" 2980
"C:/Users/shashinda adithya/AppData/Local/UnrealEngine/Common/DerivedDataCache/1/7/1/STATICMESH_9CE2B6FB46754B699726C4AA1515F12E_228332BAE0224DD294E232B87D83948FQU__20C5F928EA9E3BFE0A7B06841C6524004CEB59A1.udd" 2981
"C:/Users/shashinda adithya/AppData/Local/UnrealEngine/Common/DerivedDataCache/9/9/8/PHYSX_A08609EF508D460CBB6710540B03AACF_PHYSXPC_0B38B01E4D46971977FF08AA72D9FDC__A0BC695BEC1BAC701A4132FF5E82882AA1884549.udd" 2982
"C:/Users/shashinda adithya/AppData/Local/UnrealEngine/Common/DerivedDataCache/8/6/7/NAVCOLLISION_2983273BE5D6425391E8C0B3D1C0A55D_NAVCOLLISION_X_0B38B01E4D4697197__22DFA16C4FC532705C1527AE1708D6800415FED6.udd" 2983
"D:/UE4t/Tutorial1/myGames/EndlessRunner/Content/FXVarietyPack/Textures/T_ky_decoLines.uasset" 2984
"C:/Users/shashinda adithya/AppData/Local/UnrealEngine/Common/DerivedDataCache/6/9/4/STATICMESH_9CE2B6FB46754B699726C4AA1515F12E_228332BAE0224DD294E232B87D83948FQU__A7DBE41168B1CC1F81C5DAB6012C45796F67E327.udd" 2985
"C:/Users/shashinda adithya/AppData/Local/UnrealEngine/Common/DerivedDataCache/9/9/0/PHYSX_A08609EF508D460CBB6710540B03AACF_PHYSXPC_24ED2A224C49FD04B1BDD5A4E37CFE9__E0CF516EF8D55E32C7BDE04F64AA02EFFAA78D2C.udd" 2986
"C:/Users/shashinda adithya/AppData/Local/UnrealEngine/Common/DerivedDataCache/0/3/1/NAVCOLLISION_2983273BE5D6425391E8C0B3D1C0A55D_NAVCOLLISION_X_24ED2A224C49FD04B__AB04972D9F995135B4F9418FC4D08B4977E9882A.udd" 2987
"D:/UE4t/Tutorial1/myGames/EndlessRunner/Content/FXVarietyPack/Materials/Mfunction/MF_ky_VectorToRadialValue.uasset" 2988
"C:/Users/shashinda adithya/AppData/Local/UnrealEngine/Common/DerivedDataCache/3/8/3/STATICMESH_9CE2B6FB46754B699726C4AA1515F12E_228332BAE0224DD294E232B87D83948FQU__DE9E5AD1525B221FEA5C5B10D246ECE76C1D01F5.udd" 2989
"C:/Users/shashinda adithya/AppData/Local/UnrealEngine/Common/DerivedDataCache/9/7/9/PHYSX_A08609EF508D460CBB6710540B03AACF_PHYSXPC_134C58C94C9B68EF79AABEB45A0A27C__BC5700E160CE194B7EBA6F764A957424C59FAEA0.udd" 2990
"C:/Users/shashinda adithya/AppData/Local/UnrealEngine/Common/DerivedDataCache/3/6/2/NAVCOLLISION_2983273BE5D6425391E8C0B3D1C0A55D_NAVCOLLISION_X_134C58C94C9B68EF7__9C3DCDC1C8577D024D5390BA6DAA856452E813C6.udd" 2991
"../../../Engine/Content/Functions/Engine_MaterialFunctions01/Density/ExponentialDensity.uasset" 2992
"C:/Users/shashinda adithya/AppData/Local/UnrealEngine/Common/DerivedDataCache/4/8/8/STATICMESH_9CE2B6FB46754B699726C4AA1515F12E_228332BAE0224DD294E232B87D83948FQU__734DCBBA8B54D6D2DBFBEEE813CC52E314DE63A3.udd" 2993
"C:/Users/shashinda adithya/AppData/Local/UnrealEngine/Common/DerivedDataCache/3/1/3/PHYSX_A08609EF508D460CBB6710540B03AACF_PHYSXPC_5AB9E1884EFE329299BE76A48708599__360D05CCBB12F38CED2543C5218E1EB38682E019.udd" 2994
"C:/Users/shashinda adithya/AppData/Local/UnrealEngine/Common/DerivedDataCache/4/5/3/NAVCOLLISION_2983273BE5D6425391E8C0B3D1C0A55D_NAVCOLLISION_X_5AB9E1884EFE32929__4F5EE0B83983CE46F09592D6925A75AC6A1C9A21.udd" 2995
"../../../Engine/Content/Functions/Engine_MaterialFunctions01/Gradient/RadialGradientExponential.uasset" 2996
"C:/Users/shashinda adithya/AppData/Local/UnrealEngine/Common/DerivedDataCache/8/1/4/STATICMESH_9CE2B6FB46754B699726C4AA1515F12E_228332BAE0224DD294E232B87D83948FQU__72C8AAF62D77D7B04F17AEA0CE900A1A84921410.udd" 2997
"C:/Users/shashinda adithya/AppData/Local/UnrealEngine/Common/DerivedDataCache/1/4/7/PHYSX_A08609EF508D460CBB6710540B03AACF_PHYSXPC_9AFD5E7549DE700E09B6FBAE312D8EF__04CA73C3404EBE36D9C699B4FF235649033B08D9.udd" 2998
"C:/Users/shashinda adithya/AppData/Local/UnrealEngine/Common/DerivedDataCache/0/0/0/NAVCOLLISION_2983273BE5D6425391E8C0B3D1C0A55D_NAVCOLLISION_X_9AFD5E7549DE700E0__1A4FF13F5D1152EED3BA00B1E64252993817DFDA.udd" 2999
"D:/UE4t/Tutorial1/myGames/EndlessRunner/Content/FXVarietyPack/Materials/M_ky_polar.uasset" 3000
"C:/Users/shashinda adithya/AppData/Local/UnrealEngine/Common/DerivedDataCache/8/0/0/STATICMESH_9CE2B6FB46754B699726C4AA1515F12E_228332BAE0224DD294E232B87D83948FQU__EF7CDAC1ECCAD286389CA4F593905C3AC05FB970.udd" 3001
"C:/Users/shashinda adithya/AppData/Local/UnrealEngine/Common/DerivedDataCache/9/9/8/PHYSX_A08609EF508D460CBB6710540B03AACF_PHYSXPC_F5FFD5034997CD09361F04974D214D7__11429CC11F6157B29078C6D2F16DCB43B0578AC3.udd" 3002
"C:/Users/shashinda adithya/AppData/Local/UnrealEngine/Common/DerivedDataCache/6/4/5/NAVCOLLISION_2983273BE5D6425391E8C0B3D1C0A55D_NAVCOLLISION_X_F5FFD5034997CD093__F94E535E292DA1C847338F6DB34C902FE33F0EA3.udd" 3003
"D:/UE4t/Tutorial1/myGames/EndlessRunner/Content/FXVarietyPack/Materials/MI_ky_polarG_nonD.uasset" 3004
"C:/Users/shashinda adithya/AppData/Local/UnrealEngine/Common/DerivedDataCache/2/3/6/STATICMESH_9CE2B6FB46754B699726C4AA1515F12E_228332BAE0224DD294E232B87D83948FQU__36122B2B0206D3752C5496D6008FEA7DDFD1505E.udd" 3005
"C:/Users/shashinda adithya/AppData/Local/UnrealEngine/Common/DerivedDataCache/7/1/2/PHYSX_A08609EF508D460CBB6710540B03AACF_PHYSXPC_4B6D14B8401B811A7E74F48C35C737E__446CBB546B11BC6823C1F34C4930A72C961355DF.udd" 3006
"C:/Users/shashinda adithya/AppData/Local/UnrealEngine/Common/DerivedDataCache/0/8/1/NAVCOLLISION_2983273BE5D6425391E8C0B3D1C0A55D_NAVCOLLISION_X_4B6D14B8401B811A7__B9F0EEFE5B5CFE3F030C41D91D194A67FF59F7DC.udd" 3007
"D:/UE4t/Tutorial1/myGames/EndlessRunner/Content/FXVarietyPack/Particles/P_ky_hit2.uasset" 3008
"C:/Users/shashinda adithya/AppData/Local/UnrealEngine/Common/DerivedDataCache/1/4/3/STATICMESH_9CE2B6FB46754B699726C4AA1515F12E_228332BAE0224DD294E232B87D83948FQU__90192C2DC13FAFA2438DFF90565038AD3C77FB61.udd" 3009
"C:/Users/shashinda adithya/AppData/Local/UnrealEngine/Common/DerivedDataCache/8/8/8/PHYSX_A08609EF508D460CBB6710540B03AACF_PHYSXPC_B0791EFA49954B1E640617BEA66AF06__198E9E42764959F2EEA94E2BDCBCD9152F150615.udd" 3010
"C:/Users/shashinda adithya/AppData/Local/UnrealEngine/Common/DerivedDataCache/0/8/7/NAVCOLLISION_2983273BE5D6425391E8C0B3D1C0A55D_NAVCOLLISION_X_B0791EFA49954B1E6__3E9957B01C93B011CCC7FA1904B425926D5A326A.udd" 3011
"D:/UE4t/Tutorial1/myGames/EndlessRunner/Content/FXVarietyPack/Blueprints/BP_ky_hit2.uasset" 3012
"C:/Users/shashinda adithya/AppData/Local/UnrealEngine/Common/DerivedDataCache/9/2/3/MATSM_0BA69734E4FD45E082FA4560DBE25454_PCD3D_SM5_8__BC5N_NOCCBN_NOIRIS_DEV_SL___9593368594230438BFE7818570058B246ADADC3F.udd" 3013
"D:/UE4t/Tutorial1/myGames/EndlessRunner/Content/FXVarietyPack/Meshes/SM_ky_quad_centerRot.uasset" 3014
"C:/Users/shashinda adithya/AppData/Local/UnrealEngine/Common/DerivedDataCache/9/2/3/PHYSX_A08609EF508D460CBB6710540B03AACF_PHYSXPC_2E9E38594A0C162696AC3E9E7F0FFC67__1_0_0_0_2_13315_0.udd" 3015
"D:/UE4t/Tutorial1/myGames/EndlessRunner/Content/FXVarietyPack/Textures/T_ky_noise6.uasset" 3016
"C:/Users/shashinda adithya/AppData/Local/UnrealEngine/Common/DerivedDataCache/9/7/2/PHYSX_A08609EF508D460CBB6710540B03AACF_PHYSXPC_B95CB6EA482F1BE37C8E94AF7EC7D9DD__1_0_0_0_2_13315_0.udd" 3017
"D:/UE4t/Tutorial1/myGames/EndlessRunner/Content/FXVarietyPack/Textures/T_ky_smoke1.uasset" 3018
"D:/UE4t/Tutorial1/myGames/EndlessRunner/Content/FXVarietyPack/Materials/M_ky_smoke01.uasset" 3019
"D:/UE4t/Tutorial1/myGames/EndlessRunner/Content/FXVarietyPack/Materials/M_ky_primitive_dyn2.uasset" 3020
"D:/UE4t/Tutorial1/myGames/EndlessRunner/Content/FXVarietyPack/Materials/MI_ky_primitive_dynB_two.uasset" 3021
"../../../Engine/Content/Functions/Engine_MaterialFunctions02/Fresnel_Function.uasset" 3022
"D:/UE4t/Tutorial1/myGames/EndlessRunner/Content/FXVarietyPack/Materials/M_ky_primitive.uasset" 3023
"D:/UE4t/Tutorial1/myGames/EndlessRunner/Content/FXVarietyPack/Materials/MI_ky_primitive2b_trs.uasset" 3024
"D:/UE4t/Tutorial1/myGames/EndlessRunner/Content/FXVarietyPack/Materials/MI_ky_polar_two.uasset" 3025
"D:/UE4t/Tutorial1/myGames/EndlessRunner/Content/FXVarietyPack/Textures/T_ky_flare_a.uasset" 3026
"D:/UE4t/Tutorial1/myGames/EndlessRunner/Content/FXVarietyPack/Materials/M_ky_flare_flash.uasset" 3027
"D:/UE4t/Tutorial1/myGames/EndlessRunner/Content/FXVarietyPack/Materials/MI_ky_flare_flash_trs.uasset" 3028
"C:/Users/shashinda adithya/AppData/Local/UnrealEngine/Common/DerivedDataCache/4/2/4/MATSM_0BA69734E4FD45E082FA4560DBE25454_PCD3D_SM5_8__BC5N_NOCCBN_NOIRIS_DEV_SL___A295D0E5D7DF8EF95FE8BC543D0651C9607D17B6.udd" 3029
"D:/UE4t/Tutorial1/myGames/EndlessRunner/Content/FXVarietyPack/Textures/T_ky_smoke_kai.uasset" 3030
"D:/UE4t/Tutorial1/myGames/EndlessRunner/Content/FXVarietyPack/Textures/T_ky_dist_noise.uasset" 3031
"D:/UE4t/Tutorial1/myGames/EndlessRunner/Content/FXVarietyPack/Materials/M_ky_base_turbulence.uasset" 3032
"C:/Users/shashinda adithya/AppData/Local/UnrealEngine/Common/DerivedDataCache/0/7/7/STATICMESH_9CE2B6FB46754B699726C4AA1515F12E_228332BAE0224DD294E232B87D83948FQU__A8CCF22C4BF8BB0FAAD15F05939C6555427DEF33.udd" 3033
"C:/Users/shashinda adithya/AppData/Local/UnrealEngine/Common/DerivedDataCache/9/8/8/PHYSX_A08609EF508D460CBB6710540B03AACF_PHYSXPC_903B9C298348F27AFEA120B1AD5F681__6BDFA81CE4F7E615493DE9369A5569D41998D31B.udd" 3034
"C:/Users/shashinda adithya/AppData/Local/UnrealEngine/Common/DerivedDataCache/2/1/8/NAVCOLLISION_2983273BE5D6425391E8C0B3D1C0A55D_NAVCOLLISION_X_903B9C298348F27AF__F9EB7367A365DCE579D91915257066918092CD7F.udd" 3035
"D:/UE4t/Tutorial1/myGames/EndlessRunner/Content/FXVarietyPack/Materials/MI_ky_turbulence_smoke2d_trs.uasset" 3036
"D:/UE4t/Tutorial1/myGames/EndlessRunner/Content/FXVarietyPack/Particles/P_ky_explosion.uasset" 3037
"D:/UE4t/Tutorial1/myGames/EndlessRunner/Content/FXVarietyPack/Blueprints/BP_ky_explosion.uasset" 3038
"D:/UE4t/Tutorial1/myGames/EndlessRunner/Content/FXVarietyPack/Meshes/SM_ky_tornado07.uasset" 3039
"D:/UE4t/Tutorial1/myGames/EndlessRunner/Content/FXVarietyPack/Meshes/SM_ky_circleDist06.uasset" 3040
"C:/Users/shashinda adithya/AppData/Local/UnrealEngine/Common/DerivedDataCache/7/2/9/MATSM_0BA69734E4FD45E082FA4560DBE25454_PCD3D_SM5_8__BC5N_NOCCBN_NOIRIS_DEV_SL___C035BBAA6407AD8029114FB4C94C73F63FBDA4EF.udd" 3041
"D:/UE4t/Tutorial1/myGames/EndlessRunner/Content/FXVarietyPack/Textures/T_ky_noise17.uasset" 3042
"D:/UE4t/Tutorial1/myGames/EndlessRunner/Content/FXVarietyPack/Materials/Mfunction/MF_ky_MaskToTopUnder.uasset" 3043
"../../../Engine/Content/Functions/Engine_MaterialFunctions03/Texturing/TwoSidedTexturing.uasset" 3044
"D:/UE4t/Tutorial1/myGames/EndlessRunner/Content/FXVarietyPack/Textures/T_ky_maskRGB3.uasset" 3045
"C:/Users/shashinda adithya/AppData/Local/UnrealEngine/Common/DerivedDataCache/3/4/6/MATSM_0BA69734E4FD45E082FA4560DBE25454_PCD3D_SM5_8__BC5N_NOCCBN_NOIRIS_DEV_SL___CE9DAEA3BAC5E01AF6FC6BCFDFF17B27A7D99F0F.udd" 3046
"D:/UE4t/Tutorial1/myGames/EndlessRunner/Content/FXVarietyPack/Materials/Mfunction/MF_ky_AddHilight.uasset" 3047
"D:/UE4t/Tutorial1/myGames/EndlessRunner/Content/FXVarietyPack/Textures/T_ky_noise5.uasset" 3048
"D:/UE4t/Tutorial1/myGames/EndlessRunner/Content/FXVarietyPack/Materials/Mfunction/MF_ky_TexController_primitive.uasset" 3049
"C:/Users/shashinda adithya/AppData/Local/UnrealEngine/Common/DerivedDataCache/0/8/1/MATSM_0BA69734E4FD45E082FA4560DBE25454_PCD3D_SM5_8__BC5N_NOCCBN_NOIRIS_DEV_SL___509D26A0D2E60EADC0CF48593EF8DD688BE93E5D.udd" 3050
"D:/UE4t/Tutorial1/myGames/EndlessRunner/Content/FXVarietyPack/Materials/Mfunction/MF_ky_TexController.uasset" 3051
"D:/UE4t/Tutorial1/myGames/EndlessRunner/Content/FXVarietyPack/Materials/M_ky_storm01.uasset" 3052
"D:/UE4t/Tutorial1/myGames/EndlessRunner/Content/FXVarietyPack/Materials/MI_ky_storm01_dark.uasset" 3053
"D:/UE4t/Tutorial1/myGames/EndlessRunner/Content/FXVarietyPack/Textures/T_ky_smoke2.uasset" 3054
"D:/UE4t/Tutorial1/myGames/EndlessRunner/Content/FXVarietyPack/Textures/T_ky_noise3.uasset" 3055
"D:/UE4t/Tutorial1/myGames/EndlessRunner/Content/FXVarietyPack/Materials/M_ky_dynDust.uasset" 3056
"D:/UE4t/Tutorial1/myGames/EndlessRunner/Content/FXVarietyPack/Materials/MI_ky_dynDust.uasset" 3057
"C:/Users/shashinda adithya/AppData/Local/UnrealEngine/Common/DerivedDataCache/6/7/4/STATICMESH_9CE2B6FB46754B699726C4AA1515F12E_228332BAE0224DD294E232B87D83948FQU__C0778F8E53C678890C3729A1F67F26C60AEB59A6.udd" 3058
"C:/Users/shashinda adithya/AppData/Local/UnrealEngine/Common/DerivedDataCache/6/0/6/PHYSX_A08609EF508D460CBB6710540B03AACF_PHYSXPC_5CD5888F31412C10E19C74B0C880972__2ACD196CC7A5F3211D6EFBD84ECE472CFA029C11.udd" 3059
"C:/Users/shashinda adithya/AppData/Local/UnrealEngine/Common/DerivedDataCache/4/1/2/NAVCOLLISION_2983273BE5D6425391E8C0B3D1C0A55D_NAVCOLLISION_X_5CD5888F31412C10E__20F84B821E5B194F8B7C9355FF6BD34E8E5A44CF.udd" 3060
"D:/UE4t/Tutorial1/myGames/EndlessRunner/Content/FXVarietyPack/Materials/M_ky_empty.uasset" 3061
"C:/Users/shashinda adithya/AppData/Local/UnrealEngine/Common/DerivedDataCache/0/0/3/STATICMESH_9CE2B6FB46754B699726C4AA1515F12E_228332BAE0224DD294E232B87D83948FQU__33E4CEC001F007E92AFC4CC9E66B5091C1DC630F.udd" 3062
"C:/Users/shashinda adithya/AppData/Local/UnrealEngine/Common/DerivedDataCache/7/8/9/PHYSX_A08609EF508D460CBB6710540B03AACF_PHYSXPC_5EB515C30F499960485FDD96588B52B__0D841A8163AE012868A66D4075077ACBF1E96AB8.udd" 3063
"C:/Users/shashinda adithya/AppData/Local/UnrealEngine/Common/DerivedDataCache/7/9/9/NAVCOLLISION_2983273BE5D6425391E8C0B3D1C0A55D_NAVCOLLISION_X_5EB515C30F4999604__D6EEC8E416A7420E0CE7834B1025FE5B6ACEE88E.udd" 3064
"D:/UE4t/Tutorial1/myGames/EndlessRunner/Content/FXVarietyPack/Textures/T_ky_noise4.uasset" 3065
"D:/UE4t/Tutorial1/myGames/EndlessRunner/Content/FXVarietyPack/Materials/M_ky_stormDeco01.uasset" 3066
"D:/UE4t/Tutorial1/myGames/EndlessRunner/Content/FXVarietyPack/Materials/MI_ky_stormDeco01_dark.uasset" 3067
"D:/UE4t/Tutorial1/myGames/EndlessRunner/Content/FXVarietyPack/Materials/MI_ky_storm01_dark_nonD.uasset" 3068
"D:/UE4t/Tutorial1/myGames/EndlessRunner/Content/FXVarietyPack/Particles/P_ky_darkStorm.uasset" 3069
"D:/UE4t/Tutorial1/myGames/EndlessRunner/Content/FXVarietyPack/Textures/T_ky_stone02_2x2.uasset" 3070
"D:/UE4t/Tutorial1/myGames/EndlessRunner/Content/FXVarietyPack/Materials/M_ky_stone02.uasset" 3071
"D:/UE4t/Tutorial1/myGames/EndlessRunner/Content/FXVarietyPack/Textures/T_ky_vortex04_4x4.uasset" 3072
"D:/UE4t/Tutorial1/myGames/EndlessRunner/Content/FXVarietyPack/Materials/M_ky_vortex04_4x4.uasset" 3073
"D:/UE4t/Tutorial1/myGames/EndlessRunner/Content/FXVarietyPack/Materials/MI_ky_vortex04B_4x4_two.uasset" 3074
"C:/Users/shashinda adithya/AppData/Local/UnrealEngine/Common/DerivedDataCache/2/3/6/MATSM_0BA69734E4FD45E082FA4560DBE25454_PCD3D_SM5_8__BC5N_NOCCBN_NOIRIS_DEV_SL___9F4EB78D91F64B283AC828EC45FCAB2E3F118B76.udd" 3075
"D:/UE4t/Tutorial1/myGames/EndlessRunner/Content/FXVarietyPack/Materials/MI_ky_storm01_nonD.uasset" 3076
"D:/UE4t/Tutorial1/myGames/EndlessRunner/Content/FXVarietyPack/Particles/P_ky_storm.uasset" 3077
"D:/UE4t/Tutorial1/myGames/EndlessRunner/Content/FXVarietyPack/Blueprints/BP_ky_storm.uasset" 3078
"D:/UE4t/Tutorial1/myGames/EndlessRunner/Content/FXVarietyPack/Blueprints/BP_ky_darkStorm.uasset" 3079
"D:/UE4t/Tutorial1/myGames/EndlessRunner/Content/FXVarietyPack/Materials/MI_ky_storm01_aqua_nonD.uasset" 3080
"D:/UE4t/Tutorial1/myGames/EndlessRunner/Content/FXVarietyPack/Materials/MI_ky_storm01_aqua.uasset" 3081
"D:/UE4t/Tutorial1/myGames/EndlessRunner/Content/FXVarietyPack/Materials/M_ky_waterDust02.uasset" 3082
"D:/UE4t/Tutorial1/myGames/EndlessRunner/Content/FXVarietyPack/Materials/MI_ky_stormDeco01_aqua.uasset" 3083
"D:/UE4t/Tutorial1/myGames/EndlessRunner/Content/FXVarietyPack/Particles/P_ky_aquaStorm.uasset" 3084
"C:/Users/shashinda adithya/AppData/Local/UnrealEngine/Common/DerivedDataCache/1/1/7/MATSM_0BA69734E4FD45E082FA4560DBE25454_PCD3D_SM5_8__BC5N_NOCCBN_NOIRIS_DEV_SL___C5D37835BE4DCFAAA1207C61C2C65AB5167DDAD0.udd" 3085
"D:/UE4t/Tutorial1/myGames/EndlessRunner/Content/FXVarietyPack/Blueprints/BP_ky_aquaStorm.uasset" 3086
"D:/UE4t/Tutorial1/myGames/EndlessRunner/Content/FXVarietyPack/EpicContent/Physical_Materials/Concrete.uasset" 3087
"D:/UE4t/Tutorial1/myGames/EndlessRunner/Content/FXVarietyPack/EpicContent/Textures/T_RoomTiles_N.uasset" 3088
"D:/UE4t/Tutorial1/myGames/EndlessRunner/Content/FXVarietyPack/EpicContent/Textures/T_RoomTiles_M.uasset" 3089
"D:/UE4t/Tutorial1/myGames/EndlessRunner/Content/FXVarietyPack/EpicContent/Materials/M_DemoRoomTiles.uasset" 3090
"D:/UE4t/Tutorial1/myGames/EndlessRunner/Content/FXVarietyPack/EpicContent/Materials/MI_DemoRoomTiles.uasset" 3091
"C:/Users/shashinda adithya/AppData/Local/UnrealEngine/Common/DerivedDataCache/9/8/8/MATSM_0BA69734E4FD45E082FA4560DBE25454_PCD3D_SM5_8__BC5N_NOCCBN_NOIRIS_DEV_SL___334203295733F0D7D28E01454FB9A6E6E7007E38.udd" 3092
"D:/UE4t/Tutorial1/myGames/EndlessRunner/Content/FXVarietyPack/EpicContent/Meshes/SM_DemoRoomU2.uasset" 3093
"C:/Users/shashinda adithya/AppData/Local/UnrealEngine/Common/DerivedDataCache/7/8/9/MATSM_0BA69734E4FD45E082FA4560DBE25454_PCD3D_SM5_8__BC5N_NOCCBN_NOIRIS_DEV_SL___F96210A0E52FC260BBF835B3F68A0F9680C0B269.udd" 3094
"D:/UE4t/Tutorial1/myGames/EndlessRunner/Content/FXVarietyPack/EpicContent/Materials/M_LightTube.uasset" 3095
"D:/UE4t/Tutorial1/myGames/EndlessRunner/Content/FXVarietyPack/EpicContent/Materials/MI_LightTube.uasset" 3096
"D:/UE4t/Tutorial1/myGames/EndlessRunner/Content/FXVarietyPack/EpicContent/Physical_Materials/Metal.uasset" 3097
"D:/UE4t/Tutorial1/myGames/EndlessRunner/Content/FXVarietyPack/EpicContent/Physical_Materials/Rubber.uasset" 3098
"D:/UE4t/Tutorial1/myGames/EndlessRunner/Content/FXVarietyPack/EpicContent/Materials/M_DemoWall.uasset" 3099
"D:/UE4t/Tutorial1/myGames/EndlessRunner/Content/FXVarietyPack/EpicContent/Materials/MI_DemoWall.uasset" 3100
"D:/UE4t/Tutorial1/myGames/EndlessRunner/Content/FXVarietyPack/EpicContent/Materials/MI_DemoWall3.uasset" 3101
"D:/UE4t/Tutorial1/myGames/EndlessRunner/Content/FXVarietyPack/EpicContent/Materials/MI_DemoWall2.uasset" 3102
"D:/UE4t/Tutorial1/myGames/EndlessRunner/Content/FXVarietyPack/EpicContent/Meshes/SM_DemoRoomTrim2.uasset" 3103
"D:/UE4t/Tutorial1/myGames/EndlessRunner/Content/FXVarietyPack/EpicContent/Meshes/SM_DemoRoomClamp2.uasset" 3104
"D:/UE4t/Tutorial1/myGames/EndlessRunner/Content/FXVarietyPack/EpicContent/Materials/M_DemoWall_MattPlastic.uasset" 3105
"D:/UE4t/Tutorial1/myGames/EndlessRunner/Content/FXVarietyPack/EpicContent/Meshes/SM_DemoRoomBackWall2.uasset" 3106
"D:/UE4t/Tutorial1/myGames/EndlessRunner/Content/FXVarietyPack/EpicContent/Textures/T_UnrealEngineDecal.uasset" 3107
"D:/UE4t/Tutorial1/myGames/EndlessRunner/Content/FXVarietyPack/EpicContent/Textures/T_Pattern_M.uasset" 3108
"D:/UE4t/Tutorial1/myGames/EndlessRunner/Content/FXVarietyPack/EpicContent/Materials/M_DemoWallPattern.uasset" 3109
"C:/Users/shashinda adithya/AppData/Local/UnrealEngine/Common/DerivedDataCache/7/8/3/STATICMESH_9CE2B6FB46754B699726C4AA1515F12E_228332BAE0224DD294E232B87D83948FQU__6A443203F1C4670B06EC6ED1B5DE78C58019FE7B.udd" 3110
"C:/Users/shashinda adithya/AppData/Local/UnrealEngine/Common/DerivedDataCache/6/4/7/PHYSX_A08609EF508D460CBB6710540B03AACF_PHYSXPC_1A3B50A145CF59DDB56EC0A8EF598BD__370FA737A1B00A4E77D6930B19BF6A6F39320509.udd" 3111
"C:/Users/shashinda adithya/AppData/Local/UnrealEngine/Common/DerivedDataCache/3/9/3/NAVCOLLISION_2983273BE5D6425391E8C0B3D1C0A55D_NAVCOLLISION_X_1A3B50A145CF59DDB__B8C09F9891AC3BBFEBE2EC774E72994FDAF547E4.udd" 3112
"D:/UE4t/Tutorial1/myGames/EndlessRunner/Content/FXVarietyPack/EpicContent/Materials/MI_DemoWallPattern.uasset" 3113
"D:/UE4t/Tutorial1/myGames/EndlessRunner/Content/FXVarietyPack/EpicContent/Meshes/SM_URoom_Wall2.uasset" 3114
"D:/UE4t/Tutorial1/myGames/EndlessRunner/Content/FXVarietyPack/EpicContent/Materials/M_DemoWallPattern_Inst_Mirrored.uasset" 3115
"D:/UE4t/Tutorial1/myGames/EndlessRunner/Content/FXVarietyPack/EpicContent/Meshes/SM_URoom_Wall.uasset" 3116
"D:/UE4t/Tutorial1/myGames/EndlessRunner/Content/FXVarietyPack/EpicContent/Materials/M_DemoWall_Inst_NamePlate.uasset" 3117
"D:/UE4t/Tutorial1/myGames/EndlessRunner/Content/FXVarietyPack/EpicContent/Materials/MI_DemoWall_Inst_BaseFloor.uasset" 3118
"D:/UE4t/Tutorial1/myGames/EndlessRunner/Content/FXVarietyPack/EpicContent/Meshes/SM_DemoRoomU_Hole.uasset" 3119
"D:/UE4t/Tutorial1/myGames/EndlessRunner/Content/FXVarietyPack/EpicContent/Meshes/SM_DemoRoomU.uasset" 3120
"D:/UE4t/Tutorial1/myGames/EndlessRunner/Content/FXVarietyPack/EpicContent/Meshes/SM_DemoRoomTrimAdd.uasset" 3121
"C:/Users/shashinda adithya/AppData/Local/UnrealEngine/Common/DerivedDataCache/8/3/8/STATICMESH_9CE2B6FB46754B699726C4AA1515F12E_228332BAE0224DD294E232B87D83948FQU__A545D0812A7F48B5F4D212F51FBDABB1484D14D5.udd" 3122
"C:/Users/shashinda adithya/AppData/Local/UnrealEngine/Common/DerivedDataCache/4/2/5/PHYSX_A08609EF508D460CBB6710540B03AACF_PHYSXPC_C0F45C204884901FDDBF008AC0C6163__4868E3198828A158B885A28DB8F6920358617725.udd" 3123
"C:/Users/shashinda adithya/AppData/Local/UnrealEngine/Common/DerivedDataCache/8/7/0/NAVCOLLISION_2983273BE5D6425391E8C0B3D1C0A55D_NAVCOLLISION_X_C0F45C204884901FD__2218A462149A25912F102AA6BC43AAC9C4B053C5.udd" 3124
"D:/UE4t/Tutorial1/myGames/EndlessRunner/Content/FXVarietyPack/EpicContent/Meshes/SM_DemoRoomTrim.uasset" 3125
"C:/Users/shashinda adithya/AppData/Local/UnrealEngine/Common/DerivedDataCache/2/5/2/STATICMESH_9CE2B6FB46754B699726C4AA1515F12E_228332BAE0224DD294E232B87D83948FQU__C8234FDD3130BE1BBD011E0E607377AD73F7CA07.udd" 3126
"C:/Users/shashinda adithya/AppData/Local/UnrealEngine/Common/DerivedDataCache/4/7/6/PHYSX_A08609EF508D460CBB6710540B03AACF_PHYSXPC_7AEDFD114879EE440ED17AB203D644E__B5F6BA7FB59F3CE3AD670EB1498F0BDC9946192D.udd" 3127
"C:/Users/shashinda adithya/AppData/Local/UnrealEngine/Common/DerivedDataCache/4/8/9/NAVCOLLISION_2983273BE5D6425391E8C0B3D1C0A55D_NAVCOLLISION_X_7AEDFD114879EE440__9D13468C1306C91BB0A2DABB7CBEF01E67B2921F.udd" 3128
"D:/UE4t/Tutorial1/myGames/EndlessRunner/Content/FXVarietyPack/EpicContent/Meshes/SM_DemoRoomLTrim.uasset" 3129
"D:/UE4t/Tutorial1/myGames/EndlessRunner/Content/FXVarietyPack/EpicContent/Meshes/SM_DemoRoomL.uasset" 3130
"C:/Users/shashinda adithya/AppData/Local/UnrealEngine/Common/DerivedDataCache/0/0/6/STATICMESH_9CE2B6FB46754B699726C4AA1515F12E_228332BAE0224DD294E232B87D83948FQU__665D5CE38D8B05BE492A5B36B458B1DAC9AC9A13.udd" 3131
"C:/Users/shashinda adithya/AppData/Local/UnrealEngine/Common/DerivedDataCache/0/0/6/PHYSX_A08609EF508D460CBB6710540B03AACF_PHYSXPC_44509A2A4CAF6E53D1DF1D96F3594F4__846FDDCE2346561B95C23B7AC6987E73F43AB521.udd" 3132
"C:/Users/shashinda adithya/AppData/Local/UnrealEngine/Common/DerivedDataCache/4/0/1/NAVCOLLISION_2983273BE5D6425391E8C0B3D1C0A55D_NAVCOLLISION_X_44509A2A4CAF6E53D__7CE489120FFAFA8BB3456447580286833392E148.udd" 3133
"D:/UE4t/Tutorial1/myGames/EndlessRunner/Content/FXVarietyPack/EpicContent/Meshes/SM_DemoRoomClamp.uasset" 3134
"D:/UE4t/Tutorial1/myGames/EndlessRunner/Content/FXVarietyPack/EpicContent/Meshes/SM_DemoRoomBackWall.uasset" 3135
"D:/UE4t/Tutorial1/myGames/EndlessRunner/Content/FXVarietyPack/EpicContent/Meshes/SM_DemoDivider2.uasset" 3136
"D:/UE4t/Tutorial1/myGames/EndlessRunner/Content/FXVarietyPack/EpicContent/Meshes/SM_DemoDivider1.uasset" 3137
"D:/UE4t/Tutorial1/myGames/EndlessRunner/Content/FXVarietyPack/EpicContent/Blueprints/BP_DemoRoom_Enum.uasset" 3138
"C:/Users/shashinda adithya/AppData/Local/UnrealEngine/Common/DerivedDataCache/4/8/0/STATICMESH_9CE2B6FB46754B699726C4AA1515F12E_228332BAE0224DD294E232B87D83948FQU__DD6FB4EE6E135CE39B59E4AC2192C263F4658B44.udd" 3139
"C:/Users/shashinda adithya/AppData/Local/UnrealEngine/Common/DerivedDataCache/7/1/3/PHYSX_A08609EF508D460CBB6710540B03AACF_PHYSXPC_18393FB447B3117D694899A21DE5F68__C4FF2FF9D724B7CEAB7F1D7840AD9E6F2A15DFF8.udd" 3140
"C:/Users/shashinda adithya/AppData/Local/UnrealEngine/Common/DerivedDataCache/1/4/6/NAVCOLLISION_2983273BE5D6425391E8C0B3D1C0A55D_NAVCOLLISION_X_18393FB447B3117D6__8FC5E861E11AB365914BC7117FCEFC51E474E68C.udd" 3141
"D:/UE4t/Tutorial1/myGames/EndlessRunner/Content/FXVarietyPack/EpicContent/Materials/M_Glass.uasset" 3142
"C:/Users/shashinda adithya/AppData/Local/UnrealEngine/Common/DerivedDataCache/2/2/7/MATSM_0BA69734E4FD45E082FA4560DBE25454_PCD3D_SM5_8__BC5N_NOCCBN_NOIRIS_DEV_SL___243BF3A6A74A6D8D769B72F64390A329513A58DC.udd" 3143
"D:/UE4t/Tutorial1/myGames/EndlessRunner/Content/FXVarietyPack/EpicContent/Materials/MI_Glass.uasset" 3144
"C:/Users/shashinda adithya/AppData/Local/UnrealEngine/Common/DerivedDataCache/9/8/5/STATICMESH_9CE2B6FB46754B699726C4AA1515F12E_228332BAE0224DD294E232B87D83948FQU__400917507734CD62AEDF80722521E3896D254EC9.udd" 3145
"C:/Users/shashinda adithya/AppData/Local/UnrealEngine/Common/DerivedDataCache/9/2/8/PHYSX_A08609EF508D460CBB6710540B03AACF_PHYSXPC_88CBBAB440BC43477C02E7893A5338E__A0A3E4C18E241508FDD63BCCE8D8FB19B13326B8.udd" 3146
"C:/Users/shashinda adithya/AppData/Local/UnrealEngine/Common/DerivedDataCache/3/5/7/NAVCOLLISION_2983273BE5D6425391E8C0B3D1C0A55D_NAVCOLLISION_X_88CBBAB440BC43477__1AE07ABE9446CA2058B32D033892B3447530660D.udd" 3147
"D:/UE4t/Tutorial1/myGames/EndlessRunner/Content/FXVarietyPack/EpicContent/Materials/M_DemoWallPattern_NoText.uasset" 3148
"D:/UE4t/Tutorial1/myGames/EndlessRunner/Content/FXVarietyPack/EpicContent/Materials/M_DefaultTextMaterialTranslucentUnlit.uasset" 3149
"D:/UE4t/Tutorial1/myGames/EndlessRunner/Content/FXVarietyPack/EpicContent/Blueprints/BP_DemoRoom.uasset" 3150
"C:/Users/shashinda adithya/AppData/Local/UnrealEngine/Common/DerivedDataCache/0/4/9/STATICMESH_9CE2B6FB46754B699726C4AA1515F12E_228332BAE0224DD294E232B87D83948FQU__31B2A8D240A2C9219EAF9938C342C5C7552658CE.udd" 3151
"C:/Users/shashinda adithya/AppData/Local/UnrealEngine/Common/DerivedDataCache/2/3/7/PHYSX_A08609EF508D460CBB6710540B03AACF_PHYSXPC_C1E81D4B4F6A1869832D51B201BAA74__1A72E699AA39DCF63678B6F67A33C0C9E2E799E4.udd" 3152
"C:/Users/shashinda adithya/AppData/Local/UnrealEngine/Common/DerivedDataCache/1/9/8/NAVCOLLISION_2983273BE5D6425391E8C0B3D1C0A55D_NAVCOLLISION_X_C1E81D4B4F6A18698__416D4C3170DCB262FE4CD6C72B5D5A7E177D82AC.udd" 3153
"D:/UE4t/Tutorial1/myGames/EndlessRunner/Content/FXVarietyPack/EpicContent/Meshes/SM_NamePlate.uasset" 3154
"C:/Users/shashinda adithya/AppData/Local/UnrealEngine/Common/DerivedDataCache/9/9/2/STATICMESH_9CE2B6FB46754B699726C4AA1515F12E_228332BAE0224DD294E232B87D83948FQU__7752C5C247B48E22EEBE36E2BC2813D069367101.udd" 3155
"C:/Users/shashinda adithya/AppData/Local/UnrealEngine/Common/DerivedDataCache/0/0/8/PHYSX_A08609EF508D460CBB6710540B03AACF_PHYSXPC_346205F84F5A384F41EF0EB5977299C__39C655A1AA54193687DA46F7833F49E5B9641DCB.udd" 3156
"C:/Users/shashinda adithya/AppData/Local/UnrealEngine/Common/DerivedDataCache/6/8/2/NAVCOLLISION_2983273BE5D6425391E8C0B3D1C0A55D_NAVCOLLISION_X_346205F84F5A384F4__C4C4D4ED0C86123E62793115A183374E435FC97B.udd" 3157
"D:/UE4t/Tutorial1/myGames/EndlessRunner/Content/FXVarietyPack/EpicContent/Meshes/SM_BaseRoom.uasset" 3158
"C:/Users/shashinda adithya/AppData/Local/UnrealEngine/Common/DerivedDataCache/8/5/3/STATICMESH_9CE2B6FB46754B699726C4AA1515F12E_228332BAE0224DD294E232B87D83948FQU__3AF132AD66064018F83996247E2F3E49FEEB49AD.udd" 3159
"C:/Users/shashinda adithya/AppData/Local/UnrealEngine/Common/DerivedDataCache/0/3/5/PHYSX_A08609EF508D460CBB6710540B03AACF_PHYSXPC_38921565455204EA4E3A8CA9142BC31__77F539CC7B14F2B021118D00E577519CF1062EE5.udd" 3160
"C:/Users/shashinda adithya/AppData/Local/UnrealEngine/Common/DerivedDataCache/9/2/9/NAVCOLLISION_2983273BE5D6425391E8C0B3D1C0A55D_NAVCOLLISION_X_38921565455204EA4__79A234E9726380017F67C973C64DD9BAA8F1D4CC.udd" 3161
"D:/UE4t/Tutorial1/myGames/EndlessRunner/Content/FXVarietyPack/EpicContent/Meshes/SM_Base_FlatWall.uasset" 3162
"C:/Users/shashinda adithya/AppData/Local/UnrealEngine/Common/DerivedDataCache/4/7/4/STATICMESH_9CE2B6FB46754B699726C4AA1515F12E_228332BAE0224DD294E232B87D83948FQU__58D945FA8C8324D95F989E092CE7B5811587B380.udd" 3163
"C:/Users/shashinda adithya/AppData/Local/UnrealEngine/Common/DerivedDataCache/4/9/1/PHYSX_A08609EF508D460CBB6710540B03AACF_PHYSXPC_42EA1B284F084ACB0A1761A29D2E6C6__CD8AB9EBCD14B4A7D517FC2E477506F5F648E1B1.udd" 3164
"C:/Users/shashinda adithya/AppData/Local/UnrealEngine/Common/DerivedDataCache/2/1/9/NAVCOLLISION_2983273BE5D6425391E8C0B3D1C0A55D_NAVCOLLISION_X_42EA1B284F084ACB0__28CDE5E2DA852C038C40E2A67094C2C255A8D2FB.udd" 3165
"D:/UE4t/Tutorial1/myGames/EndlessRunner/Content/FXVarietyPack/EpicContent/Meshes/SM_Base2.uasset" 3166
"C:/Users/shashinda adithya/AppData/Local/UnrealEngine/Common/DerivedDataCache/2/5/0/STATICMESH_9CE2B6FB46754B699726C4AA1515F12E_228332BAE0224DD294E232B87D83948FQU__087F0E22529504D48515E240819299345F84AD5D.udd" 3167
"C:/Users/shashinda adithya/AppData/Local/UnrealEngine/Common/DerivedDataCache/5/7/9/PHYSX_A08609EF508D460CBB6710540B03AACF_PHYSXPC_787949B04F0FD18553DE4DBC6A9F2B8__B93DE8C02D70CAC68236FCC8700F9662D796B7CA.udd" 3168
"C:/Users/shashinda adithya/AppData/Local/UnrealEngine/Common/DerivedDataCache/2/4/4/NAVCOLLISION_2983273BE5D6425391E8C0B3D1C0A55D_NAVCOLLISION_X_787949B04F0FD1855__1CE0CD870F066122B08540BF5CA96F9B05C3E2CF.udd" 3169
"D:/UE4t/Tutorial1/myGames/EndlessRunner/Content/FXVarietyPack/EpicContent/Meshes/SM_Base.uasset" 3170
"C:/Users/shashinda adithya/AppData/Local/UnrealEngine/Common/DerivedDataCache/0/0/4/STATICMESH_9CE2B6FB46754B699726C4AA1515F12E_228332BAE0224DD294E232B87D83948FQU__6241DD7DA0474546BD9588CF4A1EF89558360937.udd" 3171
"C:/Users/shashinda adithya/AppData/Local/UnrealEngine/Common/DerivedDataCache/7/0/3/PHYSX_A08609EF508D460CBB6710540B03AACF_PHYSXPC_A05287064C5A1E28311884A80D4091A__294CC525431071566B79E806B9AD6E49FD5A0DF7.udd" 3172
"C:/Users/shashinda adithya/AppData/Local/UnrealEngine/Common/DerivedDataCache/7/1/1/NAVCOLLISION_2983273BE5D6425391E8C0B3D1C0A55D_NAVCOLLISION_X_A05287064C5A1E283__3369A4216CA92AF1367629C0B5B04E8C0FBEBF4D.udd" 3173
"D:/UE4t/Tutorial1/myGames/EndlessRunner/Content/FXVarietyPack/EpicContent/Blueprints/BP_DemoDisplay_Enum.uasset" 3174
"C:/Users/shashinda adithya/AppData/Local/UnrealEngine/Common/DerivedDataCache/0/8/1/STATICMESH_9CE2B6FB46754B699726C4AA1515F12E_228332BAE0224DD294E232B87D83948FQU__AB6F449720EDAD0C6515E7F3A2DBB4336EF83A39.udd" 3175
"C:/Users/shashinda adithya/AppData/Local/UnrealEngine/Common/DerivedDataCache/7/1/8/PHYSX_A08609EF508D460CBB6710540B03AACF_PHYSXPC_915A1B9840093D40CCB48F8AEFCED00__8F8BCA8F8A9BF7EAF3F9B648473B1742049EB135.udd" 3176
"C:/Users/shashinda adithya/AppData/Local/UnrealEngine/Common/DerivedDataCache/6/5/6/NAVCOLLISION_2983273BE5D6425391E8C0B3D1C0A55D_NAVCOLLISION_X_915A1B9840093D40C__1C56D479890A00B511230F5E242AB7E88DC7A91C.udd" 3177
"D:/UE4t/Tutorial1/myGames/EndlessRunner/Content/FXVarietyPack/EpicContent/Blueprints/BP_DemoDisplay.uasset" 3178
"C:/Users/shashinda adithya/AppData/Local/UnrealEngine/Common/DerivedDataCache/0/1/8/STATICMESH_9CE2B6FB46754B699726C4AA1515F12E_228332BAE0224DD294E232B87D83948FQU__AE8BF727F47B1930453F8988BA8D7B2AAB04F7BA.udd" 3179
"C:/Users/shashinda adithya/AppData/Local/UnrealEngine/Common/DerivedDataCache/7/4/6/PHYSX_A08609EF508D460CBB6710540B03AACF_PHYSXPC_2567D1E743EC4BC2CBDE678D906FE36__8DBC7F92295FB5061960001019D1477025F43D71.udd" 3180
"C:/Users/shashinda adithya/AppData/Local/UnrealEngine/Common/DerivedDataCache/2/7/0/NAVCOLLISION_2983273BE5D6425391E8C0B3D1C0A55D_NAVCOLLISION_X_2567D1E743EC4BC2C__0CA7538ABC10CF48F558D0DFC73F1D490BBB3DEB.udd" 3181
"D:/UE4t/Tutorial1/myGames/EndlessRunner/Content/FXVarietyPack/Materials/MI_ky_smoke01c.uasset" 3182
"C:/Users/shashinda adithya/AppData/Local/UnrealEngine/Common/DerivedDataCache/2/9/9/STATICMESH_9CE2B6FB46754B699726C4AA1515F12E_228332BAE0224DD294E232B87D83948FQU__7FD4D1AA15A5AFB9EB23C28E6B6A4BA819E65E2C.udd" 3183
"C:/Users/shashinda adithya/AppData/Local/UnrealEngine/Common/DerivedDataCache/7/8/8/PHYSX_A08609EF508D460CBB6710540B03AACF_PHYSXPC_8BB455EF48AABA238CFB98B7C47421D__A1728D9E91572FF902B943E35617147A275C9C68.udd" 3184
"C:/Users/shashinda adithya/AppData/Local/UnrealEngine/Common/DerivedDataCache/2/6/8/NAVCOLLISION_2983273BE5D6425391E8C0B3D1C0A55D_NAVCOLLISION_X_8BB455EF48AABA238__D430BCE0198EED10C95E88EE919F9299679AB250.udd" 3185
"D:/UE4t/Tutorial1/myGames/EndlessRunner/Content/FXVarietyPack/Particles/P_ky_waterBallHit.uasset" 3186
"C:/Users/shashinda adithya/AppData/Local/UnrealEngine/Common/DerivedDataCache/3/9/8/STATICMESH_9CE2B6FB46754B699726C4AA1515F12E_228332BAE0224DD294E232B87D83948FQU__134EAF9238FF9E82DFE53F5DF61D818FF4E87D25.udd" 3187
"C:/Users/shashinda adithya/AppData/Local/UnrealEngine/Common/DerivedDataCache/2/9/4/PHYSX_A08609EF508D460CBB6710540B03AACF_PHYSXPC_68CD2C9C4E6070202FA4E8A8A712837__B2A899CE214732AEFD6EDB4106F0B514D0E596EE.udd" 3188
"C:/Users/shashinda adithya/AppData/Local/UnrealEngine/Common/DerivedDataCache/4/7/8/NAVCOLLISION_2983273BE5D6425391E8C0B3D1C0A55D_NAVCOLLISION_X_68CD2C9C4E6070202__D960F98F72A742C559D4847C964F2709ACE07025.udd" 3189
"D:/UE4t/Tutorial1/myGames/EndlessRunner/Content/FXVarietyPack/Blueprints/BP_ky_waterBallHit.uasset" 3190
"D:/UE4t/Tutorial1/myGames/EndlessRunner/Content/FXVarietyPack/Particles/P_ky_waterBall.uasset" 3191
"D:/UE4t/Tutorial1/myGames/EndlessRunner/Content/FXVarietyPack/Meshes/SM_ky_windSmokeVertRot.uasset" 3192
"C:/Users/shashinda adithya/AppData/Local/UnrealEngine/Common/DerivedDataCache/4/7/1/MATSM_0BA69734E4FD45E082FA4560DBE25454_PCD3D_SM5_8__BC5N_NOCCBN_NOIRIS_DEV_SL___0B5DF93AD97E113E2226663F8D9FD017C04D8D64.udd" 3193
"D:/UE4t/Tutorial1/myGames/EndlessRunner/Content/FXVarietyPack/Meshes/SM_ky_planeBend.uasset" 3194
"C:/Users/shashinda adithya/AppData/Local/UnrealEngine/Common/DerivedDataCache/0/2/0/MATSM_0BA69734E4FD45E082FA4560DBE25454_PCD3D_SM5_8__BC5N_NOCCBN_NOIRIS_DEV_SL___78E6B3EF209D58BE3FBD0F9452F759A64B438632.udd" 3195
"D:/UE4t/Tutorial1/myGames/EndlessRunner/Content/FXVarietyPack/Materials/MI_ky_polarC_two.uasset" 3196
"D:/UE4t/Tutorial1/myGames/EndlessRunner/Content/FXVarietyPack/Textures/T_ky_deco_doom.uasset" 3197
"D:/UE4t/Tutorial1/myGames/EndlessRunner/Content/FXVarietyPack/Materials/M_ky_aura9.uasset" 3198
"C:/Users/shashinda adithya/AppData/Local/UnrealEngine/Common/DerivedDataCache/7/9/5/STATICMESH_9CE2B6FB46754B699726C4AA1515F12E_228332BAE0224DD294E232B87D83948FQU__A435B1A67C46355AF3822F048A5BE361D910BDB5.udd" 3199
"C:/Users/shashinda adithya/AppData/Local/UnrealEngine/Common/DerivedDataCache/8/8/4/PHYSX_A08609EF508D460CBB6710540B03AACF_PHYSXPC_E26FE7D9460F50A17FE35D90D838DAF__1F2D5F2FA7CAA2CB965A5E6EF6E764D7E3CADBAD.udd" 3200
"C:/Users/shashinda adithya/AppData/Local/UnrealEngine/Common/DerivedDataCache/8/3/6/NAVCOLLISION_2983273BE5D6425391E8C0B3D1C0A55D_NAVCOLLISION_X_E26FE7D9460F50A17__F2CAE6F436BD4A2F541CE0DE5B41CDCD5E45016A.udd" 3201
"D:/UE4t/Tutorial1/myGames/EndlessRunner/Content/FXVarietyPack/Materials/MI_ky_aura9.uasset" 3202
"C:/Users/shashinda adithya/AppData/Local/UnrealEngine/Common/DerivedDataCache/1/8/9/STATICMESH_9CE2B6FB46754B699726C4AA1515F12E_228332BAE0224DD294E232B87D83948FQU__CDA34F51DE9CCD6EF3D9645927D7700A9DBF5257.udd" 3203
"C:/Users/shashinda adithya/AppData/Local/UnrealEngine/Common/DerivedDataCache/7/3/1/PHYSX_A08609EF508D460CBB6710540B03AACF_PHYSXPC_D01417C2491E4760CD80E4BBB9EEC91__6AAF612352CAA293552D25FA607DBC5292A30731.udd" 3204
"C:/Users/shashinda adithya/AppData/Local/UnrealEngine/Common/DerivedDataCache/6/9/7/NAVCOLLISION_2983273BE5D6425391E8C0B3D1C0A55D_NAVCOLLISION_X_D01417C2491E4760C__06B5DBA2AED83C064EEA064370FEC51A4F526733.udd" 3205
"D:/UE4t/Tutorial1/myGames/EndlessRunner/Content/FXVarietyPack/Textures/T_ky_flareVert.uasset" 3206
"C:/Users/shashinda adithya/AppData/Local/UnrealEngine/Common/DerivedDataCache/6/4/7/STATICMESH_9CE2B6FB46754B699726C4AA1515F12E_228332BAE0224DD294E232B87D83948FQU__41ED752957682DD50A03BE9F52D534B6DD9C91FF.udd" 3207
"C:/Users/shashinda adithya/AppData/Local/UnrealEngine/Common/DerivedDataCache/4/5/7/PHYSX_A08609EF508D460CBB6710540B03AACF_PHYSXPC_1297373F4F6B7C3E90569DB3B95648E__E62DF392BD99F0999B2287BE8F9D4A0A85461E50.udd" 3208
"C:/Users/shashinda adithya/AppData/Local/UnrealEngine/Common/DerivedDataCache/6/8/0/NAVCOLLISION_2983273BE5D6425391E8C0B3D1C0A55D_NAVCOLLISION_X_1297373F4F6B7C3E9__F2896ADE437EB057B3C4B9BDA1BA9E36C2EB68EA.udd" 3209
"D:/UE4t/Tutorial1/myGames/EndlessRunner/Content/FXVarietyPack/Materials/M_ky_flareVert.uasset" 3210
"C:/Users/shashinda adithya/AppData/Local/UnrealEngine/Common/DerivedDataCache/7/0/5/STATICMESH_9CE2B6FB46754B699726C4AA1515F12E_228332BAE0224DD294E232B87D83948FQU__DB0F7FE06FD87D548A5B0A5D2C587D025333EBEE.udd" 3211
"C:/Users/shashinda adithya/AppData/Local/UnrealEngine/Common/DerivedDataCache/1/8/2/PHYSX_A08609EF508D460CBB6710540B03AACF_PHYSXPC_7AC14B8E452E11DB96ADADBD7282E21__9A7F97F8FCFC660D60E212F6611F7DF1FE5D8A77.udd" 3212
"C:/Users/shashinda adithya/AppData/Local/UnrealEngine/Common/DerivedDataCache/9/9/0/NAVCOLLISION_2983273BE5D6425391E8C0B3D1C0A55D_NAVCOLLISION_X_7AC14B8E452E11DB9__C14C3C1F74CA937E7BAD4519D7E37D87723C1E8A.udd" 3213
"D:/UE4t/Tutorial1/myGames/EndlessRunner/Content/FXVarietyPack/Meshes/SM_ky_quads.uasset" 3214
"C:/Users/shashinda adithya/AppData/Local/UnrealEngine/Common/DerivedDataCache/3/1/1/STATICMESH_9CE2B6FB46754B699726C4AA1515F12E_228332BAE0224DD294E232B87D83948FQU__9A5D877CE906A350557C4BCEDC6AE1D3A91E92A1.udd" 3215
"C:/Users/shashinda adithya/AppData/Local/UnrealEngine/Common/DerivedDataCache/5/0/3/PHYSX_A08609EF508D460CBB6710540B03AACF_PHYSXPC_F2D0B5A549E3743E57CF58A661F4779__40E85DBDD3E2E99C8BCC46C672E4A814E0D378B6.udd" 3216
"C:/Users/shashinda adithya/AppData/Local/UnrealEngine/Common/DerivedDataCache/6/6/2/NAVCOLLISION_2983273BE5D6425391E8C0B3D1C0A55D_NAVCOLLISION_X_F2D0B5A549E3743E5__BCE29088953EC8BF59B7B726C4A781CFE3BE2765.udd" 3217
"D:/UE4t/Tutorial1/myGames/EndlessRunner/Content/FXVarietyPack/Textures/T_ky_maskRGB5.uasset" 3218
"D:/UE4t/Tutorial1/myGames/EndlessRunner/Content/FXVarietyPack/Textures/T_ky_flare3.uasset" 3219
"D:/UE4t/Tutorial1/myGames/EndlessRunner/Content/FXVarietyPack/Materials/M_ky_flarePillar.uasset" 3220
"D:/UE4t/Tutorial1/myGames/EndlessRunner/Content/FXVarietyPack/Particles/P_ky_shotShockwave.uasset" 3221
"D:/UE4t/Tutorial1/myGames/EndlessRunner/Content/FXVarietyPack/Particles/P_ky_fireBall.uasset" 3222
"D:/UE4t/Tutorial1/myGames/EndlessRunner/Content/FXVarietyPack/Blueprints/BP_ky_fireBall.uasset" 3223
"D:/UE4t/Tutorial1/myGames/EndlessRunner/Content/FXVarietyPack/Blueprints/BP_ky_waterBall.uasset" 3224
"C:/Users/shashinda adithya/AppData/Local/UnrealEngine/Common/DerivedDataCache/9/2/7/STATICMESH_9CE2B6FB46754B699726C4AA1515F12E_228332BAE0224DD294E232B87D83948FQU__78104C3080611ED1CD40098415AC626240185BB5.udd" 3225
"C:/Users/shashinda adithya/AppData/Local/UnrealEngine/Common/DerivedDataCache/6/9/4/NAVCOLLISION_2983273BE5D6425391E8C0B3D1C0A55D_NAVCOLLISION_X_5D5A2DFDB1400D743__D360D1D60CCEE728AFB5150307AF7D5295331287.udd" 3226
"D:/UE4t/Tutorial1/myGames/EndlessRunner/Content/FXVarietyPack/Textures/T_ky_shockWave03_4x4.uasset" 3227
"C:/Users/shashinda adithya/AppData/Local/UnrealEngine/Common/DerivedDataCache/4/5/3/STATICMESH_9CE2B6FB46754B699726C4AA1515F12E_228332BAE0224DD294E232B87D83948FQU__3D1835A35BD9CBEDBF8D203FF307B886E25DFA23.udd" 3228
"C:/Users/shashinda adithya/AppData/Local/UnrealEngine/Common/DerivedDataCache/3/2/2/PHYSX_A08609EF508D460CBB6710540B03AACF_PHYSXPC_66F8F1AD5145C8E6854D7F952754C2C__9A8B9E767F6A26FC2DE5391D9398E19D7AA19A46.udd" 3229
"C:/Users/shashinda adithya/AppData/Local/UnrealEngine/Common/DerivedDataCache/1/8/8/NAVCOLLISION_2983273BE5D6425391E8C0B3D1C0A55D_NAVCOLLISION_X_66F8F1AD5145C8E68__1BF2FA28DADD3D4F1C7F8466B1BA2DC3BAF64A89.udd" 3230
"D:/UE4t/Tutorial1/myGames/EndlessRunner/Content/FXVarietyPack/Materials/M_ky_shockWave03_4x4.uasset" 3231
"C:/Users/shashinda adithya/AppData/Local/UnrealEngine/Common/DerivedDataCache/0/8/9/MATSM_0BA69734E4FD45E082FA4560DBE25454_PCD3D_SM5_8__BC5N_NOCCBN_NOIRIS_DEV_SL___EFE459AA56BB8EC3FD2947E651E2DF11D430086E.udd" 3232
"D:/UE4t/Tutorial1/myGames/EndlessRunner/Content/FXVarietyPack/Materials/MI_ky_shockWave03g_4x4.uasset" 3233
"D:/UE4t/Tutorial1/myGames/EndlessRunner/Content/FXVarietyPack/Materials/M_ky_thunderForBeam.uasset" 3234
"D:/UE4t/Tutorial1/myGames/EndlessRunner/Content/FXVarietyPack/Materials/MI_ky_storm01_thunder_nonD.uasset" 3235
"C:/Users/shashinda adithya/AppData/Local/UnrealEngine/Common/DerivedDataCache/0/4/6/MATSM_0BA69734E4FD45E082FA4560DBE25454_PCD3D_SM5_8__BC5N_NOCCBN_NOIRIS_DEV_SL___B8C30F2AE86393343AEE5677D46765FCDB107764.udd" 3236
"D:/UE4t/Tutorial1/myGames/EndlessRunner/Content/FXVarietyPack/Materials/MI_ky_storm01_thunder.uasset" 3237
"D:/UE4t/Tutorial1/myGames/EndlessRunner/Content/FXVarietyPack/Particles/P_ky_thunderStorm.uasset" 3238
"D:/UE4t/Tutorial1/myGames/EndlessRunner/Content/FXVarietyPack/Blueprints/BP_ky_thunderStorm.uasset" 3239
"C:/Users/shashinda adithya/AppData/Local/UnrealEngine/Common/DerivedDataCache/0/6/5/STATICMESH_9CE2B6FB46754B699726C4AA1515F12E_228332BAE0224DD294E232B87D83948FQU__ED2BE823CC46B522647745EF2EBD8CE3C42515B3.udd" 3240
"C:/Users/shashinda adithya/AppData/Local/UnrealEngine/Common/DerivedDataCache/7/3/0/PHYSX_A08609EF508D460CBB6710540B03AACF_PHYSXPC_4F4AB4E1A24CC8396CDB36B38353F10__51B70FDC599D207C15EB6301E6D3B7EBBA31CDE8.udd" 3241
"C:/Users/shashinda adithya/AppData/Local/UnrealEngine/Common/DerivedDataCache/1/7/8/NAVCOLLISION_2983273BE5D6425391E8C0B3D1C0A55D_NAVCOLLISION_X_4F4AB4E1A24CC8396__125A63746AC7B88F675747C047CED3E72093CDC6.udd" 3242
"D:/UE4t/Tutorial1/myGames/EndlessRunner/Content/FXVarietyPack/Materials/MI_ky_smoke01b.uasset" 3243
"D:/UE4t/Tutorial1/myGames/EndlessRunner/Content/FXVarietyPack/Materials/MI_ky_smoke01.uasset" 3244
"D:/UE4t/Tutorial1/myGames/EndlessRunner/Content/FXVarietyPack/Textures/T_ky_lightningDust01_4x4.uasset" 3245
"D:/UE4t/Tutorial1/myGames/EndlessRunner/Content/FXVarietyPack/Textures/T_ky_bg_LC.uasset" 3246
"D:/UE4t/Tutorial1/myGames/EndlessRunner/Content/FXVarietyPack/Materials/M_ky_subUV_dynRGB.uasset" 3247
"D:/UE4t/Tutorial1/myGames/EndlessRunner/Content/FXVarietyPack/Materials/MI_ky_lightningDust01_4x4_nonD.uasset" 3248
"D:/UE4t/Tutorial1/myGames/EndlessRunner/Content/FXVarietyPack/Textures/T_ky_lightning02_4x4.uasset" 3249
"D:/UE4t/Tutorial1/myGames/EndlessRunner/Content/FXVarietyPack/Materials/MI_ky_lightning02_4x4.uasset" 3250
"D:/UE4t/Tutorial1/myGames/EndlessRunner/Content/FXVarietyPack/Particles/P_ky_ThunderBallHit.uasset" 3251
"D:/UE4t/Tutorial1/myGames/EndlessRunner/Content/FXVarietyPack/Blueprints/BP_ky_ThunderBallHit.uasset" 3252
"C:/Users/shashinda adithya/AppData/Local/UnrealEngine/Common/DerivedDataCache/4/8/7/MATSM_0BA69734E4FD45E082FA4560DBE25454_PCD3D_SM5_8__BC5N_NOCCBN_NOIRIS_DEV_SL___2B0141CE0AE70ACF2A78E7D12D1DD0FE2FE7695D.udd" 3253
"D:/UE4t/Tutorial1/myGames/EndlessRunner/Content/FXVarietyPack/Particles/P_ky_thunderBall.uasset" 3254
"D:/UE4t/Tutorial1/myGames/EndlessRunner/Content/FXVarietyPack/Blueprints/BP_ky_thunderBall.uasset" 3255
"D:/UE4t/Tutorial1/myGames/EndlessRunner/Content/FXVarietyPack/Blueprints/BP_ky_shotSpawn.uasset" 3256
"D:/UE4t/Tutorial1/myGames/EndlessRunner/Content/FXVarietyPack/Textures/T_ky_shockwave10_4x4.uasset" 3257
"D:/UE4t/Tutorial1/myGames/EndlessRunner/Content/FXVarietyPack/Textures/T_ky_flareVertical02.uasset" 3258
"D:/UE4t/Tutorial1/myGames/EndlessRunner/Content/FXVarietyPack/Materials/M_ky_flare01_primitive.uasset" 3259
"C:/Users/shashinda adithya/AppData/Local/UnrealEngine/Common/DerivedDataCache/7/4/5/MATSM_0BA69734E4FD45E082FA4560DBE25454_PCD3D_SM5_8__BC5N_NOCCBN_NOIRIS_DEV_SL___B4549B31D94B2A8E1ED295291F2B1BCC2E6C584D.udd" 3260
"D:/UE4t/Tutorial1/myGames/EndlessRunner/Content/FXVarietyPack/Materials/MI_ky_shockwave10R_4x4_nonD.uasset" 3261
"D:/UE4t/Tutorial1/myGames/EndlessRunner/Content/FXVarietyPack/Textures/T_ky_shine01_4x4.uasset" 3262
"D:/UE4t/Tutorial1/myGames/EndlessRunner/Content/FXVarietyPack/Materials/MI_ky_shine01R_nonD.uasset" 3263
"D:/UE4t/Tutorial1/myGames/EndlessRunner/Content/FXVarietyPack/Materials/MI_ky_shine01B.uasset" 3264
"D:/UE4t/Tutorial1/myGames/EndlessRunner/Content/FXVarietyPack/Textures/T_ky_flareVertical03_4x4.uasset" 3265
"D:/UE4t/Tutorial1/myGames/EndlessRunner/Content/FXVarietyPack/Materials/M_ky_subUV03.uasset" 3266
"D:/UE4t/Tutorial1/myGames/EndlessRunner/Content/FXVarietyPack/Materials/MI_ky_flareVertical03b_4x4.uasset" 3267
"D:/UE4t/Tutorial1/myGames/EndlessRunner/Content/FXVarietyPack/Textures/T_ky_deco_rainbow.uasset" 3268
"D:/UE4t/Tutorial1/myGames/EndlessRunner/Content/FXVarietyPack/Materials/M_ky_trail_primitive.uasset" 3269
"D:/UE4t/Tutorial1/myGames/EndlessRunner/Content/FXVarietyPack/Materials/M_ky_polar_primitive.uasset" 3270
"D:/UE4t/Tutorial1/myGames/EndlessRunner/Content/FXVarietyPack/Particles/P_ky_shootingStar1.uasset" 3271
"D:/UE4t/Tutorial1/myGames/EndlessRunner/Content/FXVarietyPack/Blueprints/BP_ky_shootingStar1.uasset" 3272
"D:/UE4t/Tutorial1/myGames/EndlessRunner/Content/FXVarietyPack/Meshes/SM_ky_cylinderBend07.uasset" 3273
"D:/UE4t/Tutorial1/myGames/EndlessRunner/Content/FXVarietyPack/Textures/T_ky_circleDust.uasset" 3274
"D:/UE4t/Tutorial1/myGames/EndlessRunner/Content/FXVarietyPack/Materials/M_ky_base.uasset" 3275
"D:/UE4t/Tutorial1/myGames/EndlessRunner/Content/FXVarietyPack/Materials/MI_ky_circleDust.uasset" 3276
"D:/UE4t/Tutorial1/myGames/EndlessRunner/Content/FXVarietyPack/Textures/T_ky_chantDecoC.uasset" 3277
"D:/UE4t/Tutorial1/myGames/EndlessRunner/Content/FXVarietyPack/Materials/M_ky_chantDecoA.uasset" 3278
"C:/Users/shashinda adithya/AppData/Local/UnrealEngine/Common/DerivedDataCache/5/2/3/MATSM_0BA69734E4FD45E082FA4560DBE25454_PCD3D_SM5_8__BC5N_NOCCBN_NOIRIS_DEV_SL___1EBD0B1773A80B6525E84D5CC42881A383E7122F.udd" 3279
"D:/UE4t/Tutorial1/myGames/EndlessRunner/Content/FXVarietyPack/Materials/MI_ky_chantDecoAc.uasset" 3280
"C:/Users/shashinda adithya/AppData/Local/UnrealEngine/Common/DerivedDataCache/4/4/6/MATSM_0BA69734E4FD45E082FA4560DBE25454_PCD3D_SM5_8__BC5N_NOCCBN_NOIRIS_DEV_SL___9262457DBAFE5789E7CA641DD957587D442A13EF.udd" 3281
"D:/UE4t/Tutorial1/myGames/EndlessRunner/Content/FXVarietyPack/Textures/T_ky_magicCircle020.uasset" 3282
"D:/UE4t/Tutorial1/myGames/EndlessRunner/Content/FXVarietyPack/Materials/M_ky_magicCircle020.uasset" 3283
"D:/UE4t/Tutorial1/myGames/EndlessRunner/Content/FXVarietyPack/Textures/T_ky_noise.uasset" 3284
"D:/UE4t/Tutorial1/myGames/EndlessRunner/Content/FXVarietyPack/Textures/T_ky_auraWallWhite_4x4.uasset" 3285
"D:/UE4t/Tutorial1/myGames/EndlessRunner/Content/FXVarietyPack/Materials/M_ky_Fresnel.uasset" 3286
"D:/UE4t/Tutorial1/myGames/EndlessRunner/Content/FXVarietyPack/Textures/T_ky_circle01_4x4.uasset" 3287
"D:/UE4t/Tutorial1/myGames/EndlessRunner/Content/FXVarietyPack/Materials/M_ky_circle01_4x4G_nonD.uasset" 3288
"D:/UE4t/Tutorial1/myGames/EndlessRunner/Content/FXVarietyPack/Particles/P_ky_magicCircle1.uasset" 3289
"D:/UE4t/Tutorial1/myGames/EndlessRunner/Content/FXVarietyPack/Blueprints/BP_ky_magicCircle1.uasset" 3290
"C:/Users/shashinda adithya/AppData/Local/UnrealEngine/Common/DerivedDataCache/4/4/9/STATICMESH_9CE2B6FB46754B699726C4AA1515F12E_228332BAE0224DD294E232B87D83948FQU__3440041DC67D205E9F2D2ED183F6D900DAD16A66.udd" 3291
"C:/Users/shashinda adithya/AppData/Local/UnrealEngine/Common/DerivedDataCache/0/9/3/PHYSX_A08609EF508D460CBB6710540B03AACF_PHYSXPC_043CF8F9BC4001AE99C988A59B85E4B__34B3C2785FB7A16D1FB15F94EC9FF25F0418F02C.udd" 3292
"C:/Users/shashinda adithya/AppData/Local/UnrealEngine/Common/DerivedDataCache/5/6/5/NAVCOLLISION_2983273BE5D6425391E8C0B3D1C0A55D_NAVCOLLISION_X_043CF8F9BC4001AE9__9A3EABC8F2A52A93D519C1F1C713D6529D9C7091.udd" 3293
"D:/UE4t/Tutorial1/myGames/EndlessRunner/Content/FXVarietyPack/Materials/MI_ky_primitive_dynB_nonD.uasset" 3294
"D:/UE4t/Tutorial1/myGames/EndlessRunner/Content/FXVarietyPack/Materials/MI_ky_dynDust2.uasset" 3295
"D:/UE4t/Tutorial1/myGames/EndlessRunner/Content/FXVarietyPack/Particles/P_ky_lightning3.uasset" 3296
"C:/Users/shashinda adithya/AppData/Local/UnrealEngine/Common/DerivedDataCache/2/9/7/MATSM_0BA69734E4FD45E082FA4560DBE25454_PCD3D_SM5_8__BC5N_NOCCBN_NOIRIS_DEV_SL___9ADA05E5DCE28EA455ECA4DF712338D402C74C94.udd" 3297
"D:/UE4t/Tutorial1/myGames/EndlessRunner/Content/FXVarietyPack/Particles/P_ky_lightning1.uasset" 3298
"D:/UE4t/Tutorial1/myGames/EndlessRunner/Content/FXVarietyPack/Blueprints/BP_ky_lightning1.uasset" 3299
"D:/UE4t/Tutorial1/myGames/EndlessRunner/Content/FXVarietyPack/Blueprints/BP_ky_lightning3.uasset" 3300
"D:/UE4t/Tutorial1/myGames/EndlessRunner/Content/FXVarietyPack/Particles/P_ky_lightning2.uasset" 3301
"D:/UE4t/Tutorial1/myGames/EndlessRunner/Content/FXVarietyPack/Blueprints/BP_ky_lightning2.uasset" 3302
"D:/UE4t/Tutorial1/myGames/EndlessRunner/Content/FXVarietyPack/Textures/T_ky_dust_longStar.uasset" 3303
"../../../Engine/Content/Functions/Engine_MaterialFunctions03/Blends/Blend_Screen.uasset" 3304
"../../../Engine/Content/Functions/Engine_MaterialFunctions01/Gradient/DiamondGradient.uasset" 3305
"D:/UE4t/Tutorial1/myGames/EndlessRunner/Content/FXVarietyPack/Materials/M_ky_starDust.uasset" 3306
"D:/UE4t/Tutorial1/myGames/EndlessRunner/Content/FXVarietyPack/Materials/MI_ky_starDust_sq.uasset" 3307
"D:/UE4t/Tutorial1/myGames/EndlessRunner/Content/FXVarietyPack/Materials/MI_ky_shine01R.uasset" 3308
"D:/UE4t/Tutorial1/myGames/EndlessRunner/Content/FXVarietyPack/Materials/M_ky_laser01.uasset" 3309
"D:/UE4t/Tutorial1/myGames/EndlessRunner/Content/FXVarietyPack/Particles/P_ky_laser01.uasset" 3310
"D:/UE4t/Tutorial1/myGames/EndlessRunner/Content/FXVarietyPack/Blueprints/BP_ky_laser01.uasset" 3311
"D:/UE4t/Tutorial1/myGames/EndlessRunner/Content/FXVarietyPack/Textures/T_ky_flare25_4x4.uasset" 3312
"D:/UE4t/Tutorial1/myGames/EndlessRunner/Content/FXVarietyPack/Materials/MI_ky_flare25_4x4.uasset" 3313
"D:/UE4t/Tutorial1/myGames/EndlessRunner/Content/FXVarietyPack/Particles/P_ky_hit1.uasset" 3314
"D:/UE4t/Tutorial1/myGames/EndlessRunner/Content/FXVarietyPack/Blueprints/BP_ky_hit1.uasset" 3315
"D:/UE4t/Tutorial1/myGames/EndlessRunner/Content/FXVarietyPack/Meshes/SM_ky_cylinder_superLow.uasset" 3316
"D:/UE4t/Tutorial1/myGames/EndlessRunner/Content/FXVarietyPack/Meshes/SM_ky_cylinder_lowPoly_dist.uasset" 3317
"D:/UE4t/Tutorial1/myGames/EndlessRunner/Content/FXVarietyPack/Meshes/SM_ky_auraWall_distB_kai.uasset" 3318
"D:/UE4t/Tutorial1/myGames/EndlessRunner/Content/FXVarietyPack/Materials/MI_ky_starDust_dis.uasset" 3319
"D:/UE4t/Tutorial1/myGames/EndlessRunner/Content/FXVarietyPack/Textures/T_ky_circle9_4x4.uasset" 3320
"D:/UE4t/Tutorial1/myGames/EndlessRunner/Content/FXVarietyPack/Textures/T_ky_maskCircle.uasset" 3321
"D:/UE4t/Tutorial1/myGames/EndlessRunner/Content/FXVarietyPack/Materials/M_ky_base_anime.uasset" 3322
"C:/Users/shashinda adithya/AppData/Local/UnrealEngine/Common/DerivedDataCache/5/7/2/MATSM_0BA69734E4FD45E082FA4560DBE25454_PCD3D_SM5_8__BC5N_NOCCBN_NOIRIS_DEV_SL___1F211F5C9AF389589FCE538EF1BE06319C5F9312.udd" 3323
"D:/UE4t/Tutorial1/myGames/EndlessRunner/Content/FXVarietyPack/Materials/MI_ky_circle9_4x4c2.uasset" 3324
"D:/UE4t/Tutorial1/myGames/EndlessRunner/Content/FXVarietyPack/Textures/T_ky_smoke03.uasset" 3325
"D:/UE4t/Tutorial1/myGames/EndlessRunner/Content/FXVarietyPack/Textures/T_ky_noise13_sml_nor.uasset" 3326
"D:/UE4t/Tutorial1/myGames/EndlessRunner/Content/FXVarietyPack/Materials/M_ky_auraWall02.uasset" 3327
"D:/UE4t/Tutorial1/myGames/EndlessRunner/Content/FXVarietyPack/Materials/MI_ky_auraWall02_two.uasset" 3328
"D:/UE4t/Tutorial1/myGames/EndlessRunner/Content/FXVarietyPack/Textures/T_ky_aura011_4x4.uasset" 3329
"D:/UE4t/Tutorial1/myGames/EndlessRunner/Content/FXVarietyPack/Materials/MI_ky_aura011_4x4_nonD.uasset" 3330
"D:/UE4t/Tutorial1/myGames/EndlessRunner/Content/FXVarietyPack/Materials/MI_ky_aura011_4x4.uasset" 3331
"D:/UE4t/Tutorial1/myGames/EndlessRunner/Content/FXVarietyPack/Textures/T_ky_dust01_4x4.uasset" 3332
"C:/Users/shashinda adithya/AppData/Local/UnrealEngine/Common/DerivedDataCache/4/0/4/STATICMESH_9CE2B6FB46754B699726C4AA1515F12E_228332BAE0224DD294E232B87D83948FQU__DAAC1A93B373A05EF94261E72A2DAC93F45CF832.udd" 3333
"C:/Users/shashinda adithya/AppData/Local/UnrealEngine/Common/DerivedDataCache/1/1/5/PHYSX_A08609EF508D460CBB6710540B03AACF_PHYSXPC_4910D8690C430560413A36AB014EDE4__FBB7C66E3800B0514D49BA926A776C96AF1BD3E6.udd" 3334
"C:/Users/shashinda adithya/AppData/Local/UnrealEngine/Common/DerivedDataCache/3/9/4/NAVCOLLISION_2983273BE5D6425391E8C0B3D1C0A55D_NAVCOLLISION_X_4910D8690C4305604__01E30B153C7C22A98E09C1CA96F8BAEB4A79A66B.udd" 3335
"D:/UE4t/Tutorial1/myGames/EndlessRunner/Content/FXVarietyPack/Materials/Mfunction/MF_ky_UVcontrol_4x4.uasset" 3336
"C:/Users/shashinda adithya/AppData/Local/UnrealEngine/Common/DerivedDataCache/7/9/6/STATICMESH_9CE2B6FB46754B699726C4AA1515F12E_228332BAE0224DD294E232B87D83948FQU__8F77CC1658224F41FC866614ACE2A0BF58041A68.udd" 3337
"C:/Users/shashinda adithya/AppData/Local/UnrealEngine/Common/DerivedDataCache/7/7/9/PHYSX_A08609EF508D460CBB6710540B03AACF_PHYSXPC_662F6347284F8648BB88EC94EBBB04E__04FCD5B1EA479CD879432122430513401F16A86B.udd" 3338
"C:/Users/shashinda adithya/AppData/Local/UnrealEngine/Common/DerivedDataCache/8/2/2/NAVCOLLISION_2983273BE5D6425391E8C0B3D1C0A55D_NAVCOLLISION_X_662F6347284F8648B__FBC26A4DFABBD02137E225F43437E4A06F5B732B.udd" 3339
"D:/UE4t/Tutorial1/myGames/EndlessRunner/Content/FXVarietyPack/Materials/M_ky_dust01_4x4.uasset" 3340
"C:/Users/shashinda adithya/AppData/Local/UnrealEngine/Common/DerivedDataCache/9/9/9/STATICMESH_9CE2B6FB46754B699726C4AA1515F12E_228332BAE0224DD294E232B87D83948FQU__47CEA8105532BC690437FD77D1E894CF5419CD71.udd" 3341
"C:/Users/shashinda adithya/AppData/Local/UnrealEngine/Common/DerivedDataCache/4/6/5/PHYSX_A08609EF508D460CBB6710540B03AACF_PHYSXPC_58F2FCFCC844E8D06FBFC99810B9355__5861AC8C4184CE47FD4B24945B34149310C0E8A3.udd" 3342
"C:/Users/shashinda adithya/AppData/Local/UnrealEngine/Common/DerivedDataCache/0/5/0/NAVCOLLISION_2983273BE5D6425391E8C0B3D1C0A55D_NAVCOLLISION_X_58F2FCFCC844E8D06__C6BBF213D6B7487EB09C00D4844140DB71D9F9E0.udd" 3343
"D:/UE4t/Tutorial1/myGames/EndlessRunner/Content/FXVarietyPack/Particles/P_ky_healAura.uasset" 3344
"C:/Users/shashinda adithya/AppData/Local/UnrealEngine/Common/DerivedDataCache/4/2/6/MATSM_0BA69734E4FD45E082FA4560DBE25454_PCD3D_SM5_8__BC5N_NOCCBN_NOIRIS_DEV_SL___779F2016405B2C7D0BB047D7B54E5EAB6C6F6DBF.udd" 3345
"D:/UE4t/Tutorial1/myGames/EndlessRunner/Content/FXVarietyPack/Blueprints/BP_ky_healAura.uasset" 3346
"D:/UE4t/Tutorial1/myGames/EndlessRunner/Content/FXVarietyPack/Materials/MI_ky_stormDeco01_fire.uasset" 3347
"D:/UE4t/Tutorial1/myGames/EndlessRunner/Content/FXVarietyPack/Materials/MI_ky_storm01_fire_nonD1.uasset" 3348
"D:/UE4t/Tutorial1/myGames/EndlessRunner/Content/FXVarietyPack/Materials/MI_ky_storm01_fire.uasset" 3349
"C:/Users/shashinda adithya/AppData/Local/UnrealEngine/Common/DerivedDataCache/9/9/0/MATSM_0BA69734E4FD45E082FA4560DBE25454_PCD3D_SM5_8__BC5N_NOCCBN_NOIRIS_DEV_SL___EFF62E55C662E04FE6BFF11C70E6E42939FA3FC8.udd" 3350
"D:/UE4t/Tutorial1/myGames/EndlessRunner/Content/FXVarietyPack/Particles/P_ky_fireStorm.uasset" 3351
"D:/UE4t/Tutorial1/myGames/EndlessRunner/Content/FXVarietyPack/Blueprints/BP_ky_fireStorm.uasset" 3352
"D:/UE4t/Tutorial1/myGames/EndlessRunner/Content/FXVarietyPack/Map/Overview.umap" 3353
"D:/UE4t/Tutorial1/myGames/EndlessRunner/Content/Construction_VOL2/Textures/Unique/TX_WheelBarrel_01_RMA.uasset" 3354
"C:/Users/shashinda adithya/AppData/Local/UnrealEngine/Common/DerivedDataCache/3/2/9/MATSM_0BA69734E4FD45E082FA4560DBE25454_PCD3D_SM5_8__BC5N_NOCCBN_NOIRIS_DEV_SL___16C1415A852DF2FB59C89B3B0B0E6F339A97CCD6.udd" 3355
"D:/UE4t/Tutorial1/myGames/EndlessRunner/Content/Construction_VOL2/Textures/Unique/TX_WheelBarrel_01_NRM.uasset" 3356
"D:/UE4t/Tutorial1/myGames/EndlessRunner/Content/Construction_VOL2/Textures/Unique/TX_WheelBarrel_01_ALB.uasset" 3357
"D:/UE4t/Tutorial1/myGames/EndlessRunner/Content/Construction_VOL2/Textures/Tileable/TX_Noise_NRM.uasset" 3358
"D:/UE4t/Tutorial1/myGames/EndlessRunner/Content/Construction_VOL2/Textures/Tileable/TX_Micro_MASK.uasset" 3359
"D:/UE4t/Tutorial1/myGames/EndlessRunner/Content/Construction_VOL2/Materials/Functions/MF_MicroDetail_01a.uasset" 3360
"D:/UE4t/Tutorial1/myGames/EndlessRunner/Content/Construction_VOL2/Textures/Utility/TX_Fill_01_RMA.uasset" 3361
"D:/UE4t/Tutorial1/myGames/EndlessRunner/Content/Construction_VOL2/Textures/Utility/TX_Fill_01_NRM.uasset" 3362
"D:/UE4t/Tutorial1/myGames/EndlessRunner/Content/Construction_VOL2/Textures/Utility/TX_Fill_01_ALB.uasset" 3363
"D:/UE4t/Tutorial1/myGames/EndlessRunner/Content/Construction_VOL2/Materials/Masters/MM_MasterMaterial_01.uasset" 3364
"D:/UE4t/Tutorial1/myGames/EndlessRunner/Content/Construction_VOL2/Materials/Instances/MI_WheelBarrow_01a.uasset" 3365
"D:/UE4t/Tutorial1/myGames/EndlessRunner/Content/Construction_VOL2/Meshes/SM_WheelBarrel_01b.uasset" 3366
"D:/UE4t/Tutorial1/myGames/EndlessRunner/Content/Construction_VOL2/Textures/Unique/TX_RebarCutter_01a_RMA.uasset" 3367
"D:/UE4t/Tutorial1/myGames/EndlessRunner/Content/Construction_VOL2/Textures/Unique/TX_RebarCutter_01a_NRM.uasset" 3368
"D:/UE4t/Tutorial1/myGames/EndlessRunner/Content/Construction_VOL2/Textures/Unique/TX_RebarCutter_01a_ALB.uasset" 3369
"C:/Users/shashinda adithya/AppData/Local/UnrealEngine/Common/DerivedDataCache/4/0/7/PHYSX_A08609EF508D460CBB6710540B03AACF_PHYSXPC_AED2A3D77F44F1D04FDF0EA225490C4B__1_0_0_0_2_13315_0.udd" 3370
"D:/UE4t/Tutorial1/myGames/EndlessRunner/Content/Construction_VOL2/Materials/Instances/MI_RebarCutter_01a.uasset" 3371
"D:/UE4t/Tutorial1/myGames/EndlessRunner/Content/Construction_VOL2/Meshes/SM_RebarCutterCordless_01a.uasset" 3372
"D:/UE4t/Tutorial1/myGames/EndlessRunner/Content/Construction_VOL2/Meshes/SM_RebarCutterCord_01a.uasset" 3373
"D:/UE4t/Tutorial1/myGames/EndlessRunner/Content/Construction_VOL2/Meshes/SM_RebarCutter_01a.uasset" 3374
"D:/UE4t/Tutorial1/myGames/EndlessRunner/Content/Construction_VOL2/Textures/Unique/TX_Plywood_01_RMA.uasset" 3375
"D:/UE4t/Tutorial1/myGames/EndlessRunner/Content/Construction_VOL2/Textures/Unique/TX_Plywood_01_NRM.uasset" 3376
"D:/UE4t/Tutorial1/myGames/EndlessRunner/Content/Construction_VOL2/Textures/Unique/TX_Plywood_01_ALB.uasset" 3377
"D:/UE4t/Tutorial1/myGames/EndlessRunner/Content/Construction_VOL2/Materials/Instances/MI_PlywoodTable_01a.uasset" 3378
"D:/UE4t/Tutorial1/myGames/EndlessRunner/Content/Construction_VOL2/Meshes/SM_Plywood_05a.uasset" 3379
"D:/UE4t/Tutorial1/myGames/EndlessRunner/Content/Construction_VOL2/Meshes/SM_Plywood_04a.uasset" 3380
"D:/UE4t/Tutorial1/myGames/EndlessRunner/Content/Construction_VOL2/Meshes/SM_Plywood_03a.uasset" 3381
"D:/UE4t/Tutorial1/myGames/EndlessRunner/Content/Construction_VOL2/Meshes/SM_Plywood_02a.uasset" 3382
"C:/Users/shashinda adithya/AppData/Local/UnrealEngine/Common/DerivedDataCache/2/2/6/STATICMESH_9CE2B6FB46754B699726C4AA1515F12E_228332BAE0224DD294E232B87D83948FQU__D790DCA0D751F22C2A55EF5F10C58C0E8934DE01.udd" 3383
"C:/Users/shashinda adithya/AppData/Local/UnrealEngine/Common/DerivedDataCache/9/3/5/PHYSX_A08609EF508D460CBB6710540B03AACF_PHYSXPC_31B2EDAD4596B92FBB43CEAE81D6070__08DA0D8DB282987B179DE93D965AF586FB17B1C6.udd" 3384
"C:/Users/shashinda adithya/AppData/Local/UnrealEngine/Common/DerivedDataCache/8/7/3/NAVCOLLISION_2983273BE5D6425391E8C0B3D1C0A55D_NAVCOLLISION_X_31B2EDAD4596B92FB__2EBCF9279A72C6F7767D39ACE344D3EB87E1044E.udd" 3385
"D:/UE4t/Tutorial1/myGames/EndlessRunner/Content/Construction_VOL2/Textures/Unique/TX_Cord_01a_RMA.uasset" 3386
"D:/UE4t/Tutorial1/myGames/EndlessRunner/Content/Construction_VOL2/Textures/Unique/TX_Cord_01a_NRM.uasset" 3387
"D:/UE4t/Tutorial1/myGames/EndlessRunner/Content/Construction_VOL2/Textures/Unique/TX_Cord_01a_ALB.uasset" 3388
"D:/UE4t/Tutorial1/myGames/EndlessRunner/Content/Construction_VOL2/Materials/Instances/MI_Cord_01a.uasset" 3389
"D:/UE4t/Tutorial1/myGames/EndlessRunner/Content/Construction_VOL2/Meshes/SM_Cord_03a.uasset" 3390
"C:/Users/shashinda adithya/AppData/Local/UnrealEngine/Common/DerivedDataCache/9/1/2/STATICMESH_9CE2B6FB46754B699726C4AA1515F12E_228332BAE0224DD294E232B87D83948FQU__C82AD7795A165CCD7E73300F546DA93E50C7A1C1.udd" 3391
"C:/Users/shashinda adithya/AppData/Local/UnrealEngine/Common/DerivedDataCache/4/2/2/PHYSX_A08609EF508D460CBB6710540B03AACF_PHYSXPC_259A5F6240C90F8791E9AA855961D9A__A8C7AEA8A2D6931DAEC4E14706E42D92DA3C53E1.udd" 3392
"C:/Users/shashinda adithya/AppData/Local/UnrealEngine/Common/DerivedDataCache/2/9/8/NAVCOLLISION_2983273BE5D6425391E8C0B3D1C0A55D_NAVCOLLISION_X_259A5F6240C90F879__85E1BA4FDA7EDD22CB405B6893096BE4CCC20E2F.udd" 3393
"D:/UE4t/Tutorial1/myGames/EndlessRunner/Content/Construction_VOL2/Meshes/SM_Cord_02a.uasset" 3394
"C:/Users/shashinda adithya/AppData/Local/UnrealEngine/Common/DerivedDataCache/8/8/4/STATICMESH_9CE2B6FB46754B699726C4AA1515F12E_228332BAE0224DD294E232B87D83948FQU__F6C218A235DC27D7128699A261F1951E82140A66.udd" 3395
"C:/Users/shashinda adithya/AppData/Local/UnrealEngine/Common/DerivedDataCache/5/8/8/PHYSX_A08609EF508D460CBB6710540B03AACF_PHYSXPC_DA47E1B24786131D2A3A8CBD7EEBEE9__AEB0941F4755CF673C6F7A1472C0698CBB77C9AC.udd" 3396
"C:/Users/shashinda adithya/AppData/Local/UnrealEngine/Common/DerivedDataCache/6/1/5/NAVCOLLISION_2983273BE5D6425391E8C0B3D1C0A55D_NAVCOLLISION_X_DA47E1B24786131D2__5AE15F05FECA993F0F83460EB1AB308354051173.udd" 3397
"D:/UE4t/Tutorial1/myGames/EndlessRunner/Content/Construction_VOL2/Meshes/SM_Cord_01a.uasset" 3398
"C:/Users/shashinda adithya/AppData/Local/UnrealEngine/Common/DerivedDataCache/4/7/8/STATICMESH_9CE2B6FB46754B699726C4AA1515F12E_228332BAE0224DD294E232B87D83948FQU__858A87E44A11142845DFB594F9F42EF6C6EFAE8C.udd" 3399
"C:/Users/shashinda adithya/AppData/Local/UnrealEngine/Common/DerivedDataCache/2/3/0/PHYSX_A08609EF508D460CBB6710540B03AACF_PHYSXPC_C566E682495DE2ADD05A48943E72397__AA27DCEEA0EACC6E4950064EB9C04608AA6B4AF0.udd" 3400
"C:/Users/shashinda adithya/AppData/Local/UnrealEngine/Common/DerivedDataCache/1/6/7/NAVCOLLISION_2983273BE5D6425391E8C0B3D1C0A55D_NAVCOLLISION_X_C566E682495DE2ADD__D16BF9F7131031B67DD532E1268071A2C93626D6.udd" 3401
"D:/UE4t/Tutorial1/myGames/EndlessRunner/Content/Construction_VOL2/Textures/Unique/TX_PaintBucket_RMA.uasset" 3402
"D:/UE4t/Tutorial1/myGames/EndlessRunner/Content/Construction_VOL2/Textures/Unique/TX_PaintBucket_NRM.uasset" 3403
"D:/UE4t/Tutorial1/myGames/EndlessRunner/Content/Construction_VOL2/Materials/Instances/MI_PaintBucket_01.uasset" 3404
"D:/UE4t/Tutorial1/myGames/EndlessRunner/Content/Construction_VOL2/Textures/Unique/TX_PaintBucket_ALB.uasset" 3405
"D:/UE4t/Tutorial1/myGames/EndlessRunner/Content/Construction_VOL2/Meshes/SM_PaintBucket_Lid_01a.uasset" 3406
"C:/Users/shashinda adithya/AppData/Local/UnrealEngine/Common/DerivedDataCache/1/2/5/STATICMESH_9CE2B6FB46754B699726C4AA1515F12E_228332BAE0224DD294E232B87D83948FQU__2AFA56289F9E84A27A141A1AFBB3CDD64E25B8FC.udd" 3407
"C:/Users/shashinda adithya/AppData/Local/UnrealEngine/Common/DerivedDataCache/1/1/0/PHYSX_A08609EF508D460CBB6710540B03AACF_PHYSXPC_050C1E0E48C8592E0F9650BA9B1192E__E0302090EEED87B4814960B1CFAE19B8F4FB9341.udd" 3408
"C:/Users/shashinda adithya/AppData/Local/UnrealEngine/Common/DerivedDataCache/4/0/3/NAVCOLLISION_2983273BE5D6425391E8C0B3D1C0A55D_NAVCOLLISION_X_050C1E0E48C8592E0__37D0C3556AAA3C3DA68A4F9C46F4497325A6EB0A.udd" 3409
"D:/UE4t/Tutorial1/myGames/EndlessRunner/Content/Construction_VOL2/Maps/Overview_BuiltData.uasset" 3410
"C:/Users/shashinda adithya/AppData/Local/UnrealEngine/Common/DerivedDataCache/3/2/5/STATICMESH_9CE2B6FB46754B699726C4AA1515F12E_228332BAE0224DD294E232B87D83948FQU__1A0C7A59EF26F4B143125F14BC2E5B47D1FC376D.udd" 3411
"C:/Users/shashinda adithya/AppData/Local/UnrealEngine/Common/DerivedDataCache/6/0/2/PHYSX_A08609EF508D460CBB6710540B03AACF_PHYSXPC_18CB91164643152787CD84B1C5B84A1__BF369200B1AA7F75CEB97103E88CD7A18102933A.udd" 3412
"C:/Users/shashinda adithya/AppData/Local/UnrealEngine/Common/DerivedDataCache/7/7/3/NAVCOLLISION_2983273BE5D6425391E8C0B3D1C0A55D_NAVCOLLISION_X_18CB9116464315278__FBAC974E6F71989894865C62365ED5603EBBA71B.udd" 3413
"D:/UE4t/Tutorial1/myGames/EndlessRunner/Content/Construction_VOL2/Meshes/SM_WheelBarrel_01a.uasset" 3414
"C:/Users/shashinda adithya/AppData/Local/UnrealEngine/Common/DerivedDataCache/3/4/5/STATICMESH_9CE2B6FB46754B699726C4AA1515F12E_228332BAE0224DD294E232B87D83948FQU__9E4F99A41F6D1EA3EAB80768D423731AF8BA4406.udd" 3415
"C:/Users/shashinda adithya/AppData/Local/UnrealEngine/Common/DerivedDataCache/3/2/9/PHYSX_A08609EF508D460CBB6710540B03AACF_PHYSXPC_0F9400A8410E978B41630583703CE16__61BF8F370D62C0189AF4570BD2A43BC6E746C55F.udd" 3416
"C:/Users/shashinda adithya/AppData/Local/UnrealEngine/Common/DerivedDataCache/1/2/1/NAVCOLLISION_2983273BE5D6425391E8C0B3D1C0A55D_NAVCOLLISION_X_0F9400A8410E978B4__2F008B9DBAE419D0D61319B8142A04185A554AB3.udd" 3417
"D:/UE4t/Tutorial1/myGames/EndlessRunner/Content/Construction_VOL2/Textures/Unique/TX_TallGasCanister_01_RMA.uasset" 3418
"C:/Users/shashinda adithya/AppData/Local/UnrealEngine/Common/DerivedDataCache/3/7/7/STATICMESH_9CE2B6FB46754B699726C4AA1515F12E_228332BAE0224DD294E232B87D83948FQU__2ADB02114E1CA4ECBE0411B4A91DE1BDE6F02B6B.udd" 3419
"C:/Users/shashinda adithya/AppData/Local/UnrealEngine/Common/DerivedDataCache/0/6/5/PHYSX_A08609EF508D460CBB6710540B03AACF_PHYSXPC_3349EA5E4AE7E0585FEA76BD75FB82F__84A3547F6C02C54D027C9D971FC36E0C2C6FEE1E.udd" 3420
"C:/Users/shashinda adithya/AppData/Local/UnrealEngine/Common/DerivedDataCache/2/8/3/NAVCOLLISION_2983273BE5D6425391E8C0B3D1C0A55D_NAVCOLLISION_X_3349EA5E4AE7E0585__2772F929A1590432B0C9DF7E789D8E7BED5429CB.udd" 3421
"D:/UE4t/Tutorial1/myGames/EndlessRunner/Content/Construction_VOL2/Textures/Unique/TX_TallGasCanister_01_NRM.uasset" 3422
"D:/UE4t/Tutorial1/myGames/EndlessRunner/Content/Construction_VOL2/Textures/Unique/TX_TallGasCanister_01_ALB.uasset" 3423
"D:/UE4t/Tutorial1/myGames/EndlessRunner/Content/Construction_VOL2/Materials/Instances/MI_TallGasCanister_01a.uasset" 3424
"D:/UE4t/Tutorial1/myGames/EndlessRunner/Content/Construction_VOL2/Meshes/SM_TallGasCanister_01.uasset" 3425
"D:/UE4t/Tutorial1/myGames/EndlessRunner/Content/Construction_VOL2/Textures/Unique/TX_SurveyorStand_01a_RMA.uasset" 3426
"C:/Users/shashinda adithya/AppData/Local/UnrealEngine/Common/DerivedDataCache/7/4/9/STATICMESH_9CE2B6FB46754B699726C4AA1515F12E_228332BAE0224DD294E232B87D83948FQU__C553E326A2AE833B0F46BB8643F4B992F89FDD06.udd" 3427
"C:/Users/shashinda adithya/AppData/Local/UnrealEngine/Common/DerivedDataCache/5/6/6/PHYSX_A08609EF508D460CBB6710540B03AACF_PHYSXPC_B315F26745E5A0906B789AB10E7316D__77B1FAD0271BBEAFDC478ED74200200CB450E908.udd" 3428
"C:/Users/shashinda adithya/AppData/Local/UnrealEngine/Common/DerivedDataCache/9/7/2/NAVCOLLISION_2983273BE5D6425391E8C0B3D1C0A55D_NAVCOLLISION_X_B315F26745E5A0906__B556F6E67CEF3DF9AED24C0706860D36285D64B7.udd" 3429
"D:/UE4t/Tutorial1/myGames/EndlessRunner/Content/Construction_VOL2/Textures/Unique/TX_SurveyorStand_01a_NRM.uasset" 3430
"C:/Users/shashinda adithya/AppData/Local/UnrealEngine/Common/DerivedDataCache/0/2/0/STATICMESH_9CE2B6FB46754B699726C4AA1515F12E_228332BAE0224DD294E232B87D83948FQU__6E35BD41B724231F6845227BB00ACF6B6151A58B.udd" 3431
"C:/Users/shashinda adithya/AppData/Local/UnrealEngine/Common/DerivedDataCache/7/8/2/PHYSX_A08609EF508D460CBB6710540B03AACF_PHYSXPC_C6E2DFD040A86276D6ADA4A3D77A14A__9D76EE3A25FB6B2DC7999BE7D55E594525E1E969.udd" 3432
"C:/Users/shashinda adithya/AppData/Local/UnrealEngine/Common/DerivedDataCache/2/2/0/NAVCOLLISION_2983273BE5D6425391E8C0B3D1C0A55D_NAVCOLLISION_X_C6E2DFD040A86276D__418BE5847D04AF755AB5B57825EFAC5BF2CD3E04.udd" 3433
"D:/UE4t/Tutorial1/myGames/EndlessRunner/Content/Construction_VOL2/Textures/Unique/TX_Surveyorstand_01a_ALB.uasset" 3434
"C:/Users/shashinda adithya/AppData/Local/UnrealEngine/Common/DerivedDataCache/2/7/9/STATICMESH_9CE2B6FB46754B699726C4AA1515F12E_228332BAE0224DD294E232B87D83948FQU__9245AC2F01DDF36FFFA4A7773F4CC5066C001748.udd" 3435
"C:/Users/shashinda adithya/AppData/Local/UnrealEngine/Common/DerivedDataCache/8/9/5/PHYSX_A08609EF508D460CBB6710540B03AACF_PHYSXPC_FF40A0404B62732247A7FA8D47FCFE1__A4B3273999B1F39EF742C31F26C3D4F5CEEFFAE3.udd" 3436
"C:/Users/shashinda adithya/AppData/Local/UnrealEngine/Common/DerivedDataCache/3/5/0/NAVCOLLISION_2983273BE5D6425391E8C0B3D1C0A55D_NAVCOLLISION_X_FF40A0404B6273224__8BEC58991FBB7DFFBA9ECECB41BFCBBBABE79B23.udd" 3437
"D:/UE4t/Tutorial1/myGames/EndlessRunner/Content/Construction_VOL2/Materials/Instances/MI_SurveyorStand_01a.uasset" 3438
"D:/UE4t/Tutorial1/myGames/EndlessRunner/Content/Construction_VOL2/Meshes/SM_SurveyorStand_01b.uasset" 3439
"D:/UE4t/Tutorial1/myGames/EndlessRunner/Content/Construction_VOL2/Meshes/SM_SurveyorStand_01a.uasset" 3440
"D:/UE4t/Tutorial1/myGames/EndlessRunner/Content/Construction_VOL2/Textures/Unique/TX_Spool_02a_RMA.uasset" 3441
"C:/Users/shashinda adithya/AppData/Local/UnrealEngine/Common/DerivedDataCache/4/7/1/MATSM_0BA69734E4FD45E082FA4560DBE25454_PCD3D_SM5_8__BC5N_NOCCBN_NOIRIS_DEV_SL___486904D10CAD394D96F76B664E6E4826A93BF8B4.udd" 3442
"D:/UE4t/Tutorial1/myGames/EndlessRunner/Content/Construction_VOL2/Textures/Unique/TX_Spool_02a_NRM.uasset" 3443
"C:/Users/shashinda adithya/AppData/Local/UnrealEngine/Common/DerivedDataCache/9/4/4/STATICMESH_9CE2B6FB46754B699726C4AA1515F12E_228332BAE0224DD294E232B87D83948FQU__61B06212269967ED85D79206E82B79E0F865F56F.udd" 3444
"C:/Users/shashinda adithya/AppData/Local/UnrealEngine/Common/DerivedDataCache/6/5/5/PHYSX_A08609EF508D460CBB6710540B03AACF_PHYSXPC_98F5949D449F9ACCAEA3D3992240B71__A7C90CF6C716B2E0BADF068FBD00ACD61F56C04B.udd" 3445
"C:/Users/shashinda adithya/AppData/Local/UnrealEngine/Common/DerivedDataCache/5/4/0/NAVCOLLISION_2983273BE5D6425391E8C0B3D1C0A55D_NAVCOLLISION_X_98F5949D449F9ACCA__E9128E132EE8393241A521FA64B3B88653232C15.udd" 3446
"D:/UE4t/Tutorial1/myGames/EndlessRunner/Content/Construction_VOL2/Textures/Unique/TX_Spool_02a_ALB.uasset" 3447
"D:/UE4t/Tutorial1/myGames/EndlessRunner/Content/Construction_VOL2/Materials/Instances/MI_Spool_02a.uasset" 3448
"C:/Users/shashinda adithya/AppData/Local/UnrealEngine/Common/DerivedDataCache/3/2/4/STATICMESH_9CE2B6FB46754B699726C4AA1515F12E_228332BAE0224DD294E232B87D83948FQU__00DD9C4E930B938B805FACDA6EEA6BB84924770C.udd" 3449
"C:/Users/shashinda adithya/AppData/Local/UnrealEngine/Common/DerivedDataCache/3/8/0/PHYSX_A08609EF508D460CBB6710540B03AACF_PHYSXPC_3F95DBE1453ECD9D96AD23A05FE8C89__3FDC307FB02EE95F51989D9C38CE71CD49963003.udd" 3450
"C:/Users/shashinda adithya/AppData/Local/UnrealEngine/Common/DerivedDataCache/4/9/8/NAVCOLLISION_2983273BE5D6425391E8C0B3D1C0A55D_NAVCOLLISION_X_3F95DBE1453ECD9D9__F827E1E9D2F009612C083A1425DB90A6211A9D1A.udd" 3451
"D:/UE4t/Tutorial1/myGames/EndlessRunner/Content/Construction_VOL2/Meshes/SM_Spool_01a.uasset" 3452
"D:/UE4t/Tutorial1/myGames/EndlessRunner/Content/Construction_VOL2/Textures/Unique/TX_Shovel_01_RMA.uasset" 3453
"D:/UE4t/Tutorial1/myGames/EndlessRunner/Content/Construction_VOL2/Textures/Unique/TX_Shovel_01_NRM.uasset" 3454
"D:/UE4t/Tutorial1/myGames/EndlessRunner/Content/Construction_VOL2/Textures/Unique/TX_Shovel_01_ALB.uasset" 3455
"C:/Users/shashinda adithya/AppData/Local/UnrealEngine/Common/DerivedDataCache/6/6/3/MATSM_0BA69734E4FD45E082FA4560DBE25454_PCD3D_SM5_8__BC5N_NOCCBN_NOIRIS_DEV_SL___77CF14DD9F9BD6BF2C612276EE2B4909E84471F6.udd" 3456
"D:/UE4t/Tutorial1/myGames/EndlessRunner/Content/Construction_VOL2/Materials/Instances/MI_ShoveL01a.uasset" 3457
"C:/Users/shashinda adithya/AppData/Local/UnrealEngine/Common/DerivedDataCache/0/0/2/STATICMESH_9CE2B6FB46754B699726C4AA1515F12E_228332BAE0224DD294E232B87D83948FQU__B3727FDECBFA19C71682BFDAA0254BF4E475DF9C.udd" 3458
"C:/Users/shashinda adithya/AppData/Local/UnrealEngine/Common/DerivedDataCache/2/1/5/PHYSX_A08609EF508D460CBB6710540B03AACF_PHYSXPC_81E5BE874E6DAABD3F4D7F87C85D199__430A6D6066D5F50CA10716667BC9241020F06AD3.udd" 3459
"C:/Users/shashinda adithya/AppData/Local/UnrealEngine/Common/DerivedDataCache/1/1/0/NAVCOLLISION_2983273BE5D6425391E8C0B3D1C0A55D_NAVCOLLISION_X_81E5BE874E6DAABD3__FBB9011BCEEA647E228CF84F9BAC2818E24B0CF4.udd" 3460
"D:/UE4t/Tutorial1/myGames/EndlessRunner/Content/Construction_VOL2/Meshes/SM_Shovel_01.uasset" 3461
"D:/UE4t/Tutorial1/myGames/EndlessRunner/Content/Construction_VOL2/Textures/Unique/TX_Sander_01a_RMA.uasset" 3462
"D:/UE4t/Tutorial1/myGames/EndlessRunner/Content/Construction_VOL2/Textures/Unique/TX_Sander_01a_NRM.uasset" 3463
"D:/UE4t/Tutorial1/myGames/EndlessRunner/Content/Construction_VOL2/Textures/Unique/TX_Sander_01a_ALB.uasset" 3464
"C:/Users/shashinda adithya/AppData/Local/UnrealEngine/Common/DerivedDataCache/7/0/0/MATSM_0BA69734E4FD45E082FA4560DBE25454_PCD3D_SM5_8__BC5N_NOCCBN_NOIRIS_DEV_SL___1043AF9B083DBF228254572D97D95A661A8050B6.udd" 3465
"D:/UE4t/Tutorial1/myGames/EndlessRunner/Content/Construction_VOL2/Materials/Instances/MI_Sander_01a.uasset" 3466
"C:/Users/shashinda adithya/AppData/Local/UnrealEngine/Common/DerivedDataCache/4/3/8/STATICMESH_9CE2B6FB46754B699726C4AA1515F12E_228332BAE0224DD294E232B87D83948FQU__98074D62235092A7405A1CDD975D63A6B6EEA4EA.udd" 3467
"C:/Users/shashinda adithya/AppData/Local/UnrealEngine/Common/DerivedDataCache/8/1/7/PHYSX_A08609EF508D460CBB6710540B03AACF_PHYSXPC_787C5B6F47546CDBAFFA09BBA55C1D7__FC9FB0AFC293861E37F22CD777D0D509531E1A80.udd" 3468
"C:/Users/shashinda adithya/AppData/Local/UnrealEngine/Common/DerivedDataCache/3/5/8/NAVCOLLISION_2983273BE5D6425391E8C0B3D1C0A55D_NAVCOLLISION_X_787C5B6F47546CDBA__0EAC57484E9BE60F6205AD88B15B184DE9BE4084.udd" 3469
"D:/UE4t/Tutorial1/myGames/EndlessRunner/Content/Construction_VOL2/Meshes/SM_Sander_01a.uasset" 3470
"C:/Users/shashinda adithya/AppData/Local/UnrealEngine/Common/DerivedDataCache/3/3/1/STATICMESH_9CE2B6FB46754B699726C4AA1515F12E_228332BAE0224DD294E232B87D83948FQU__C8F37DF9EFA77CB5610D06AAD4DBA75E230B6BFB.udd" 3471
"C:/Users/shashinda adithya/AppData/Local/UnrealEngine/Common/DerivedDataCache/6/3/8/PHYSX_A08609EF508D460CBB6710540B03AACF_PHYSXPC_FDEE6788433C938B7BA82BB0CC115A3__3036BA86129B853653A29845A94572C8C445DACF.udd" 3472
"C:/Users/shashinda adithya/AppData/Local/UnrealEngine/Common/DerivedDataCache/5/5/6/NAVCOLLISION_2983273BE5D6425391E8C0B3D1C0A55D_NAVCOLLISION_X_FDEE6788433C938B7__653ECC4255CD24D08C8A1CB07D4F9281B85A9E99.udd" 3473
"D:/UE4t/Tutorial1/myGames/EndlessRunner/Content/Construction_VOL2/Textures/Unique/TX_Roller_Machine_M2_RMA.uasset" 3474
"D:/UE4t/Tutorial1/myGames/EndlessRunner/Content/Construction_VOL2/Textures/Unique/TX_Roller_Machine_M2_NRM.uasset" 3475
"D:/UE4t/Tutorial1/myGames/EndlessRunner/Content/Construction_VOL2/Textures/Unique/TX_Roller_Machine_M2_ALB.uasset" 3476
"D:/UE4t/Tutorial1/myGames/EndlessRunner/Content/Construction_VOL2/Materials/Instances/MI_RollerMachine_01b.uasset" 3477
"D:/UE4t/Tutorial1/myGames/EndlessRunner/Content/Construction_VOL2/Textures/Unique/TX_Roller_Machine_M1_RMA.uasset" 3478
"C:/Users/shashinda adithya/AppData/Local/UnrealEngine/Common/DerivedDataCache/8/8/6/STATICMESH_9CE2B6FB46754B699726C4AA1515F12E_228332BAE0224DD294E232B87D83948FQU__1404B1EF08F22F4A1F60B6DD11E514EE30044999.udd" 3479
"C:/Users/shashinda adithya/AppData/Local/UnrealEngine/Common/DerivedDataCache/3/4/7/PHYSX_A08609EF508D460CBB6710540B03AACF_PHYSXPC_A298BB044858BB776763B2BD0BB824D__467C3748177820C580CC50862E4577989306779A.udd" 3480
"C:/Users/shashinda adithya/AppData/Local/UnrealEngine/Common/DerivedDataCache/4/0/6/NAVCOLLISION_2983273BE5D6425391E8C0B3D1C0A55D_NAVCOLLISION_X_A298BB044858BB776__3DF3B784B0F1D15D79D177A6B8D92A49C9A3F18F.udd" 3481
"D:/UE4t/Tutorial1/myGames/EndlessRunner/Content/Construction_VOL2/Textures/Unique/TX_Roller_Machine_M1_NRM.uasset" 3482
"D:/UE4t/Tutorial1/myGames/EndlessRunner/Content/Construction_VOL2/Textures/Unique/TX_Roller_Machine_M1_ALB.uasset" 3483
"D:/UE4t/Tutorial1/myGames/EndlessRunner/Content/Construction_VOL2/Materials/Instances/MI_RollerMachine_01a.uasset" 3484
"D:/UE4t/Tutorial1/myGames/EndlessRunner/Content/Construction_VOL2/Meshes/SM_Roller_Machine_01a.uasset" 3485
"D:/UE4t/Tutorial1/myGames/EndlessRunner/Content/Construction_VOL2/Meshes/SM_RebarCutter_02a.uasset" 3486
"C:/Users/shashinda adithya/AppData/Local/UnrealEngine/Common/DerivedDataCache/3/2/2/STATICMESH_9CE2B6FB46754B699726C4AA1515F12E_228332BAE0224DD294E232B87D83948FQU__BF0F64CD8244D1C6388D857D4A6EF8E9904B803B.udd" 3487
"C:/Users/shashinda adithya/AppData/Local/UnrealEngine/Common/DerivedDataCache/3/2/1/PHYSX_A08609EF508D460CBB6710540B03AACF_PHYSXPC_9F23F1E94F24B1F224FC5D95DD43857__99A8434B30AB1CDBD03A30A446C47C36D6F2B53A.udd" 3488
"C:/Users/shashinda adithya/AppData/Local/UnrealEngine/Common/DerivedDataCache/4/4/8/NAVCOLLISION_2983273BE5D6425391E8C0B3D1C0A55D_NAVCOLLISION_X_9F23F1E94F24B1F22__8E7094CD8F381C856799390D2C01BA82DE5789CD.udd" 3489
"D:/UE4t/Tutorial1/myGames/EndlessRunner/Content/Construction_VOL2/Textures/Unique/TX_Propane_01_RMA.uasset" 3490
"D:/UE4t/Tutorial1/myGames/EndlessRunner/Content/Construction_VOL2/Textures/Unique/TX_Propane_01_NRM.uasset" 3491
"D:/UE4t/Tutorial1/myGames/EndlessRunner/Content/Construction_VOL2/Textures/Unique/TX_Propane_01_ALB.uasset" 3492
"D:/UE4t/Tutorial1/myGames/EndlessRunner/Content/Construction_VOL2/Materials/Instances/MI_Propanetank_01a.uasset" 3493
"D:/UE4t/Tutorial1/myGames/EndlessRunner/Content/Construction_VOL2/Meshes/SM_propanetank_02.uasset" 3494
"C:/Users/shashinda adithya/AppData/Local/UnrealEngine/Common/DerivedDataCache/8/0/9/STATICMESH_9CE2B6FB46754B699726C4AA1515F12E_228332BAE0224DD294E232B87D83948FQU__6A7BFFEBDCAA663044F5FAC93B793E6239300CB7.udd" 3495
"C:/Users/shashinda adithya/AppData/Local/UnrealEngine/Common/DerivedDataCache/3/0/3/PHYSX_A08609EF508D460CBB6710540B03AACF_PHYSXPC_882B97CC4322EF250B512DB1534DF91__29E3A87BA8B1F8EE08D993B5E7725EB2E704064B.udd" 3496
"C:/Users/shashinda adithya/AppData/Local/UnrealEngine/Common/DerivedDataCache/5/8/5/NAVCOLLISION_2983273BE5D6425391E8C0B3D1C0A55D_NAVCOLLISION_X_882B97CC4322EF250__6F95A6B629B619F3C49769F573E4C93FEAD5D0FF.udd" 3497
"D:/UE4t/Tutorial1/myGames/EndlessRunner/Content/Construction_VOL2/Meshes/SM_propanetank_01.uasset" 3498
"D:/UE4t/Tutorial1/myGames/EndlessRunner/Content/Construction_VOL2/Meshes/SM_Plywood_07a.uasset" 3499
"D:/UE4t/Tutorial1/myGames/EndlessRunner/Content/Construction_VOL2/Meshes/SM_Plywood_06a.uasset" 3500
"D:/UE4t/Tutorial1/myGames/EndlessRunner/Content/Construction_VOL2/Meshes/SM_Plywood_01a.uasset" 3501
"D:/UE4t/Tutorial1/myGames/EndlessRunner/Content/Construction_VOL2/Textures/Unique/TX_PetrolCutter_01a_RMA.uasset" 3502
"D:/UE4t/Tutorial1/myGames/EndlessRunner/Content/Construction_VOL2/Textures/Unique/TX_PetrolCutter_01a_NRM.uasset" 3503
"D:/UE4t/Tutorial1/myGames/EndlessRunner/Content/Construction_VOL2/Textures/Unique/TX_PetrolCutter_01a_ALB.uasset" 3504
"D:/UE4t/Tutorial1/myGames/EndlessRunner/Content/Construction_VOL2/Materials/Instances/MI_PetrolCutter_01a.uasset" 3505
"D:/UE4t/Tutorial1/myGames/EndlessRunner/Content/Construction_VOL2/Meshes/SM_PetrolCutter_01a.uasset" 3506
"C:/Users/shashinda adithya/AppData/Local/UnrealEngine/Common/DerivedDataCache/2/4/3/STATICMESH_9CE2B6FB46754B699726C4AA1515F12E_228332BAE0224DD294E232B87D83948FQU__3C2C3F644E1587548B65D402095EA142FC1C1CD9.udd" 3507
"C:/Users/shashinda adithya/AppData/Local/UnrealEngine/Common/DerivedDataCache/5/7/5/PHYSX_A08609EF508D460CBB6710540B03AACF_PHYSXPC_1969F4BE41D05561056E7691F0DDF78__1A9ABEC38ED8D4468694BC409CA592EC0CF6D01D.udd" 3508
"C:/Users/shashinda adithya/AppData/Local/UnrealEngine/Common/DerivedDataCache/0/9/1/NAVCOLLISION_2983273BE5D6425391E8C0B3D1C0A55D_NAVCOLLISION_X_1969F4BE41D055610__69E1EF4DAA164AEB53E66C409057B8766B32B33C.udd" 3509
"D:/UE4t/Tutorial1/myGames/EndlessRunner/Content/Construction_VOL2/Meshes/SM_PaintBucket_02_B.uasset" 3510
"C:/Users/shashinda adithya/AppData/Local/UnrealEngine/Common/DerivedDataCache/4/3/3/STATICMESH_9CE2B6FB46754B699726C4AA1515F12E_228332BAE0224DD294E232B87D83948FQU__0919DC4A76D4B537F48F2B2227E3AAE7411BF660.udd" 3511
"C:/Users/shashinda adithya/AppData/Local/UnrealEngine/Common/DerivedDataCache/7/0/5/PHYSX_A08609EF508D460CBB6710540B03AACF_PHYSXPC_A89CD5DD4023D236AC79328E44044E1__E0ED64415D9BEAC7AFADA7F190451889B925A737.udd" 3512
"C:/Users/shashinda adithya/AppData/Local/UnrealEngine/Common/DerivedDataCache/2/9/3/NAVCOLLISION_2983273BE5D6425391E8C0B3D1C0A55D_NAVCOLLISION_X_A89CD5DD4023D236A__3D32598CBF11F167BB3FCCADD31D6473692939E1.udd" 3513
"D:/UE4t/Tutorial1/myGames/EndlessRunner/Content/Construction_VOL2/Meshes/SM_PaintBucket_02.uasset" 3514
"D:/UE4t/Tutorial1/myGames/EndlessRunner/Content/Construction_VOL2/Meshes/SM_PaintBucket_01_B.uasset" 3515
"D:/UE4t/Tutorial1/myGames/EndlessRunner/Content/Construction_VOL2/Meshes/SM_PaintBucket_01.uasset" 3516
"D:/UE4t/Tutorial1/myGames/EndlessRunner/Content/Construction_VOL2/Textures/Unique/TX_Lunchbox_RMA.uasset" 3517
"D:/UE4t/Tutorial1/myGames/EndlessRunner/Content/Construction_VOL2/Textures/Unique/TX_Lunchbox_NRM.uasset" 3518
"C:/Users/shashinda adithya/AppData/Local/UnrealEngine/Common/DerivedDataCache/2/7/9/STATICMESH_9CE2B6FB46754B699726C4AA1515F12E_228332BAE0224DD294E232B87D83948FQU__8F8B220DC3EE05B92CCBD30F3886AC68FF09297D.udd" 3519
"C:/Users/shashinda adithya/AppData/Local/UnrealEngine/Common/DerivedDataCache/0/5/7/PHYSX_A08609EF508D460CBB6710540B03AACF_PHYSXPC_CD3700DD4031B1CF515711B8E1C9BC9__C97FC33749A4BE94D6EDE24D34BA04A43733AF88.udd" 3520
"C:/Users/shashinda adithya/AppData/Local/UnrealEngine/Common/DerivedDataCache/7/9/8/NAVCOLLISION_2983273BE5D6425391E8C0B3D1C0A55D_NAVCOLLISION_X_CD3700DD4031B1CF5__046710C07B50156F5DE9A09E34F928742663567C.udd" 3521
"D:/UE4t/Tutorial1/myGames/EndlessRunner/Content/Construction_VOL2/Textures/Unique/TX_Lunchbox_ALB.uasset" 3522
"C:/Users/shashinda adithya/AppData/Local/UnrealEngine/Common/DerivedDataCache/2/2/6/STATICMESH_9CE2B6FB46754B699726C4AA1515F12E_228332BAE0224DD294E232B87D83948FQU__263359D57D4562139606F191C922B57763453A3F.udd" 3523
"C:/Users/shashinda adithya/AppData/Local/UnrealEngine/Common/DerivedDataCache/0/3/6/PHYSX_A08609EF508D460CBB6710540B03AACF_PHYSXPC_EC426A6E41A026845BDC56A311D8B42__D988CA5598F58EF0E6F36CD4A3BCB3CBDD6E8AD2.udd" 3524
"C:/Users/shashinda adithya/AppData/Local/UnrealEngine/Common/DerivedDataCache/8/9/0/NAVCOLLISION_2983273BE5D6425391E8C0B3D1C0A55D_NAVCOLLISION_X_EC426A6E41A026845__2B13E7673F8A2BCC106A001CFD9BC61EE19E241E.udd" 3525
"D:/UE4t/Tutorial1/myGames/EndlessRunner/Content/Construction_VOL2/Materials/Instances/MI_Lunchbox_01a.uasset" 3526
"C:/Users/shashinda adithya/AppData/Local/UnrealEngine/Common/DerivedDataCache/4/2/4/STATICMESH_9CE2B6FB46754B699726C4AA1515F12E_228332BAE0224DD294E232B87D83948FQU__FD2B0F05D993CAF5E1E464BB28CA6FB0247E71BA.udd" 3527
"C:/Users/shashinda adithya/AppData/Local/UnrealEngine/Common/DerivedDataCache/3/7/5/PHYSX_A08609EF508D460CBB6710540B03AACF_PHYSXPC_8000DEA948BBFD0931B663947CD10AE__83AB9EA18C372DA59CDAA4EF1D5237B2ECE7A1AB.udd" 3528
"C:/Users/shashinda adithya/AppData/Local/UnrealEngine/Common/DerivedDataCache/1/8/7/NAVCOLLISION_2983273BE5D6425391E8C0B3D1C0A55D_NAVCOLLISION_X_8000DEA948BBFD093__F9540AB59A9CAA86ABA4BC26A5BB3A09CE52D229.udd" 3529
"D:/UE4t/Tutorial1/myGames/EndlessRunner/Content/Construction_VOL2/Meshes/SM_Lunchbox_01.uasset" 3530
"C:/Users/shashinda adithya/AppData/Local/UnrealEngine/Common/DerivedDataCache/8/8/1/STATICMESH_9CE2B6FB46754B699726C4AA1515F12E_228332BAE0224DD294E232B87D83948FQU__20F82DBCEA611EA4D7BF53A44DD9254996FE88CF.udd" 3531
"C:/Users/shashinda adithya/AppData/Local/UnrealEngine/Common/DerivedDataCache/2/1/7/PHYSX_A08609EF508D460CBB6710540B03AACF_PHYSXPC_6AC821144A83F0FC72B1B89722EC8F8__4E04522216B35430BE894AC92CA84E1A51EACC46.udd" 3532
"C:/Users/shashinda adithya/AppData/Local/UnrealEngine/Common/DerivedDataCache/2/2/6/NAVCOLLISION_2983273BE5D6425391E8C0B3D1C0A55D_NAVCOLLISION_X_6AC821144A83F0FC7__6DF8E4807B9C1B5FD11573F9FEE6F52BC6B938D8.udd" 3533
"D:/UE4t/Tutorial1/myGames/EndlessRunner/Content/Construction_VOL2/Textures/Unique/TX_Ladder_RMA.uasset" 3534
"C:/Users/shashinda adithya/AppData/Local/UnrealEngine/Common/DerivedDataCache/6/5/3/STATICMESH_9CE2B6FB46754B699726C4AA1515F12E_228332BAE0224DD294E232B87D83948FQU__0B3269AD4BFC6F27D544A68D6D00B0DFCD9639AC.udd" 3535
"C:/Users/shashinda adithya/AppData/Local/UnrealEngine/Common/DerivedDataCache/0/9/1/PHYSX_A08609EF508D460CBB6710540B03AACF_PHYSXPC_D02802DB48FE771CFA155DA6FF7191F__3FC95D25D7E4D3ACCEFC203D89DE967D46A65B72.udd" 3536
"C:/Users/shashinda adithya/AppData/Local/UnrealEngine/Common/DerivedDataCache/6/2/2/NAVCOLLISION_2983273BE5D6425391E8C0B3D1C0A55D_NAVCOLLISION_X_D02802DB48FE771CF__FCB95BB24965208A048007C89DE69ACA58E65F46.udd" 3537
"D:/UE4t/Tutorial1/myGames/EndlessRunner/Content/Construction_VOL2/Textures/Unique/TX_Ladder_NRM.uasset" 3538
"D:/UE4t/Tutorial1/myGames/EndlessRunner/Content/Construction_VOL2/Textures/Unique/TX_Ladder_ALB.uasset" 3539
"D:/UE4t/Tutorial1/myGames/EndlessRunner/Content/Construction_VOL2/Materials/Instances/MI_Ladder_01a.uasset" 3540
"D:/UE4t/Tutorial1/myGames/EndlessRunner/Content/Construction_VOL2/Meshes/SM_Ladder_01b.uasset" 3541
"D:/UE4t/Tutorial1/myGames/EndlessRunner/Content/Construction_VOL2/Meshes/SM_Ladder_01a.uasset" 3542
"C:/Users/shashinda adithya/AppData/Local/UnrealEngine/Common/DerivedDataCache/0/9/0/STATICMESH_9CE2B6FB46754B699726C4AA1515F12E_228332BAE0224DD294E232B87D83948FQU__748FFDE213D830DA842C7CA02FE4522F452C1E5D.udd" 3543
"C:/Users/shashinda adithya/AppData/Local/UnrealEngine/Common/DerivedDataCache/5/9/7/PHYSX_A08609EF508D460CBB6710540B03AACF_PHYSXPC_CA6D00774442885BFC0A19A2E79681A__96464CF493EDD8D57B69A41632255E1B5759FB71.udd" 3544
"C:/Users/shashinda adithya/AppData/Local/UnrealEngine/Common/DerivedDataCache/0/1/3/NAVCOLLISION_2983273BE5D6425391E8C0B3D1C0A55D_NAVCOLLISION_X_CA6D00774442885BF__0107CE7B281F5FB4F4760B5385EDB0D1DC11CBC5.udd" 3545
"D:/UE4t/Tutorial1/myGames/EndlessRunner/Content/Construction_VOL2/Textures/Unique/TX_Jackhammer_01a_RMA.uasset" 3546
"C:/Users/shashinda adithya/AppData/Local/UnrealEngine/Common/DerivedDataCache/7/9/8/STATICMESH_9CE2B6FB46754B699726C4AA1515F12E_228332BAE0224DD294E232B87D83948FQU__908A4E06220E056DE66C2DAFD63B7484D8968F7E.udd" 3547
"C:/Users/shashinda adithya/AppData/Local/UnrealEngine/Common/DerivedDataCache/7/8/0/PHYSX_A08609EF508D460CBB6710540B03AACF_PHYSXPC_C3FD40A548A6F0F480BA1B80EDCBBBA__FF5F895B5002D83A3D670CC1BEDEE00538B916C5.udd" 3548
"C:/Users/shashinda adithya/AppData/Local/UnrealEngine/Common/DerivedDataCache/7/1/6/NAVCOLLISION_2983273BE5D6425391E8C0B3D1C0A55D_NAVCOLLISION_X_C3FD40A548A6F0F48__DF240190A1F9439158C730D563BF6915C46750D1.udd" 3549
"D:/UE4t/Tutorial1/myGames/EndlessRunner/Content/Construction_VOL2/Textures/Unique/TX_Jackhammer_01a_NRM.uasset" 3550
"C:/Users/shashinda adithya/AppData/Local/UnrealEngine/Common/DerivedDataCache/4/5/8/STATICMESH_9CE2B6FB46754B699726C4AA1515F12E_228332BAE0224DD294E232B87D83948FQU__B14483DAD008313F64749EBDAF4B4D49D4229D0A.udd" 3551
"C:/Users/shashinda adithya/AppData/Local/UnrealEngine/Common/DerivedDataCache/9/0/7/PHYSX_A08609EF508D460CBB6710540B03AACF_PHYSXPC_AE7966954EC19D702A97DAADEEB9D52__AB1734CBCF4DFD5CF0258A9E31E1DE7AB6FECB29.udd" 3552
"C:/Users/shashinda adithya/AppData/Local/UnrealEngine/Common/DerivedDataCache/7/6/0/NAVCOLLISION_2983273BE5D6425391E8C0B3D1C0A55D_NAVCOLLISION_X_AE7966954EC19D702__3C3F0D4ABD3229A12B37CDA88AB6D00BF18068E6.udd" 3553
"D:/UE4t/Tutorial1/myGames/EndlessRunner/Content/Construction_VOL2/Textures/Unique/TX_Jackhammer_01a_ALB.uasset" 3554
"C:/Users/shashinda adithya/AppData/Local/UnrealEngine/Common/DerivedDataCache/8/1/4/STATICMESH_9CE2B6FB46754B699726C4AA1515F12E_228332BAE0224DD294E232B87D83948FQU__19FF48773C51216D3FD864AB07393179FB0F0BAD.udd" 3555
"C:/Users/shashinda adithya/AppData/Local/UnrealEngine/Common/DerivedDataCache/5/2/4/PHYSX_A08609EF508D460CBB6710540B03AACF_PHYSXPC_0680BD5741541E54EAE8CC929E9D2C9__CC30F54D1AB6176444AD4FB21B6875986DABC9D1.udd" 3556
"C:/Users/shashinda adithya/AppData/Local/UnrealEngine/Common/DerivedDataCache/9/0/2/NAVCOLLISION_2983273BE5D6425391E8C0B3D1C0A55D_NAVCOLLISION_X_0680BD5741541E54E__2F0D50BE2D2160D13B9D50F38FD262EF847D1834.udd" 3557
"D:/UE4t/Tutorial1/myGames/EndlessRunner/Content/Construction_VOL2/Materials/Instances/MI_Jackhammer_01a.uasset" 3558
"C:/Users/shashinda adithya/AppData/Local/UnrealEngine/Common/DerivedDataCache/1/2/1/STATICMESH_9CE2B6FB46754B699726C4AA1515F12E_228332BAE0224DD294E232B87D83948FQU__D4FF5690F4A3A38B8E9B0A963494A2EC11E13CB0.udd" 3559
"C:/Users/shashinda adithya/AppData/Local/UnrealEngine/Common/DerivedDataCache/0/6/5/PHYSX_A08609EF508D460CBB6710540B03AACF_PHYSXPC_4BFCF5914AF506A9A2DC6C982BCBEF5__7063407A8033E2BFCBF58D700BD1D7FCA6A1306B.udd" 3560
"C:/Users/shashinda adithya/AppData/Local/UnrealEngine/Common/DerivedDataCache/8/3/2/NAVCOLLISION_2983273BE5D6425391E8C0B3D1C0A55D_NAVCOLLISION_X_4BFCF5914AF506A9A__699852BA9C10EF7764AD9489DCD9387F75135CF6.udd" 3561
"D:/UE4t/Tutorial1/myGames/EndlessRunner/Content/Construction_VOL2/Meshes/SM_Jackhammer_01a.uasset" 3562
"D:/UE4t/Tutorial1/myGames/EndlessRunner/Content/Construction_VOL2/Textures/Unique/TX_HardHat_01_Yellow_RMA.uasset" 3563
"D:/UE4t/Tutorial1/myGames/EndlessRunner/Content/Construction_VOL2/Textures/Unique/TX_HardHat_01_Yellow_NRM.uasset" 3564
"D:/UE4t/Tutorial1/myGames/EndlessRunner/Content/Construction_VOL2/Textures/Unique/TX_HardHat_01_Yellow_ALB.uasset" 3565
"D:/UE4t/Tutorial1/myGames/EndlessRunner/Content/Construction_VOL2/Materials/Instances/MI_Hardhat_01b.uasset" 3566
"C:/Users/shashinda adithya/AppData/Local/UnrealEngine/Common/DerivedDataCache/9/5/4/STATICMESH_9CE2B6FB46754B699726C4AA1515F12E_228332BAE0224DD294E232B87D83948FQU__C7C9CB48AA1F2DCA9097A003AAF59689AB9BBAEA.udd" 3567
"C:/Users/shashinda adithya/AppData/Local/UnrealEngine/Common/DerivedDataCache/9/5/8/PHYSX_A08609EF508D460CBB6710540B03AACF_PHYSXPC_BA09542647345371F5A21EA2F23D60C__AD8997E893C4846639A228CBB5D6407923CDCB0D.udd" 3568
"C:/Users/shashinda adithya/AppData/Local/UnrealEngine/Common/DerivedDataCache/0/3/7/NAVCOLLISION_2983273BE5D6425391E8C0B3D1C0A55D_NAVCOLLISION_X_BA09542647345371F__7D26719A10E620BCC1049433539B062BDF56BDD7.udd" 3569
"D:/UE4t/Tutorial1/myGames/EndlessRunner/Content/Construction_VOL2/Meshes/SM_HardHat_01b.uasset" 3570
"D:/UE4t/Tutorial1/myGames/EndlessRunner/Content/Construction_VOL2/Textures/Unique/TX_HardHat_01_Blue_RMA.uasset" 3571
"D:/UE4t/Tutorial1/myGames/EndlessRunner/Content/Construction_VOL2/Textures/Unique/TX_HardHat_01_Blue_NRM.uasset" 3572
"D:/UE4t/Tutorial1/myGames/EndlessRunner/Content/Construction_VOL2/Textures/Unique/TX_HardHat_01_Blue_ALB.uasset" 3573
"D:/UE4t/Tutorial1/myGames/EndlessRunner/Content/Construction_VOL2/Materials/Instances/MI_Hardhat_01a.uasset" 3574
"C:/Users/shashinda adithya/AppData/Local/UnrealEngine/Common/DerivedDataCache/2/3/0/STATICMESH_9CE2B6FB46754B699726C4AA1515F12E_228332BAE0224DD294E232B87D83948FQU__059D5F5D85E898899A7DFAE821F1C26B93C0601D.udd" 3575
"C:/Users/shashinda adithya/AppData/Local/UnrealEngine/Common/DerivedDataCache/5/5/4/PHYSX_A08609EF508D460CBB6710540B03AACF_PHYSXPC_C49D57E142DDED93E864C3B3F8B7607__D6054940ABA1A3B5C0A9CB2E6A37A4A18BE8E249.udd" 3576
"C:/Users/shashinda adithya/AppData/Local/UnrealEngine/Common/DerivedDataCache/0/6/3/NAVCOLLISION_2983273BE5D6425391E8C0B3D1C0A55D_NAVCOLLISION_X_C49D57E142DDED93E__379303196F921D2ADA01A29811C2498812A6DC14.udd" 3577
"D:/UE4t/Tutorial1/myGames/EndlessRunner/Content/Construction_VOL2/Meshes/SM_HardHat_01a.uasset" 3578
"C:/Users/shashinda adithya/AppData/Local/UnrealEngine/Common/DerivedDataCache/4/2/5/STATICMESH_9CE2B6FB46754B699726C4AA1515F12E_228332BAE0224DD294E232B87D83948FQU__A723860A2004754A40E56BC3D41F117B339D49C1.udd" 3579
"C:/Users/shashinda adithya/AppData/Local/UnrealEngine/Common/DerivedDataCache/8/9/1/PHYSX_A08609EF508D460CBB6710540B03AACF_PHYSXPC_2394A00B4E3946845A07DA878B54B27__3037A2C13E63B0920FF1ADB9EE43E8767125C870.udd" 3580
"C:/Users/shashinda adithya/AppData/Local/UnrealEngine/Common/DerivedDataCache/9/7/2/NAVCOLLISION_2983273BE5D6425391E8C0B3D1C0A55D_NAVCOLLISION_X_2394A00B4E3946845__79E4F15130B09356E0AFEBB606471A01EE10092B.udd" 3581
"D:/UE4t/Tutorial1/myGames/EndlessRunner/Content/Construction_VOL2/Textures/Unique/TX_HandForklift_01a_RMA.uasset" 3582
"D:/UE4t/Tutorial1/myGames/EndlessRunner/Content/Construction_VOL2/Textures/Unique/TX_HandForklift_01a_NRM.uasset" 3583
"D:/UE4t/Tutorial1/myGames/EndlessRunner/Content/Construction_VOL2/Textures/Unique/TX_HandForklift_01a_ALB.uasset" 3584
"D:/UE4t/Tutorial1/myGames/EndlessRunner/Content/Construction_VOL2/Materials/Instances/MI_Handforklift_01a.uasset" 3585
"D:/UE4t/Tutorial1/myGames/EndlessRunner/Content/Construction_VOL2/Meshes/SM_HandForklift_01a.uasset" 3586
"C:/Users/shashinda adithya/AppData/Local/UnrealEngine/Common/DerivedDataCache/1/4/2/STATICMESH_9CE2B6FB46754B699726C4AA1515F12E_228332BAE0224DD294E232B87D83948FQU__ACDFD051F70BD17C6BB374A308B6B1705BFC429E.udd" 3587
"C:/Users/shashinda adithya/AppData/Local/UnrealEngine/Common/DerivedDataCache/7/1/9/PHYSX_A08609EF508D460CBB6710540B03AACF_PHYSXPC_3DEC5BCD40574B886D65F7B9EE12F7A__3A2BB22ACF920B8636002C0E42688B29BD5793D0.udd" 3588
"C:/Users/shashinda adithya/AppData/Local/UnrealEngine/Common/DerivedDataCache/5/3/2/NAVCOLLISION_2983273BE5D6425391E8C0B3D1C0A55D_NAVCOLLISION_X_3DEC5BCD40574B886__9BD47D0638D0D2BAEADB7202186F68D46FB02215.udd" 3589
"D:/UE4t/Tutorial1/myGames/EndlessRunner/Content/Construction_VOL2/Textures/Unique/TX_ElectricDrill_RMA.uasset" 3590
"D:/UE4t/Tutorial1/myGames/EndlessRunner/Content/Construction_VOL2/Textures/Unique/TX_ElectricDrill_NRM.uasset" 3591
"D:/UE4t/Tutorial1/myGames/EndlessRunner/Content/Construction_VOL2/Textures/Unique/TX_ElectricDrill_ALB.uasset" 3592
"D:/UE4t/Tutorial1/myGames/EndlessRunner/Content/Construction_VOL2/Materials/Instances/MI_ElectricDrill_01a.uasset" 3593
"D:/UE4t/Tutorial1/myGames/EndlessRunner/Content/Construction_VOL2/Meshes/SM_ElectricDrill_01a.uasset" 3594
"C:/Users/shashinda adithya/AppData/Local/UnrealEngine/Common/DerivedDataCache/9/5/5/STATICMESH_9CE2B6FB46754B699726C4AA1515F12E_228332BAE0224DD294E232B87D83948FQU__9397A65B37F1440E5C121AD51BB57D1BB70FCD9E.udd" 3595
"C:/Users/shashinda adithya/AppData/Local/UnrealEngine/Common/DerivedDataCache/7/5/8/PHYSX_A08609EF508D460CBB6710540B03AACF_PHYSXPC_89C2A5644249D3B3C2239196DF29842__D769364A5B189BE67048527BAD4983B52833E727.udd" 3596
"C:/Users/shashinda adithya/AppData/Local/UnrealEngine/Common/DerivedDataCache/6/1/5/NAVCOLLISION_2983273BE5D6425391E8C0B3D1C0A55D_NAVCOLLISION_X_89C2A5644249D3B3C__90BC4A9E0064671ECD53F88C7CA3A3AADC617BAB.udd" 3597
"D:/UE4t/Tutorial1/myGames/EndlessRunner/Content/Construction_VOL2/Materials/Instances/MI_CordWrap_01a.uasset" 3598
"D:/UE4t/Tutorial1/myGames/EndlessRunner/Content/Construction_VOL2/Meshes/SM_CordWrap_01a.uasset" 3599
"D:/UE4t/Tutorial1/myGames/EndlessRunner/Content/Construction_VOL2/Meshes/SM_PlywoodTable_01a.uasset" 3600
"D:/UE4t/Tutorial1/myGames/EndlessRunner/Content/Construction_VOL2/Textures/Unique/TX_ConcreteMixer_01b_RMA.uasset" 3601
"D:/UE4t/Tutorial1/myGames/EndlessRunner/Content/Construction_VOL2/Textures/Unique/TX_ConcreteMixer_01b_NRM.uasset" 3602
"C:/Users/shashinda adithya/AppData/Local/UnrealEngine/Common/DerivedDataCache/9/3/8/STATICMESH_9CE2B6FB46754B699726C4AA1515F12E_228332BAE0224DD294E232B87D83948FQU__4B8805E8F730927ED0AA6F012351A02DC23B3807.udd" 3603
"C:/Users/shashinda adithya/AppData/Local/UnrealEngine/Common/DerivedDataCache/7/2/3/PHYSX_A08609EF508D460CBB6710540B03AACF_PHYSXPC_8DEC1BE446B3C51E7D91EDBBB862FB2__A5D99874157C2E64B7059CB4B4A15C2989B115BD.udd" 3604
"C:/Users/shashinda adithya/AppData/Local/UnrealEngine/Common/DerivedDataCache/9/2/2/NAVCOLLISION_2983273BE5D6425391E8C0B3D1C0A55D_NAVCOLLISION_X_8DEC1BE446B3C51E7__D7E7285DDFDF013192EBEA5AA71329AEE0C11E0C.udd" 3605
"D:/UE4t/Tutorial1/myGames/EndlessRunner/Content/Construction_VOL2/Textures/Unique/TX_ConcreteMixer_01b_ALB.uasset" 3606
"D:/UE4t/Tutorial1/myGames/EndlessRunner/Content/Construction_VOL2/Materials/Instances/MI_ConcreteMixer_02a.uasset" 3607
"D:/UE4t/Tutorial1/myGames/EndlessRunner/Content/Construction_VOL2/Textures/Unique/TX_ConcreteMixer_01a_RMA.uasset" 3608
"D:/UE4t/Tutorial1/myGames/EndlessRunner/Content/Construction_VOL2/Textures/Unique/TX_ConcreteMixer_01a_NRM.uasset" 3609
"D:/UE4t/Tutorial1/myGames/EndlessRunner/Content/Construction_VOL2/Textures/Unique/TX_ConcreteMixer_01a_ALB.uasset" 3610
"C:/Users/shashinda adithya/AppData/Local/UnrealEngine/Common/DerivedDataCache/7/0/7/STATICMESH_9CE2B6FB46754B699726C4AA1515F12E_228332BAE0224DD294E232B87D83948FQU__84BD05ABBAEE82050CE9E07364C84C077A4A2737.udd" 3611
"C:/Users/shashinda adithya/AppData/Local/UnrealEngine/Common/DerivedDataCache/2/7/3/PHYSX_A08609EF508D460CBB6710540B03AACF_PHYSXPC_7583668E4FD120A931FEBBBAF6DDB28__776C03A815E27E229AFA50AD7CFD308B51A9B741.udd" 3612
"C:/Users/shashinda adithya/AppData/Local/UnrealEngine/Common/DerivedDataCache/7/5/7/NAVCOLLISION_2983273BE5D6425391E8C0B3D1C0A55D_NAVCOLLISION_X_7583668E4FD120A93__39EA0426D5188559B3E498B04F2C0F936B954D14.udd" 3613
"D:/UE4t/Tutorial1/myGames/EndlessRunner/Content/Construction_VOL2/Materials/Instances/MI_ConcreteMixer_01a.uasset" 3614
"D:/UE4t/Tutorial1/myGames/EndlessRunner/Content/Construction_VOL2/Meshes/SM_ConcreteMixer_01a.uasset" 3615
"D:/UE4t/Tutorial1/myGames/EndlessRunner/Content/Construction_VOL2/Textures/Unique/TX_Canister_RMA.uasset" 3616
"D:/UE4t/Tutorial1/myGames/EndlessRunner/Content/Construction_VOL2/Textures/Unique/TX_Canister_NRM.uasset" 3617
"D:/UE4t/Tutorial1/myGames/EndlessRunner/Content/Construction_VOL2/Textures/Unique/TX_Canister_ALB.uasset" 3618
"C:/Users/shashinda adithya/AppData/Local/UnrealEngine/Common/DerivedDataCache/9/6/2/STATICMESH_9CE2B6FB46754B699726C4AA1515F12E_228332BAE0224DD294E232B87D83948FQU__2EFA761AA2CB06B4CEBD666EFF87D2CF9E535FFB.udd" 3619
"C:/Users/shashinda adithya/AppData/Local/UnrealEngine/Common/DerivedDataCache/5/5/7/PHYSX_A08609EF508D460CBB6710540B03AACF_PHYSXPC_230446E74804B4C5A4BF0F96D041BC1__DC652FC3CDAA84DA9BA3ECCDC89553705554590B.udd" 3620
"C:/Users/shashinda adithya/AppData/Local/UnrealEngine/Common/DerivedDataCache/5/2/8/NAVCOLLISION_2983273BE5D6425391E8C0B3D1C0A55D_NAVCOLLISION_X_230446E74804B4C5A__FD5E734CA2DB368807E0684C5BB8CFCF2ECBC01E.udd" 3621
"D:/UE4t/Tutorial1/myGames/EndlessRunner/Content/Construction_VOL2/Materials/Instances/MI_Canister_01a.uasset" 3622
"C:/Users/shashinda adithya/AppData/Local/UnrealEngine/Common/DerivedDataCache/8/4/4/MATSM_0BA69734E4FD45E082FA4560DBE25454_PCD3D_SM5_8__BC5N_NOCCBN_NOIRIS_DEV_SL___91D7625E47A7D4EB99488552DF5E3B119EE58BF6.udd" 3623
"D:/UE4t/Tutorial1/myGames/EndlessRunner/Content/Construction_VOL2/Meshes/SM_Canister.uasset" 3624
"C:/Users/shashinda adithya/AppData/Local/UnrealEngine/Common/DerivedDataCache/0/9/0/STATICMESH_9CE2B6FB46754B699726C4AA1515F12E_228332BAE0224DD294E232B87D83948FQU__4DE5F9BCEE11A884DE1E7227B4FE0DE826B8AA85.udd" 3625
"C:/Users/shashinda adithya/AppData/Local/UnrealEngine/Common/DerivedDataCache/8/5/5/PHYSX_A08609EF508D460CBB6710540B03AACF_PHYSXPC_F870489D4C69C0DF2EF7C09B54A731A__0D71DFCBADE8C394E091ADF40A8E20338E760D70.udd" 3626
"C:/Users/shashinda adithya/AppData/Local/UnrealEngine/Common/DerivedDataCache/5/1/1/NAVCOLLISION_2983273BE5D6425391E8C0B3D1C0A55D_NAVCOLLISION_X_F870489D4C69C0DF2__E70BEEE71DC55454FE44A7247F3305F491745B2A.udd" 3627
"D:/UE4t/Tutorial1/myGames/EndlessRunner/Content/Construction_VOL2/Meshes/SM_WheelBarrel_Wheel_01a.uasset" 3628
"C:/Users/shashinda adithya/AppData/Local/UnrealEngine/Common/DerivedDataCache/0/2/8/STATICMESH_9CE2B6FB46754B699726C4AA1515F12E_228332BAE0224DD294E232B87D83948FQU__6137174FF8715A6E35A43D1643AA87BF289C2E06.udd" 3629
"C:/Users/shashinda adithya/AppData/Local/UnrealEngine/Common/DerivedDataCache/2/9/7/PHYSX_A08609EF508D460CBB6710540B03AACF_PHYSXPC_684515434FF9A923081AE48BE9A0267__7CFD27664B275F59911572FD30F6A3853A23B3CC.udd" 3630
"C:/Users/shashinda adithya/AppData/Local/UnrealEngine/Common/DerivedDataCache/2/4/5/NAVCOLLISION_2983273BE5D6425391E8C0B3D1C0A55D_NAVCOLLISION_X_684515434FF9A9230__95FB94F7A0F2D9FB1470C52D7A079195D5EA62D5.udd" 3631
"D:/UE4t/Tutorial1/myGames/EndlessRunner/Content/Construction_VOL2/Meshes/SM_WheelBarrel_Base_01a.uasset" 3632
"D:/UE4t/Tutorial1/myGames/EndlessRunner/Content/Construction_VOL2/Blueprints/BP_WheelBarrow_01a.uasset" 3633
"D:/UE4t/Tutorial1/myGames/EndlessRunner/Content/Construction_VOL2/Meshes/SM_RollerMachine_Wheel_B_01a.uasset" 3634
"D:/UE4t/Tutorial1/myGames/EndlessRunner/Content/Construction_VOL2/Meshes/SM_RollerMachine_Wheel_A_01a.uasset" 3635
"D:/UE4t/Tutorial1/myGames/EndlessRunner/Content/Construction_VOL2/Meshes/SM_RollerMachine_Handle_01a.uasset" 3636
"D:/UE4t/Tutorial1/myGames/EndlessRunner/Content/Construction_VOL2/Meshes/SM_RollerMachine_Base_01a.uasset" 3637
"D:/UE4t/Tutorial1/myGames/EndlessRunner/Content/Construction_VOL2/Blueprints/BP_Roller_01a.uasset" 3638
"../../../Engine/Content/EditorMaterials/GridMaterial.uasset" 3639
"../../../Engine/Content/TemplateResources/M_Template_Master.uasset" 3640
"C:/Users/shashinda adithya/AppData/Local/UnrealEngine/Common/DerivedDataCache/2/1/4/STATICMESH_9CE2B6FB46754B699726C4AA1515F12E_228332BAE0224DD294E232B87D83948FQU__59C2A85491088245248D9157F218D5E29BD82ABA.udd" 3641
"C:/Users/shashinda adithya/AppData/Local/UnrealEngine/Common/DerivedDataCache/2/9/2/PHYSX_A08609EF508D460CBB6710540B03AACF_PHYSXPC_13C792B049F7E21B9941FCA9AEF3849__3D8E48BA703D49DCA4956A74809F8DC9E6064487.udd" 3642
"C:/Users/shashinda adithya/AppData/Local/UnrealEngine/Common/DerivedDataCache/1/1/2/NAVCOLLISION_2983273BE5D6425391E8C0B3D1C0A55D_NAVCOLLISION_X_13C792B049F7E21B9__F7E6D31FF941363F337E5E3D8088449C3D1C4A62.udd" 3643
"../../../Engine/Content/TemplateResources/MI_Template_BaseGray_03_Metal.uasset" 3644
"D:/UE4t/Tutorial1/myGames/EndlessRunner/Content/Construction_VOL2/Maps/Overview.umap" 3645
"D:/UE4t/Tutorial1/myGames/EndlessRunner/Content/Construction_VOL2/Textures/Utility/TX_LUT.uasset" 3646
"D:/UE4t/Tutorial1/myGames/EndlessRunner/Content/Construction_VOL2/Textures/Utility/TX_Cubemap_Stairs.uasset" 3647
"D:/UE4t/Tutorial1/myGames/EndlessRunner/Content/Construction_VOL2/Materials/Masters/MM_SkyBox.uasset" 3648
"C:/Users/shashinda adithya/AppData/Local/UnrealEngine/Common/DerivedDataCache/3/4/9/STATICMESH_9CE2B6FB46754B699726C4AA1515F12E_228332BAE0224DD294E232B87D83948FQU__DD602C7EA88273163A303E41D1B124FE86E6EDEF.udd" 3649
"C:/Users/shashinda adithya/AppData/Local/UnrealEngine/Common/DerivedDataCache/1/0/3/PHYSX_A08609EF508D460CBB6710540B03AACF_PHYSXPC_37EE10B44748103D5CB3F79A04795BC__F58952B9E3BD345D43A9EE634CE41058C0FEC911.udd" 3650
"C:/Users/shashinda adithya/AppData/Local/UnrealEngine/Common/DerivedDataCache/9/2/7/NAVCOLLISION_2983273BE5D6425391E8C0B3D1C0A55D_NAVCOLLISION_X_37EE10B44748103D5__20D3241560F0DAC2EF586B3C7282FC3E886E80F6.udd" 3651
"D:/UE4t/Tutorial1/myGames/EndlessRunner/Content/Construction_VOL2/Meshes/SM_ZSphere.uasset" 3652
"C:/Users/shashinda adithya/AppData/Local/UnrealEngine/Common/DerivedDataCache/3/6/0/STATICMESH_9CE2B6FB46754B699726C4AA1515F12E_228332BAE0224DD294E232B87D83948FQU__F78EF6F6B64F19936E6FD3F84983CC54F51B144B.udd" 3653
"C:/Users/shashinda adithya/AppData/Local/UnrealEngine/Common/DerivedDataCache/7/6/3/PHYSX_A08609EF508D460CBB6710540B03AACF_PHYSXPC_6D59A0F045D8A103052FB28AC8C17A5__DB82ED5121952FB48A0C9EFD85C0DD098DC2681B.udd" 3654
"C:/Users/shashinda adithya/AppData/Local/UnrealEngine/Common/DerivedDataCache/8/1/5/NAVCOLLISION_2983273BE5D6425391E8C0B3D1C0A55D_NAVCOLLISION_X_6D59A0F045D8A1030__F417CDEF2D22D1A7F5AFC343DEEB6BFCEB635B15.udd" 3655
"D:/UE4t/Tutorial1/myGames/EndlessRunner/Content/Construction_VOL2/Textures/Tileable/TX_RockyMud_02_RHA.uasset" 3656
"C:/Users/shashinda adithya/AppData/Local/UnrealEngine/Common/DerivedDataCache/4/3/5/STATICMESH_9CE2B6FB46754B699726C4AA1515F12E_228332BAE0224DD294E232B87D83948FQU__5EE7BBEA417A4D89DE8F8FA27ED2702F836301D8.udd" 3657
"C:/Users/shashinda adithya/AppData/Local/UnrealEngine/Common/DerivedDataCache/4/4/6/PHYSX_A08609EF508D460CBB6710540B03AACF_PHYSXPC_32D7DEDD4B9CEFEE63E48C945C8E126__14B01F08377F14ACE57652208B999A8E5AACF2DA.udd" 3658
"C:/Users/shashinda adithya/AppData/Local/UnrealEngine/Common/DerivedDataCache/2/5/4/NAVCOLLISION_2983273BE5D6425391E8C0B3D1C0A55D_NAVCOLLISION_X_32D7DEDD4B9CEFEE6__69916CF69694CE58B7B765E20A3EE51BE5B30831.udd" 3659
"D:/UE4t/Tutorial1/myGames/EndlessRunner/Content/Construction_VOL2/Textures/Tileable/TX_RockyMud_02_NRM.uasset" 3660
"D:/UE4t/Tutorial1/myGames/EndlessRunner/Content/Construction_VOL2/Textures/Tileable/TX_RockyMud_01_RHA.uasset" 3661
"C:/Users/shashinda adithya/AppData/Local/UnrealEngine/Common/DerivedDataCache/1/0/7/STATICMESH_9CE2B6FB46754B699726C4AA1515F12E_228332BAE0224DD294E232B87D83948FQU__BBAC0F0B2A674AFF106F4E1D0F81ACB40D80824C.udd" 3662
"C:/Users/shashinda adithya/AppData/Local/UnrealEngine/Common/DerivedDataCache/0/2/9/PHYSX_A08609EF508D460CBB6710540B03AACF_PHYSXPC_C8E5CBCA487ACB1CC121429F414C2D1__B86B75E9F8818A18E82815E279C95BC7827862ED.udd" 3663
"C:/Users/shashinda adithya/AppData/Local/UnrealEngine/Common/DerivedDataCache/2/8/0/NAVCOLLISION_2983273BE5D6425391E8C0B3D1C0A55D_NAVCOLLISION_X_C8E5CBCA487ACB1CC__EF2D341DD6162E5E82205DA200364C8671BB78C8.udd" 3664
"D:/UE4t/Tutorial1/myGames/EndlessRunner/Content/Construction_VOL2/Textures/Tileable/TX_RockyMud_01_NRM.uasset" 3665
"C:/Users/shashinda adithya/AppData/Local/UnrealEngine/Common/DerivedDataCache/6/7/9/STATICMESH_9CE2B6FB46754B699726C4AA1515F12E_228332BAE0224DD294E232B87D83948FQU__6B0321A6E13A8765C3314BF8F0558DE5E04F0FA8.udd" 3666
"C:/Users/shashinda adithya/AppData/Local/UnrealEngine/Common/DerivedDataCache/9/2/0/PHYSX_A08609EF508D460CBB6710540B03AACF_PHYSXPC_E433AF384769A822B21AC6BE3C2DF55__44CA993B926DFE58869353608777F9D37C1169BE.udd" 3667
"C:/Users/shashinda adithya/AppData/Local/UnrealEngine/Common/DerivedDataCache/7/0/9/NAVCOLLISION_2983273BE5D6425391E8C0B3D1C0A55D_NAVCOLLISION_X_E433AF384769A822B__5E36978160271E9FD134AD2CEAF44A9135BE7B06.udd" 3668
"D:/UE4t/Tutorial1/myGames/EndlessRunner/Content/Construction_VOL2/Textures/Tileable/TX_RockyMud_01_ALB.uasset" 3669
"C:/Users/shashinda adithya/AppData/Local/UnrealEngine/Common/DerivedDataCache/3/4/4/STATICMESH_9CE2B6FB46754B699726C4AA1515F12E_228332BAE0224DD294E232B87D83948FQU__1F2BD538C4ED5F0C1D1D87E6F98B160C62F984C2.udd" 3670
"C:/Users/shashinda adithya/AppData/Local/UnrealEngine/Common/DerivedDataCache/8/6/0/PHYSX_A08609EF508D460CBB6710540B03AACF_PHYSXPC_09B57EA94E1FBFC3BB9B9587F2880B1__842005FEB38C95604FC6C09D77E1BF9557644376.udd" 3671
"C:/Users/shashinda adithya/AppData/Local/UnrealEngine/Common/DerivedDataCache/5/4/8/NAVCOLLISION_2983273BE5D6425391E8C0B3D1C0A55D_NAVCOLLISION_X_09B57EA94E1FBFC3B__E69787154EB509AF7AF34239077135702E8BC90B.udd" 3672
"D:/UE4t/Tutorial1/myGames/EndlessRunner/Content/Construction_VOL2/Textures/Tileable/TX_RockyMud_02_ALB.uasset" 3673
"C:/Users/shashinda adithya/AppData/Local/UnrealEngine/Common/DerivedDataCache/1/2/3/STATICMESH_9CE2B6FB46754B699726C4AA1515F12E_228332BAE0224DD294E232B87D83948FQU__D026798BFCAEDC6F1ECB876710AD045851191645.udd" 3674
"C:/Users/shashinda adithya/AppData/Local/UnrealEngine/Common/DerivedDataCache/7/3/1/PHYSX_A08609EF508D460CBB6710540B03AACF_PHYSXPC_FB65C2E141632F48B102BD98982718C__AB17E680FA94D813293094B73A6E4477DAA844A1.udd" 3675
"C:/Users/shashinda adithya/AppData/Local/UnrealEngine/Common/DerivedDataCache/1/2/0/NAVCOLLISION_2983273BE5D6425391E8C0B3D1C0A55D_NAVCOLLISION_X_FB65C2E141632F48B__AE8899FEB238A41C9AC7707F127BB70559DD7469.udd" 3676
"D:/UE4t/Tutorial1/myGames/EndlessRunner/Content/Construction_VOL2/Materials/Functions/MF_VertexBlend_01a.uasset" 3677
"D:/UE4t/Tutorial1/myGames/EndlessRunner/Content/Construction_VOL2/Materials/Masters/MM_Background_01a.uasset" 3678
"D:/UE4t/Tutorial1/myGames/EndlessRunner/Content/Construction_VOL2/Materials/Instances/MI_Background_01a.uasset" 3679
"D:/UE4t/Tutorial1/myGames/EndlessRunner/Content/Construction_VOL2/Meshes/SM_Plane_01a.uasset" 3680
"D:/UE4t/Tutorial1/myGames/EndlessRunner/Content/Construction_VOL2/Materials/Instances/MI_Skybox.uasset" 3681
"C:/Users/shashinda adithya/AppData/Local/UnrealEngine/Common/DerivedDataCache/8/4/8/PHYSX_A08609EF508D460CBB6710540B03AACF_PHYSXPC_B374C7284510DD0AC03446AEB772D245__1_0_0_0_3_13315_0.udd" 3682
"C:/Users/shashinda adithya/AppData/Local/UnrealEngine/Common/DerivedDataCache/3/8/6/PHYSX_A08609EF508D460CBB6710540B03AACF_PHYSXPC_B3DEDD574ACE7870585465BE58A84950__1_0_0_0_3_13315_0.udd" 3683
"C:/Users/shashinda adithya/AppData/Local/UnrealEngine/Common/DerivedDataCache/8/0/0/PHYSX_A08609EF508D460CBB6710540B03AACF_PHYSXPC_5132FE554D8D0A47DAF3B792BB1720D5__1_0_0_0_3_13315_0.udd" 3684
"C:/Users/shashinda adithya/AppData/Local/UnrealEngine/Common/DerivedDataCache/0/4/5/PHYSX_A08609EF508D460CBB6710540B03AACF_PHYSXPC_1A1492CF41CA5D30348553A2C6C49812__1_0_0_0_3_13315_0.udd" 3685
"D:/UE4t/Tutorial1/myGames/EndlessRunner/Content/Construction_VOL2/Maps/Demonstration.umap" 3686
"D:/UE4t/Tutorial1/myGames/EndlessRunner/Content/Construction_VOL1/Textures/Unique/TX_BrickPaletteStack_01_RMA.uasset" 3687
"D:/UE4t/Tutorial1/myGames/EndlessRunner/Content/Construction_VOL1/Textures/Unique/TX_BrickPaletteStack_01_NRM.uasset" 3688
"D:/UE4t/Tutorial1/myGames/EndlessRunner/Content/Construction_VOL1/Textures/Unique/TX_BrickPaletteStack_01_ALB.uasset" 3689
"C:/Users/shashinda adithya/AppData/Local/UnrealEngine/Common/DerivedDataCache/4/0/9/STATICMESH_9CE2B6FB46754B699726C4AA1515F12E_228332BAE0224DD294E232B87D83948FQU__652E6A168C36F1EE171D2C3316B03AFF5C10B8AC.udd" 3690
"C:/Users/shashinda adithya/AppData/Local/UnrealEngine/Common/DerivedDataCache/6/1/8/PHYSX_A08609EF508D460CBB6710540B03AACF_PHYSXPC_644DBED14DBD76B87D28B4853F0C3EA__28FD5CE9FC9608DD30AB3683A2FFC485995032E6.udd" 3691
"C:/Users/shashinda adithya/AppData/Local/UnrealEngine/Common/DerivedDataCache/4/9/6/NAVCOLLISION_2983273BE5D6425391E8C0B3D1C0A55D_NAVCOLLISION_X_644DBED14DBD76B87__5151CCA12E2CDDD0090ECD15E9BEC1D98370E52E.udd" 3692
"D:/UE4t/Tutorial1/myGames/EndlessRunner/Content/Construction_VOL1/Materials/Instances/MI_BrickPaletteStack_01a.uasset" 3693
"D:/UE4t/Tutorial1/myGames/EndlessRunner/Content/Construction_VOL1/Meshes/SM_BrickPaletteStack_01c.uasset" 3694
"D:/UE4t/Tutorial1/myGames/EndlessRunner/Content/Construction_VOL1/Textures/Unique/TX_CinderStack_RMA.uasset" 3695
"D:/UE4t/Tutorial1/myGames/EndlessRunner/Content/Construction_VOL1/Textures/Unique/TX_CinderStack_NRM.uasset" 3696
"D:/UE4t/Tutorial1/myGames/EndlessRunner/Content/Construction_VOL1/Textures/Unique/TX_CinderStack_ALB.uasset" 3697
"D:/UE4t/Tutorial1/myGames/EndlessRunner/Content/Construction_VOL1/Materials/Instances/MI_Cinderstack_01a.uasset" 3698
"D:/UE4t/Tutorial1/myGames/EndlessRunner/Content/Construction_VOL1/Meshes/SM_CinderStack_Single_01a.uasset" 3699
"D:/UE4t/Tutorial1/myGames/EndlessRunner/Content/Construction_VOL1/Meshes/SM_CinderStack_Pallete_01a.uasset" 3700
"D:/UE4t/Tutorial1/myGames/EndlessRunner/Content/Construction_VOL1/Meshes/SM_CinderStack_02a.uasset" 3701
"D:/UE4t/Tutorial1/myGames/EndlessRunner/Content/Construction_VOL1/Blueprints/BP_Cinderstack_04.uasset" 3702
"C:/Users/shashinda adithya/AppData/Local/UnrealEngine/Common/DerivedDataCache/8/4/8/STATICMESH_9CE2B6FB46754B699726C4AA1515F12E_228332BAE0224DD294E232B87D83948FQU__422F71F6E63970283A4D869E955B2525B92893BD.udd" 3703
"C:/Users/shashinda adithya/AppData/Local/UnrealEngine/Common/DerivedDataCache/7/4/3/PHYSX_A08609EF508D460CBB6710540B03AACF_PHYSXPC_7BD53F8C4540BFE0C8224CB39C81D66__3C6AC4AE8F56C95A89CDFCAFDB8ED428539034B1.udd" 3704
"C:/Users/shashinda adithya/AppData/Local/UnrealEngine/Common/DerivedDataCache/7/1/5/NAVCOLLISION_2983273BE5D6425391E8C0B3D1C0A55D_NAVCOLLISION_X_7BD53F8C4540BFE0C__0A109EFE4E1C62278EEA432E00CC92889D8D9FB4.udd" 3705
"D:/UE4t/Tutorial1/myGames/EndlessRunner/Content/Construction_VOL1/Meshes/SM_CinderStack_01a.uasset" 3706
"D:/UE4t/Tutorial1/myGames/EndlessRunner/Content/Construction_VOL1/Textures/Unique/TX_ConcreteBag_01a_RMA.uasset" 3707
"C:/Users/shashinda adithya/AppData/Local/UnrealEngine/Common/DerivedDataCache/5/8/9/PHYSX_A08609EF508D460CBB6710540B03AACF_PHYSXPC_15DE2AB94A3A1F46CACE2A9CC8887730__1_0_0_0_2_13315_0.udd" 3708
"C:/Users/shashinda adithya/AppData/Local/UnrealEngine/Common/DerivedDataCache/2/2/4/PHYSX_A08609EF508D460CBB6710540B03AACF_PHYSXPC_D49ADCAD41CB6E72FD0CE1A3C860D999__1_0_0_0_2_13315_0.udd" 3709
"D:/UE4t/Tutorial1/myGames/EndlessRunner/Content/Construction_VOL1/Textures/Unique/TX_ConcreteBag_01a_NRM.uasset" 3710
"D:/UE4t/Tutorial1/myGames/EndlessRunner/Content/Construction_VOL1/Textures/Unique/TX_ConcreteBag_01a_ALB.uasset" 3711
"D:/UE4t/Tutorial1/myGames/EndlessRunner/Content/Construction_VOL1/Materials/Instances/MI_ConcreteBag_01a.uasset" 3712
"D:/UE4t/Tutorial1/myGames/EndlessRunner/Content/Construction_VOL1/Meshes/SM_ConcreteBag_03a.uasset" 3713
"D:/UE4t/Tutorial1/myGames/EndlessRunner/Content/Construction_VOL1/Meshes/SM_ConcreteBag_05a.uasset" 3714
"C:/Users/shashinda adithya/AppData/Local/UnrealEngine/Common/DerivedDataCache/0/3/6/STATICMESH_9CE2B6FB46754B699726C4AA1515F12E_228332BAE0224DD294E232B87D83948FQU__F09A6A27FBD77650719F59048278003464C8F84D.udd" 3715
"C:/Users/shashinda adithya/AppData/Local/UnrealEngine/Common/DerivedDataCache/0/9/5/PHYSX_A08609EF508D460CBB6710540B03AACF_PHYSXPC_84F50E5D43A2183A578F269018DC870__5D75F3F48F1266B73DF8820EE7952166A5E8E37A.udd" 3716
"C:/Users/shashinda adithya/AppData/Local/UnrealEngine/Common/DerivedDataCache/9/3/2/NAVCOLLISION_2983273BE5D6425391E8C0B3D1C0A55D_NAVCOLLISION_X_84F50E5D43A2183A5__746061B9253A00E71AFAFD85DE9938353B1B1FF3.udd" 3717
"D:/UE4t/Tutorial1/myGames/EndlessRunner/Content/Construction_VOL1/Textures/Unique/TX_WoodenPalette_01_RMA.uasset" 3718
"D:/UE4t/Tutorial1/myGames/EndlessRunner/Content/Construction_VOL1/Textures/Unique/TX_WoodenPalette_01_NRM.uasset" 3719
"D:/UE4t/Tutorial1/myGames/EndlessRunner/Content/Construction_VOL1/Textures/Unique/TX_WoodenPalette_01_ALB.uasset" 3720
"D:/UE4t/Tutorial1/myGames/EndlessRunner/Content/Construction_VOL1/Materials/Instances/MI_WoodenPalette_01a.uasset" 3721
"C:/Users/shashinda adithya/AppData/Local/UnrealEngine/Common/DerivedDataCache/5/3/2/MATSM_0BA69734E4FD45E082FA4560DBE25454_PCD3D_SM5_8__BC5N_NOCCBN_NOIRIS_DEV_SL___A0A18E8B3E6383DF892F2A3193B7213524E9D76B.udd" 3722
"D:/UE4t/Tutorial1/myGames/EndlessRunner/Content/Construction_VOL1/Meshes/SM_woodenpalette_01.uasset" 3723
"C:/Users/shashinda adithya/AppData/Local/UnrealEngine/Common/DerivedDataCache/5/0/0/STATICMESH_9CE2B6FB46754B699726C4AA1515F12E_228332BAE0224DD294E232B87D83948FQU__11DF794D6111BADE2BF070299805DDED61375426.udd" 3724
"C:/Users/shashinda adithya/AppData/Local/UnrealEngine/Common/DerivedDataCache/7/2/2/PHYSX_A08609EF508D460CBB6710540B03AACF_PHYSXPC_65EF3260414E2841CEF24A9DA476321__E43B9146809CF83D50FE0093599650E28E23D390.udd" 3725
"C:/Users/shashinda adithya/AppData/Local/UnrealEngine/Common/DerivedDataCache/8/3/0/NAVCOLLISION_2983273BE5D6425391E8C0B3D1C0A55D_NAVCOLLISION_X_65EF3260414E2841C__42DDCF2F49C680BA7ABE42B9865317BD56D600E4.udd" 3726
"D:/UE4t/Tutorial1/myGames/EndlessRunner/Content/Construction_VOL1/Blueprints/BP_ConcreteStack_01.uasset" 3727
"C:/Users/shashinda adithya/AppData/Local/UnrealEngine/Common/DerivedDataCache/2/6/6/STATICMESH_9CE2B6FB46754B699726C4AA1515F12E_228332BAE0224DD294E232B87D83948FQU__BFFC618B9F6F3316762DDCA8713B39965217391A.udd" 3728
"C:/Users/shashinda adithya/AppData/Local/UnrealEngine/Common/DerivedDataCache/1/2/4/PHYSX_A08609EF508D460CBB6710540B03AACF_PHYSXPC_7650BE0B40EDA426699616B7EA21704__CAD73B5570A72D0EC056AD5F03910CB21021528F.udd" 3729
"C:/Users/shashinda adithya/AppData/Local/UnrealEngine/Common/DerivedDataCache/7/1/9/NAVCOLLISION_2983273BE5D6425391E8C0B3D1C0A55D_NAVCOLLISION_X_7650BE0B40EDA4266__88438F07E63A792E9396BA9802525AA82DAC801B.udd" 3730
"D:/UE4t/Tutorial1/myGames/EndlessRunner/Content/Construction_VOL1/Meshes/SM_ConcreteBag_01a.uasset" 3731
"C:/Users/shashinda adithya/AppData/Local/UnrealEngine/Common/DerivedDataCache/0/0/7/STATICMESH_9CE2B6FB46754B699726C4AA1515F12E_228332BAE0224DD294E232B87D83948FQU__1D56AE839CD406CBE8D6729F55E609E42E58DC2D.udd" 3732
"C:/Users/shashinda adithya/AppData/Local/UnrealEngine/Common/DerivedDataCache/1/6/3/PHYSX_A08609EF508D460CBB6710540B03AACF_PHYSXPC_CD435CF147D1B00616E9F59DAC9D502__4DD99272638B6C1A173388AB3526EACD18DBF1D7.udd" 3733
"C:/Users/shashinda adithya/AppData/Local/UnrealEngine/Common/DerivedDataCache/4/9/4/NAVCOLLISION_2983273BE5D6425391E8C0B3D1C0A55D_NAVCOLLISION_X_CD435CF147D1B0061__770EFBC86FEC462719150C6119285AD70B9480F1.udd" 3734
"D:/UE4t/Tutorial1/myGames/EndlessRunner/Content/Construction_VOL1/Meshes/SM_ConcreteBag_02a.uasset" 3735
"D:/UE4t/Tutorial1/myGames/EndlessRunner/Content/Construction_VOL1/Blueprints/BP_ConcreteStack_02.uasset" 3736
"C:/Users/shashinda adithya/AppData/Local/UnrealEngine/Common/DerivedDataCache/7/6/7/STATICMESH_9CE2B6FB46754B699726C4AA1515F12E_228332BAE0224DD294E232B87D83948FQU__CC9115A5F024D5DA8832F7A8E8A9218A9B45D103.udd" 3737
"C:/Users/shashinda adithya/AppData/Local/UnrealEngine/Common/DerivedDataCache/3/8/5/PHYSX_A08609EF508D460CBB6710540B03AACF_PHYSXPC_44B2AD6343D858105F565B8DB9B2A7D__89BF5114F95A59B8FC9E0B9BC551B69AF5FD754F.udd" 3738
"C:/Users/shashinda adithya/AppData/Local/UnrealEngine/Common/DerivedDataCache/7/8/7/NAVCOLLISION_2983273BE5D6425391E8C0B3D1C0A55D_NAVCOLLISION_X_44B2AD6343D858105__06FD92C102F5DC13B1FA5E8B779994C4240FB8A3.udd" 3739
"D:/UE4t/Tutorial1/myGames/EndlessRunner/Content/Construction_VOL1/Blueprints/BP_ConcreteStack_03.uasset" 3740
"D:/UE4t/Tutorial1/myGames/EndlessRunner/Content/Construction_VOL1/Meshes/SM_construction_fence_connectors_01a.uasset" 3741
"D:/UE4t/Tutorial1/myGames/EndlessRunner/Content/Construction_VOL1/Meshes/SM_construction_fence_support_01a.uasset" 3742
"D:/UE4t/Tutorial1/myGames/EndlessRunner/Content/Construction_VOL1/Blueprints/BP_ConstructionFence_01a.uasset" 3743
"C:/Users/shashinda adithya/AppData/Local/UnrealEngine/Common/DerivedDataCache/9/9/9/MATSM_0BA69734E4FD45E082FA4560DBE25454_PCD3D_SM5_8__BC5N_NOCCBN_NOIRIS_DEV_SL___930C9EFC739174BF4B38CE4A57F34235F78D2984.udd" 3744
"D:/UE4t/Tutorial1/myGames/EndlessRunner/Content/Construction_VOL1/Textures/Unique/TX_Drywall_01a_RMA.uasset" 3745
"C:/Users/shashinda adithya/AppData/Local/UnrealEngine/Common/DerivedDataCache/3/6/3/STATICMESH_9CE2B6FB46754B699726C4AA1515F12E_228332BAE0224DD294E232B87D83948FQU__1110CF9B373B090B315239FD5A91BE9B22CC972E.udd" 3746
"C:/Users/shashinda adithya/AppData/Local/UnrealEngine/Common/DerivedDataCache/0/5/6/PHYSX_A08609EF508D460CBB6710540B03AACF_PHYSXPC_EF64787F4B20B6F1D2CAF2A1DE8D9B9__C393B6F33BB24AB90FB829F52F769A22952858B0.udd" 3747
"C:/Users/shashinda adithya/AppData/Local/UnrealEngine/Common/DerivedDataCache/3/7/7/NAVCOLLISION_2983273BE5D6425391E8C0B3D1C0A55D_NAVCOLLISION_X_EF64787F4B20B6F1D__A311E36ECA276894DC31C1297A3A459EC9858F72.udd" 3748
"D:/UE4t/Tutorial1/myGames/EndlessRunner/Content/Construction_VOL1/Textures/Unique/TX_Drywall_01a_NRM.uasset" 3749
"C:/Users/shashinda adithya/AppData/Local/UnrealEngine/Common/DerivedDataCache/7/8/1/STATICMESH_9CE2B6FB46754B699726C4AA1515F12E_228332BAE0224DD294E232B87D83948FQU__72CB07F5B92F11616E8850354AFBB2B4E27BABAA.udd" 3750
"C:/Users/shashinda adithya/AppData/Local/UnrealEngine/Common/DerivedDataCache/6/4/4/PHYSX_A08609EF508D460CBB6710540B03AACF_PHYSXPC_FCA1F5524810FC772DC141A72D45ED6__22432FB26741BDE07DE72E4943DB4604C638545F.udd" 3751
"C:/Users/shashinda adithya/AppData/Local/UnrealEngine/Common/DerivedDataCache/7/6/3/NAVCOLLISION_2983273BE5D6425391E8C0B3D1C0A55D_NAVCOLLISION_X_FCA1F5524810FC772__B9ACCB49A2C84616C0FA78E17E1BC9C423C18A0D.udd" 3752
"D:/UE4t/Tutorial1/myGames/EndlessRunner/Content/Construction_VOL1/Textures/Unique/TX_Drywall_01a_ALB.uasset" 3753
"D:/UE4t/Tutorial1/myGames/EndlessRunner/Content/Construction_VOL1/Materials/Instances/MI_Drywall_01a.uasset" 3754
"D:/UE4t/Tutorial1/myGames/EndlessRunner/Content/Construction_VOL1/Meshes/SM_Drywall_01a.uasset" 3755
"D:/UE4t/Tutorial1/myGames/EndlessRunner/Content/Construction_VOL1/Meshes/SM_Drywall_01b.uasset" 3756
"D:/UE4t/Tutorial1/myGames/EndlessRunner/Content/Construction_VOL1/Blueprints/BP_DrywallStack_01.uasset" 3757
"C:/Users/shashinda adithya/AppData/Local/UnrealEngine/Common/DerivedDataCache/6/9/2/STATICMESH_9CE2B6FB46754B699726C4AA1515F12E_228332BAE0224DD294E232B87D83948FQU__74034ED38502DC08E79C3F761331AC21BE651456.udd" 3758
"C:/Users/shashinda adithya/AppData/Local/UnrealEngine/Common/DerivedDataCache/6/8/1/PHYSX_A08609EF508D460CBB6710540B03AACF_PHYSXPC_AD6944124136DE0CABDBEA84BD19F77__DFA84B69589CAE0620FE23398546CFBD8099FF01.udd" 3759
"C:/Users/shashinda adithya/AppData/Local/UnrealEngine/Common/DerivedDataCache/4/5/0/NAVCOLLISION_2983273BE5D6425391E8C0B3D1C0A55D_NAVCOLLISION_X_AD6944124136DE0CA__6FE78FE0380AA9ACB3265F03A69AB43BB849F70C.udd" 3760
"D:/UE4t/Tutorial1/myGames/EndlessRunner/Content/Construction_VOL1/Textures/Unique/TX_Portapotty_02_RMA.uasset" 3761
"D:/UE4t/Tutorial1/myGames/EndlessRunner/Content/Construction_VOL1/Textures/Unique/TX_Portapotty_02_NRM.uasset" 3762
"C:/Users/shashinda adithya/AppData/Local/UnrealEngine/Common/DerivedDataCache/9/5/9/STATICMESH_9CE2B6FB46754B699726C4AA1515F12E_228332BAE0224DD294E232B87D83948FQU__37A7AF4D59888738F89FAE9B574861F5010D5015.udd" 3763
"C:/Users/shashinda adithya/AppData/Local/UnrealEngine/Common/DerivedDataCache/2/4/2/PHYSX_A08609EF508D460CBB6710540B03AACF_PHYSXPC_DA67D38D4108B8EF53535ABA3C91A66__DD23BABEAB3EF92CC4F2D89491A3BE4F2781F14A.udd" 3764
"C:/Users/shashinda adithya/AppData/Local/UnrealEngine/Common/DerivedDataCache/3/7/0/NAVCOLLISION_2983273BE5D6425391E8C0B3D1C0A55D_NAVCOLLISION_X_DA67D38D4108B8EF5__54B50EB3B13032E3739440424635892C5C61E829.udd" 3765
"D:/UE4t/Tutorial1/myGames/EndlessRunner/Content/Construction_VOL1/Textures/Unique/TX_Portapotty_02_ALB.uasset" 3766
"C:/Users/shashinda adithya/AppData/Local/UnrealEngine/Common/DerivedDataCache/1/4/9/STATICMESH_9CE2B6FB46754B699726C4AA1515F12E_228332BAE0224DD294E232B87D83948FQU__FAC2D9EC31AE0948D6B9D47EC3D15FAED0D77C90.udd" 3767
"C:/Users/shashinda adithya/AppData/Local/UnrealEngine/Common/DerivedDataCache/8/5/3/PHYSX_A08609EF508D460CBB6710540B03AACF_PHYSXPC_56F8A36244D32520C5BA8990197285C__485225F42F00AE6A21641D265D936166C358B47E.udd" 3768
"C:/Users/shashinda adithya/AppData/Local/UnrealEngine/Common/DerivedDataCache/0/7/1/NAVCOLLISION_2983273BE5D6425391E8C0B3D1C0A55D_NAVCOLLISION_X_56F8A36244D32520C__1C589615AF698024B9B2AD16F0CD1E6DE9672E44.udd" 3769
"D:/UE4t/Tutorial1/myGames/EndlessRunner/Content/Construction_VOL1/Materials/Instances/MI_Portapotty_01b.uasset" 3770
"D:/UE4t/Tutorial1/myGames/EndlessRunner/Content/Construction_VOL1/Meshes/SM_Portapotty_02.uasset" 3771
"D:/UE4t/Tutorial1/myGames/EndlessRunner/Content/Construction_VOL1/Meshes/SM_Portapotty_03.uasset" 3772
"C:/Users/shashinda adithya/AppData/Local/UnrealEngine/Common/DerivedDataCache/3/8/8/STATICMESH_9CE2B6FB46754B699726C4AA1515F12E_228332BAE0224DD294E232B87D83948FQU__D87F7E7100C90EB0EEA56D69FBFCF1BFB083A6B2.udd" 3773
"C:/Users/shashinda adithya/AppData/Local/UnrealEngine/Common/DerivedDataCache/6/9/1/PHYSX_A08609EF508D460CBB6710540B03AACF_PHYSXPC_6B9D6CE44698D1FFB6A86BAA5AF72CC__6A5EB4C616F721DA0741F10A39B771A7A3EDC541.udd" 3774
"C:/Users/shashinda adithya/AppData/Local/UnrealEngine/Common/DerivedDataCache/9/0/3/NAVCOLLISION_2983273BE5D6425391E8C0B3D1C0A55D_NAVCOLLISION_X_6B9D6CE44698D1FFB__5B383388148CB7E8D073A584245F68B762DF3ACE.udd" 3775
"D:/UE4t/Tutorial1/myGames/EndlessRunner/Content/Construction_VOL1/Blueprints/BP_Portapotty_01.uasset" 3776
"C:/Users/shashinda adithya/AppData/Local/UnrealEngine/Common/DerivedDataCache/5/1/8/STATICMESH_9CE2B6FB46754B699726C4AA1515F12E_228332BAE0224DD294E232B87D83948FQU__0D95B1A4A745B13E7040E948EAC0948446FD1532.udd" 3777
"C:/Users/shashinda adithya/AppData/Local/UnrealEngine/Common/DerivedDataCache/9/1/1/PHYSX_A08609EF508D460CBB6710540B03AACF_PHYSXPC_9CFC56EE4D03FB243566C793246C9D8__8A0CA3319378E46CA726FB998D8B4070B07A8465.udd" 3778
"C:/Users/shashinda adithya/AppData/Local/UnrealEngine/Common/DerivedDataCache/1/6/9/NAVCOLLISION_2983273BE5D6425391E8C0B3D1C0A55D_NAVCOLLISION_X_9CFC56EE4D03FB243__29B87F4712A4341966125F230B67C83EF6862FE3.udd" 3779
"D:/UE4t/Tutorial1/myGames/EndlessRunner/Content/Construction_VOL1/Meshes/SM_LightGenerator_Lights_01a.uasset" 3780
"D:/UE4t/Tutorial1/myGames/EndlessRunner/Content/Construction_VOL1/Meshes/SM_LightGenerator_Base_01a.uasset" 3781
"D:/UE4t/Tutorial1/myGames/EndlessRunner/Content/Construction_VOL1/Textures/Unique/TX_OilBarrel_01a_RMA.uasset" 3782
"D:/UE4t/Tutorial1/myGames/EndlessRunner/Content/Construction_VOL1/Textures/Unique/TX_OilBarrel_01a_NRM.uasset" 3783
"D:/UE4t/Tutorial1/myGames/EndlessRunner/Content/Construction_VOL1/Textures/Unique/TX_OilBarrel_01a_ALB.uasset" 3784
"C:/Users/shashinda adithya/AppData/Local/UnrealEngine/Common/DerivedDataCache/7/9/0/MATSM_0BA69734E4FD45E082FA4560DBE25454_PCD3D_SM5_8__BC5N_NOCCBN_NOIRIS_DEV_SL___77E657A0C0794F6018015EF2CD17929BD08043FE.udd" 3785
"D:/UE4t/Tutorial1/myGames/EndlessRunner/Content/Construction_VOL1/Materials/Instances/MI_OilBarrel_01a.uasset" 3786
"C:/Users/shashinda adithya/AppData/Local/UnrealEngine/Common/DerivedDataCache/4/0/7/STATICMESH_9CE2B6FB46754B699726C4AA1515F12E_228332BAE0224DD294E232B87D83948FQU__C203A8A0A2375EA905DA55B2B93AFEFCAD47E2AA.udd" 3787
"C:/Users/shashinda adithya/AppData/Local/UnrealEngine/Common/DerivedDataCache/9/2/5/PHYSX_A08609EF508D460CBB6710540B03AACF_PHYSXPC_12A127774787EE7036BD13846A5834F__27362AE4D0DAC99F98AD23009919442CD631A400.udd" 3788
"C:/Users/shashinda adithya/AppData/Local/UnrealEngine/Common/DerivedDataCache/2/5/3/NAVCOLLISION_2983273BE5D6425391E8C0B3D1C0A55D_NAVCOLLISION_X_12A127774787EE703__1FA3FAA15437A600BF500F85D9457FEBE56803B6.udd" 3789
"D:/UE4t/Tutorial1/myGames/EndlessRunner/Content/Construction_VOL1/Meshes/SM_Barrel_01.uasset" 3790
"C:/Users/shashinda adithya/AppData/Local/UnrealEngine/Common/DerivedDataCache/8/4/5/STATICMESH_9CE2B6FB46754B699726C4AA1515F12E_228332BAE0224DD294E232B87D83948FQU__F92A2501F5465FC50F06EB3832798E405CF4C663.udd" 3791
"C:/Users/shashinda adithya/AppData/Local/UnrealEngine/Common/DerivedDataCache/1/0/0/PHYSX_A08609EF508D460CBB6710540B03AACF_PHYSXPC_BE7137604000408ACAA8D98635BE9F3__EBA013051AF1AF58D74ADE6EE9652EEDB739C07E.udd" 3792
"C:/Users/shashinda adithya/AppData/Local/UnrealEngine/Common/DerivedDataCache/6/0/4/NAVCOLLISION_2983273BE5D6425391E8C0B3D1C0A55D_NAVCOLLISION_X_BE7137604000408AC__426607C63CF9F0A2BEB500BA8CC7164A44182840.udd" 3793
"D:/UE4t/Tutorial1/myGames/EndlessRunner/Content/Construction_VOL1/Textures/Unique/TX_CableReel_RMA.uasset" 3794
"D:/UE4t/Tutorial1/myGames/EndlessRunner/Content/Construction_VOL1/Textures/Unique/TX_CableReel_NRM.uasset" 3795
"D:/UE4t/Tutorial1/myGames/EndlessRunner/Content/Construction_VOL1/Textures/Unique/TX_CableReel_ALB.uasset" 3796
"D:/UE4t/Tutorial1/myGames/EndlessRunner/Content/Construction_VOL1/Materials/Instances/MI_CableReel_01a.uasset" 3797
"D:/UE4t/Tutorial1/myGames/EndlessRunner/Content/Construction_VOL1/Meshes/SM_CableReel.uasset" 3798
"D:/UE4t/Tutorial1/myGames/EndlessRunner/Content/Construction_VOL1/Meshes/SM_ConcreteBag_04a.uasset" 3799
"C:/Users/shashinda adithya/AppData/Local/UnrealEngine/Common/DerivedDataCache/4/1/8/STATICMESH_9CE2B6FB46754B699726C4AA1515F12E_228332BAE0224DD294E232B87D83948FQU__B5B5F55C5AA9FBA8ADEE7591AAF7A46F16152760.udd" 3800
"C:/Users/shashinda adithya/AppData/Local/UnrealEngine/Common/DerivedDataCache/0/5/1/PHYSX_A08609EF508D460CBB6710540B03AACF_PHYSXPC_E48D74344E0348624CF3F1B45F43DAE__022DA3202A9CD3202006A1D3AF88CEDADA6476C6.udd" 3801
"C:/Users/shashinda adithya/AppData/Local/UnrealEngine/Common/DerivedDataCache/6/3/9/NAVCOLLISION_2983273BE5D6425391E8C0B3D1C0A55D_NAVCOLLISION_X_E48D74344E0348624__F50F4BCAB57BC7B8525EB9D8292EC9BB61A233B6.udd" 3802
"D:/UE4t/Tutorial1/myGames/EndlessRunner/Content/Construction_VOL1/Textures/Unique/TX_ConcretePipe_Set_RMA.uasset" 3803
"C:/Users/shashinda adithya/AppData/Local/UnrealEngine/Common/DerivedDataCache/4/6/0/STATICMESH_9CE2B6FB46754B699726C4AA1515F12E_228332BAE0224DD294E232B87D83948FQU__F7206448349DB4111A6C237CEB9C25BFADE18E72.udd" 3804
"C:/Users/shashinda adithya/AppData/Local/UnrealEngine/Common/DerivedDataCache/2/8/5/PHYSX_A08609EF508D460CBB6710540B03AACF_PHYSXPC_658E250B4709A0846612499BA9458F6__F8B107CF2405EC9625D9ED8E87C6B0FDF11C396D.udd" 3805
"C:/Users/shashinda adithya/AppData/Local/UnrealEngine/Common/DerivedDataCache/7/2/2/NAVCOLLISION_2983273BE5D6425391E8C0B3D1C0A55D_NAVCOLLISION_X_658E250B4709A0846__207935E1E184DCE428BBD95C8E30A74A6AFC866F.udd" 3806
"D:/UE4t/Tutorial1/myGames/EndlessRunner/Content/Construction_VOL1/Textures/Unique/TX_ConcretePipe_Set_NRM.uasset" 3807
"D:/UE4t/Tutorial1/myGames/EndlessRunner/Content/Construction_VOL1/Textures/Unique/TX_ConcretePipe_Set_ALB.uasset" 3808
"C:/Users/shashinda adithya/AppData/Local/UnrealEngine/Common/DerivedDataCache/9/3/6/STATICMESH_9CE2B6FB46754B699726C4AA1515F12E_228332BAE0224DD294E232B87D83948FQU__6B316B760422035E8BCA33956AC2437E79CE713F.udd" 3809
"C:/Users/shashinda adithya/AppData/Local/UnrealEngine/Common/DerivedDataCache/6/6/1/PHYSX_A08609EF508D460CBB6710540B03AACF_PHYSXPC_A3F68C2249DF18FE3C9BB8B9F7BED76__5C388D9DC4D6842DCAFCB08B1502BED82C5D1CC9.udd" 3810
"C:/Users/shashinda adithya/AppData/Local/UnrealEngine/Common/DerivedDataCache/7/7/7/NAVCOLLISION_2983273BE5D6425391E8C0B3D1C0A55D_NAVCOLLISION_X_A3F68C2249DF18FE3__3135E74A7B28EBA43C677C9A97F12D83C774AB56.udd" 3811
"D:/UE4t/Tutorial1/myGames/EndlessRunner/Content/Construction_VOL1/Materials/Instances/MI_ConcretePipe_01a.uasset" 3812
"C:/Users/shashinda adithya/AppData/Local/UnrealEngine/Common/DerivedDataCache/5/7/8/STATICMESH_9CE2B6FB46754B699726C4AA1515F12E_228332BAE0224DD294E232B87D83948FQU__A53C6F47F046D339302F20BE2E4313A34396FE01.udd" 3813
"C:/Users/shashinda adithya/AppData/Local/UnrealEngine/Common/DerivedDataCache/9/1/8/PHYSX_A08609EF508D460CBB6710540B03AACF_PHYSXPC_B4E70E394BAA99BA6A0E83A937FA723__0BD9D2164BC756EDBB09CD811BA7E68B2D9D46A5.udd" 3814
"C:/Users/shashinda adithya/AppData/Local/UnrealEngine/Common/DerivedDataCache/5/8/3/NAVCOLLISION_2983273BE5D6425391E8C0B3D1C0A55D_NAVCOLLISION_X_B4E70E394BAA99BA6__1F4A4C1209BD2F180E0518B53E6AFD50335B10FD.udd" 3815
"D:/UE4t/Tutorial1/myGames/EndlessRunner/Content/Construction_VOL1/Meshes/SM_ConcretePipe_02.uasset" 3816
"D:/UE4t/Tutorial1/myGames/EndlessRunner/Content/Construction_VOL1/Meshes/SM_ConcretePipe_03.uasset" 3817
"D:/UE4t/Tutorial1/myGames/EndlessRunner/Content/Construction_VOL1/Meshes/SM_ConcretePipe_01.uasset" 3818
"D:/UE4t/Tutorial1/myGames/EndlessRunner/Content/Construction_VOL1/Textures/Unique/TX_Crates_01a_RMA.uasset" 3819
"D:/UE4t/Tutorial1/myGames/EndlessRunner/Content/Construction_VOL1/Textures/Unique/TX_Crates_01a_NRM.uasset" 3820
"C:/Users/shashinda adithya/AppData/Local/UnrealEngine/Common/DerivedDataCache/3/2/7/STATICMESH_9CE2B6FB46754B699726C4AA1515F12E_228332BAE0224DD294E232B87D83948FQU__B12ED3C77439284A19E5C333952DE440B01CE1E5.udd" 3821
"C:/Users/shashinda adithya/AppData/Local/UnrealEngine/Common/DerivedDataCache/6/8/5/PHYSX_A08609EF508D460CBB6710540B03AACF_PHYSXPC_9EDE883A41356E9EF1ABDCB2C43CC56__4E2378903926F52F5604E0619CD931854D5D4875.udd" 3822
"C:/Users/shashinda adithya/AppData/Local/UnrealEngine/Common/DerivedDataCache/5/4/4/NAVCOLLISION_2983273BE5D6425391E8C0B3D1C0A55D_NAVCOLLISION_X_9EDE883A41356E9EF__387EA5B955C1F34081B54724FDE4BEC7D1975DB4.udd" 3823
"D:/UE4t/Tutorial1/myGames/EndlessRunner/Content/Construction_VOL1/Textures/Unique/TX_Crates_01a_ALB.uasset" 3824
"D:/UE4t/Tutorial1/myGames/EndlessRunner/Content/Construction_VOL1/Materials/Instances/MI_Crate_01a.uasset" 3825
"D:/UE4t/Tutorial1/myGames/EndlessRunner/Content/Construction_VOL1/Meshes/SM_Crate_01a.uasset" 3826
"D:/UE4t/Tutorial1/myGames/EndlessRunner/Content/Construction_VOL1/Meshes/SM_Crate_Base_01a.uasset" 3827
"C:/Users/shashinda adithya/AppData/Local/UnrealEngine/Common/DerivedDataCache/1/8/3/MATSM_0BA69734E4FD45E082FA4560DBE25454_PCD3D_SM5_8__BC5N_NOCCBN_NOIRIS_DEV_SL___4BCC054367CA66B16B329C47847C6130015D1758.udd" 3828
"D:/UE4t/Tutorial1/myGames/EndlessRunner/Content/Construction_VOL1/Meshes/SM_Crate_Lid_01a.uasset" 3829
"C:/Users/shashinda adithya/AppData/Local/UnrealEngine/Common/DerivedDataCache/6/1/9/STATICMESH_9CE2B6FB46754B699726C4AA1515F12E_228332BAE0224DD294E232B87D83948FQU__4D83626C08B695F9540CABA0F9AC816147804D08.udd" 3830
"C:/Users/shashinda adithya/AppData/Local/UnrealEngine/Common/DerivedDataCache/1/6/0/PHYSX_A08609EF508D460CBB6710540B03AACF_PHYSXPC_2C13FC954B483ADFE039EA8EF5879E7__D552772D9B7542AF1B895F5226F463382C0F4E79.udd" 3831
"C:/Users/shashinda adithya/AppData/Local/UnrealEngine/Common/DerivedDataCache/0/8/5/NAVCOLLISION_2983273BE5D6425391E8C0B3D1C0A55D_NAVCOLLISION_X_2C13FC954B483ADFE__47F47ADFB87944D1D3E89FA05784493A25E0DF6E.udd" 3832
"D:/UE4t/Tutorial1/myGames/EndlessRunner/Content/Construction_VOL1/Textures/Unique/TX_Dumpster_RMA.uasset" 3833
"C:/Users/shashinda adithya/AppData/Local/UnrealEngine/Common/DerivedDataCache/2/7/5/STATICMESH_9CE2B6FB46754B699726C4AA1515F12E_228332BAE0224DD294E232B87D83948FQU__D275F3319FC078C94D0D451631B535BAC9A31A61.udd" 3834
"C:/Users/shashinda adithya/AppData/Local/UnrealEngine/Common/DerivedDataCache/7/0/6/PHYSX_A08609EF508D460CBB6710540B03AACF_PHYSXPC_35606CD34D6C819F7D31C2A2B036677__8E44DBCC0B383CF0C686116379174599A63BA895.udd" 3835
"C:/Users/shashinda adithya/AppData/Local/UnrealEngine/Common/DerivedDataCache/9/0/7/NAVCOLLISION_2983273BE5D6425391E8C0B3D1C0A55D_NAVCOLLISION_X_35606CD34D6C819F7__A54790614B41EB2462B92036389DC5F8773ACB4E.udd" 3836
"D:/UE4t/Tutorial1/myGames/EndlessRunner/Content/Construction_VOL1/Textures/Unique/TX_Dumpster_NRM.uasset" 3837
"D:/UE4t/Tutorial1/myGames/EndlessRunner/Content/Construction_VOL1/Textures/Unique/TX_Dumpster_ALB.uasset" 3838
"D:/UE4t/Tutorial1/myGames/EndlessRunner/Content/Construction_VOL1/Materials/Instances/MI_Dumpster_01a.uasset" 3839
"D:/UE4t/Tutorial1/myGames/EndlessRunner/Content/Construction_VOL1/Textures/Tileable/TX_DebrisTile_RMA.uasset" 3840
"D:/UE4t/Tutorial1/myGames/EndlessRunner/Content/Construction_VOL1/Textures/Tileable/TX_DebrisTile_NRM.uasset" 3841
"C:/Users/shashinda adithya/AppData/Local/UnrealEngine/Common/DerivedDataCache/7/8/0/STATICMESH_9CE2B6FB46754B699726C4AA1515F12E_228332BAE0224DD294E232B87D83948FQU__5D2AFF4510EC84463DC72808019997FB5234FCA0.udd" 3842
"C:/Users/shashinda adithya/AppData/Local/UnrealEngine/Common/DerivedDataCache/8/1/5/PHYSX_A08609EF508D460CBB6710540B03AACF_PHYSXPC_B4F288004B4AE55FDDF44C94174EFF5__A4CE26E062EFF0FAFFF769DB8A76C3DBFD6DC61E.udd" 3843
"C:/Users/shashinda adithya/AppData/Local/UnrealEngine/Common/DerivedDataCache/8/6/5/NAVCOLLISION_2983273BE5D6425391E8C0B3D1C0A55D_NAVCOLLISION_X_B4F288004B4AE55FD__D952E27A3F3C50C43D2BCDEF27DAE8F358C2068E.udd" 3844
"D:/UE4t/Tutorial1/myGames/EndlessRunner/Content/Construction_VOL1/Textures/Tileable/TX_DebrisTile_ALB.uasset" 3845
"C:/Users/shashinda adithya/AppData/Local/UnrealEngine/Common/DerivedDataCache/6/5/0/STATICMESH_9CE2B6FB46754B699726C4AA1515F12E_228332BAE0224DD294E232B87D83948FQU__9B9FBD563A54AB3EDC916BC6A1301B164DDA7B0A.udd" 3846
"C:/Users/shashinda adithya/AppData/Local/UnrealEngine/Common/DerivedDataCache/0/1/2/PHYSX_A08609EF508D460CBB6710540B03AACF_PHYSXPC_5C8757CA4CB667A8AB797589579AB91__55985304534D7F07E134355C8B6A5C03F5E4A23A.udd" 3847
"C:/Users/shashinda adithya/AppData/Local/UnrealEngine/Common/DerivedDataCache/8/1/4/NAVCOLLISION_2983273BE5D6425391E8C0B3D1C0A55D_NAVCOLLISION_X_5C8757CA4CB667A8A__E318B41AD5A135BF55F6A254CF5454ACF872D0B3.udd" 3848
"D:/UE4t/Tutorial1/myGames/EndlessRunner/Content/Construction_VOL1/Materials/Instances/MI_DebrisTile_01a.uasset" 3849
"C:/Users/shashinda adithya/AppData/Local/UnrealEngine/Common/DerivedDataCache/3/8/6/STATICMESH_9CE2B6FB46754B699726C4AA1515F12E_228332BAE0224DD294E232B87D83948FQU__257F68CF8DD29A4B69E819237DC2A7951D7F7104.udd" 3850
"C:/Users/shashinda adithya/AppData/Local/UnrealEngine/Common/DerivedDataCache/5/3/2/PHYSX_A08609EF508D460CBB6710540B03AACF_PHYSXPC_55ED43F346BC6B5F2934DFAE7AED24B__39A695192427C5EEAF0F856904C5E136DA30DF7D.udd" 3851
"C:/Users/shashinda adithya/AppData/Local/UnrealEngine/Common/DerivedDataCache/1/9/5/NAVCOLLISION_2983273BE5D6425391E8C0B3D1C0A55D_NAVCOLLISION_X_55ED43F346BC6B5F2__8B8F8C6D8C3D6E8A36A6373D540EE71FE7EBC781.udd" 3852
"D:/UE4t/Tutorial1/myGames/EndlessRunner/Content/Construction_VOL1/Meshes/SM_Dumpster.uasset" 3853
"D:/UE4t/Tutorial1/myGames/EndlessRunner/Content/Construction_VOL1/Textures/Unique/TX_PlasticBarrel_01a_RMA.uasset" 3854
"D:/UE4t/Tutorial1/myGames/EndlessRunner/Content/Construction_VOL1/Textures/Unique/TX_PlasticBarrel_01a_NRM.uasset" 3855
"D:/UE4t/Tutorial1/myGames/EndlessRunner/Content/Construction_VOL1/Textures/Unique/TX_PlasticBarrel_01a_ALB.uasset" 3856
"D:/UE4t/Tutorial1/myGames/EndlessRunner/Content/Construction_VOL1/Materials/Instances/MI_PlasticBarrel_01a.uasset" 3857
"C:/Users/shashinda adithya/AppData/Local/UnrealEngine/Common/DerivedDataCache/5/6/6/STATICMESH_9CE2B6FB46754B699726C4AA1515F12E_228332BAE0224DD294E232B87D83948FQU__700E791A1D524C48282FC10914A736084202B33B.udd" 3858
"C:/Users/shashinda adithya/AppData/Local/UnrealEngine/Common/DerivedDataCache/3/4/1/PHYSX_A08609EF508D460CBB6710540B03AACF_PHYSXPC_E71BD04F431C1C07FB70F6924B34434__C644E703EEA7BAB34E43C3FFA8F1A6DEA23BF90B.udd" 3859
"C:/Users/shashinda adithya/AppData/Local/UnrealEngine/Common/DerivedDataCache/3/5/7/NAVCOLLISION_2983273BE5D6425391E8C0B3D1C0A55D_NAVCOLLISION_X_E71BD04F431C1C07F__013DBEB2273306665B33BA1D491BBC00872A610E.udd" 3860
"D:/UE4t/Tutorial1/myGames/EndlessRunner/Content/Construction_VOL1/Meshes/SM_PlasticBarrel_01a.uasset" 3861
"C:/Users/shashinda adithya/AppData/Local/UnrealEngine/Common/DerivedDataCache/5/2/4/STATICMESH_9CE2B6FB46754B699726C4AA1515F12E_228332BAE0224DD294E232B87D83948FQU__CD8E489E4E335D471B5630C59B53E46258C68DB9.udd" 3862
"C:/Users/shashinda adithya/AppData/Local/UnrealEngine/Common/DerivedDataCache/1/5/1/PHYSX_A08609EF508D460CBB6710540B03AACF_PHYSXPC_933131FE473C0609D2E0C3A6483B66B__40C8AD03AAE52BC769E8E219E734015B04C1B063.udd" 3863
"C:/Users/shashinda adithya/AppData/Local/UnrealEngine/Common/DerivedDataCache/4/2/2/NAVCOLLISION_2983273BE5D6425391E8C0B3D1C0A55D_NAVCOLLISION_X_933131FE473C0609D__40ED6AB80C2C716E05816340AA8E3A080C16D009.udd" 3864
"D:/UE4t/Tutorial1/myGames/EndlessRunner/Content/Construction_VOL1/Textures/Unique/TX_Rebar_RMA.uasset" 3865
"C:/Users/shashinda adithya/AppData/Local/UnrealEngine/Common/DerivedDataCache/8/5/9/STATICMESH_9CE2B6FB46754B699726C4AA1515F12E_228332BAE0224DD294E232B87D83948FQU__AACD56E43E0994ED83785F56ACD5E48596C4AB2B.udd" 3866
"C:/Users/shashinda adithya/AppData/Local/UnrealEngine/Common/DerivedDataCache/2/4/2/PHYSX_A08609EF508D460CBB6710540B03AACF_PHYSXPC_799CC39D4C84CBA91F30A58A87831CC__48F953742DEE1636AAF42E72A91DC6648D52B5B7.udd" 3867
"C:/Users/shashinda adithya/AppData/Local/UnrealEngine/Common/DerivedDataCache/8/3/3/NAVCOLLISION_2983273BE5D6425391E8C0B3D1C0A55D_NAVCOLLISION_X_799CC39D4C84CBA91__BCA5632D7594065FF03A8B7408750A52996CD7FB.udd" 3868
"D:/UE4t/Tutorial1/myGames/EndlessRunner/Content/Construction_VOL1/Textures/Unique/TX_Rebar_NRM.uasset" 3869
"D:/UE4t/Tutorial1/myGames/EndlessRunner/Content/Construction_VOL1/Textures/Unique/TX_Rebar_ALB.uasset" 3870
"D:/UE4t/Tutorial1/myGames/EndlessRunner/Content/Construction_VOL1/Materials/Instances/MI_Rebar_01a.uasset" 3871
"D:/UE4t/Tutorial1/myGames/EndlessRunner/Content/Construction_VOL1/Meshes/SM_Rebar_01a.uasset" 3872
"C:/Users/shashinda adithya/AppData/Local/UnrealEngine/Common/DerivedDataCache/1/1/2/MATSM_0BA69734E4FD45E082FA4560DBE25454_PCD3D_SM5_8__BC5N_NOCCBN_NOIRIS_DEV_SL___886C023DAE3A6830FE004A85D136044E330F6227.udd" 3873
"D:/UE4t/Tutorial1/myGames/EndlessRunner/Content/Construction_VOL1/Meshes/SM_Rebar_01b.uasset" 3874
"D:/UE4t/Tutorial1/myGames/EndlessRunner/Content/Construction_VOL1/Textures/Unique/TX_Roadblock_RMA.uasset" 3875
"D:/UE4t/Tutorial1/myGames/EndlessRunner/Content/Construction_VOL1/Textures/Unique/TX_Roadblock_NRM.uasset" 3876
"D:/UE4t/Tutorial1/myGames/EndlessRunner/Content/Construction_VOL1/Textures/Unique/TX_Roadblock_ALB.uasset" 3877
"D:/UE4t/Tutorial1/myGames/EndlessRunner/Content/Construction_VOL1/Materials/Instances/MI_Roadblock_01a.uasset" 3878
"C:/Users/shashinda adithya/AppData/Local/UnrealEngine/Common/DerivedDataCache/2/6/3/STATICMESH_9CE2B6FB46754B699726C4AA1515F12E_228332BAE0224DD294E232B87D83948FQU__6CE565B74589295D789A7DAC903E621A28B51CE9.udd" 3879
"C:/Users/shashinda adithya/AppData/Local/UnrealEngine/Common/DerivedDataCache/4/7/4/PHYSX_A08609EF508D460CBB6710540B03AACF_PHYSXPC_D5A60F274E7601243196AEACEFE16BF__D7C9D20C810751275EB3C9C3292B493CDF43E66D.udd" 3880
"C:/Users/shashinda adithya/AppData/Local/UnrealEngine/Common/DerivedDataCache/9/8/2/NAVCOLLISION_2983273BE5D6425391E8C0B3D1C0A55D_NAVCOLLISION_X_D5A60F274E7601243__F7EA4AB31082FEBFC6CBA5005348306632841F01.udd" 3881
"D:/UE4t/Tutorial1/myGames/EndlessRunner/Content/Construction_VOL1/Meshes/SM_Roadblock_01a.uasset" 3882
"D:/UE4t/Tutorial1/myGames/EndlessRunner/Content/Construction_VOL1/Meshes/SM_Roadblock_02a.uasset" 3883
"D:/UE4t/Tutorial1/myGames/EndlessRunner/Content/Construction_VOL1/Meshes/SM_Roadblock_03a.uasset" 3884
"D:/UE4t/Tutorial1/myGames/EndlessRunner/Content/Construction_VOL1/Meshes/SM_Roadblock_03b.uasset" 3885
"C:/Users/shashinda adithya/AppData/Local/UnrealEngine/Common/DerivedDataCache/1/8/3/MATSM_0BA69734E4FD45E082FA4560DBE25454_PCD3D_SM5_8__BC5N_NOCCBN_NOIRIS_DEV_SL___108F08EB06C7D0207911E43881E8D8286FCFCBE7.udd" 3886
"D:/UE4t/Tutorial1/myGames/EndlessRunner/Content/Construction_VOL1/Meshes/SM_Roadblock_04a.uasset" 3887
"C:/Users/shashinda adithya/AppData/Local/UnrealEngine/Common/DerivedDataCache/0/1/7/STATICMESH_9CE2B6FB46754B699726C4AA1515F12E_228332BAE0224DD294E232B87D83948FQU__7267D58450B8AC5BACA0D26C610DD417B643EF93.udd" 3888
"C:/Users/shashinda adithya/AppData/Local/UnrealEngine/Common/DerivedDataCache/0/6/9/PHYSX_A08609EF508D460CBB6710540B03AACF_PHYSXPC_49107E2241A8AB4F3566E88B57E56CF__4BD4F7B84D4B0B11A71B07256E2B778AE1ACDB10.udd" 3889
"C:/Users/shashinda adithya/AppData/Local/UnrealEngine/Common/DerivedDataCache/7/9/0/NAVCOLLISION_2983273BE5D6425391E8C0B3D1C0A55D_NAVCOLLISION_X_49107E2241A8AB4F3__DF44D9E8A44A0E8DDC616F12A9E769B2B884E126.udd" 3890
"D:/UE4t/Tutorial1/myGames/EndlessRunner/Content/Construction_VOL1/Textures/Unique/TX_Spool_01a_RMA.uasset" 3891
"D:/UE4t/Tutorial1/myGames/EndlessRunner/Content/Construction_VOL1/Textures/Unique/TX_Spool_01a_NRM.uasset" 3892
"D:/UE4t/Tutorial1/myGames/EndlessRunner/Content/Construction_VOL1/Textures/Unique/TX_Spool_01a_ALB.uasset" 3893
"D:/UE4t/Tutorial1/myGames/EndlessRunner/Content/Construction_VOL1/Materials/Instances/MI_Spool_01a.uasset" 3894
"D:/UE4t/Tutorial1/myGames/EndlessRunner/Content/Construction_VOL1/Meshes/SM_Spool_01a.uasset" 3895
"C:/Users/shashinda adithya/AppData/Local/UnrealEngine/Common/DerivedDataCache/2/3/0/STATICMESH_9CE2B6FB46754B699726C4AA1515F12E_228332BAE0224DD294E232B87D83948FQU__6E46F0C2ED15598D3BE3C65749BE5B15C3F2E502.udd" 3896
"C:/Users/shashinda adithya/AppData/Local/UnrealEngine/Common/DerivedDataCache/1/9/7/PHYSX_A08609EF508D460CBB6710540B03AACF_PHYSXPC_BECD33DF4E6F047E68F4B09B0C989BA__3DA30D0ABBAEF01EF0408225DB395F0AA8EDC155.udd" 3897
"C:/Users/shashinda adithya/AppData/Local/UnrealEngine/Common/DerivedDataCache/1/4/7/NAVCOLLISION_2983273BE5D6425391E8C0B3D1C0A55D_NAVCOLLISION_X_BECD33DF4E6F047E6__5B7EF4E02A2B502795A1674EA83B234E01073FA8.udd" 3898
"D:/UE4t/Tutorial1/myGames/EndlessRunner/Content/Construction_VOL1/Textures/Unique/TX_Tarp_01_RMA.uasset" 3899
"C:/Users/shashinda adithya/AppData/Local/UnrealEngine/Common/DerivedDataCache/4/6/4/STATICMESH_9CE2B6FB46754B699726C4AA1515F12E_228332BAE0224DD294E232B87D83948FQU__B750216B581D3EE3565E9BC5393EEB60391CC71A.udd" 3900
"C:/Users/shashinda adithya/AppData/Local/UnrealEngine/Common/DerivedDataCache/1/3/0/PHYSX_A08609EF508D460CBB6710540B03AACF_PHYSXPC_C5B2D806470E29363A1CE6BD3ABB492__FEE7F7A91D5C95CF47B4398BE9332B4C6341A358.udd" 3901
"C:/Users/shashinda adithya/AppData/Local/UnrealEngine/Common/DerivedDataCache/6/3/3/NAVCOLLISION_2983273BE5D6425391E8C0B3D1C0A55D_NAVCOLLISION_X_C5B2D806470E29363__125BAF0BBA7F480E24C4B1984474B9D565C1DC77.udd" 3902
"D:/UE4t/Tutorial1/myGames/EndlessRunner/Content/Construction_VOL1/Textures/Unique/TX_Tarp_01_NRM.uasset" 3903
"D:/UE4t/Tutorial1/myGames/EndlessRunner/Content/Construction_VOL1/Textures/Unique/TX_Tarp_01_ALB.uasset" 3904
"D:/UE4t/Tutorial1/myGames/EndlessRunner/Content/Construction_VOL1/Materials/Instances/MI_Tarp_01a.uasset" 3905
"D:/UE4t/Tutorial1/myGames/EndlessRunner/Content/Construction_VOL1/Meshes/SM_Tarp_01.uasset" 3906
"C:/Users/shashinda adithya/AppData/Local/UnrealEngine/Common/DerivedDataCache/0/1/4/MATSM_0BA69734E4FD45E082FA4560DBE25454_PCD3D_SM5_8__BC5N_NOCCBN_NOIRIS_DEV_SL___4CBACEAF45CE64FCB73E4601A3F0A12BB29491A0.udd" 3907
"D:/UE4t/Tutorial1/myGames/EndlessRunner/Content/Construction_VOL1/Meshes/SM_Tarp_02.uasset" 3908
"C:/Users/shashinda adithya/AppData/Local/UnrealEngine/Common/DerivedDataCache/7/0/6/STATICMESH_9CE2B6FB46754B699726C4AA1515F12E_228332BAE0224DD294E232B87D83948FQU__D854F65721FC1E39756810E1A121DC6310DFABC0.udd" 3909
"C:/Users/shashinda adithya/AppData/Local/UnrealEngine/Common/DerivedDataCache/4/8/6/PHYSX_A08609EF508D460CBB6710540B03AACF_PHYSXPC_7E858B62422431A415EFFDB2E511CA1__7F01747902F50F29F7FFBF33580C537B61D3EA29.udd" 3910
"C:/Users/shashinda adithya/AppData/Local/UnrealEngine/Common/DerivedDataCache/2/7/6/NAVCOLLISION_2983273BE5D6425391E8C0B3D1C0A55D_NAVCOLLISION_X_7E858B62422431A41__5ED958EA8E821EC821B3BD1EFC1A836321DB1581.udd" 3911
"D:/UE4t/Tutorial1/myGames/EndlessRunner/Content/Construction_VOL1/Meshes/SM_Tarp_03.uasset" 3912
"C:/Users/shashinda adithya/AppData/Local/UnrealEngine/Common/DerivedDataCache/7/8/5/STATICMESH_9CE2B6FB46754B699726C4AA1515F12E_228332BAE0224DD294E232B87D83948FQU__27D4FBD53AE36DF1A26C36ABC168653D43A57A11.udd" 3913
"C:/Users/shashinda adithya/AppData/Local/UnrealEngine/Common/DerivedDataCache/8/7/5/PHYSX_A08609EF508D460CBB6710540B03AACF_PHYSXPC_E3D940444BE37B04D0BBAAB9F399897__4F467CDEE5686500A9F2BA6B703260810DD0593B.udd" 3914
"C:/Users/shashinda adithya/AppData/Local/UnrealEngine/Common/DerivedDataCache/2/1/2/NAVCOLLISION_2983273BE5D6425391E8C0B3D1C0A55D_NAVCOLLISION_X_E3D940444BE37B04D__B8262B5D1316F5292264A27CD968B9158E9F7535.udd" 3915
"D:/UE4t/Tutorial1/myGames/EndlessRunner/Content/Construction_VOL1/Meshes/SM_Tarp_04.uasset" 3916
"C:/Users/shashinda adithya/AppData/Local/UnrealEngine/Common/DerivedDataCache/6/7/2/STATICMESH_9CE2B6FB46754B699726C4AA1515F12E_228332BAE0224DD294E232B87D83948FQU__733A0AAB42583346F633F2D21C65093C6428EC17.udd" 3917
"C:/Users/shashinda adithya/AppData/Local/UnrealEngine/Common/DerivedDataCache/6/8/2/PHYSX_A08609EF508D460CBB6710540B03AACF_PHYSXPC_9CA88533481630232CB2E0A03B77D84__04786D6ABE658DF02FF3930C1BE67EF5083EA9AF.udd" 3918
"C:/Users/shashinda adithya/AppData/Local/UnrealEngine/Common/DerivedDataCache/9/6/0/NAVCOLLISION_2983273BE5D6425391E8C0B3D1C0A55D_NAVCOLLISION_X_9CA88533481630232__E5DC163B18B18AD11A5E7AB3D4F5DE033AAB36C5.udd" 3919
"D:/UE4t/Tutorial1/myGames/EndlessRunner/Content/Construction_VOL1/Meshes/SM_Tarp_05.uasset" 3920
"C:/Users/shashinda adithya/AppData/Local/UnrealEngine/Common/DerivedDataCache/3/7/3/STATICMESH_9CE2B6FB46754B699726C4AA1515F12E_228332BAE0224DD294E232B87D83948FQU__F7672BE4AAF702FDD41BB8BC54CEE8634C679F5E.udd" 3921
"C:/Users/shashinda adithya/AppData/Local/UnrealEngine/Common/DerivedDataCache/2/0/0/PHYSX_A08609EF508D460CBB6710540B03AACF_PHYSXPC_6B6BBDE343DECDEA77CBE0A8B4EC2F6__158D232A932CD3CA16B9D2A35042E3F471182A67.udd" 3922
"C:/Users/shashinda adithya/AppData/Local/UnrealEngine/Common/DerivedDataCache/0/6/6/NAVCOLLISION_2983273BE5D6425391E8C0B3D1C0A55D_NAVCOLLISION_X_6B6BBDE343DECDEA7__A25DFF9563CDBD2366B8010435F9D5190AF7B6BE.udd" 3923
"D:/UE4t/Tutorial1/myGames/EndlessRunner/Content/Construction_VOL1/Meshes/SM_Tarp_06.uasset" 3924
"C:/Users/shashinda adithya/AppData/Local/UnrealEngine/Common/DerivedDataCache/7/1/2/STATICMESH_9CE2B6FB46754B699726C4AA1515F12E_228332BAE0224DD294E232B87D83948FQU__484F32D3932ADC16CD32806EA873F01DD47CE86A.udd" 3925
"C:/Users/shashinda adithya/AppData/Local/UnrealEngine/Common/DerivedDataCache/5/5/6/PHYSX_A08609EF508D460CBB6710540B03AACF_PHYSXPC_F68370D64A74865E04D1BCBCE92AE77__D7FD99030EAB30F7326314A799F5ECD03298A4FA.udd" 3926
"C:/Users/shashinda adithya/AppData/Local/UnrealEngine/Common/DerivedDataCache/3/1/7/NAVCOLLISION_2983273BE5D6425391E8C0B3D1C0A55D_NAVCOLLISION_X_F68370D64A74865E0__F8B784AEFAFB32C35AC85B5CF97665B1DB09DB73.udd" 3927
"D:/UE4t/Tutorial1/myGames/EndlessRunner/Content/Construction_VOL1/Textures/Unique/TX_PortableWaterTank_01_RMA.uasset" 3928
"D:/UE4t/Tutorial1/myGames/EndlessRunner/Content/Construction_VOL1/Textures/Unique/TX_PortableWaterTank_01_NRM.uasset" 3929
"D:/UE4t/Tutorial1/myGames/EndlessRunner/Content/Construction_VOL1/Textures/Unique/TX_PortableWaterTank_01_ALB.uasset" 3930
"D:/UE4t/Tutorial1/myGames/EndlessRunner/Content/Construction_VOL1/Materials/Instances/MI_WaterTank_01a.uasset" 3931
"D:/UE4t/Tutorial1/myGames/EndlessRunner/Content/Construction_VOL1/Meshes/SM_WaterTank_01a.uasset" 3932
"C:/Users/shashinda adithya/AppData/Local/UnrealEngine/Common/DerivedDataCache/9/6/5/STATICMESH_9CE2B6FB46754B699726C4AA1515F12E_228332BAE0224DD294E232B87D83948FQU__0EF870501BB5A3466436C61DC4F6B06AC2C99799.udd" 3933
"C:/Users/shashinda adithya/AppData/Local/UnrealEngine/Common/DerivedDataCache/0/9/2/PHYSX_A08609EF508D460CBB6710540B03AACF_PHYSXPC_0441C94948B8DB25ADB7A5AC82BF474__7FCE09BC910C25FF64FFC5532BCA5E3E23E4D89E.udd" 3934
"C:/Users/shashinda adithya/AppData/Local/UnrealEngine/Common/DerivedDataCache/9/2/0/NAVCOLLISION_2983273BE5D6425391E8C0B3D1C0A55D_NAVCOLLISION_X_0441C94948B8DB25A__83D02E40AADCC751D405ADBA5382EA22862B6809.udd" 3935
"D:/UE4t/Tutorial1/myGames/EndlessRunner/Content/Construction_VOL1/Maps/Overview_BuiltData.uasset" 3936
"D:/UE4t/Tutorial1/myGames/EndlessRunner/Content/Construction_VOL1/Blueprints/BP_LightGenerator_01.uasset" 3937
"../../../Engine/Content/MapTemplates/Sky/SunsetAmbientCubemap.uasset" 3938
"D:/UE4t/Tutorial1/myGames/EndlessRunner/Content/Construction_VOL1/Meshes/SM_CinderStack_03a.uasset" 3939
"C:/Users/shashinda adithya/AppData/Local/UnrealEngine/Common/DerivedDataCache/0/4/1/MATSM_0BA69734E4FD45E082FA4560DBE25454_PCD3D_SM5_8__BC5N_NOCCBN_NOIRIS_DEV_SL___6675E5D9A1B7F4B521C82217486E473AA1E18271.udd" 3940
"D:/UE4t/Tutorial1/myGames/EndlessRunner/Content/Construction_VOL1/Blueprints/BP_Cinderstack_03.uasset" 3941
"C:/Users/shashinda adithya/AppData/Local/UnrealEngine/Common/DerivedDataCache/8/6/1/STATICMESH_9CE2B6FB46754B699726C4AA1515F12E_228332BAE0224DD294E232B87D83948FQU__22766F4846118A25579575D21238A501F75CCFBF.udd" 3942
"C:/Users/shashinda adithya/AppData/Local/UnrealEngine/Common/DerivedDataCache/2/1/1/PHYSX_A08609EF508D460CBB6710540B03AACF_PHYSXPC_F2DD53424F8243F86C9C28A6AF81BCB__679BBE775A2E24A0E6C7D8A4992AF7AA01F52E39.udd" 3943
"C:/Users/shashinda adithya/AppData/Local/UnrealEngine/Common/DerivedDataCache/9/5/5/NAVCOLLISION_2983273BE5D6425391E8C0B3D1C0A55D_NAVCOLLISION_X_F2DD53424F8243F86__865582C201BE064EDD5242FE74D2A5E271771840.udd" 3944
"D:/UE4t/Tutorial1/myGames/EndlessRunner/Content/Construction_VOL1/Meshes/SM_CinderStack_01b.uasset" 3945
"C:/Users/shashinda adithya/AppData/Local/UnrealEngine/Common/DerivedDataCache/2/8/5/STATICMESH_9CE2B6FB46754B699726C4AA1515F12E_228332BAE0224DD294E232B87D83948FQU__BBD4CA8D4D8F4D8F636CD8D98CE63C577D9850ED.udd" 3946
"C:/Users/shashinda adithya/AppData/Local/UnrealEngine/Common/DerivedDataCache/9/8/8/PHYSX_A08609EF508D460CBB6710540B03AACF_PHYSXPC_2207E2B14891C985AEE355805A3114F__E995984FA7CFA7570249B61BFE252351AFD9BE75.udd" 3947
"C:/Users/shashinda adithya/AppData/Local/UnrealEngine/Common/DerivedDataCache/0/5/3/NAVCOLLISION_2983273BE5D6425391E8C0B3D1C0A55D_NAVCOLLISION_X_2207E2B14891C985A__45628C567947A5FCDA0237EBB4CE94128A3FC37B.udd" 3948
"D:/UE4t/Tutorial1/myGames/EndlessRunner/Content/Construction_VOL1/Blueprints/BP_Cinderstack_01.uasset" 3949
"C:/Users/shashinda adithya/AppData/Local/UnrealEngine/Common/DerivedDataCache/4/1/1/STATICMESH_9CE2B6FB46754B699726C4AA1515F12E_228332BAE0224DD294E232B87D83948FQU__ACD0D7E1A542C5C5898015666A8D841271E6CD6A.udd" 3950
"C:/Users/shashinda adithya/AppData/Local/UnrealEngine/Common/DerivedDataCache/6/6/3/PHYSX_A08609EF508D460CBB6710540B03AACF_PHYSXPC_CBD75CD7455A2F36B86D22BC198FF3D__C91929B075802BCB2AE388EEDE2CD6D2BF30A674.udd" 3951
"C:/Users/shashinda adithya/AppData/Local/UnrealEngine/Common/DerivedDataCache/9/8/0/NAVCOLLISION_2983273BE5D6425391E8C0B3D1C0A55D_NAVCOLLISION_X_CBD75CD7455A2F36B__2379D68BA0A6D1F481D19CD443ABBEB3F314D496.udd" 3952
"D:/UE4t/Tutorial1/myGames/EndlessRunner/Content/Construction_VOL1/Blueprints/BP_Cinderstack_02.uasset" 3953
"C:/Users/shashinda adithya/AppData/Local/UnrealEngine/Common/DerivedDataCache/5/6/2/STATICMESH_9CE2B6FB46754B699726C4AA1515F12E_228332BAE0224DD294E232B87D83948FQU__5ACA0817875671A908E6BFD9D142CD5F753C74E6.udd" 3954
"C:/Users/shashinda adithya/AppData/Local/UnrealEngine/Common/DerivedDataCache/4/7/0/PHYSX_A08609EF508D460CBB6710540B03AACF_PHYSXPC_80A892CA4AF79E3063D2D5ADC167225__CB91BE91162CDE36505F5001BB5408C14526C4FB.udd" 3955
"C:/Users/shashinda adithya/AppData/Local/UnrealEngine/Common/DerivedDataCache/6/7/1/NAVCOLLISION_2983273BE5D6425391E8C0B3D1C0A55D_NAVCOLLISION_X_80A892CA4AF79E306__A4A11CC95CDF7C17CC749C1C8C4FDFA818208B87.udd" 3956
"D:/UE4t/Tutorial1/myGames/EndlessRunner/Content/Construction_VOL1/Meshes/SM_BrickPaletteStack_01b.uasset" 3957
"C:/Users/shashinda adithya/AppData/Local/UnrealEngine/Common/DerivedDataCache/9/7/1/STATICMESH_9CE2B6FB46754B699726C4AA1515F12E_228332BAE0224DD294E232B87D83948FQU__DCB6F66DD5BC2F966A408317553BBCCBD9786C1C.udd" 3958
"C:/Users/shashinda adithya/AppData/Local/UnrealEngine/Common/DerivedDataCache/6/1/5/PHYSX_A08609EF508D460CBB6710540B03AACF_PHYSXPC_6F8627A9416E4FE85DE9DB987E428F0__AE4480F7534B0078EF3A1FC9F91CF722C4734C7F.udd" 3959
"C:/Users/shashinda adithya/AppData/Local/UnrealEngine/Common/DerivedDataCache/2/8/3/NAVCOLLISION_2983273BE5D6425391E8C0B3D1C0A55D_NAVCOLLISION_X_6F8627A9416E4FE85__7523338437014E4865DD67C1496AE1B0D8149225.udd" 3960
"D:/UE4t/Tutorial1/myGames/EndlessRunner/Content/Construction_VOL1/Blueprints/BP_BrickStack_06.uasset" 3961
"C:/Users/shashinda adithya/AppData/Local/UnrealEngine/Common/DerivedDataCache/9/0/8/STATICMESH_9CE2B6FB46754B699726C4AA1515F12E_228332BAE0224DD294E232B87D83948FQU__03D3F17AD5CE18336C4730E69EE1337841A7AE10.udd" 3962
"C:/Users/shashinda adithya/AppData/Local/UnrealEngine/Common/DerivedDataCache/9/9/6/PHYSX_A08609EF508D460CBB6710540B03AACF_PHYSXPC_416F59324356BDA526A06C86A2741D6__668D2F3DDF17794CE0153D8E5F471CAD802474C7.udd" 3963
"C:/Users/shashinda adithya/AppData/Local/UnrealEngine/Common/DerivedDataCache/4/6/5/NAVCOLLISION_2983273BE5D6425391E8C0B3D1C0A55D_NAVCOLLISION_X_416F59324356BDA52__EBF85B58EACFB037D66F42AD8A6615AADCD4A333.udd" 3964
"D:/UE4t/Tutorial1/myGames/EndlessRunner/Content/Construction_VOL1/Meshes/SM_BrickPaletteStack_01f.uasset" 3965
"D:/UE4t/Tutorial1/myGames/EndlessRunner/Content/Construction_VOL1/Blueprints/BP_BrickStack_05.uasset" 3966
"D:/UE4t/Tutorial1/myGames/EndlessRunner/Content/Construction_VOL1/Meshes/SM_BrickPaletteStack_Brick_01a.uasset" 3967
"D:/UE4t/Tutorial1/myGames/EndlessRunner/Content/Construction_VOL1/Meshes/SM_BrickPaletteStack_01g.uasset" 3968
"D:/UE4t/Tutorial1/myGames/EndlessRunner/Content/Construction_VOL1/Meshes/SM_BrickPaletteStack_01e.uasset" 3969
"C:/Users/shashinda adithya/AppData/Local/UnrealEngine/Common/DerivedDataCache/1/2/7/STATICMESH_9CE2B6FB46754B699726C4AA1515F12E_228332BAE0224DD294E232B87D83948FQU__AB39D059F72678EAF262994437CB004A165FCB8B.udd" 3970
"C:/Users/shashinda adithya/AppData/Local/UnrealEngine/Common/DerivedDataCache/4/3/4/PHYSX_A08609EF508D460CBB6710540B03AACF_PHYSXPC_BAC73CAD4354A5406358529ADBB76FA__4D1F61903825362925159D9456B8297B139652D4.udd" 3971
"C:/Users/shashinda adithya/AppData/Local/UnrealEngine/Common/DerivedDataCache/0/4/6/NAVCOLLISION_2983273BE5D6425391E8C0B3D1C0A55D_NAVCOLLISION_X_BAC73CAD4354A5406__C7B5EDF258C7D90D23C4B3A8968DC4E048BE0BF3.udd" 3972
"D:/UE4t/Tutorial1/myGames/EndlessRunner/Content/Construction_VOL1/Blueprints/BP_BrickStack_04.uasset" 3973
"D:/UE4t/Tutorial1/myGames/EndlessRunner/Content/Construction_VOL1/Meshes/SM_BrickPaletteStack_01d.uasset" 3974
"D:/UE4t/Tutorial1/myGames/EndlessRunner/Content/Construction_VOL1/Blueprints/BP_BrickStack_03.uasset" 3975
"D:/UE4t/Tutorial1/myGames/EndlessRunner/Content/Construction_VOL1/Meshes/SM_BrickPaletteStack_01a.uasset" 3976
"C:/Users/shashinda adithya/AppData/Local/UnrealEngine/Common/DerivedDataCache/5/0/6/STATICMESH_9CE2B6FB46754B699726C4AA1515F12E_228332BAE0224DD294E232B87D83948FQU__331DA43CF1CBB526DF09ECC0C4AE8B993B5D4DCE.udd" 3977
"C:/Users/shashinda adithya/AppData/Local/UnrealEngine/Common/DerivedDataCache/5/1/0/PHYSX_A08609EF508D460CBB6710540B03AACF_PHYSXPC_6F4AB8F34E5EBDCF2BBAA2A93E15E51__02B520466332208100FA8018A09FDBDBB6C9F8AE.udd" 3978
"C:/Users/shashinda adithya/AppData/Local/UnrealEngine/Common/DerivedDataCache/9/7/1/NAVCOLLISION_2983273BE5D6425391E8C0B3D1C0A55D_NAVCOLLISION_X_6F4AB8F34E5EBDCF2__DCA51B523AA401FF23CBE16DEB99CB9947F3512C.udd" 3979
"D:/UE4t/Tutorial1/myGames/EndlessRunner/Content/Construction_VOL1/Blueprints/BP_BrickStack_02.uasset" 3980
"D:/UE4t/Tutorial1/myGames/EndlessRunner/Content/Construction_VOL1/Blueprints/BP_BrickStack_01.uasset" 3981
"C:/Users/shashinda adithya/AppData/Local/UnrealEngine/Common/DerivedDataCache/3/9/7/STATICMESH_9CE2B6FB46754B699726C4AA1515F12E_228332BAE0224DD294E232B87D83948FQU__D053B76FA28A875C5B20F1E6B711868E02EC1387.udd" 3982
"C:/Users/shashinda adithya/AppData/Local/UnrealEngine/Common/DerivedDataCache/9/9/4/PHYSX_A08609EF508D460CBB6710540B03AACF_PHYSXPC_C43C6AEB43C5C82769ACEBAF2AA36DB__39895C60B96B23FAA5D29CE978E6E41713563CEB.udd" 3983
"C:/Users/shashinda adithya/AppData/Local/UnrealEngine/Common/DerivedDataCache/1/9/4/NAVCOLLISION_2983273BE5D6425391E8C0B3D1C0A55D_NAVCOLLISION_X_C43C6AEB43C5C8276__01B9A4394BE3C81B85C03803195ED72899E66046.udd" 3984
"D:/UE4t/Tutorial1/myGames/EndlessRunner/Content/Construction_VOL1/Textures/Unique/TX_Boxes_01a_RMA.uasset" 3985
"D:/UE4t/Tutorial1/myGames/EndlessRunner/Content/Construction_VOL1/Textures/Unique/TX_Boxes_01a_NRM.uasset" 3986
"D:/UE4t/Tutorial1/myGames/EndlessRunner/Content/Construction_VOL1/Textures/Unique/TX_Boxes_01a_ALB.uasset" 3987
"C:/Users/shashinda adithya/AppData/Local/UnrealEngine/Common/DerivedDataCache/1/6/4/STATICMESH_9CE2B6FB46754B699726C4AA1515F12E_228332BAE0224DD294E232B87D83948FQU__234AB6D71F967E5588A52AF2127EC851A1980453.udd" 3988
"C:/Users/shashinda adithya/AppData/Local/UnrealEngine/Common/DerivedDataCache/6/1/3/PHYSX_A08609EF508D460CBB6710540B03AACF_PHYSXPC_9C04A48E429FD7007F5E85966859541__8325D14C3ABA25B13F405B17738EF815FB46F0B6.udd" 3989
"C:/Users/shashinda adithya/AppData/Local/UnrealEngine/Common/DerivedDataCache/8/5/4/NAVCOLLISION_2983273BE5D6425391E8C0B3D1C0A55D_NAVCOLLISION_X_9C04A48E429FD7007__67243A0A624A90E06602F0ED85F378F47A75BB4C.udd" 3990
"D:/UE4t/Tutorial1/myGames/EndlessRunner/Content/Construction_VOL1/Materials/Instances/MI_CardboardBoxes_01a.uasset" 3991
"D:/UE4t/Tutorial1/myGames/EndlessRunner/Content/Construction_VOL1/Meshes/SM_Boxes_04a.uasset" 3992
"C:/Users/shashinda adithya/AppData/Local/UnrealEngine/Common/DerivedDataCache/1/9/6/STATICMESH_9CE2B6FB46754B699726C4AA1515F12E_228332BAE0224DD294E232B87D83948FQU__E13ACD55A103A6CEBDE60F21C6FBE85F28831954.udd" 3993
"C:/Users/shashinda adithya/AppData/Local/UnrealEngine/Common/DerivedDataCache/7/4/2/PHYSX_A08609EF508D460CBB6710540B03AACF_PHYSXPC_92A40D4D4E61C0677C28CCACDF69646__D2094253A8B58DB95FB023D86EF6674F173A5D83.udd" 3994
"C:/Users/shashinda adithya/AppData/Local/UnrealEngine/Common/DerivedDataCache/6/3/4/NAVCOLLISION_2983273BE5D6425391E8C0B3D1C0A55D_NAVCOLLISION_X_92A40D4D4E61C0677__B31B2B11EBF620BF722FE45A40A4E37E0B742C80.udd" 3995
"D:/UE4t/Tutorial1/myGames/EndlessRunner/Content/Construction_VOL1/Meshes/SM_Boxes_03a.uasset" 3996
"D:/UE4t/Tutorial1/myGames/EndlessRunner/Content/Construction_VOL1/Blueprints/BP_BoxStack_03.uasset" 3997
"C:/Users/shashinda adithya/AppData/Local/UnrealEngine/Common/DerivedDataCache/7/8/5/STATICMESH_9CE2B6FB46754B699726C4AA1515F12E_228332BAE0224DD294E232B87D83948FQU__EA1EFBDCFD00FDB4A2688115FD540549145CFB56.udd" 3998
"C:/Users/shashinda adithya/AppData/Local/UnrealEngine/Common/DerivedDataCache/9/5/9/PHYSX_A08609EF508D460CBB6710540B03AACF_PHYSXPC_485F10304E484F782351F5BAF0CFC90__4D580B0D7AB974B5A74C8A9AB8D849AAEB6085A5.udd" 3999
"C:/Users/shashinda adithya/AppData/Local/UnrealEngine/Common/DerivedDataCache/3/2/8/NAVCOLLISION_2983273BE5D6425391E8C0B3D1C0A55D_NAVCOLLISION_X_485F10304E484F782__CBF5FC7E902EABAA65D3521C82F6939759FF64BA.udd" 4000
"D:/UE4t/Tutorial1/myGames/EndlessRunner/Content/Construction_VOL1/Meshes/SM_Boxes_01a.uasset" 4001
"C:/Users/shashinda adithya/AppData/Local/UnrealEngine/Common/DerivedDataCache/7/2/7/STATICMESH_9CE2B6FB46754B699726C4AA1515F12E_228332BAE0224DD294E232B87D83948FQU__A8144AF9BC3898E0B8BB6499A4F80092AC205005.udd" 4002
"C:/Users/shashinda adithya/AppData/Local/UnrealEngine/Common/DerivedDataCache/6/4/7/PHYSX_A08609EF508D460CBB6710540B03AACF_PHYSXPC_30CE4BEA4C541E03578769B2A01D40F__7699EC9406DB0E038D15CE706F42BF62BAA47AD3.udd" 4003
"C:/Users/shashinda adithya/AppData/Local/UnrealEngine/Common/DerivedDataCache/4/2/5/NAVCOLLISION_2983273BE5D6425391E8C0B3D1C0A55D_NAVCOLLISION_X_30CE4BEA4C541E035__2EF173AD70415E83ECA9016816FFD540617F8B00.udd" 4004
"D:/UE4t/Tutorial1/myGames/EndlessRunner/Content/Construction_VOL1/Blueprints/BP_BoxStack_01.uasset" 4005
"C:/Users/shashinda adithya/AppData/Local/UnrealEngine/Common/DerivedDataCache/9/1/0/STATICMESH_9CE2B6FB46754B699726C4AA1515F12E_228332BAE0224DD294E232B87D83948FQU__266C57DAD8275C698A14139C8F80F7CE6FEA0D4A.udd" 4006
"C:/Users/shashinda adithya/AppData/Local/UnrealEngine/Common/DerivedDataCache/3/5/5/PHYSX_A08609EF508D460CBB6710540B03AACF_PHYSXPC_26AF46D14859FB3CDAB27EA591EE7B2__2023CDB840882F4F54FDE64C3A2C1453410121AA.udd" 4007
"C:/Users/shashinda adithya/AppData/Local/UnrealEngine/Common/DerivedDataCache/8/1/0/NAVCOLLISION_2983273BE5D6425391E8C0B3D1C0A55D_NAVCOLLISION_X_26AF46D14859FB3CD__088019B6373EB6B42642B29BDD3B9EE402B2D96C.udd" 4008
"D:/UE4t/Tutorial1/myGames/EndlessRunner/Content/Construction_VOL1/Meshes/SM_Boxes_02a.uasset" 4009
"D:/UE4t/Tutorial1/myGames/EndlessRunner/Content/Construction_VOL1/Blueprints/BP_BoxStack_02.uasset" 4010
"C:/Users/shashinda adithya/AppData/Local/UnrealEngine/Common/DerivedDataCache/3/3/3/STATICMESH_9CE2B6FB46754B699726C4AA1515F12E_228332BAE0224DD294E232B87D83948FQU__D4EB347E647851CA0B64E62F72330565DCA185E7.udd" 4011
"C:/Users/shashinda adithya/AppData/Local/UnrealEngine/Common/DerivedDataCache/4/6/0/PHYSX_A08609EF508D460CBB6710540B03AACF_PHYSXPC_47ED87A74488F240B2BF6E923D800AB__04BB2E8BBDBE2A368D2340B5A4CB893B93A7B76D.udd" 4012
"C:/Users/shashinda adithya/AppData/Local/UnrealEngine/Common/DerivedDataCache/7/9/0/NAVCOLLISION_2983273BE5D6425391E8C0B3D1C0A55D_NAVCOLLISION_X_47ED87A74488F240B__36956E52BE9C995B728C98BCF2AD69AF9984740C.udd" 4013
"D:/UE4t/Tutorial1/myGames/EndlessRunner/Content/Construction_VOL1/Maps/Overview.umap" 4014
"D:/UE4t/Tutorial1/myGames/EndlessRunner/Content/Construction_VOL1/Textures/Utility/TX_Cubemap_Stairs.uasset" 4015
"C:/Users/shashinda adithya/AppData/Local/UnrealEngine/Common/DerivedDataCache/7/2/8/STATICMESH_9CE2B6FB46754B699726C4AA1515F12E_228332BAE0224DD294E232B87D83948FQU__5F9CCA09B022C1173D953E6EB109F80494913832.udd" 4016
"C:/Users/shashinda adithya/AppData/Local/UnrealEngine/Common/DerivedDataCache/9/2/2/PHYSX_A08609EF508D460CBB6710540B03AACF_PHYSXPC_722631B1461CBA99AC5C2D81A041AA2__A3DA4D2977D35C4761CDDDAD4D1AD73A4863B5B2.udd" 4017
"C:/Users/shashinda adithya/AppData/Local/UnrealEngine/Common/DerivedDataCache/6/7/1/NAVCOLLISION_2983273BE5D6425391E8C0B3D1C0A55D_NAVCOLLISION_X_722631B1461CBA99A__CD0D28665147C9D26C195176D4F7C44CC3DCB44E.udd" 4018
"D:/UE4t/Tutorial1/myGames/EndlessRunner/Content/Construction_VOL1/Materials/Masters/MM_SkyBox.uasset" 4019
"D:/UE4t/Tutorial1/myGames/EndlessRunner/Content/Construction_VOL1/Materials/Instances/MI_Skybox.uasset" 4020
"D:/UE4t/Tutorial1/myGames/EndlessRunner/Content/Construction_VOL1/Maps/Demonstration_BuiltData.uasset" 4021
"D:/UE4t/Tutorial1/myGames/EndlessRunner/Content/Construction_VOL1/Materials/Masters/MM_PP_Sharpen.uasset" 4022
"D:/UE4t/Tutorial1/myGames/EndlessRunner/Content/Construction_VOL1/Textures/Tileable/TX_RockyMud_02_ALB.uasset" 4023
"D:/UE4t/Tutorial1/myGames/EndlessRunner/Content/Construction_VOL1/Materials/Functions/MF_VertexBlend_01a.uasset" 4024
"D:/UE4t/Tutorial1/myGames/EndlessRunner/Content/Construction_VOL1/Textures/Tileable/TX_RockyMud_02_RHA.uasset" 4025
"C:/Users/shashinda adithya/AppData/Local/UnrealEngine/Common/DerivedDataCache/9/4/9/STATICMESH_9CE2B6FB46754B699726C4AA1515F12E_228332BAE0224DD294E232B87D83948FQU__05F1A4C04983620061EA8AF147D0CBBA602E53A3.udd" 4026
"C:/Users/shashinda adithya/AppData/Local/UnrealEngine/Common/DerivedDataCache/6/9/1/PHYSX_A08609EF508D460CBB6710540B03AACF_PHYSXPC_A4F9E1A2445494FD8863A6B7657C147__FDD7A09DF30011C61E043067E55BEED6DC033D15.udd" 4027
"C:/Users/shashinda adithya/AppData/Local/UnrealEngine/Common/DerivedDataCache/4/5/4/NAVCOLLISION_2983273BE5D6425391E8C0B3D1C0A55D_NAVCOLLISION_X_A4F9E1A2445494FD8__CCFE275B05D92198555B262609621C7E245791E7.udd" 4028
"D:/UE4t/Tutorial1/myGames/EndlessRunner/Content/Construction_VOL1/Textures/Tileable/TX_RockyMud_02_NRM.uasset" 4029
"C:/Users/shashinda adithya/AppData/Local/UnrealEngine/Common/DerivedDataCache/4/8/3/STATICMESH_9CE2B6FB46754B699726C4AA1515F12E_228332BAE0224DD294E232B87D83948FQU__60A631900B009F55B11F8808C1EF5A13A0E0EF15.udd" 4030
"C:/Users/shashinda adithya/AppData/Local/UnrealEngine/Common/DerivedDataCache/5/6/1/PHYSX_A08609EF508D460CBB6710540B03AACF_PHYSXPC_B512BD534C25B0EABAAFDFB3435489F__368AA9061055C17FBC56F5D60FA897CC3236913A.udd" 4031
"C:/Users/shashinda adithya/AppData/Local/UnrealEngine/Common/DerivedDataCache/8/3/0/NAVCOLLISION_2983273BE5D6425391E8C0B3D1C0A55D_NAVCOLLISION_X_B512BD534C25B0EAB__F0F57BCC6EE0E4FB89E976EE4ABDD27C31D96EAB.udd" 4032
"D:/UE4t/Tutorial1/myGames/EndlessRunner/Content/Construction_VOL1/Textures/Tileable/TX_RockyMud_01_RHA.uasset" 4033
"D:/UE4t/Tutorial1/myGames/EndlessRunner/Content/Construction_VOL1/Textures/Tileable/TX_RockyMud_01_NRM.uasset" 4034
"C:/Users/shashinda adithya/AppData/Local/UnrealEngine/Common/DerivedDataCache/9/5/1/STATICMESH_9CE2B6FB46754B699726C4AA1515F12E_228332BAE0224DD294E232B87D83948FQU__D9F6CBA34E0DD08C3660F9DF8C0692AEFA3710DB.udd" 4035
"C:/Users/shashinda adithya/AppData/Local/UnrealEngine/Common/DerivedDataCache/1/8/5/PHYSX_A08609EF508D460CBB6710540B03AACF_PHYSXPC_3F15EEDC4FF3ED6D88C7A1A4EF1865D__41531EDAB8696FB420C0C4EE742556138A4B292C.udd" 4036
"C:/Users/shashinda adithya/AppData/Local/UnrealEngine/Common/DerivedDataCache/8/1/1/NAVCOLLISION_2983273BE5D6425391E8C0B3D1C0A55D_NAVCOLLISION_X_3F15EEDC4FF3ED6D8__D67A757DDC00DF941B685C8680C0C364C9FD6E80.udd" 4037
"D:/UE4t/Tutorial1/myGames/EndlessRunner/Content/Construction_VOL1/Textures/Tileable/TX_RockyMud_01_ALB.uasset" 4038
"D:/UE4t/Tutorial1/myGames/EndlessRunner/Content/Construction_VOL1/Materials/Masters/MM_Background_01a.uasset" 4039
"C:/Users/shashinda adithya/AppData/Local/UnrealEngine/Common/DerivedDataCache/8/1/9/STATICMESH_9CE2B6FB46754B699726C4AA1515F12E_228332BAE0224DD294E232B87D83948FQU__0CB997B00AEE34DFC80E0D3EB9E2E55B44902AA7.udd" 4040
"C:/Users/shashinda adithya/AppData/Local/UnrealEngine/Common/DerivedDataCache/2/4/5/PHYSX_A08609EF508D460CBB6710540B03AACF_PHYSXPC_0D4F5D3843F26199815A89BBFF72CE0__499A4EB2C56B7BA071A0735AC3B4D49AFD48C26B.udd" 4041
"C:/Users/shashinda adithya/AppData/Local/UnrealEngine/Common/DerivedDataCache/2/4/8/NAVCOLLISION_2983273BE5D6425391E8C0B3D1C0A55D_NAVCOLLISION_X_0D4F5D3843F261998__93DEF2CEBED597B461931A142351AC90F5739861.udd" 4042
"D:/UE4t/Tutorial1/myGames/EndlessRunner/Content/Construction_VOL1/Materials/Instances/MI_Background_01a.uasset" 4043
"D:/UE4t/Tutorial1/myGames/EndlessRunner/Content/Construction_VOL1/Meshes/SM_ConstructionPylons_01b.uasset" 4044
"C:/Users/shashinda adithya/AppData/Local/UnrealEngine/Common/DerivedDataCache/9/5/3/PHYSX_A08609EF508D460CBB6710540B03AACF_PHYSXPC_05970D554D3B2AA451AC569CD382BD43__1_0_0_0_3_13315_0.udd" 4045
"C:/Users/shashinda adithya/AppData/Local/UnrealEngine/Common/DerivedDataCache/9/8/5/PHYSX_A08609EF508D460CBB6710540B03AACF_PHYSXPC_F83F7EC84378DD2218F2F4BF2E0CF8EA__1_0_0_0_3_13315_0.udd" 4046
"C:/Users/shashinda adithya/AppData/Local/UnrealEngine/Common/DerivedDataCache/6/1/7/PHYSX_A08609EF508D460CBB6710540B03AACF_PHYSXPC_39CDBE3F497E8E439A286C84CDBD19E7__1_0_0_0_3_13315_0.udd" 4047
"C:/Users/shashinda adithya/AppData/Local/UnrealEngine/Common/DerivedDataCache/7/3/5/PHYSX_A08609EF508D460CBB6710540B03AACF_PHYSXPC_8DE5F2DF418B1CAB7864F0943668B2BE__1_0_0_0_3_13315_0.udd" 4048
"C:/Users/shashinda adithya/AppData/Local/UnrealEngine/Common/DerivedDataCache/0/5/7/PHYSX_A08609EF508D460CBB6710540B03AACF_PHYSXPC_25BAA6E74A3C31EE1C4C7C8DC51A3BD9__1_0_0_0_3_13315_0.udd" 4049
"D:/UE4t/Tutorial1/myGames/EndlessRunner/Content/Construction_VOL1/Meshes/SM_ConstructionPylons_01c.uasset" 4050
"D:/UE4t/Tutorial1/myGames/EndlessRunner/Content/Construction_VOL1/Meshes/SM_ConstructionPylons_01d.uasset" 4051
"D:/UE4t/Tutorial1/myGames/EndlessRunner/Content/Construction_VOL1/Meshes/SM_ConstructionPylons_01e.uasset" 4052
"D:/UE4t/Tutorial1/myGames/EndlessRunner/Content/Construction_VOL1/Meshes/SM_Roadblock_Flag_03a.uasset" 4053
"D:/UE4t/Tutorial1/myGames/EndlessRunner/Content/Construction_VOL1/Meshes/SM_ZPlane_01a.uasset" 4054
"D:/UE4t/Tutorial1/myGames/EndlessRunner/Content/Construction_VOL1/Meshes/SM_ConstructionPylons_01a.uasset" 4055
"D:/UE4t/Tutorial1/myGames/EndlessRunner/Content/Construction_VOL1/Textures/Utility/TX_LUT_01.uasset" 4056
"D:/UE4t/Tutorial1/myGames/EndlessRunner/Content/Construction_VOL1/Meshes/SM_ZSphere.uasset" 4057
"D:/UE4t/Tutorial1/myGames/EndlessRunner/Content/Construction_VOL1/Maps/Demonstration.umap" 4058
"D:/UE4t/Tutorial1/myGames/EndlessRunner/Content/texture/highway-lanes-ue/highway-lanes_preview.uasset" 4059
"D:/UE4t/Tutorial1/myGames/EndlessRunner/Content/texture/highway-lanes-ue/highway-lanes_height.uasset" 4060
"D:/UE4t/Tutorial1/myGames/EndlessRunner/Content/PN_Banana/UE4_ThirdPerson/Mannequin/Animations/ThirdPersonJump_End.uasset" 4061
"D:/UE4t/Tutorial1/myGames/EndlessRunner/Content/PN_Banana/UE4_ThirdPerson/Blueprints/ThirdPersonGameMode.uasset" 4062
"D:/UE4t/Tutorial1/myGames/EndlessRunner/Content/Man/Textures/Cloth/T_Man_Cloth_Up_Albedo_03.uasset" 4063
"D:/UE4t/Tutorial1/myGames/EndlessRunner/Content/Man/Textures/Cloth/T_Man_Cloth_Up_Albedo_02.uasset" 4064
"C:/Users/shashinda adithya/AppData/Local/UnrealEngine/Common/DerivedDataCache/7/5/5/STATICMESH_9CE2B6FB46754B699726C4AA1515F12E_228332BAE0224DD294E232B87D83948FQU__73F405CEE758E162A065C734A80D03BE9968A13F.udd" 4065
"C:/Users/shashinda adithya/AppData/Local/UnrealEngine/Common/DerivedDataCache/2/2/3/PHYSX_A08609EF508D460CBB6710540B03AACF_PHYSXPC_FCD14AD14474EF5EE1777994EB59681__185802D1EC0CF52C90E9B3C13DABAAC69C0C7E26.udd" 4066
"C:/Users/shashinda adithya/AppData/Local/UnrealEngine/Common/DerivedDataCache/5/7/4/NAVCOLLISION_2983273BE5D6425391E8C0B3D1C0A55D_NAVCOLLISION_X_FCD14AD14474EF5EE__6E08550AD7423AF331797290EDDB9A762E71490D.udd" 4067
"D:/UE4t/Tutorial1/myGames/EndlessRunner/Content/Man/Textures/Cloth/T_Man_Cloth_Down_Albedo_03.uasset" 4068
"C:/Users/shashinda adithya/AppData/Local/UnrealEngine/Common/DerivedDataCache/8/8/3/STATICMESH_9CE2B6FB46754B699726C4AA1515F12E_228332BAE0224DD294E232B87D83948FQU__99BC72BCC56395B5CCC6E364B330F5A40975A694.udd" 4069
"C:/Users/shashinda adithya/AppData/Local/UnrealEngine/Common/DerivedDataCache/8/2/0/PHYSX_A08609EF508D460CBB6710540B03AACF_PHYSXPC_6485A9CF43A3F5FCA80EA898870232D__BF2DCFF805638463C9BB5D19F285AF5DD074C2EE.udd" 4070
"C:/Users/shashinda adithya/AppData/Local/UnrealEngine/Common/DerivedDataCache/5/6/5/NAVCOLLISION_2983273BE5D6425391E8C0B3D1C0A55D_NAVCOLLISION_X_6485A9CF43A3F5FCA__E86A2BDA6F972073CE8BF5803C601A23E5D402E8.udd" 4071
"D:/UE4t/Tutorial1/myGames/EndlessRunner/Content/Man/Textures/Cloth/T_Man_Cloth_Down_Albedo_02.uasset" 4072
"C:/Users/shashinda adithya/AppData/Local/UnrealEngine/Common/DerivedDataCache/0/7/9/STATICMESH_9CE2B6FB46754B699726C4AA1515F12E_228332BAE0224DD294E232B87D83948FQU__07BBBE2514B56F588365C359C6C52B43DBF859F6.udd" 4073
"C:/Users/shashinda adithya/AppData/Local/UnrealEngine/Common/DerivedDataCache/5/9/0/PHYSX_A08609EF508D460CBB6710540B03AACF_PHYSXPC_54384B674E8A59F989A560887E71526__B5D9CBB1160E9D7585E8442CF1DA1164FDCF4963.udd" 4074
"C:/Users/shashinda adithya/AppData/Local/UnrealEngine/Common/DerivedDataCache/2/9/0/NAVCOLLISION_2983273BE5D6425391E8C0B3D1C0A55D_NAVCOLLISION_X_54384B674E8A59F98__75007DE39AB47968520F76B9E90F9A5C958E5348.udd" 4075
"D:/UE4t/Tutorial1/myGames/EndlessRunner/Content/Man/Materials/M_Man_Cloth_Up_03.uasset" 4076
"C:/Users/shashinda adithya/AppData/Local/UnrealEngine/Common/DerivedDataCache/4/1/8/STATICMESH_9CE2B6FB46754B699726C4AA1515F12E_228332BAE0224DD294E232B87D83948FQU__56012FD7554E55670E57F068FDB45B5B4D971E66.udd" 4077
"C:/Users/shashinda adithya/AppData/Local/UnrealEngine/Common/DerivedDataCache/9/6/6/PHYSX_A08609EF508D460CBB6710540B03AACF_PHYSXPC_B631A3204B9234709DD436A1CFABFD2__594541735CF18BADCD9D3FA2B42BFDCF78152B42.udd" 4078
"C:/Users/shashinda adithya/AppData/Local/UnrealEngine/Common/DerivedDataCache/2/8/6/NAVCOLLISION_2983273BE5D6425391E8C0B3D1C0A55D_NAVCOLLISION_X_B631A3204B9234709__841C9E307AFA82AA8174B000E05F2A921095D534.udd" 4079
"D:/UE4t/Tutorial1/myGames/EndlessRunner/Content/Man/Materials/M_Man_Cloth_Up_02.uasset" 4080
"C:/Users/shashinda adithya/AppData/Local/UnrealEngine/Common/DerivedDataCache/4/9/4/STATICMESH_9CE2B6FB46754B699726C4AA1515F12E_228332BAE0224DD294E232B87D83948FQU__657D1F3C648BBF42F33ECE79819A6854AEE24F13.udd" 4081
"C:/Users/shashinda adithya/AppData/Local/UnrealEngine/Common/DerivedDataCache/8/2/3/PHYSX_A08609EF508D460CBB6710540B03AACF_PHYSXPC_0F980BD244F0519EBFB387A3DF0B9FA__5CBD2191FB6AE4ABE59F009EB8AE5FA9FEAB1044.udd" 4082
"C:/Users/shashinda adithya/AppData/Local/UnrealEngine/Common/DerivedDataCache/0/1/8/NAVCOLLISION_2983273BE5D6425391E8C0B3D1C0A55D_NAVCOLLISION_X_0F980BD244F0519EB__E7A960B29E006D395008700290C32922670E16FD.udd" 4083
"D:/UE4t/Tutorial1/myGames/EndlessRunner/Content/Man/Materials/M_Man_Cloth_Down_03.uasset" 4084
"C:/Users/shashinda adithya/AppData/Local/UnrealEngine/Common/DerivedDataCache/4/4/4/PHYSX_A08609EF508D460CBB6710540B03AACF_PHYSXPC_0B9F4D8C4035028E1EB3069A45C75FD__583EB381B226FC1D7D7FC036F1532F83E2DDEB01.udd" 4085
"C:/Users/shashinda adithya/AppData/Local/UnrealEngine/Common/DerivedDataCache/9/8/3/NAVCOLLISION_2983273BE5D6425391E8C0B3D1C0A55D_NAVCOLLISION_X_0B9F4D8C4035028E1__BB696E9EA2C42F4061E83C0312C53C2A14C67F47.udd" 4086
"D:/UE4t/Tutorial1/myGames/EndlessRunner/Content/Man/Materials/M_Man_Cloth_Down_02.uasset" 4087
"C:/Users/shashinda adithya/AppData/Local/UnrealEngine/Common/DerivedDataCache/3/1/6/STATICMESH_9CE2B6FB46754B699726C4AA1515F12E_228332BAE0224DD294E232B87D83948FQU__C3F6C64BFE54D7BC046ECA047C5271B0B5871A33.udd" 4088
"C:/Users/shashinda adithya/AppData/Local/UnrealEngine/Common/DerivedDataCache/3/5/9/PHYSX_A08609EF508D460CBB6710540B03AACF_PHYSXPC_4B9523744B7DCC602F4D7FB605DB971__BD3E616A1A7B368B4BA9D5E972406B4635F924B7.udd" 4089
"C:/Users/shashinda adithya/AppData/Local/UnrealEngine/Common/DerivedDataCache/8/3/9/NAVCOLLISION_2983273BE5D6425391E8C0B3D1C0A55D_NAVCOLLISION_X_4B9523744B7DCC602__74DE59B57DDDF6E9F3AD5864EEF8772FA85D794A.udd" 4090
"D:/UE4t/Tutorial1/myGames/EndlessRunner/Content/Man/Maps/Demo_BuiltData.uasset" 4091
"D:/UE4t/Tutorial1/myGames/EndlessRunner/Content/Man/Demo/Mesh/SK_Mannequin.uasset" 4092
"C:/Users/shashinda adithya/AppData/Local/UnrealEngine/Common/DerivedDataCache/0/2/1/PHYSX_A08609EF508D460CBB6710540B03AACF_PHYSXPC_4E93668C40E99741E53D9CA2035B756__78D24322DFCA064A2A7639D7ED9B01ABA7250C9A.udd" 4093
"C:/Users/shashinda adithya/AppData/Local/UnrealEngine/Common/DerivedDataCache/9/3/4/NAVCOLLISION_2983273BE5D6425391E8C0B3D1C0A55D_NAVCOLLISION_X_4E93668C40E99741E__941F8EB322516B622C7F6EC699762C9F90A676F3.udd" 4094
"D:/UE4t/Tutorial1/myGames/EndlessRunner/Content/IndustryPropsPack6/Textures/BaseTextures/T_gradient_D.uasset" 4095
"C:/Users/shashinda adithya/AppData/Local/UnrealEngine/Common/DerivedDataCache/0/6/5/PHYSX_A08609EF508D460CBB6710540B03AACF_PHYSXPC_E262A0654384F5E2D182FDB9B2A7500F__1_0_0_0_2_13315_0.udd" 4096
"C:/Users/shashinda adithya/AppData/Local/UnrealEngine/Common/DerivedDataCache/5/5/4/PHYSX_A08609EF508D460CBB6710540B03AACF_PHYSXPC_BF6228A041281AEEE6FA01AF6B1A4CD6__1_0_0_0_2_13315_0.udd" 4097
"D:/UE4t/Tutorial1/myGames/EndlessRunner/Content/IndustryPropsPack6/Textures/BaseTextures/T_Dirt_N.uasset" 4098
"D:/UE4t/Tutorial1/myGames/EndlessRunner/Content/IndustryPropsPack6/Textures/BaseTextures/TC_HDR02.uasset" 4099
"D:/UE4t/Tutorial1/myGames/EndlessRunner/Content/IndustryPropsPack6/Textures/BaseTextures/TC_HDR01.uasset" 4100
"C:/Users/shashinda adithya/AppData/Local/UnrealEngine/Common/DerivedDataCache/4/8/3/ANIMSEQ_D0E639028BB74237AD0F9775C097BB85_0_A652D4CA20D42E84DC3B03CAA1888CE760E__CD16896FBF333D67785CB7055139F962490CB6FE.udd" 4101
"D:/UE4t/Tutorial1/myGames/EndlessRunner/Content/IndustryPropsPack6/Textures/BaseTextures/BW_D.uasset" 4102
"D:/UE4t/Tutorial1/myGames/EndlessRunner/Content/IndustryPropsPack6/Textures/T_Tarp02_N.uasset" 4103
"D:/UE4t/Tutorial1/myGames/EndlessRunner/Content/IndustryPropsPack6/Materials/MI_Newspaper01_2.uasset" 4104
"D:/UE4t/Tutorial1/myGames/EndlessRunner/Content/Content/BluePrints/Game/Character/subCharacter/Reed.uasset" 4105
"D:/UE4t/Tutorial1/myGames/EndlessRunner/Content/Content/BluePrints/Game/Character/subCharacter/Json.uasset" 4106
"D:/UE4t/Tutorial1/myGames/EndlessRunner/Content/Content/BluePrints/Game/Character/subCharacter/John.uasset" 4107
"D:/UE4t/Tutorial1/myGames/EndlessRunner/Content/Content/BluePrints/Game/Character/subCharacter/Adam.uasset" 4108
"D:/UE4t/Tutorial1/myGames/EndlessRunner/Content/Construction_VOL2/Textures/Utility/TX_Microdetail_MASK.uasset" 4109
"D:/UE4t/Tutorial1/myGames/EndlessRunner/Content/Construction_VOL2/Textures/Utility/TX_Backdrop_01_NRM.uasset" 4110
"D:/UE4t/Tutorial1/myGames/EndlessRunner/Content/Construction_VOL2/Textures/Utility/TX_Backdrop_01_ALB.uasset" 4111
"D:/UE4t/Tutorial1/myGames/EndlessRunner/Content/Construction_VOL2/Textures/Tileable/TX_Dirt_01_ALB.uasset" 4112
"C:/Users/shashinda adithya/AppData/Local/UnrealEngine/Common/DerivedDataCache/3/1/6/SKELETALMESH_91550326BADA436B92C8BF16C910465C_516AD6A96F4A1937B2594C56CA994BF6__27EA595487AF6F0C53CEB3A56D33A97BBB2AFE70.udd" 4113
"D:/UE4t/Tutorial1/myGames/EndlessRunner/Content/Construction_VOL2/Textures/Tileable/TX_DebrisTile_RMA.uasset" 4114
"D:/UE4t/Tutorial1/myGames/EndlessRunner/Content/Construction_VOL2/Textures/Tileable/TX_DebrisTile_NRM.uasset" 4115
"D:/UE4t/Tutorial1/myGames/EndlessRunner/Content/Construction_VOL2/Textures/Tileable/TX_DebrisTile_ALB.uasset" 4116
"D:/UE4t/Tutorial1/myGames/EndlessRunner/Content/Construction_VOL2/Meshes/SM_ZBackdrop_01.uasset" 4117
"D:/UE4t/Tutorial1/myGames/EndlessRunner/Content/Construction_VOL2/Materials/Masters/MM_PP_Sharpen.uasset" 4118
"D:/UE4t/Tutorial1/myGames/EndlessRunner/Content/Construction_VOL2/Materials/Functions/MI_VertexBlend_02a.uasset" 4119
"D:/UE4t/Tutorial1/myGames/EndlessRunner/Content/Construction_VOL1/Textures/Utility/TX_Backdrop_01_NRM.uasset" 4120
"C:/Users/shashinda adithya/AppData/Local/UnrealEngine/Common/DerivedDataCache/5/5/5/MATSM_0BA69734E4FD45E082FA4560DBE25454_PCD3D_SM5_8__BC5N_NOCCBN_NOIRIS_DEV_SL___9B0EBD30B0103AEB44DA2DEEBDA58220DAA4264E.udd" 4121
"D:/UE4t/Tutorial1/myGames/EndlessRunner/Content/Construction_VOL1/Textures/Utility/TX_Backdrop_01_ALB.uasset" 4122
"D:/UE4t/Tutorial1/myGames/EndlessRunner/Content/Construction_VOL1/Textures/Unique/TX_Propane_01_RMA.uasset" 4123
"D:/UE4t/Tutorial1/myGames/EndlessRunner/Content/Construction_VOL1/Textures/Unique/TX_Propane_01_NRM.uasset" 4124
"D:/UE4t/Tutorial1/myGames/EndlessRunner/Content/Construction_VOL1/Textures/Unique/TX_Propane_01_ALB.uasset" 4125
"D:/UE4t/Tutorial1/myGames/EndlessRunner/Content/Construction_VOL1/Textures/Unique/TX_Decal_01a_ALB.uasset" 4126
"D:/UE4t/Tutorial1/myGames/EndlessRunner/Content/Construction_VOL1/Textures/Unique/TX_ConstructionFence_01a_DISP.uasset" 4127
"D:/UE4t/Tutorial1/myGames/EndlessRunner/Content/Construction_VOL1/Meshes/SM_ZBackdrop_01.uasset" 4128
"D:/UE4t/Tutorial1/myGames/EndlessRunner/Content/Construction_VOL1/Meshes/SM_ConstructionPylons_01g.uasset" 4129
"D:/UE4t/Tutorial1/myGames/EndlessRunner/Content/Construction_VOL1/Materials/Masters/MM_Decal_01.uasset" 4130
"D:/UE4t/Tutorial1/myGames/EndlessRunner/Content/Construction_VOL1/Materials/Instances/MI_Propanetank_01a.uasset" 4131
"D:/UE4t/Tutorial1/myGames/EndlessRunner/Content/Construction_VOL1/Materials/Instances/MI_Decal_01a.uasset" 4132
"C:/Users/shashinda adithya/AppData/Local/UnrealEngine/Common/DerivedDataCache/7/7/1/STATICMESH_9CE2B6FB46754B699726C4AA1515F12E_228332BAE0224DD294E232B87D83948FQU__B1A0C2933C1D24B6E17105FE0D818104E987896F.udd" 4133
"C:/Users/shashinda adithya/AppData/Local/UnrealEngine/Common/DerivedDataCache/6/7/3/PHYSX_A08609EF508D460CBB6710540B03AACF_PHYSXPC_217C326D472D3199785F238AFD893A6__8D66F2FCB7E99AF64E4C505744E5812FF9DEA8F8.udd" 4134
"C:/Users/shashinda adithya/AppData/Local/UnrealEngine/Common/DerivedDataCache/0/4/5/NAVCOLLISION_2983273BE5D6425391E8C0B3D1C0A55D_NAVCOLLISION_X_217C326D472D31997__526B4081F7D6B49583337826D6C5FB2DF6074979.udd" 4135
"C:/Users/shashinda adithya/AppData/Local/UnrealEngine/Common/DerivedDataCache/8/7/6/SKELETALMESH_91550326BADA436B92C8BF16C910465C_699BFC52522919E7074B9454B3479BEE__393EA12955A0323F94A2C30A1480708FB67123C0.udd" 4136
"C:/Users/shashinda adithya/AppData/Local/UnrealEngine/Common/DerivedDataCache/6/2/1/TEXTURE_E01F4250BECD420DA9CE63B5EECEC2C2_OODLE_BC5_11_5ED388F0450F0897667CCFA8__4F512FDDE32892EE61AF60D6615ABDA889C141CA.udd" 4137
"C:/Users/shashinda adithya/AppData/Local/UnrealEngine/Common/DerivedDataCache/0/7/6/TEXTURE_E01F4250BECD420DA9CE63B5EECEC2C2_OODLE_BC5_11_5ED388F0450F0897667CCFA8__217DC6491E0D6920526F0D36115728B6C99E6734.udd" 4138
"C:/Users/shashinda adithya/AppData/Local/UnrealEngine/Common/DerivedDataCache/8/3/7/TEXTURE_E01F4250BECD420DA9CE63B5EECEC2C2_OODLE_BC5_11_5ED388F0450F0897667CCFA8__41448A889B9CF74AF9D1C571A785960A265956DD.udd" 4139
"C:/Users/shashinda adithya/AppData/Local/UnrealEngine/Common/DerivedDataCache/1/1/0/TEXTURE_E01F4250BECD420DA9CE63B5EECEC2C2_OODLE_BC5_11_5ED388F0450F0897667CCFA8__876E5E444E726EAF3B1FA57A1EF5F66877B0FEFD.udd" 4140
"C:/Users/shashinda adithya/AppData/Local/UnrealEngine/Common/DerivedDataCache/6/1/0/TEXTURE_E01F4250BECD420DA9CE63B5EECEC2C2_OODLE_BC5_11_5ED388F0450F0897667CCFA8__9182598A713BFE2B843370E9D0AF7F1675147766.udd" 4141
"C:/Users/shashinda adithya/AppData/Local/UnrealEngine/Common/DerivedDataCache/7/4/0/TEXTURE_E01F4250BECD420DA9CE63B5EECEC2C2_OODLE_BC5_11_5ED388F0450F0897667CCFA8__82AD6C59A7BB0014689D5CBA4BED64227C74145C.udd" 4142
"C:/Users/shashinda adithya/AppData/Local/UnrealEngine/Common/DerivedDataCache/2/4/2/TEXTURE_E01F4250BECD420DA9CE63B5EECEC2C2_OODLE_BC5_11_5ED388F0450F0897667CCFA8__C65004B0890C281A0E8CF1E9ACFD52CB7F819C91.udd" 4143
"C:/Users/shashinda adithya/AppData/Local/UnrealEngine/Common/DerivedDataCache/8/9/5/TEXTURE_E01F4250BECD420DA9CE63B5EECEC2C2_OODLE_AUTODXT_11_FAAEE7DD4A7B92ED87ED__7A8DDB3BD9E6F82CF4F2E8F33DD163E550D28C68.udd" 4144
"C:/Users/shashinda adithya/AppData/Local/UnrealEngine/Common/DerivedDataCache/8/1/8/TEXTURE_E01F4250BECD420DA9CE63B5EECEC2C2_OODLE_AUTODXT_11_FAAEE7DD4A7B92ED87ED__63AE9885A28173F2E0BDF41B1D64465DA2442849.udd" 4145
"C:/Users/shashinda adithya/AppData/Local/UnrealEngine/Common/DerivedDataCache/4/6/3/TEXTURE_E01F4250BECD420DA9CE63B5EECEC2C2_OODLE_AUTODXT_11_FAAEE7DD4A7B92ED87ED__089F91BF62B7B6C1234451CFF3462C68E62A742D.udd" 4146
"C:/Users/shashinda adithya/AppData/Local/UnrealEngine/Common/DerivedDataCache/3/4/4/TEXTURE_E01F4250BECD420DA9CE63B5EECEC2C2_OODLE_AUTODXT_11_FAAEE7DD4A7B92ED87ED__00B5ACEFD215CFF93A102E32E26A4CFEDB71F0D2.udd" 4147
"C:/Users/shashinda adithya/AppData/Local/UnrealEngine/Common/DerivedDataCache/3/7/6/TEXTURE_E01F4250BECD420DA9CE63B5EECEC2C2_OODLE_AUTODXT_11_FAAEE7DD4A7B92ED87ED__85D1B99EB75BCFCE4C69BC387FB7C9D244382E2B.udd" 4148
"C:/Users/shashinda adithya/AppData/Local/UnrealEngine/Common/DerivedDataCache/5/9/2/TEXTURE_E01F4250BECD420DA9CE63B5EECEC2C2_OODLE_AUTODXT_11_FAAEE7DD4A7B92ED87ED__11D08F379F4B6D3BF4707B149FFD38FDDA78E089.udd" 4149
"C:/Users/shashinda adithya/AppData/Local/UnrealEngine/Common/DerivedDataCache/2/0/2/TEXTURE_E01F4250BECD420DA9CE63B5EECEC2C2_OODLE_AUTODXT_11_FAAEE7DD4A7B92ED87ED__7177F1D9F49679ABD52BA8530C86C8AC35B18285.udd" 4150
"C:/Users/shashinda adithya/AppData/Local/UnrealEngine/Common/DerivedDataCache/3/2/8/TEXTURE_E01F4250BECD420DA9CE63B5EECEC2C2_OODLE_AUTODXT_11_AF03BD0A406782036AE9__EF558CD1497932C8F675F468AC0003A2AC4AC582.udd" 4151
"C:/Users/shashinda adithya/AppData/Local/UnrealEngine/Common/DerivedDataCache/6/8/9/TEXTURE_E01F4250BECD420DA9CE63B5EECEC2C2_OODLE_AUTODXT_11_DF16AC6B4130E2FF6A1A__C027CDA90DE9ABA117301E404E4EF8C0D834B595.udd" 4152
"C:/Users/shashinda adithya/AppData/Local/UnrealEngine/Common/DerivedDataCache/7/4/9/TEXTURE_E01F4250BECD420DA9CE63B5EECEC2C2_OODLE_BC5_11_484477F844C4953A3C95BA9F__B85DEDEE3373CCCA3AEABED2FD74C040327D1FFA.udd" 4153
"C:/Users/shashinda adithya/AppData/Local/UnrealEngine/Common/DerivedDataCache/5/6/1/TEXTURE_E01F4250BECD420DA9CE63B5EECEC2C2_OODLE_AUTODXT_11_459B1C384908A3443D03__4DA6EBC5C97116734BC59221D3E682EF2DA433D9.udd" 4154
"C:/Users/shashinda adithya/AppData/Local/UnrealEngine/Common/DerivedDataCache/8/3/9/TEXTURE_E01F4250BECD420DA9CE63B5EECEC2C2_OODLE_AUTODXT_11_DF16AC6B4130E2FF6A1A__1A7CA3221F3BE71CF050D267710A968627149022.udd" 4155
"C:/Users/shashinda adithya/AppData/Local/UnrealEngine/Common/DerivedDataCache/1/9/4/TEXTURE_E01F4250BECD420DA9CE63B5EECEC2C2_OODLE_AUTODXT_11_459B1C384908A3443D03__CAC47FB0B7B15A84D58E923369CC95BEE0C90EAF.udd" 4156
"C:/Users/shashinda adithya/AppData/Local/UnrealEngine/Common/DerivedDataCache/0/9/0/MATSM_0BA69734E4FD45E082FA4560DBE25454_PCD3D_SM5_8__BC5N_NOCCBN_NOIRIS_DEV_SL___92372FC982197BEBB8A0E7E58A355E2C82B67124.udd" 4157
"C:/Users/shashinda adithya/AppData/Local/UnrealEngine/Common/DerivedDataCache/3/5/4/TEXTURE_E01F4250BECD420DA9CE63B5EECEC2C2_OODLE_BC5_11_484477F844C4953A3C95BA9F__02F83AE74F16448AC5272C8C65AA9A81BB7C349E.udd" 4158
"C:/Users/shashinda adithya/AppData/Local/UnrealEngine/Common/DerivedDataCache/2/4/3/TEXTURE_E01F4250BECD420DA9CE63B5EECEC2C2_OODLE_AUTODXT_11_AF03BD0A406782036AE9__BCCE78E6C552199F8D66EEE6D30B02944F95C827.udd" 4159
"C:/Users/shashinda adithya/AppData/Local/UnrealEngine/Common/DerivedDataCache/8/0/2/TEXTURE_E01F4250BECD420DA9CE63B5EECEC2C2_OODLE_AUTODXT_11_AF03BD0A406782036AE9__C7A4DFA0BA5565C81598B611CA0EAA49E9F5F659.udd" 4160
"C:/Users/shashinda adithya/AppData/Local/UnrealEngine/Common/DerivedDataCache/3/2/8/TEXTURE_E01F4250BECD420DA9CE63B5EECEC2C2_OODLE_AUTODXT_11_AF03BD0A406782036AE9__E2FDF17975BC63EC56B9FD2C3122B7D5F4537C89.udd" 4161
"C:/Users/shashinda adithya/AppData/Local/UnrealEngine/Common/DerivedDataCache/5/8/6/TEXTURE_E01F4250BECD420DA9CE63B5EECEC2C2_OODLE_AUTODXT_11_DF16AC6B4130E2FF6A1A__B52F9AD7D147625B67802B814BB29CA18A16938C.udd" 4162
"C:/Users/shashinda adithya/AppData/Local/UnrealEngine/Common/DerivedDataCache/5/3/4/TEXTURE_E01F4250BECD420DA9CE63B5EECEC2C2_OODLE_AUTODXT_11_AF03BD0A406782036AE9__79FE8126B82BC0C036D564DC4D37256A28DA0413.udd" 4163
"C:/Users/shashinda adithya/AppData/Local/UnrealEngine/Common/DerivedDataCache/8/6/5/TEXTURE_E01F4250BECD420DA9CE63B5EECEC2C2_OODLE_AUTODXT_11_AF03BD0A406782036AE9__B9331E39AE68E43746C5CF5671A3562D5F522B3E.udd" 4164
"C:/Users/shashinda adithya/AppData/Local/UnrealEngine/Common/DerivedDataCache/5/6/5/TEXTURE_E01F4250BECD420DA9CE63B5EECEC2C2_OODLE_AUTODXT_11_AF03BD0A406782036AE9__7B1D967E6646839B3ABCC3432339FF5E41EE859F.udd" 4165
"C:/Users/shashinda adithya/AppData/Local/UnrealEngine/Common/DerivedDataCache/8/7/5/TEXTURE_E01F4250BECD420DA9CE63B5EECEC2C2_OODLE_AUTODXT_11_DF16AC6B4130E2FF6A1A__910D7D09864BC5D4B10CE4E01A0C2F7C90889AC1.udd" 4166
"C:/Users/shashinda adithya/AppData/Local/UnrealEngine/Common/DerivedDataCache/6/5/0/TEXTURE_E01F4250BECD420DA9CE63B5EECEC2C2_OODLE_AUTODXT_11_DF16AC6B4130E2FF6A1A__FEBDA885A338B26802BB1DD9857CD2A1C2588655.udd" 4167
"C:/Users/shashinda adithya/AppData/Local/UnrealEngine/Common/DerivedDataCache/2/1/9/TEXTURE_E01F4250BECD420DA9CE63B5EECEC2C2_OODLE_AUTODXT_11_DF16AC6B4130E2FF6A1A__2C8C729F01F00798452973ECD054F060B461A3B6.udd" 4168
"C:/Users/shashinda adithya/AppData/Local/UnrealEngine/Common/DerivedDataCache/6/5/2/TEXTURE_E01F4250BECD420DA9CE63B5EECEC2C2_OODLE_AUTODXT_11_DF16AC6B4130E2FF6A1A__8F3639ED47BC924A395D91B8C8E498D26CAD1E7C.udd" 4169
"C:/Users/shashinda adithya/AppData/Local/UnrealEngine/Common/DerivedDataCache/9/4/0/TEXTURE_E01F4250BECD420DA9CE63B5EECEC2C2_OODLE_BC5_11_484477F844C4953A3C95BA9F__6BAA5F19018B86ECFB0D7B27E9AD8BBA8544312A.udd" 4170
"C:/Users/shashinda adithya/AppData/Local/UnrealEngine/Common/DerivedDataCache/4/9/3/TEXTURE_E01F4250BECD420DA9CE63B5EECEC2C2_OODLE_BC5_11_484477F844C4953A3C95BA9F__C37CADDDEDB897E1BDEF3266FEE14D25F4DEE682.udd" 4171
"C:/Users/shashinda adithya/AppData/Local/UnrealEngine/Common/DerivedDataCache/4/8/5/TEXTURE_E01F4250BECD420DA9CE63B5EECEC2C2_OODLE_BC5_11_484477F844C4953A3C95BA9F__46900B3C9F3CB589DD7209A1545C243F3961FE3A.udd" 4172
"C:/Users/shashinda adithya/AppData/Local/UnrealEngine/Common/DerivedDataCache/9/4/3/TEXTURE_E01F4250BECD420DA9CE63B5EECEC2C2_OODLE_BC5_11_484477F844C4953A3C95BA9F__40BEDC766867CCC4AF4CC48C2B142811B71DDCF5.udd" 4173
"C:/Users/shashinda adithya/AppData/Local/UnrealEngine/Common/DerivedDataCache/9/4/5/TEXTURE_E01F4250BECD420DA9CE63B5EECEC2C2_OODLE_BC5_11_484477F844C4953A3C95BA9F__42FFAE72A24777388D5E2EFE939FA37D43B5F788.udd" 4174
"C:/Users/shashinda adithya/AppData/Local/UnrealEngine/Common/DerivedDataCache/9/2/6/TEXTURE_E01F4250BECD420DA9CE63B5EECEC2C2_OODLE_AUTODXT_11_459B1C384908A3443D03__5AA5411C86C6C4C1F74E220FFC5D1B28AD8175AB.udd" 4175
"C:/Users/shashinda adithya/AppData/Local/UnrealEngine/Common/DerivedDataCache/6/5/4/TEXTURE_E01F4250BECD420DA9CE63B5EECEC2C2_OODLE_AUTODXT_11_459B1C384908A3443D03__75C761A1EB32D4AC9361E283AB9DC89842570CE9.udd" 4176
"C:/Users/shashinda adithya/AppData/Local/UnrealEngine/Common/DerivedDataCache/7/0/1/TEXTURE_E01F4250BECD420DA9CE63B5EECEC2C2_OODLE_AUTODXT_11_459B1C384908A3443D03__1EA917918B934CF61715DEDA57EEB43731AB1CC2.udd" 4177
"C:/Users/shashinda adithya/AppData/Local/UnrealEngine/Common/DerivedDataCache/3/7/7/TEXTURE_E01F4250BECD420DA9CE63B5EECEC2C2_OODLE_AUTODXT_11_459B1C384908A3443D03__E8909F6FABB6EA75E628E0F507590407673A1925.udd" 4178
"C:/Users/shashinda adithya/AppData/Local/UnrealEngine/Common/DerivedDataCache/2/8/1/TEXTURE_E01F4250BECD420DA9CE63B5EECEC2C2_OODLE_AUTODXT_11_459B1C384908A3443D03__C1D94B8CB21298422349DEB75AFDFAADDBCA93A3.udd" 4179
"C:/Users/shashinda adithya/AppData/Local/UnrealEngine/Common/DerivedDataCache/5/4/6/TEXTURE_E01F4250BECD420DA9CE63B5EECEC2C2_BGRA8_852F8BED45E2A1DF66BC63AA20D7235__76D57CCE511721AC985B7368E8D86FA013E69997.udd" 4180
"C:/Users/shashinda adithya/AppData/Local/UnrealEngine/Common/DerivedDataCache/6/0/2/TEXTURE_E01F4250BECD420DA9CE63B5EECEC2C2_RGBA16F_53AD43094B24E936893327B2C2F93__63064FFD1218BB3970563F61B3884FE6CC4D2F74.udd" 4181
"C:/Users/shashinda adithya/AppData/Local/UnrealEngine/Common/DerivedDataCache/5/8/3/MATSM_0BA69734E4FD45E082FA4560DBE25454_PCD3D_SM5_8__BC5N_NOCCBN_NOIRIS_DEV_SL___37AC00C1069FF50913AA69D4CF8465DB51F7D3C4.udd" 4182
"C:/Users/shashinda adithya/AppData/Local/UnrealEngine/Common/DerivedDataCache/7/0/8/TEXTURE_E01F4250BECD420DA9CE63B5EECEC2C2_BGRA8_137F030D4B91874981F95ABDC05F9A7__FFCB055CA1D5D9068593499D5824D7F567E174C3.udd" 4183
"C:/Users/shashinda adithya/AppData/Local/UnrealEngine/Common/DerivedDataCache/1/5/1/TEXTURE_E01F4250BECD420DA9CE63B5EECEC2C2_RGBA16F_B7507D0544ACC939BF03058CDD0F2__FB8DFFD989953C0668AA906DE9B6DABE9F0EC67C.udd" 4184
"C:/Users/shashinda adithya/AppData/Local/UnrealEngine/Common/DerivedDataCache/6/1/5/TEXTURE_E01F4250BECD420DA9CE63B5EECEC2C2_BGRA8_231191BF4CA389A7C6E5DEA33FF6A08__EDB78313A8144C11DA57CE3E5CD901E6FD488FEF.udd" 4185
"C:/Users/shashinda adithya/AppData/Local/UnrealEngine/Common/DerivedDataCache/9/7/1/TEXTURE_E01F4250BECD420DA9CE63B5EECEC2C2_RGBA16F_F11FFC594C41FB584A679DA5DAAF8__50F9C628604AF86EB9F487E65880F19A63405E63.udd" 4186
"C:/Users/shashinda adithya/AppData/Local/UnrealEngine/Common/DerivedDataCache/4/9/5/TEXTURE_E01F4250BECD420DA9CE63B5EECEC2C2_BGRA8_E2FDC4D840B8FECFF4C867987E7DE4E__84DA4DA8128581E9AD39BE53A1BC84E016B695D2.udd" 4187
"C:/Users/shashinda adithya/AppData/Local/UnrealEngine/Common/DerivedDataCache/8/9/7/TEXTURE_E01F4250BECD420DA9CE63B5EECEC2C2_RGBA16F_E28ECBB645D6936E3384E6B681885__6669175CF35AE8D81F982C8ACF8C280E64D643FA.udd" 4188
"C:/Users/shashinda adithya/AppData/Local/UnrealEngine/Common/DerivedDataCache/9/5/0/TEXTURE_E01F4250BECD420DA9CE63B5EECEC2C2_BGRA8_064A01154F12EAF33A308CB54D4CB31__D5A61A7CEF66FA161EF243E01F0B088E34F87D19.udd" 4189
"C:/Users/shashinda adithya/AppData/Local/UnrealEngine/Common/DerivedDataCache/1/8/4/TEXTURE_E01F4250BECD420DA9CE63B5EECEC2C2_RGBA16F_C6F748A04566E03415741D818E293__6A0527F951C1862442C58ED69D6BA2C90F381C47.udd" 4190
"C:/Users/shashinda adithya/AppData/Local/UnrealEngine/Common/DerivedDataCache/6/1/1/TEXTURE_E01F4250BECD420DA9CE63B5EECEC2C2_BGRA8_212529E74D9D4308A174D09BE9B65C7__EEC488B89BC650A246B34528A2262A2C5C9F714A.udd" 4191
"C:/Users/shashinda adithya/AppData/Local/UnrealEngine/Common/DerivedDataCache/2/2/5/TEXTURE_E01F4250BECD420DA9CE63B5EECEC2C2_RGBA16F_7603E87748C8E5989B56B1A4D8FA9__F6122C7AD572ADDD06BF6205AA5E8013E938AD17.udd" 4192
"C:/Users/shashinda adithya/AppData/Local/UnrealEngine/Common/DerivedDataCache/5/6/4/TEXTURE_E01F4250BECD420DA9CE63B5EECEC2C2_BGRA8_45765C904CBB9AF74D0142A06690B14__95DE48E927B91FEA42CA3E55FB7AEEFC2E6B9C91.udd" 4193
"C:/Users/shashinda adithya/AppData/Local/UnrealEngine/Common/DerivedDataCache/9/1/5/TEXTURE_E01F4250BECD420DA9CE63B5EECEC2C2_RGBA16F_FFC78A8649ABB9884616FEAD52DB5__D5F6548A8B0AAB06660E3706320CBA38D13149D4.udd" 4194
"C:/Users/shashinda adithya/AppData/Local/UnrealEngine/Common/DerivedDataCache/4/3/9/TEXTURE_E01F4250BECD420DA9CE63B5EECEC2C2_BGRA8_4257487A4F17925A8EA11695DCEAF42__2D2F1C7BA86DC4316F69F54EE87A5274013AA0E5.udd" 4195
"C:/Users/shashinda adithya/AppData/Local/UnrealEngine/Common/DerivedDataCache/5/7/7/TEXTURE_E01F4250BECD420DA9CE63B5EECEC2C2_RGBA16F_E24035C6488068B4D8610BBF43658__7DB882CA81E5F96F79EB7860AEBD1FFD79AF9EB7.udd" 4196
"C:/Users/shashinda adithya/AppData/Local/UnrealEngine/Common/DerivedDataCache/2/7/0/TEXTURE_E01F4250BECD420DA9CE63B5EECEC2C2_BGRA8_2B19DBEE488FA895E610A9A9D5B681A__C5D653A7E77F7113CC02BE46FE0E92B57EC4C156.udd" 4197
"C:/Users/shashinda adithya/AppData/Local/UnrealEngine/Common/DerivedDataCache/2/1/5/TEXTURE_E01F4250BECD420DA9CE63B5EECEC2C2_RGBA16F_60DC9CB94A4C9C8E4666A3A744B89__DDD2E31CC314D3537036E5A49C2514003DE894C2.udd" 4198
"C:/Users/shashinda adithya/AppData/Local/UnrealEngine/Common/DerivedDataCache/0/6/8/TEXTURE_E01F4250BECD420DA9CE63B5EECEC2C2_BGRA8_5339A32545D6DF751D9FF1916091989__9CD69351A75B9B3DAC31683F676D2B3DB0C195BE.udd" 4199
"C:/Users/shashinda adithya/AppData/Local/UnrealEngine/Common/DerivedDataCache/2/5/8/TEXTURE_E01F4250BECD420DA9CE63B5EECEC2C2_RGBA16F_D0FCFADF4CB0665398E20186DE602__F0CB45D9B0115BEBEC353C7247BA51791B0F00D0.udd" 4200
"C:/Users/shashinda adithya/AppData/Local/UnrealEngine/Common/DerivedDataCache/8/6/7/TEXTURE_E01F4250BECD420DA9CE63B5EECEC2C2_BGRA8_AB0741724D32D610E6C8339B4EF86FE__F6B612C0811D7122034AA018F3DAD2BA6CF3892A.udd" 4201
"C:/Users/shashinda adithya/AppData/Local/UnrealEngine/Common/DerivedDataCache/4/1/4/TEXTURE_E01F4250BECD420DA9CE63B5EECEC2C2_RGBA16F_625E01FE463F8A466890A4909289A__5BD78BFCD5B22F6A9727B878B044178D4ED4695E.udd" 4202
"C:/Users/shashinda adithya/AppData/Local/UnrealEngine/Common/DerivedDataCache/9/1/4/TEXTURE_E01F4250BECD420DA9CE63B5EECEC2C2_BGRA8_91F2A23C4390FE4F523C93B856861A3__2FB17CFB6830BC7B484C6C7F7493A7B80FB9CCF7.udd" 4203
"C:/Users/shashinda adithya/AppData/Local/UnrealEngine/Common/DerivedDataCache/7/4/6/TEXTURE_E01F4250BECD420DA9CE63B5EECEC2C2_RGBA16F_94C0D41B4D485F86B7ECBD9D794CD__619D892616CE96B3307173D7F048E82F4641A3BB.udd" 4204
"C:/Users/shashinda adithya/AppData/Local/UnrealEngine/Common/DerivedDataCache/5/2/7/TEXTURE_E01F4250BECD420DA9CE63B5EECEC2C2_BGRA8_29EF1074444D525056B9E7872214F8F__584582CD6E8DA1CB644659AAEFD08334FB2EBC32.udd" 4205
"C:/Users/shashinda adithya/AppData/Local/UnrealEngine/Common/DerivedDataCache/2/2/4/TEXTURE_E01F4250BECD420DA9CE63B5EECEC2C2_RGBA16F_CADB26A845EB0369A69774A4F0482__804A34ABE4682AEE621FF60566116BBAB282FA72.udd" 4206
"C:/Users/shashinda adithya/AppData/Local/UnrealEngine/Common/DerivedDataCache/8/7/4/TEXTURE_E01F4250BECD420DA9CE63B5EECEC2C2_BGRA8_56FF5C2644A50E94B2D3FF88DE6B09F__2B93B9C184929F76A63C28D71F6DF4C8B1000F73.udd" 4207
"C:/Users/shashinda adithya/AppData/Local/UnrealEngine/Common/DerivedDataCache/5/9/1/TEXTURE_E01F4250BECD420DA9CE63B5EECEC2C2_RGBA16F_D2AE20E24014EE1939C3A6AED017F__D2CA1BCB018EC9F1D97DD7AE176409C33B401B92.udd" 4208
"C:/Users/shashinda adithya/AppData/Local/UnrealEngine/Common/DerivedDataCache/6/7/5/TEXTURE_E01F4250BECD420DA9CE63B5EECEC2C2_OODLE_BC5_11_9D79806F4FC0A8F037E5F6AF__8752184F5AF00BD296DDE3B168229627F1FE8B49.udd" 4209
"C:/Users/shashinda adithya/AppData/Local/UnrealEngine/Common/DerivedDataCache/0/6/1/TEXTURE_E01F4250BECD420DA9CE63B5EECEC2C2_OODLE_BC5_11_9D79806F4FC0A8F037E5F6AF__0F613BF38CD0C55556C2B05761856CA3B1F7C033.udd" 4210
"C:/Users/shashinda adithya/AppData/Local/UnrealEngine/Common/DerivedDataCache/3/5/5/TEXTURE_E01F4250BECD420DA9CE63B5EECEC2C2_OODLE_BC5_11_9D79806F4FC0A8F037E5F6AF__C104556A798E57441AB323B8ACEFC79A3C8D97E1.udd" 4211
"C:/Users/shashinda adithya/AppData/Local/UnrealEngine/Common/DerivedDataCache/1/5/9/TEXTURE_E01F4250BECD420DA9CE63B5EECEC2C2_OODLE_BC5_11_9D79806F4FC0A8F037E5F6AF__790048FDD7119ACEAA37432BD02B94CC69ACF9E1.udd" 4212
"C:/Users/shashinda adithya/AppData/Local/UnrealEngine/Common/DerivedDataCache/0/3/4/MATSM_0BA69734E4FD45E082FA4560DBE25454_PCD3D_SM5_8__BC5N_NOCCBN_NOIRIS_DEV_SL___21164D9C8FA397879E37496036DA16B1F22BD2E8.udd" 4213
"C:/Users/shashinda adithya/AppData/Local/UnrealEngine/Common/DerivedDataCache/7/7/1/SKELETALMESH_91550326BADA436B92C8BF16C910465C_F7B9E34C6BDDAE0A4C248150EBDE8C90__6D851B2065EEF1ED491A8CD9176140B1CEF2963C.udd" 4214
"C:/Users/shashinda adithya/AppData/Local/UnrealEngine/Common/DerivedDataCache/6/3/2/TEXTURE_E01F4250BECD420DA9CE63B5EECEC2C2_BGRA8_A4702BCC46EBFA5EC55EFC859F01D0B__CC5790CFF0F922D3850B64155357E03C590F104A.udd" 4215
"../../../Engine/Content/EditorResources/EmptyActor.uasset" 4216
"C:/Users/shashinda adithya/AppData/Local/UnrealEngine/Common/DerivedDataCache/3/1/3/PHYSX_PHYSXPC_FULL_CC58B9FA08AD47E3BF06976E60B693C3_28EC104FBB3BFBA021D1BD9633408119.udd" 4217
"C:/Users/shashinda adithya/AppData/Local/UnrealEngine/Common/DerivedDataCache/0/0/6/PHYSX_PHYSXPC_VIS_CC58B9FA08AD47E3BF06976E60B693C3_E61BABEC47E057365D46B290F58AF180.udd" 4218
"C:/Users/shashinda adithya/AppData/Local/UnrealEngine/Common/DerivedDataCache/4/8/8/PHYSX_PHYSXPC_FULL_CC58B9FA08AD47E3BF06976E60B693C3_1346A20A17E3A93D9535053E397911F2.udd" 4219
"C:/Users/shashinda adithya/AppData/Local/UnrealEngine/Common/DerivedDataCache/9/0/2/PHYSX_PHYSXPC_VIS_CC58B9FA08AD47E3BF06976E60B693C3_970F74F24A408202AFDA26A448A712DE.udd" 4220
"C:/Users/shashinda adithya/AppData/Local/UnrealEngine/Common/DerivedDataCache/0/0/7/PHYSX_PHYSXPC_FULL_CC58B9FA08AD47E3BF06976E60B693C3_39732C920AFCDF87F2FA6336CAA982CD.udd" 4221
"C:/Users/shashinda adithya/AppData/Local/UnrealEngine/Common/DerivedDataCache/4/8/2/PHYSX_PHYSXPC_VIS_CC58B9FA08AD47E3BF06976E60B693C3_F144B6904FA16E160B54038FAC5ED8DB.udd" 4222
"C:/Users/shashinda adithya/AppData/Local/UnrealEngine/Common/DerivedDataCache/5/4/1/PHYSX_PHYSXPC_FULL_CC58B9FA08AD47E3BF06976E60B693C3_E95B9D3180A43D24E00F21F0E4EE752B.udd" 4223
"C:/Users/shashinda adithya/AppData/Local/UnrealEngine/Common/DerivedDataCache/6/3/8/PHYSX_PHYSXPC_VIS_CC58B9FA08AD47E3BF06976E60B693C3_9EBF62FA4418130AFC8902A3623B6E70.udd" 4224
"C:/Users/shashinda adithya/AppData/Local/UnrealEngine/Common/DerivedDataCache/0/4/0/TEXTURE_E01F4250BECD420DA9CE63B5EECEC2C2_OODLE_AUTODXT_11_618F647247651682A461__9FED8C6476E228D143F3B6913E5DD482174E752D.udd" 4225
"C:/Users/shashinda adithya/AppData/Local/UnrealEngine/Common/DerivedDataCache/4/7/8/TEXTURE_E01F4250BECD420DA9CE63B5EECEC2C2_OODLE_AUTODXT_11_618F647247651682A461__A92BF9E150304A711DFC06E7CD466717570737EC.udd" 4226
"C:/Users/shashinda adithya/AppData/Local/UnrealEngine/Common/DerivedDataCache/4/6/7/TEXTURE_E01F4250BECD420DA9CE63B5EECEC2C2_OODLE_AUTODXT_11_618F647247651682A461__5A32EB2DA3110A58AF10C0C5CC535CE32568CFFE.udd" 4227
"C:/Users/shashinda adithya/AppData/Local/UnrealEngine/Common/DerivedDataCache/8/9/2/TEXTURE_E01F4250BECD420DA9CE63B5EECEC2C2_OODLE_AUTODXT_11_618F647247651682A461__35D1FCA7F137891249491FC5405FE9FA92716F95.udd" 4228
"C:/Users/shashinda adithya/AppData/Local/UnrealEngine/Common/DerivedDataCache/0/7/5/TEXTURE_E01F4250BECD420DA9CE63B5EECEC2C2_OODLE_AUTODXT_11_618F647247651682A461__D51B091A581D5FC283A08C1ECA31090B1467B434.udd" 4229
"C:/Users/shashinda adithya/AppData/Local/UnrealEngine/Common/DerivedDataCache/3/3/0/TEXTURE_E01F4250BECD420DA9CE63B5EECEC2C2_OODLE_AUTODXT_11_618F647247651682A461__5492ADBB9F3F151F451225EEAEDFAD5D2A657158.udd" 4230
"C:/Users/shashinda adithya/AppData/Local/UnrealEngine/Common/DerivedDataCache/7/8/7/TEXTURE_E01F4250BECD420DA9CE63B5EECEC2C2_OODLE_BC5_11_5878EEFA432B71DE9AD334A8__2E5A2D72CB089908AA96426CAD69C55280C105E5.udd" 4231
"C:/Users/shashinda adithya/AppData/Local/UnrealEngine/Common/DerivedDataCache/1/4/3/TEXTURE_E01F4250BECD420DA9CE63B5EECEC2C2_OODLE_BC5_11_5878EEFA432B71DE9AD334A8__7CB7491E3FDB0B75598994C088974ECDE1163F18.udd" 4232
"C:/Users/shashinda adithya/AppData/Local/UnrealEngine/Common/DerivedDataCache/8/9/0/TEXTURE_E01F4250BECD420DA9CE63B5EECEC2C2_OODLE_BC5_11_5878EEFA432B71DE9AD334A8__0B7FE429B03D03B1ADE3531420421F2CAA87900F.udd" 4233
"C:/Users/shashinda adithya/AppData/Local/UnrealEngine/Common/DerivedDataCache/4/1/9/TEXTURE_E01F4250BECD420DA9CE63B5EECEC2C2_OODLE_BC5_11_5878EEFA432B71DE9AD334A8__1C9D4ACC6AC038856DB2F407AFE6217C54CA8D62.udd" 4234
"C:/Users/shashinda adithya/AppData/Local/UnrealEngine/Common/DerivedDataCache/7/4/2/TEXTURE_E01F4250BECD420DA9CE63B5EECEC2C2_OODLE_BC5_11_5878EEFA432B71DE9AD334A8__54BF70871CE93291A138907C304ED25E87B391DF.udd" 4235
"C:/Users/shashinda adithya/AppData/Local/UnrealEngine/Common/DerivedDataCache/9/7/6/TEXTURE_E01F4250BECD420DA9CE63B5EECEC2C2_OODLE_BC5_11_5878EEFA432B71DE9AD334A8__A2F142E07471D964195471F6983E9BD9852DC537.udd" 4236
"C:/Users/shashinda adithya/AppData/Local/UnrealEngine/Common/DerivedDataCache/4/6/2/TEXTURE_E01F4250BECD420DA9CE63B5EECEC2C2_OODLE_AUTODXT_11_6DA41DFF4A2C3A8F17CC__3995A4ED2631F3FC0826090AB98855CD5A4A43FB.udd" 4237
"C:/Users/shashinda adithya/AppData/Local/UnrealEngine/Common/DerivedDataCache/8/8/2/TEXTURE_E01F4250BECD420DA9CE63B5EECEC2C2_OODLE_AUTODXT_11_6DA41DFF4A2C3A8F17CC__1A255DE797786E443D4C1137282E15733965464B.udd" 4238
"C:/Users/shashinda adithya/AppData/Local/UnrealEngine/Common/DerivedDataCache/1/9/7/TEXTURE_E01F4250BECD420DA9CE63B5EECEC2C2_OODLE_AUTODXT_11_6DA41DFF4A2C3A8F17CC__C7910E4E9665BA7F35E0AAD8B19909EE500A8046.udd" 4239
"C:/Users/shashinda adithya/AppData/Local/UnrealEngine/Common/DerivedDataCache/7/1/5/TEXTURE_E01F4250BECD420DA9CE63B5EECEC2C2_OODLE_AUTODXT_11_6DA41DFF4A2C3A8F17CC__20564EC32CAB187044655717FFD09084D806784E.udd" 4240
"C:/Users/shashinda adithya/AppData/Local/UnrealEngine/Common/DerivedDataCache/3/6/8/TEXTURE_E01F4250BECD420DA9CE63B5EECEC2C2_OODLE_AUTODXT_11_6DA41DFF4A2C3A8F17CC__B6BDE66282851F47018D846A74119D5D3C5B1E17.udd" 4241
"C:/Users/shashinda adithya/AppData/Local/UnrealEngine/Common/DerivedDataCache/0/1/5/TEXTURE_E01F4250BECD420DA9CE63B5EECEC2C2_OODLE_AUTODXT_11_6DA41DFF4A2C3A8F17CC__7C623FCEE6AFC3AE44C611151A895268360E2DF9.udd" 4242
"C:/Users/shashinda adithya/AppData/Local/UnrealEngine/Common/DerivedDataCache/1/2/1/TEXTURE_E01F4250BECD420DA9CE63B5EECEC2C2_OODLE_AUTODXT_11_6D1AB7B446330CD65843__F4E6C51D22720B39E8BD49B460CB75069B360925.udd" 4243
"C:/Users/shashinda adithya/AppData/Local/UnrealEngine/Common/DerivedDataCache/7/6/0/TEXTURE_E01F4250BECD420DA9CE63B5EECEC2C2_OODLE_AUTODXT_11_6D1AB7B446330CD65843__887CED6CD1773745E7738C04C7DEDDE442FDCA15.udd" 4244
"C:/Users/shashinda adithya/AppData/Local/UnrealEngine/Common/DerivedDataCache/8/1/4/TEXTURE_E01F4250BECD420DA9CE63B5EECEC2C2_OODLE_AUTODXT_11_6D1AB7B446330CD65843__894A1E83B06E50AAD17C040DB18E39C66C8BEB42.udd" 4245
"C:/Users/shashinda adithya/AppData/Local/UnrealEngine/Common/DerivedDataCache/2/5/2/TEXTURE_E01F4250BECD420DA9CE63B5EECEC2C2_OODLE_AUTODXT_11_6D1AB7B446330CD65843__6CE84A97AFD2CF6709E8A0CE9BF05BBDA35A598B.udd" 4246
"C:/Users/shashinda adithya/AppData/Local/UnrealEngine/Common/DerivedDataCache/6/4/2/TEXTURE_E01F4250BECD420DA9CE63B5EECEC2C2_OODLE_AUTODXT_11_6D1AB7B446330CD65843__24A39F570A5507A7C38225058F5CE75637DBA681.udd" 4247
"C:/Users/shashinda adithya/AppData/Local/UnrealEngine/Common/DerivedDataCache/7/9/2/TEXTURE_E01F4250BECD420DA9CE63B5EECEC2C2_OODLE_AUTODXT_11_6D1AB7B446330CD65843__285040FB21F6843B26CEFEDD3E024314EBEAFB82.udd" 4248
"C:/Users/shashinda adithya/AppData/Local/UnrealEngine/Common/DerivedDataCache/9/9/2/TEXTURE_E01F4250BECD420DA9CE63B5EECEC2C2_OODLE_AUTODXT_11_CAA0577F493E79234D30__CECEFE7FC97DFA4F4F602474725061C5B49F5A3B.udd" 4249
"C:/Users/shashinda adithya/AppData/Local/UnrealEngine/Common/DerivedDataCache/5/1/0/MATSM_0BA69734E4FD45E082FA4560DBE25454_PCD3D_SM5_8__BC5N_NOCCBN_NOIRIS_DEV_SL___F30E5A55279BD0FA13B98341FBE7EBC85B654026.udd" 4250
"C:/Users/shashinda adithya/AppData/Local/UnrealEngine/Common/DerivedDataCache/3/3/5/TEXTURE_E01F4250BECD420DA9CE63B5EECEC2C2_OODLE_AUTODXT_11_CAA0577F493E79234D30__4F99EAD19C2CF3B0D06C252A019BA7062925EA4B.udd" 4251
"C:/Users/shashinda adithya/AppData/Local/UnrealEngine/Common/DerivedDataCache/9/1/7/TEXTURE_E01F4250BECD420DA9CE63B5EECEC2C2_OODLE_AUTODXT_11_CAA0577F493E79234D30__10B3F66E89E302BF225EFD0AA1F5B85F91893963.udd" 4252
"C:/Users/shashinda adithya/AppData/Local/UnrealEngine/Common/DerivedDataCache/8/0/5/TEXTURE_E01F4250BECD420DA9CE63B5EECEC2C2_OODLE_AUTODXT_11_CAA0577F493E79234D30__21B5D4E4357496C91712C129468F4C25188BF007.udd" 4253
"C:/Users/shashinda adithya/AppData/Local/UnrealEngine/Common/DerivedDataCache/0/6/9/TEXTURE_E01F4250BECD420DA9CE63B5EECEC2C2_OODLE_AUTODXT_11_CAA0577F493E79234D30__B6B819F92C286B4500A5E2D03BFFC2D1A7F8A3CE.udd" 4254
"C:/Users/shashinda adithya/AppData/Local/UnrealEngine/Common/DerivedDataCache/5/5/7/TEXTURE_E01F4250BECD420DA9CE63B5EECEC2C2_OODLE_AUTODXT_11_CAA0577F493E79234D30__3B19F46B510E3B32D4B24D5B62C29AD7FF64DB39.udd" 4255
"C:/Users/shashinda adithya/AppData/Local/UnrealEngine/Common/DerivedDataCache/0/9/3/TEXTURE_E01F4250BECD420DA9CE63B5EECEC2C2_OODLE_AUTODXT_11_5092EF524FBE8B26A5C7__BBB2FF85C39F3C4967153B457AD13F16DC6F4DE4.udd" 4256
"C:/Users/shashinda adithya/AppData/Local/UnrealEngine/Common/DerivedDataCache/8/6/3/TEXTURE_E01F4250BECD420DA9CE63B5EECEC2C2_OODLE_BC5_11_83E2D159419B406AD12E9F8B__6D08CC3AF8F886B6D5C0796C5C7372AEC270072F.udd" 4257
"C:/Users/shashinda adithya/AppData/Local/UnrealEngine/Common/DerivedDataCache/1/5/7/TEXTURE_E01F4250BECD420DA9CE63B5EECEC2C2_OODLE_AUTODXT_11_5092EF524FBE8B26A5C7__47E85A735215647077AD79885B5A426F18E6A0E7.udd" 4258
"C:/Users/shashinda adithya/AppData/Local/UnrealEngine/Common/DerivedDataCache/7/9/3/TEXTURE_E01F4250BECD420DA9CE63B5EECEC2C2_OODLE_BC5_11_83E2D159419B406AD12E9F8B__2DEFB8223B7F32210400C3ED1D2C1D551FCC7C34.udd" 4259
"C:/Users/shashinda adithya/AppData/Local/UnrealEngine/Common/DerivedDataCache/6/1/4/TEXTURE_E01F4250BECD420DA9CE63B5EECEC2C2_OODLE_AUTODXT_11_5092EF524FBE8B26A5C7__B5A61649E49F3AC718F0DB8D848816B4312D28A6.udd" 4260
"C:/Users/shashinda adithya/AppData/Local/UnrealEngine/Common/DerivedDataCache/2/4/5/TEXTURE_E01F4250BECD420DA9CE63B5EECEC2C2_OODLE_AUTODXT_11_5092EF524FBE8B26A5C7__03BD500FEC81636EFFA3980A8A9FAB958F1E6B97.udd" 4261
"C:/Users/shashinda adithya/AppData/Local/UnrealEngine/Common/DerivedDataCache/6/3/6/TEXTURE_E01F4250BECD420DA9CE63B5EECEC2C2_OODLE_AUTODXT_11_5092EF524FBE8B26A5C7__DF29F138F222664D02EFCE2FD1666AAA178747C5.udd" 4262
"C:/Users/shashinda adithya/AppData/Local/UnrealEngine/Common/DerivedDataCache/2/7/0/TEXTURE_E01F4250BECD420DA9CE63B5EECEC2C2_OODLE_BC5_11_83E2D159419B406AD12E9F8B__9FD2314D58AC264EB7B2F30032C4D1F7A2956700.udd" 4263
"C:/Users/shashinda adithya/AppData/Local/UnrealEngine/Common/DerivedDataCache/8/4/4/TEXTURE_E01F4250BECD420DA9CE63B5EECEC2C2_OODLE_AUTODXT_11_5092EF524FBE8B26A5C7__04F0A808F34FFAE0013B5BA2C3492F74E4D59CDB.udd" 4264
"C:/Users/shashinda adithya/AppData/Local/UnrealEngine/Common/DerivedDataCache/8/6/3/TEXTURE_E01F4250BECD420DA9CE63B5EECEC2C2_OODLE_BC5_11_83E2D159419B406AD12E9F8B__4CD27C9996E13D22D54309A24060B9900A8C6519.udd" 4265
"C:/Users/shashinda adithya/AppData/Local/UnrealEngine/Common/DerivedDataCache/9/5/6/TEXTURE_E01F4250BECD420DA9CE63B5EECEC2C2_OODLE_BC5_11_83E2D159419B406AD12E9F8B__BEDA152222BD04E5AA5922C00A3D74C9589ABCB6.udd" 4266
"C:/Users/shashinda adithya/AppData/Local/UnrealEngine/Common/DerivedDataCache/2/8/4/TEXTURE_E01F4250BECD420DA9CE63B5EECEC2C2_OODLE_BC5_11_83E2D159419B406AD12E9F8B__9DAD6BB221339D9FB8D6B8822B9C68CD3E268152.udd" 4267
"C:/Users/shashinda adithya/AppData/Local/UnrealEngine/Common/DerivedDataCache/4/6/4/TEXTURE_E01F4250BECD420DA9CE63B5EECEC2C2_OODLE_AUTODXT_11_61AC99244427EF7957FB__9C9A018CC8A4CFF7140B60AA3F0E7529C46D01DD.udd" 4268
"C:/Users/shashinda adithya/AppData/Local/UnrealEngine/Common/DerivedDataCache/0/4/8/TEXTURE_E01F4250BECD420DA9CE63B5EECEC2C2_OODLE_AUTODXT_11_5CF2293A464ED511F96E__23EC9A3AA281FBAEF3F9DA0F084A6E760623A91D.udd" 4269
"C:/Users/shashinda adithya/AppData/Local/UnrealEngine/Common/DerivedDataCache/3/7/2/TEXTURE_E01F4250BECD420DA9CE63B5EECEC2C2_OODLE_AUTODXT_11_61AC99244427EF7957FB__647F0FF0BDFA1E683808CF1CC20D5A311E56F692.udd" 4270
"C:/Users/shashinda adithya/AppData/Local/UnrealEngine/Common/DerivedDataCache/2/1/6/TEXTURE_E01F4250BECD420DA9CE63B5EECEC2C2_OODLE_AUTODXT_11_61AC99244427EF7957FB__D066433051FB777DAE384B221A5A5B79DF3297D5.udd" 4271
"C:/Users/shashinda adithya/AppData/Local/UnrealEngine/Common/DerivedDataCache/9/9/8/TEXTURE_E01F4250BECD420DA9CE63B5EECEC2C2_OODLE_AUTODXT_11_61AC99244427EF7957FB__235B6D81660CC59EE8B7A5F525B5CE5234B705B7.udd" 4272
"C:/Users/shashinda adithya/AppData/Local/UnrealEngine/Common/DerivedDataCache/2/7/5/TEXTURE_E01F4250BECD420DA9CE63B5EECEC2C2_OODLE_AUTODXT_11_5CF2293A464ED511F96E__D66E4936049D8CB63914FCD838FFC851A4BC793E.udd" 4273
"C:/Users/shashinda adithya/AppData/Local/UnrealEngine/Common/DerivedDataCache/4/3/8/TEXTURE_E01F4250BECD420DA9CE63B5EECEC2C2_OODLE_AUTODXT_11_61AC99244427EF7957FB__473C6183853A2BDF5949A5A757A9412E8944118B.udd" 4274
"C:/Users/shashinda adithya/AppData/Local/UnrealEngine/Common/DerivedDataCache/0/5/1/TEXTURE_E01F4250BECD420DA9CE63B5EECEC2C2_OODLE_AUTODXT_11_5CF2293A464ED511F96E__1A4E125560EEE34C89AC8028D5B1FA9D211D2CD5.udd" 4275
"C:/Users/shashinda adithya/AppData/Local/UnrealEngine/Common/DerivedDataCache/8/4/0/TEXTURE_E01F4250BECD420DA9CE63B5EECEC2C2_OODLE_AUTODXT_11_61AC99244427EF7957FB__3A25A4E23B2255BFF8CDAB947F248A99347E117D.udd" 4276
"C:/Users/shashinda adithya/AppData/Local/UnrealEngine/Common/DerivedDataCache/9/9/3/TEXTURE_E01F4250BECD420DA9CE63B5EECEC2C2_OODLE_AUTODXT_11_5CF2293A464ED511F96E__687DF933AEED6BC6A3B208AF27513BC0AF12275E.udd" 4277
"C:/Users/shashinda adithya/AppData/Local/UnrealEngine/Common/DerivedDataCache/3/5/9/TEXTURE_E01F4250BECD420DA9CE63B5EECEC2C2_OODLE_AUTODXT_11_5CF2293A464ED511F96E__817D952D4CA3A4520D1548137462BB4341A201E4.udd" 4278
"C:/Users/shashinda adithya/AppData/Local/UnrealEngine/Common/DerivedDataCache/7/1/9/TEXTURE_E01F4250BECD420DA9CE63B5EECEC2C2_OODLE_AUTODXT_11_2DC990C747DD335BEEE2__938C8735A902D3845BF2B59BD7BBC55B456E04CA.udd" 4279
"C:/Users/shashinda adithya/AppData/Local/UnrealEngine/Common/DerivedDataCache/3/2/7/TEXTURE_E01F4250BECD420DA9CE63B5EECEC2C2_OODLE_AUTODXT_11_2DC990C747DD335BEEE2__420FEFE7058C44880CB62A9FEF0BE325B20FE8FE.udd" 4280
"C:/Users/shashinda adithya/AppData/Local/UnrealEngine/Common/DerivedDataCache/3/6/6/TEXTURE_E01F4250BECD420DA9CE63B5EECEC2C2_OODLE_BC5_11_3E2DB5814EB53CCC5F08D7A1__61D81895F60276A756BCF9B79C0DC46D8AB10973.udd" 4281
"C:/Users/shashinda adithya/AppData/Local/UnrealEngine/Common/DerivedDataCache/5/8/1/TEXTURE_E01F4250BECD420DA9CE63B5EECEC2C2_OODLE_BC5_11_3E2DB5814EB53CCC5F08D7A1__43CDCC0B97DC298B13ACB5335A29AC245D2C5C8F.udd" 4282
"C:/Users/shashinda adithya/AppData/Local/UnrealEngine/Common/DerivedDataCache/5/0/6/TEXTURE_E01F4250BECD420DA9CE63B5EECEC2C2_OODLE_AUTODXT_11_6FFF48A54B9432DD4975__B9C3630D3ED3B381534932A010ACA9A0E4CA25BE.udd" 4283
"C:/Users/shashinda adithya/AppData/Local/UnrealEngine/Common/DerivedDataCache/1/7/1/TEXTURE_E01F4250BECD420DA9CE63B5EECEC2C2_OODLE_AUTODXT_11_6FFF48A54B9432DD4975__317C05AEBE70A1C7FBFBB098F15728096AE4D438.udd" 4284
"C:/Users/shashinda adithya/AppData/Local/UnrealEngine/Common/DerivedDataCache/5/2/7/TEXTURE_E01F4250BECD420DA9CE63B5EECEC2C2_OODLE_BC5_11_3727808D4D5CA3636843C0A6__FCA7CE6269CA78A1174D2B0E598B9E4023FB5BFE.udd" 4285
"C:/Users/shashinda adithya/AppData/Local/UnrealEngine/Common/DerivedDataCache/6/6/0/TEXTURE_E01F4250BECD420DA9CE63B5EECEC2C2_OODLE_BC5_11_3727808D4D5CA3636843C0A6__58497E7E25EA560E590557A1D106644BAAAB26BC.udd" 4286
"C:/Users/shashinda adithya/AppData/Local/UnrealEngine/Common/DerivedDataCache/3/2/6/TEXTURE_E01F4250BECD420DA9CE63B5EECEC2C2_OODLE_BC5_11_3727808D4D5CA3636843C0A6__F607462AB0A6DBF2516682D02E402ECB51506FDC.udd" 4287
"C:/Users/shashinda adithya/AppData/Local/UnrealEngine/Common/DerivedDataCache/5/2/4/TEXTURE_E01F4250BECD420DA9CE63B5EECEC2C2_OODLE_BC5_11_3727808D4D5CA3636843C0A6__C441B9C5460573378B48D1CF820674F11B308C6F.udd" 4288
"C:/Users/shashinda adithya/AppData/Local/UnrealEngine/Common/DerivedDataCache/2/6/2/TEXTURE_E01F4250BECD420DA9CE63B5EECEC2C2_OODLE_AUTODXT_11_8CEEE5484945A5A752D6__6F602206017F3AC5128A2E600904D37848473C76.udd" 4289
"C:/Users/shashinda adithya/AppData/Local/UnrealEngine/Common/DerivedDataCache/1/3/5/TEXTURE_E01F4250BECD420DA9CE63B5EECEC2C2_OODLE_AUTODXT_11_8CEEE5484945A5A752D6__697AC6475CCA77BABCC698F25592E0C8A3C38172.udd" 4290
"C:/Users/shashinda adithya/AppData/Local/UnrealEngine/Common/DerivedDataCache/6/7/7/TEXTURE_E01F4250BECD420DA9CE63B5EECEC2C2_OODLE_AUTODXT_11_8CEEE5484945A5A752D6__203F5950293C9572FF5F031800F3CB0C18246513.udd" 4291
"C:/Users/shashinda adithya/AppData/Local/UnrealEngine/Common/DerivedDataCache/6/5/3/TEXTURE_E01F4250BECD420DA9CE63B5EECEC2C2_OODLE_AUTODXT_11_8CEEE5484945A5A752D6__ED1A3EBFD84DA46530D0D313214387A9F91C9EDE.udd" 4292
"C:/Users/shashinda adithya/AppData/Local/UnrealEngine/Common/DerivedDataCache/3/1/3/MATSM_0BA69734E4FD45E082FA4560DBE25454_PCD3D_SM5_8__BC5N_NOCCBN_NOIRIS_DEV_SL___A55FD1CC2DAC587AF318963F090E782EAF988AE6.udd" 4293
"C:/Users/shashinda adithya/AppData/Local/UnrealEngine/Common/DerivedDataCache/0/3/5/TEXTURE_E01F4250BECD420DA9CE63B5EECEC2C2_OODLE_AUTODXT_11_7AD1895546C08BE1C836__B9E7CC8BD175BCC8804BD63060519688C85F2071.udd" 4294
"C:/Users/shashinda adithya/AppData/Local/UnrealEngine/Common/DerivedDataCache/1/2/5/TEXTURE_E01F4250BECD420DA9CE63B5EECEC2C2_OODLE_AUTODXT_11_7AD1895546C08BE1C836__B2BB7AA1F7062BEF2C2022026E1068333D03DAE2.udd" 4295
"C:/Users/shashinda adithya/AppData/Local/UnrealEngine/Common/DerivedDataCache/3/5/1/TEXTURE_E01F4250BECD420DA9CE63B5EECEC2C2_OODLE_AUTODXT_11_7AD1895546C08BE1C836__E8C9F578061281B28A185007A63F507C841F773F.udd" 4296
"C:/Users/shashinda adithya/AppData/Local/UnrealEngine/Common/DerivedDataCache/5/1/1/TEXTURE_E01F4250BECD420DA9CE63B5EECEC2C2_OODLE_AUTODXT_11_7AD1895546C08BE1C836__03F04B7136FC21C3DDCC064B349262AD0778CBB4.udd" 4297
"C:/Users/shashinda adithya/AppData/Local/UnrealEngine/Common/DerivedDataCache/0/0/8/TEXTURE_E01F4250BECD420DA9CE63B5EECEC2C2_OODLE_AUTODXT_11_7AD1895546C08BE1C836__E5FB426C0ECEF68E79FF302160432541C962A1AF.udd" 4298
"C:/Users/shashinda adithya/AppData/Local/UnrealEngine/Common/DerivedDataCache/1/7/2/TEXTURE_E01F4250BECD420DA9CE63B5EECEC2C2_OODLE_AUTODXT_11_7AD1895546C08BE1C836__F711DC7601B317CD5F3DFE0E812DAE46382E7029.udd" 4299
"C:/Users/shashinda adithya/AppData/Local/UnrealEngine/Common/DerivedDataCache/8/3/8/TEXTURE_E01F4250BECD420DA9CE63B5EECEC2C2_OODLE_BC5_11_2875130D45F54FA1D90CFE95__A30DCED1451C6290B0C7343EBD505F2E407ACCA2.udd" 4300
"C:/Users/shashinda adithya/AppData/Local/UnrealEngine/Common/DerivedDataCache/6/9/4/TEXTURE_E01F4250BECD420DA9CE63B5EECEC2C2_OODLE_BC5_11_2875130D45F54FA1D90CFE95__7613C274010D3D9094CDFE16FA67EA5AC9962BC0.udd" 4301
"C:/Users/shashinda adithya/AppData/Local/UnrealEngine/Common/DerivedDataCache/2/6/1/TEXTURE_E01F4250BECD420DA9CE63B5EECEC2C2_OODLE_BC5_11_2875130D45F54FA1D90CFE95__DB94134EA24E2C15C7DEE3876A25EC4AB0EE9B6D.udd" 4302
"C:/Users/shashinda adithya/AppData/Local/UnrealEngine/Common/DerivedDataCache/9/8/4/TEXTURE_E01F4250BECD420DA9CE63B5EECEC2C2_OODLE_BC5_11_2875130D45F54FA1D90CFE95__1C4288E3418C790BB1546B3E7B5E41932C188FD4.udd" 4303
"C:/Users/shashinda adithya/AppData/Local/UnrealEngine/Common/DerivedDataCache/8/6/0/TEXTURE_E01F4250BECD420DA9CE63B5EECEC2C2_OODLE_BC5_11_2875130D45F54FA1D90CFE95__5B189EB1A762AE59434C6D9A33F491B41EBCFC4F.udd" 4304
"C:/Users/shashinda adithya/AppData/Local/UnrealEngine/Common/DerivedDataCache/4/9/2/TEXTURE_E01F4250BECD420DA9CE63B5EECEC2C2_OODLE_BC5_11_2875130D45F54FA1D90CFE95__6E2AA3EF4A61F110602962619ACE7EC5BD74A6B4.udd" 4305
"C:/Users/shashinda adithya/AppData/Local/UnrealEngine/Common/DerivedDataCache/4/5/3/TEXTURE_E01F4250BECD420DA9CE63B5EECEC2C2_OODLE_AUTODXT_11_809B24E84140E6F1F6ED__0F6CB5F17E1C1F872C162B6B8B8CC5D7FC3B763D.udd" 4306
"C:/Users/shashinda adithya/AppData/Local/UnrealEngine/Common/DerivedDataCache/0/4/1/TEXTURE_E01F4250BECD420DA9CE63B5EECEC2C2_OODLE_AUTODXT_11_809B24E84140E6F1F6ED__F5DAD346208E85CFA37A2AEDDE7F8BCA189474E1.udd" 4307
"C:/Users/shashinda adithya/AppData/Local/UnrealEngine/Common/DerivedDataCache/8/3/1/TEXTURE_E01F4250BECD420DA9CE63B5EECEC2C2_OODLE_AUTODXT_11_809B24E84140E6F1F6ED__50550CAD3912578B3C01C9533CCB71979A1EEC9D.udd" 4308
"C:/Users/shashinda adithya/AppData/Local/UnrealEngine/Common/DerivedDataCache/4/8/2/TEXTURE_E01F4250BECD420DA9CE63B5EECEC2C2_OODLE_AUTODXT_11_809B24E84140E6F1F6ED__A7F5CC4E4CEE62248C6D0ED291589E68DAD04162.udd" 4309
"C:/Users/shashinda adithya/AppData/Local/UnrealEngine/Common/DerivedDataCache/2/9/0/TEXTURE_E01F4250BECD420DA9CE63B5EECEC2C2_OODLE_AUTODXT_11_809B24E84140E6F1F6ED__B0D99FD9422E8554CAA6A59EEA22B00CB0F41363.udd" 4310
"C:/Users/shashinda adithya/AppData/Local/UnrealEngine/Common/DerivedDataCache/3/3/4/TEXTURE_E01F4250BECD420DA9CE63B5EECEC2C2_OODLE_AUTODXT_11_809B24E84140E6F1F6ED__8EC5A8C0A65CFEE7CDE5604A7F14FBFB890A5AFF.udd" 4311
"C:/Users/shashinda adithya/AppData/Local/UnrealEngine/Common/DerivedDataCache/6/7/1/TEXTURE_E01F4250BECD420DA9CE63B5EECEC2C2_OODLE_AUTODXT_11_883117E94868A0346B76__ACC8FB953E2501DC491809A812062C587E1462CE.udd" 4312
"C:/Users/shashinda adithya/AppData/Local/UnrealEngine/Common/DerivedDataCache/1/0/1/TEXTURE_E01F4250BECD420DA9CE63B5EECEC2C2_OODLE_AUTODXT_11_883117E94868A0346B76__E9BB4A087818702FFB320B7D5A80EF2EE0A7D033.udd" 4313
"C:/Users/shashinda adithya/AppData/Local/UnrealEngine/Common/DerivedDataCache/3/5/6/TEXTURE_E01F4250BECD420DA9CE63B5EECEC2C2_OODLE_AUTODXT_11_883117E94868A0346B76__988AA9F24938CE98231D93FF2F78FD1B7C23833E.udd" 4314
"C:/Users/shashinda adithya/AppData/Local/UnrealEngine/Common/DerivedDataCache/0/9/2/TEXTURE_E01F4250BECD420DA9CE63B5EECEC2C2_OODLE_AUTODXT_11_883117E94868A0346B76__21ADAE071E815828289EB7390A9A06FDB57B2DCF.udd" 4315
"C:/Users/shashinda adithya/AppData/Local/UnrealEngine/Common/DerivedDataCache/5/8/1/TEXTURE_E01F4250BECD420DA9CE63B5EECEC2C2_OODLE_AUTODXT_11_883117E94868A0346B76__B12176872AEB984513E407193A83505A3E5430B3.udd" 4316
"C:/Users/shashinda adithya/AppData/Local/UnrealEngine/Common/DerivedDataCache/9/6/4/TEXTURE_E01F4250BECD420DA9CE63B5EECEC2C2_OODLE_AUTODXT_11_883117E94868A0346B76__4039CC8D8A137C87D127506785F9B9DA2B2C9AEC.udd" 4317
"C:/Users/shashinda adithya/AppData/Local/UnrealEngine/Common/DerivedDataCache/5/4/1/TEXTURE_E01F4250BECD420DA9CE63B5EECEC2C2_OODLE_BC5_11_D629797F4506C92C91800793__76BF3C3332131A7DC34098731971E90DC257AF41.udd" 4318
"C:/Users/shashinda adithya/AppData/Local/UnrealEngine/Common/DerivedDataCache/8/5/7/TEXTURE_E01F4250BECD420DA9CE63B5EECEC2C2_OODLE_BC5_11_D629797F4506C92C91800793__F10E7825EC86090CFBF7CBF422C52F28C3A4EEE8.udd" 4319
"C:/Users/shashinda adithya/AppData/Local/UnrealEngine/Common/DerivedDataCache/4/1/7/TEXTURE_E01F4250BECD420DA9CE63B5EECEC2C2_OODLE_BC5_11_D629797F4506C92C91800793__5EFC43A2C047A4B56BE1AC2E379A29CF64E7D8BD.udd" 4320
"C:/Users/shashinda adithya/AppData/Local/UnrealEngine/Common/DerivedDataCache/7/1/9/TEXTURE_E01F4250BECD420DA9CE63B5EECEC2C2_OODLE_BC5_11_D629797F4506C92C91800793__BFAC6A5CACD532DFB8FCF4E42D8C63C5AD49928E.udd" 4321
"C:/Users/shashinda adithya/AppData/Local/UnrealEngine/Common/DerivedDataCache/6/2/2/TEXTURE_E01F4250BECD420DA9CE63B5EECEC2C2_OODLE_BC5_11_D629797F4506C92C91800793__F29DEE2804CD859D1A23E463AF4D9AFA841A24A0.udd" 4322
"C:/Users/shashinda adithya/AppData/Local/UnrealEngine/Common/DerivedDataCache/2/7/8/TEXTURE_E01F4250BECD420DA9CE63B5EECEC2C2_OODLE_BC5_11_D629797F4506C92C91800793__036A8D3488A90F4E37EEE7C471976C1025D79765.udd" 4323
"C:/Users/shashinda adithya/AppData/Local/UnrealEngine/Common/DerivedDataCache/1/0/8/TEXTURE_E01F4250BECD420DA9CE63B5EECEC2C2_OODLE_AUTODXT_11_CBE578794B699EFE0D03__F8BF05A58DD5E456B920218C89F00AB09BAE1BFA.udd" 4324
"C:/Users/shashinda adithya/AppData/Local/UnrealEngine/Common/DerivedDataCache/7/3/0/TEXTURE_E01F4250BECD420DA9CE63B5EECEC2C2_OODLE_AUTODXT_11_CBE578794B699EFE0D03__B357C92EC8DAE665F61F86578885C136202984A2.udd" 4325
"C:/Users/shashinda adithya/AppData/Local/UnrealEngine/Common/DerivedDataCache/4/2/6/TEXTURE_E01F4250BECD420DA9CE63B5EECEC2C2_OODLE_AUTODXT_11_CBE578794B699EFE0D03__6BDF6D7437223685C0F5400A1F67EF7B6E6DBEE8.udd" 4326
"C:/Users/shashinda adithya/AppData/Local/UnrealEngine/Common/DerivedDataCache/3/9/7/TEXTURE_E01F4250BECD420DA9CE63B5EECEC2C2_OODLE_AUTODXT_11_CBE578794B699EFE0D03__9146B859C87D61219D516706432F9143E1477A06.udd" 4327
"C:/Users/shashinda adithya/AppData/Local/UnrealEngine/Common/DerivedDataCache/9/7/2/TEXTURE_E01F4250BECD420DA9CE63B5EECEC2C2_OODLE_AUTODXT_11_CBE578794B699EFE0D03__5A1AAAC250ADB0B7F84F6709CD760AD5271AB557.udd" 4328
"C:/Users/shashinda adithya/AppData/Local/UnrealEngine/Common/DerivedDataCache/4/2/6/TEXTURE_E01F4250BECD420DA9CE63B5EECEC2C2_OODLE_AUTODXT_11_CBE578794B699EFE0D03__06C938AA69D902CBBB5A1BDE53C9462F3247E004.udd" 4329
"C:/Users/shashinda adithya/AppData/Local/UnrealEngine/Common/DerivedDataCache/6/3/8/TEXTURE_E01F4250BECD420DA9CE63B5EECEC2C2_OODLE_BC5_11_C8219BDC4C5619634606B793__B40FE95F91BB552AD323C3D56C790C12D1B208C3.udd" 4330
"C:/Users/shashinda adithya/AppData/Local/UnrealEngine/Common/DerivedDataCache/4/1/8/TEXTURE_E01F4250BECD420DA9CE63B5EECEC2C2_OODLE_BC5_11_C8219BDC4C5619634606B793__7B2334047B467682C95C3ED068806261CFA40455.udd" 4331
"C:/Users/shashinda adithya/AppData/Local/UnrealEngine/Common/DerivedDataCache/2/4/6/TEXTURE_E01F4250BECD420DA9CE63B5EECEC2C2_OODLE_BC5_11_C8219BDC4C5619634606B793__2DE5865C6A1258321155A925A92B8C9139C4A9E6.udd" 4332
"C:/Users/shashinda adithya/AppData/Local/UnrealEngine/Common/DerivedDataCache/0/5/6/TEXTURE_E01F4250BECD420DA9CE63B5EECEC2C2_OODLE_BC5_11_C8219BDC4C5619634606B793__54EC1BCE7DC57B8F6EF88A6A5BECE3523AC47BE9.udd" 4333
"C:/Users/shashinda adithya/AppData/Local/UnrealEngine/Common/DerivedDataCache/4/3/2/TEXTURE_E01F4250BECD420DA9CE63B5EECEC2C2_OODLE_BC5_11_C8219BDC4C5619634606B793__83A709F3DB01D99BBEBCEE26E9E6E18EAE65463B.udd" 4334
"C:/Users/shashinda adithya/AppData/Local/UnrealEngine/Common/DerivedDataCache/1/4/8/TEXTURE_E01F4250BECD420DA9CE63B5EECEC2C2_OODLE_BC5_11_C8219BDC4C5619634606B793__8AC3F605BE05C67F75F1963FE8E353D0FD0991E1.udd" 4335
"C:/Users/shashinda adithya/AppData/Local/UnrealEngine/Common/DerivedDataCache/4/9/8/TEXTURE_E01F4250BECD420DA9CE63B5EECEC2C2_OODLE_AUTODXT_11_7238589E46392D8FA717__4B749D2E7A8BE14F63FEADF43CE341885C1BDF55.udd" 4336
"C:/Users/shashinda adithya/AppData/Local/UnrealEngine/Common/DerivedDataCache/4/7/0/TEXTURE_E01F4250BECD420DA9CE63B5EECEC2C2_OODLE_AUTODXT_11_7238589E46392D8FA717__FE8E355FFD55CD6F80BFB3104F220FC15C6A6798.udd" 4337
"C:/Users/shashinda adithya/AppData/Local/UnrealEngine/Common/DerivedDataCache/9/3/1/TEXTURE_E01F4250BECD420DA9CE63B5EECEC2C2_OODLE_AUTODXT_11_7238589E46392D8FA717__CDC028660714ECCECE8AF37CEE7760F5C12F8BED.udd" 4338
"C:/Users/shashinda adithya/AppData/Local/UnrealEngine/Common/DerivedDataCache/1/3/7/TEXTURE_E01F4250BECD420DA9CE63B5EECEC2C2_OODLE_AUTODXT_11_7238589E46392D8FA717__098448F295A0DFFA4AEB65D54695342D1820030C.udd" 4339
"C:/Users/shashinda adithya/AppData/Local/UnrealEngine/Common/DerivedDataCache/4/8/3/TEXTURE_E01F4250BECD420DA9CE63B5EECEC2C2_OODLE_AUTODXT_11_7238589E46392D8FA717__5671A9052AD43194B53ACD4A0C3EECD500DB2E02.udd" 4340
"C:/Users/shashinda adithya/AppData/Local/UnrealEngine/Common/DerivedDataCache/5/1/8/TEXTURE_E01F4250BECD420DA9CE63B5EECEC2C2_OODLE_AUTODXT_11_7238589E46392D8FA717__3DCFBBF7A4EF0E79BC963845165DD019EFD2F605.udd" 4341
"C:/Users/shashinda adithya/AppData/Local/UnrealEngine/Common/DerivedDataCache/1/6/4/TEXTURE_E01F4250BECD420DA9CE63B5EECEC2C2_OODLE_AUTODXT_11_E79D49AE4E4033BEA8DE__6BB255A804C2E177736C188894EA3C90F021718D.udd" 4342
"C:/Users/shashinda adithya/AppData/Local/UnrealEngine/Common/DerivedDataCache/0/8/1/TEXTURE_E01F4250BECD420DA9CE63B5EECEC2C2_OODLE_AUTODXT_11_0214C01B426DAC9BE524__65A9B05367E9EC9E59E7F13B67B76665C572A210.udd" 4343
"C:/Users/shashinda adithya/AppData/Local/UnrealEngine/Common/DerivedDataCache/1/0/4/TEXTURE_E01F4250BECD420DA9CE63B5EECEC2C2_OODLE_AUTODXT_11_E79D49AE4E4033BEA8DE__DA5553AE706FB3C6598DC10525F624489948DB2F.udd" 4344
"C:/Users/shashinda adithya/AppData/Local/UnrealEngine/Common/DerivedDataCache/7/3/5/TEXTURE_E01F4250BECD420DA9CE63B5EECEC2C2_OODLE_AUTODXT_11_E79D49AE4E4033BEA8DE__D5099A4CFE723DE9BE1DA3457531D1F0CBF5AA2C.udd" 4345
"C:/Users/shashinda adithya/AppData/Local/UnrealEngine/Common/DerivedDataCache/2/5/9/TEXTURE_E01F4250BECD420DA9CE63B5EECEC2C2_OODLE_BC5_11_D5B3699F4D4F3E76CE8217BA__92CBB8A41A2A67B518181724EF411DFD33C66237.udd" 4346
"C:/Users/shashinda adithya/AppData/Local/UnrealEngine/Common/DerivedDataCache/5/2/0/TEXTURE_E01F4250BECD420DA9CE63B5EECEC2C2_OODLE_AUTODXT_11_0214C01B426DAC9BE524__540E4C061419C2BB49AE538D304BAEA601EE5ECA.udd" 4347
"C:/Users/shashinda adithya/AppData/Local/UnrealEngine/Common/DerivedDataCache/8/8/0/TEXTURE_E01F4250BECD420DA9CE63B5EECEC2C2_OODLE_BC5_11_D5B3699F4D4F3E76CE8217BA__6362A9F1AC3091AD3159EF565F2A47CA3992967B.udd" 4348
"C:/Users/shashinda adithya/AppData/Local/UnrealEngine/Common/DerivedDataCache/9/6/5/TEXTURE_E01F4250BECD420DA9CE63B5EECEC2C2_OODLE_AUTODXT_11_E79D49AE4E4033BEA8DE__AD7467E15992110923153DE1F8CA8F841F09BCA7.udd" 4349
"C:/Users/shashinda adithya/AppData/Local/UnrealEngine/Common/DerivedDataCache/1/7/5/TEXTURE_E01F4250BECD420DA9CE63B5EECEC2C2_OODLE_AUTODXT_11_0214C01B426DAC9BE524__0CBDCE8794C2F334E9FB18252E06492926953C31.udd" 4350
"C:/Users/shashinda adithya/AppData/Local/UnrealEngine/Common/DerivedDataCache/6/0/8/TEXTURE_E01F4250BECD420DA9CE63B5EECEC2C2_OODLE_AUTODXT_11_0214C01B426DAC9BE524__748529F2984DFCBC11CAFEDDF3438A6F93756A6A.udd" 4351
"C:/Users/shashinda adithya/AppData/Local/UnrealEngine/Common/DerivedDataCache/4/2/7/TEXTURE_E01F4250BECD420DA9CE63B5EECEC2C2_OODLE_AUTODXT_11_0214C01B426DAC9BE524__E5AB1905B00D04A9F23C240E42A2F3A4D5EAEDEC.udd" 4352
"C:/Users/shashinda adithya/AppData/Local/UnrealEngine/Common/DerivedDataCache/0/3/3/TEXTURE_E01F4250BECD420DA9CE63B5EECEC2C2_OODLE_AUTODXT_11_0214C01B426DAC9BE524__0E4030A51A57017C79A02AC88B3AF25D2F2CC1FF.udd" 4353
"C:/Users/shashinda adithya/AppData/Local/UnrealEngine/Common/DerivedDataCache/2/8/1/TEXTURE_E01F4250BECD420DA9CE63B5EECEC2C2_OODLE_BC5_11_D5B3699F4D4F3E76CE8217BA__98384CA05EBF6D47586EAC129FBE3511E890CFFB.udd" 4354
"C:/Users/shashinda adithya/AppData/Local/UnrealEngine/Common/DerivedDataCache/1/6/1/TEXTURE_E01F4250BECD420DA9CE63B5EECEC2C2_OODLE_BC5_11_D5B3699F4D4F3E76CE8217BA__131C3709000A3D78507E150547F212B15685F08F.udd" 4355
"C:/Users/shashinda adithya/AppData/Local/UnrealEngine/Common/DerivedDataCache/8/8/3/TEXTURE_E01F4250BECD420DA9CE63B5EECEC2C2_OODLE_BC5_11_D5B3699F4D4F3E76CE8217BA__63C14E011BD7C4C352F2676F71EDC0FF56E13C5B.udd" 4356
"C:/Users/shashinda adithya/AppData/Local/UnrealEngine/Common/DerivedDataCache/7/2/1/TEXTURE_E01F4250BECD420DA9CE63B5EECEC2C2_OODLE_BC5_11_D5B3699F4D4F3E76CE8217BA__DF775DE94A35D06BE814B998741847B264F12A75.udd" 4357
"C:/Users/shashinda adithya/AppData/Local/UnrealEngine/Common/DerivedDataCache/9/1/6/TEXTURE_E01F4250BECD420DA9CE63B5EECEC2C2_OODLE_AUTODXT_11_E79D49AE4E4033BEA8DE__832E673F700CC09379D4F566843676ED30FE9473.udd" 4358
"C:/Users/shashinda adithya/AppData/Local/UnrealEngine/Common/DerivedDataCache/7/5/1/TEXTURE_E01F4250BECD420DA9CE63B5EECEC2C2_OODLE_AUTODXT_11_E79D49AE4E4033BEA8DE__AF256F4FDAEBC8B730ABFA060272A10645DAF31B.udd" 4359
"C:/Users/shashinda adithya/AppData/Local/UnrealEngine/Common/DerivedDataCache/6/4/6/TEXTURE_E01F4250BECD420DA9CE63B5EECEC2C2_OODLE_AUTODXT_11_0D831DB840715F1DCB3E__7E922744700AC79ABAC292518AB38D19F59A6E00.udd" 4360
"C:/Users/shashinda adithya/AppData/Local/UnrealEngine/Common/DerivedDataCache/7/4/0/TEXTURE_E01F4250BECD420DA9CE63B5EECEC2C2_OODLE_AUTODXT_11_0D831DB840715F1DCB3E__9144AB1C7083F7C671B21D0A2FE0307AC692DFD3.udd" 4361
"C:/Users/shashinda adithya/AppData/Local/UnrealEngine/Common/DerivedDataCache/4/4/2/TEXTURE_E01F4250BECD420DA9CE63B5EECEC2C2_OODLE_AUTODXT_11_0D831DB840715F1DCB3E__2D7D5A00C6CF08A5DE49DAFF307A23FF29093CFA.udd" 4362
"C:/Users/shashinda adithya/AppData/Local/UnrealEngine/Common/DerivedDataCache/6/7/6/TEXTURE_E01F4250BECD420DA9CE63B5EECEC2C2_OODLE_AUTODXT_11_0D831DB840715F1DCB3E__C27E864E2DFB6CC16A298A0C636FE790C4F74C5A.udd" 4363
"C:/Users/shashinda adithya/AppData/Local/UnrealEngine/Common/DerivedDataCache/2/9/0/TEXTURE_E01F4250BECD420DA9CE63B5EECEC2C2_OODLE_AUTODXT_11_0D831DB840715F1DCB3E__AAE50312109D2353744A30C1D146F100D4A86959.udd" 4364
"C:/Users/shashinda adithya/AppData/Local/UnrealEngine/Common/DerivedDataCache/3/7/7/TEXTURE_E01F4250BECD420DA9CE63B5EECEC2C2_OODLE_AUTODXT_11_0D831DB840715F1DCB3E__5823FFAC0DAD848D747D64AF52DD9E78F76ED857.udd" 4365
"C:/Users/shashinda adithya/AppData/Local/UnrealEngine/Common/DerivedDataCache/0/0/6/TEXTURE_E01F4250BECD420DA9CE63B5EECEC2C2_OODLE_AUTODXT_11_B44FFEF640EAD7827182__6F65830596B7F84481DD135807A438F62465D69A.udd" 4366
"C:/Users/shashinda adithya/AppData/Local/UnrealEngine/Common/DerivedDataCache/7/8/7/TEXTURE_E01F4250BECD420DA9CE63B5EECEC2C2_OODLE_AUTODXT_11_B44FFEF640EAD7827182__3D54CE36A195B7B739A7459D159B755B741B2F8E.udd" 4367
"C:/Users/shashinda adithya/AppData/Local/UnrealEngine/Common/DerivedDataCache/5/8/8/TEXTURE_E01F4250BECD420DA9CE63B5EECEC2C2_OODLE_AUTODXT_11_B44FFEF640EAD7827182__948F3D0C9E340839FDB873E52FA6CE8FFF8F9486.udd" 4368
"C:/Users/shashinda adithya/AppData/Local/UnrealEngine/Common/DerivedDataCache/0/1/6/TEXTURE_E01F4250BECD420DA9CE63B5EECEC2C2_OODLE_AUTODXT_11_B44FFEF640EAD7827182__11D518A4D50BD711CFC73310D64297FF8AD7E6CE.udd" 4369
"C:/Users/shashinda adithya/AppData/Local/UnrealEngine/Common/DerivedDataCache/3/5/8/TEXTURE_E01F4250BECD420DA9CE63B5EECEC2C2_OODLE_AUTODXT_11_B44FFEF640EAD7827182__CEA3BFF4FC63B118CF8F80DC6E507CFA9C94ED70.udd" 4370
"C:/Users/shashinda adithya/AppData/Local/UnrealEngine/Common/DerivedDataCache/5/0/3/TEXTURE_E01F4250BECD420DA9CE63B5EECEC2C2_OODLE_AUTODXT_11_B44FFEF640EAD7827182__3529328DAEEE2141C6C5BFF870A33E806399DB5D.udd" 4371
"C:/Users/shashinda adithya/AppData/Local/UnrealEngine/Common/DerivedDataCache/2/8/8/TEXTURE_E01F4250BECD420DA9CE63B5EECEC2C2_OODLE_AUTODXT_11_7ED258404B955E6FE720__66425B05C8DAC20B1BA2D77FDDFDA71824B64626.udd" 4372
"C:/Users/shashinda adithya/AppData/Local/UnrealEngine/Common/DerivedDataCache/7/9/5/TEXTURE_E01F4250BECD420DA9CE63B5EECEC2C2_OODLE_AUTODXT_11_7ED258404B955E6FE720__8D375AEEB707B14CE6A55B21D1C87DCDE1FDC992.udd" 4373
"C:/Users/shashinda adithya/AppData/Local/UnrealEngine/Common/DerivedDataCache/5/5/0/TEXTURE_E01F4250BECD420DA9CE63B5EECEC2C2_OODLE_AUTODXT_11_7ED258404B955E6FE720__08088792F5F93A2AE9C910374FDA5A866EA0123C.udd" 4374
"C:/Users/shashinda adithya/AppData/Local/UnrealEngine/Common/DerivedDataCache/5/7/2/TEXTURE_E01F4250BECD420DA9CE63B5EECEC2C2_OODLE_AUTODXT_11_7ED258404B955E6FE720__644269345C321E2018E9AE58C0110D684AF11C35.udd" 4375
"C:/Users/shashinda adithya/AppData/Local/UnrealEngine/Common/DerivedDataCache/9/7/9/TEXTURE_E01F4250BECD420DA9CE63B5EECEC2C2_OODLE_AUTODXT_11_7ED258404B955E6FE720__86E1BC36E26DD546EB35906116A81ABEB31C46DA.udd" 4376
"C:/Users/shashinda adithya/AppData/Local/UnrealEngine/Common/DerivedDataCache/1/1/1/TEXTURE_E01F4250BECD420DA9CE63B5EECEC2C2_OODLE_AUTODXT_11_7ED258404B955E6FE720__E4EBB58EE830CF50958E011F1DA82FE404DFB58A.udd" 4377
"C:/Users/shashinda adithya/AppData/Local/UnrealEngine/Common/DerivedDataCache/3/1/6/TEXTURE_E01F4250BECD420DA9CE63B5EECEC2C2_OODLE_AUTODXT_11_A436417C4B7E258DB243__082E10AC2EB7F22417CE375A56ACF4DF2E5C1BC6.udd" 4378
"C:/Users/shashinda adithya/AppData/Local/UnrealEngine/Common/DerivedDataCache/6/9/4/TEXTURE_E01F4250BECD420DA9CE63B5EECEC2C2_OODLE_AUTODXT_11_3234781D4258DF304146__D1C2CF25021A9D9AC6CCAE27F27132466F2854B9.udd" 4379
"C:/Users/shashinda adithya/AppData/Local/UnrealEngine/Common/DerivedDataCache/6/7/0/TEXTURE_E01F4250BECD420DA9CE63B5EECEC2C2_OODLE_AUTODXT_11_A436417C4B7E258DB243__BDC841B36217C267FFDE40B97D9C7A82B168DF26.udd" 4380
"C:/Users/shashinda adithya/AppData/Local/UnrealEngine/Common/DerivedDataCache/3/4/9/TEXTURE_E01F4250BECD420DA9CE63B5EECEC2C2_OODLE_BC5_11_D4785E2045A91368325A3B8C__BD16B433EBCBB5911D916701E7C4A6A7047FA1C1.udd" 4381
"C:/Users/shashinda adithya/AppData/Local/UnrealEngine/Common/DerivedDataCache/8/3/4/TEXTURE_E01F4250BECD420DA9CE63B5EECEC2C2_OODLE_AUTODXT_11_A436417C4B7E258DB243__6F120B380141CFAC9AB3E54B0FE85477C1793714.udd" 4382
"C:/Users/shashinda adithya/AppData/Local/UnrealEngine/Common/DerivedDataCache/2/9/1/TEXTURE_E01F4250BECD420DA9CE63B5EECEC2C2_OODLE_AUTODXT_11_9982F1F8471D34D92DDB__5C5F7DA0D3FE3E3254840A750515628D0DA80FDF.udd" 4383
"C:/Users/shashinda adithya/AppData/Local/UnrealEngine/Common/DerivedDataCache/1/1/3/MATSM_0BA69734E4FD45E082FA4560DBE25454_PCD3D_SM5_8__BC5N_NOCCBN_NOIRIS_DEV_SL___303C98AE8ADFD2C1D1FB17319946CF7AA96D2056.udd" 4384
"C:/Users/shashinda adithya/AppData/Local/UnrealEngine/Common/DerivedDataCache/5/2/2/TEXTURE_E01F4250BECD420DA9CE63B5EECEC2C2_OODLE_AUTODXT_11_60EBB66F41F0277EF0E2__8D86194836A64A439DFDB3C0399D022FD359973D.udd" 4385
"C:/Users/shashinda adithya/AppData/Local/UnrealEngine/Common/DerivedDataCache/0/3/1/TEXTURE_E01F4250BECD420DA9CE63B5EECEC2C2_OODLE_AUTODXT_11_60EBB66F41F0277EF0E2__182C448A93FE82E14070A426D93DDF9AF5A9AF4E.udd" 4386
"C:/Users/shashinda adithya/AppData/Local/UnrealEngine/Common/DerivedDataCache/1/7/1/TEXTURE_E01F4250BECD420DA9CE63B5EECEC2C2_OODLE_AUTODXT_11_60EBB66F41F0277EF0E2__1FF91A5ECE0115D79985638CC2C981A17D9406B8.udd" 4387
"C:/Users/shashinda adithya/AppData/Local/UnrealEngine/Common/DerivedDataCache/2/9/2/TEXTURE_E01F4250BECD420DA9CE63B5EECEC2C2_OODLE_AUTODXT_11_60EBB66F41F0277EF0E2__AFF6FEF91FF3847CAFB30060F22D83BDF91EDB89.udd" 4388
"C:/Users/shashinda adithya/AppData/Local/UnrealEngine/Common/DerivedDataCache/5/3/5/TEXTURE_E01F4250BECD420DA9CE63B5EECEC2C2_OODLE_AUTODXT_11_60EBB66F41F0277EF0E2__933DB08532135B39ACE7BFF67116C3501DD93EB0.udd" 4389
"C:/Users/shashinda adithya/AppData/Local/UnrealEngine/Common/DerivedDataCache/6/0/9/TEXTURE_E01F4250BECD420DA9CE63B5EECEC2C2_OODLE_AUTODXT_11_60EBB66F41F0277EF0E2__F98807CD0D93B361F094F632D3AAC631FCD0590B.udd" 4390
"C:/Users/shashinda adithya/AppData/Local/UnrealEngine/Common/DerivedDataCache/5/2/6/TEXTURE_E01F4250BECD420DA9CE63B5EECEC2C2_OODLE_BC5_11_3A70194F403ACF2AB95EAEB1__F8F27E6A9B59474010E68373977E45979A7ED4CC.udd" 4391
"C:/Users/shashinda adithya/AppData/Local/UnrealEngine/Common/DerivedDataCache/2/1/9/TEXTURE_E01F4250BECD420DA9CE63B5EECEC2C2_OODLE_BC5_11_3A70194F403ACF2AB95EAEB1__1E5D01E3F345C2B0D16FBD5CD1559A68212C53A0.udd" 4392
"C:/Users/shashinda adithya/AppData/Local/UnrealEngine/Common/DerivedDataCache/9/2/1/TEXTURE_E01F4250BECD420DA9CE63B5EECEC2C2_OODLE_BC5_11_3A70194F403ACF2AB95EAEB1__52567847ED44674D533ACED26DB120B7B1726CD5.udd" 4393
"C:/Users/shashinda adithya/AppData/Local/UnrealEngine/Common/DerivedDataCache/1/4/0/TEXTURE_E01F4250BECD420DA9CE63B5EECEC2C2_OODLE_BC5_11_3A70194F403ACF2AB95EAEB1__7F0A627944EDE587EEFF3B704AA4D98B6438839A.udd" 4394
"C:/Users/shashinda adithya/AppData/Local/UnrealEngine/Common/DerivedDataCache/6/9/6/TEXTURE_E01F4250BECD420DA9CE63B5EECEC2C2_OODLE_BC5_11_3A70194F403ACF2AB95EAEB1__3733F9BA83B14FC6926315D5EE1D541A44DECE89.udd" 4395
"C:/Users/shashinda adithya/AppData/Local/UnrealEngine/Common/DerivedDataCache/4/2/0/TEXTURE_E01F4250BECD420DA9CE63B5EECEC2C2_OODLE_BC5_11_3A70194F403ACF2AB95EAEB1__CE3CE6F29BF7CA3C2EE4EB736802CD2312C984C5.udd" 4396
"C:/Users/shashinda adithya/AppData/Local/UnrealEngine/Common/DerivedDataCache/9/6/5/TEXTURE_E01F4250BECD420DA9CE63B5EECEC2C2_OODLE_AUTODXT_11_F6E897F344DEB62AC766__93B2C2F2109BD8D999E146D2C24C692D8CEF5BF1.udd" 4397
"C:/Users/shashinda adithya/AppData/Local/UnrealEngine/Common/DerivedDataCache/3/0/4/TEXTURE_E01F4250BECD420DA9CE63B5EECEC2C2_OODLE_AUTODXT_11_F6E897F344DEB62AC766__D05C4E7E83C5577A24BFD620B34DC82EB9A86F97.udd" 4398
"C:/Users/shashinda adithya/AppData/Local/UnrealEngine/Common/DerivedDataCache/3/5/6/TEXTURE_E01F4250BECD420DA9CE63B5EECEC2C2_OODLE_AUTODXT_11_F6E897F344DEB62AC766__52F87F564538B6FE702A7735EDF1BA84DB882365.udd" 4399
"C:/Users/shashinda adithya/AppData/Local/UnrealEngine/Common/DerivedDataCache/4/0/3/TEXTURE_E01F4250BECD420DA9CE63B5EECEC2C2_OODLE_AUTODXT_11_F6E897F344DEB62AC766__352070E0EDE822B40070BAC0C5B97716B29E1F60.udd" 4400
"C:/Users/shashinda adithya/AppData/Local/UnrealEngine/Common/DerivedDataCache/1/6/8/TEXTURE_E01F4250BECD420DA9CE63B5EECEC2C2_OODLE_AUTODXT_11_F6E897F344DEB62AC766__73C03C74C4694526278C7EF2AFD7C289B8265ED9.udd" 4401
"C:/Users/shashinda adithya/AppData/Local/UnrealEngine/Common/DerivedDataCache/1/9/5/TEXTURE_E01F4250BECD420DA9CE63B5EECEC2C2_OODLE_AUTODXT_11_F6E897F344DEB62AC766__67A8648669185F6243A267051CDC7A918C3E6A23.udd" 4402
"C:/Users/shashinda adithya/AppData/Local/UnrealEngine/Common/DerivedDataCache/3/1/3/TEXTURE_E01F4250BECD420DA9CE63B5EECEC2C2_OODLE_BC5_11_3EC9B8A148FDC6EEE05673A2__8F8770F62A1DC7FC38D8CEE617F978EB2F879149.udd" 4403
"C:/Users/shashinda adithya/AppData/Local/UnrealEngine/Common/DerivedDataCache/9/6/9/TEXTURE_E01F4250BECD420DA9CE63B5EECEC2C2_OODLE_BC5_11_3EC9B8A148FDC6EEE05673A2__659D9C4639DF28E905556B72DF262FC8DDE46BD2.udd" 4404
"C:/Users/shashinda adithya/AppData/Local/UnrealEngine/Common/DerivedDataCache/8/8/2/TEXTURE_E01F4250BECD420DA9CE63B5EECEC2C2_OODLE_BC5_11_3EC9B8A148FDC6EEE05673A2__8FAEA2CEC23388AA89289A04E5C5AC9E88D1B626.udd" 4405
"C:/Users/shashinda adithya/AppData/Local/UnrealEngine/Common/DerivedDataCache/9/9/3/TEXTURE_E01F4250BECD420DA9CE63B5EECEC2C2_OODLE_BC5_11_3EC9B8A148FDC6EEE05673A2__68EA3C16D04F05887B4454B3CCF1020A080A1620.udd" 4406
"C:/Users/shashinda adithya/AppData/Local/UnrealEngine/Common/DerivedDataCache/5/5/8/TEXTURE_E01F4250BECD420DA9CE63B5EECEC2C2_OODLE_BC5_11_3EC9B8A148FDC6EEE05673A2__9B1F0B793CB94E5379298800D6F21CAE3D59DA14.udd" 4407
"C:/Users/shashinda adithya/AppData/Local/UnrealEngine/Common/DerivedDataCache/6/0/6/TEXTURE_E01F4250BECD420DA9CE63B5EECEC2C2_OODLE_BC5_11_3EC9B8A148FDC6EEE05673A2__B2F1784749937F8811DFD3CBE55F06E86DBED5CE.udd" 4408
"C:/Users/shashinda adithya/AppData/Local/UnrealEngine/Common/DerivedDataCache/0/0/0/TEXTURE_E01F4250BECD420DA9CE63B5EECEC2C2_OODLE_AUTODXT_11_25656E014278C6014B6B__FE1994D5D678FB6777B2348F218BE4BDCAA6270A.udd" 4409
"C:/Users/shashinda adithya/AppData/Local/UnrealEngine/Common/DerivedDataCache/2/4/4/TEXTURE_E01F4250BECD420DA9CE63B5EECEC2C2_OODLE_AUTODXT_11_25656E014278C6014B6B__1D75DA87644A625E5DC3961B44F20054E2754BA9.udd" 4410
"C:/Users/shashinda adithya/AppData/Local/UnrealEngine/Common/DerivedDataCache/9/8/9/TEXTURE_E01F4250BECD420DA9CE63B5EECEC2C2_OODLE_AUTODXT_11_25656E014278C6014B6B__129C64A2CA174A6FA9BE8D7283C6E658BBB57B31.udd" 4411
"C:/Users/shashinda adithya/AppData/Local/UnrealEngine/Common/DerivedDataCache/2/8/5/TEXTURE_E01F4250BECD420DA9CE63B5EECEC2C2_OODLE_AUTODXT_11_25656E014278C6014B6B__06CD3855CDBD3C722ABC4CB06DE87BAD6D61694D.udd" 4412
"C:/Users/shashinda adithya/AppData/Local/UnrealEngine/Common/DerivedDataCache/9/6/1/TEXTURE_E01F4250BECD420DA9CE63B5EECEC2C2_OODLE_AUTODXT_11_25656E014278C6014B6B__E8FBE175AA473A521F9D4BAB08918EA952DA9AFF.udd" 4413
"C:/Users/shashinda adithya/AppData/Local/UnrealEngine/Common/DerivedDataCache/6/9/5/TEXTURE_E01F4250BECD420DA9CE63B5EECEC2C2_OODLE_AUTODXT_11_25656E014278C6014B6B__B2D4C8A12DE897140B053AD9D177E2F715157136.udd" 4414
"C:/Users/shashinda adithya/AppData/Local/UnrealEngine/Common/DerivedDataCache/4/8/6/TEXTURE_E01F4250BECD420DA9CE63B5EECEC2C2_OODLE_AUTODXT_11_DEF17A6746BD7DCFC302__B4129905140D3E1A9513703C810FABDDBA434AC0.udd" 4415
"C:/Users/shashinda adithya/AppData/Local/UnrealEngine/Common/DerivedDataCache/4/9/7/TEXTURE_E01F4250BECD420DA9CE63B5EECEC2C2_OODLE_AUTODXT_11_DEF17A6746BD7DCFC302__FE14FFC1D50A1F5B63A433F18DB49D85B846448D.udd" 4416
"C:/Users/shashinda adithya/AppData/Local/UnrealEngine/Common/DerivedDataCache/0/3/6/TEXTURE_E01F4250BECD420DA9CE63B5EECEC2C2_OODLE_AUTODXT_11_DEF17A6746BD7DCFC302__97B1B5518BDE4D9FD98C4F1D85BFFB13414DBD84.udd" 4417
"C:/Users/shashinda adithya/AppData/Local/UnrealEngine/Common/DerivedDataCache/1/0/6/TEXTURE_E01F4250BECD420DA9CE63B5EECEC2C2_OODLE_AUTODXT_11_DEF17A6746BD7DCFC302__D623AB574B1B8C82CDEE9E6D846574B7EF278901.udd" 4418
"C:/Users/shashinda adithya/AppData/Local/UnrealEngine/Common/DerivedDataCache/6/5/8/TEXTURE_E01F4250BECD420DA9CE63B5EECEC2C2_OODLE_AUTODXT_11_DEF17A6746BD7DCFC302__0A56C3AFB6D03BE42FA9789632F3CDF26BAAACC3.udd" 4419
"C:/Users/shashinda adithya/AppData/Local/UnrealEngine/Common/DerivedDataCache/3/0/9/TEXTURE_E01F4250BECD420DA9CE63B5EECEC2C2_OODLE_AUTODXT_11_DEF17A6746BD7DCFC302__6CA8DFD8B060EDA45DBAF72BAB8087C25EB412F7.udd" 4420
"C:/Users/shashinda adithya/AppData/Local/UnrealEngine/Common/DerivedDataCache/1/2/3/TEXTURE_E01F4250BECD420DA9CE63B5EECEC2C2_OODLE_BC5_11_A90FEE6542D68CAA46FA369F__7EC0E02401FA7CEE9E354C59B4235368961CA5EA.udd" 4421
"C:/Users/shashinda adithya/AppData/Local/UnrealEngine/Common/DerivedDataCache/3/4/9/TEXTURE_E01F4250BECD420DA9CE63B5EECEC2C2_OODLE_BC5_11_A90FEE6542D68CAA46FA369F__6B9ABA3428D78F5F9A6EB1EDE2BFD99EBD34CB0C.udd" 4422
"C:/Users/shashinda adithya/AppData/Local/UnrealEngine/Common/DerivedDataCache/9/4/6/TEXTURE_E01F4250BECD420DA9CE63B5EECEC2C2_OODLE_BC5_11_A90FEE6542D68CAA46FA369F__D5035DD5C3FD6549620FC53BCFAB9064485B958F.udd" 4423
"C:/Users/shashinda adithya/AppData/Local/UnrealEngine/Common/DerivedDataCache/1/5/9/TEXTURE_E01F4250BECD420DA9CE63B5EECEC2C2_OODLE_BC5_11_A90FEE6542D68CAA46FA369F__6EADBAD11F3AF2A5BE95F5F24D2CFBFF055DE627.udd" 4424
"C:/Users/shashinda adithya/AppData/Local/UnrealEngine/Common/DerivedDataCache/6/5/4/TEXTURE_E01F4250BECD420DA9CE63B5EECEC2C2_OODLE_BC5_11_A90FEE6542D68CAA46FA369F__B0CC0DDA85F53297783A8FD0358AA9E734548A54.udd" 4425
"C:/Users/shashinda adithya/AppData/Local/UnrealEngine/Common/DerivedDataCache/4/1/7/TEXTURE_E01F4250BECD420DA9CE63B5EECEC2C2_OODLE_BC5_11_A90FEE6542D68CAA46FA369F__09DE211EFD6130502AE978B4F77C32BE3FD8B835.udd" 4426
"C:/Users/shashinda adithya/AppData/Local/UnrealEngine/Common/DerivedDataCache/5/6/2/TEXTURE_E01F4250BECD420DA9CE63B5EECEC2C2_OODLE_AUTODXT_11_3842ABFB4AD2D12AEB31__77A8E301767496F81554CD5EF4A723FF7CA1D2F0.udd" 4427
"C:/Users/shashinda adithya/AppData/Local/UnrealEngine/Common/DerivedDataCache/4/0/2/TEXTURE_E01F4250BECD420DA9CE63B5EECEC2C2_OODLE_AUTODXT_11_3842ABFB4AD2D12AEB31__3242EF217D363B68801B3DD6AE186D286B6A3C49.udd" 4428
"C:/Users/shashinda adithya/AppData/Local/UnrealEngine/Common/DerivedDataCache/6/3/1/TEXTURE_E01F4250BECD420DA9CE63B5EECEC2C2_OODLE_AUTODXT_11_3842ABFB4AD2D12AEB31__13672F234151C40D96C91CB6DB2E7E31E6310A17.udd" 4429
"C:/Users/shashinda adithya/AppData/Local/UnrealEngine/Common/DerivedDataCache/4/2/9/TEXTURE_E01F4250BECD420DA9CE63B5EECEC2C2_OODLE_AUTODXT_11_3842ABFB4AD2D12AEB31__B65C4B84CE48B414F0908D4D1349FB798A3322AD.udd" 4430
"C:/Users/shashinda adithya/AppData/Local/UnrealEngine/Common/DerivedDataCache/3/7/3/TEXTURE_E01F4250BECD420DA9CE63B5EECEC2C2_OODLE_AUTODXT_11_3842ABFB4AD2D12AEB31__2F6D7EBB5F66EAC586C9EC52170410A2F659AF1D.udd" 4431
"C:/Users/shashinda adithya/AppData/Local/UnrealEngine/Common/DerivedDataCache/4/0/6/TEXTURE_E01F4250BECD420DA9CE63B5EECEC2C2_OODLE_AUTODXT_11_3842ABFB4AD2D12AEB31__91284A15C80FB1172A518183E707F278037C505A.udd" 4432
"C:/Users/shashinda adithya/AppData/Local/UnrealEngine/Common/DerivedDataCache/9/7/2/TEXTURE_E01F4250BECD420DA9CE63B5EECEC2C2_OODLE_AUTODXT_11_7A9E9D624B3025B7C696__0AFFEFD284DB6104CEDA2349B12D82BAE3A21122.udd" 4433
"C:/Users/shashinda adithya/AppData/Local/UnrealEngine/Common/DerivedDataCache/1/4/9/TEXTURE_E01F4250BECD420DA9CE63B5EECEC2C2_OODLE_AUTODXT_11_7A9E9D624B3025B7C696__063C4962A0BC1747EBB4A26D6A1838F2C58708C5.udd" 4434
"C:/Users/shashinda adithya/AppData/Local/UnrealEngine/Common/DerivedDataCache/8/0/1/TEXTURE_E01F4250BECD420DA9CE63B5EECEC2C2_OODLE_AUTODXT_11_7A9E9D624B3025B7C696__6C85AA5111919CAAB37149666C3D1689CA9EAB96.udd" 4435
"C:/Users/shashinda adithya/AppData/Local/UnrealEngine/Common/DerivedDataCache/6/4/5/TEXTURE_E01F4250BECD420DA9CE63B5EECEC2C2_OODLE_AUTODXT_11_7A9E9D624B3025B7C696__ECBB481AE4200C5693618D4ED581155863398173.udd" 4436
"C:/Users/shashinda adithya/AppData/Local/UnrealEngine/Common/DerivedDataCache/7/5/0/TEXTURE_E01F4250BECD420DA9CE63B5EECEC2C2_OODLE_AUTODXT_11_7A9E9D624B3025B7C696__1801593AF423BFCB47A526AF177C526137E17CBC.udd" 4437
"C:/Users/shashinda adithya/AppData/Local/UnrealEngine/Common/DerivedDataCache/0/7/8/TEXTURE_E01F4250BECD420DA9CE63B5EECEC2C2_OODLE_AUTODXT_11_7A9E9D624B3025B7C696__6C0499EEAADCADC9268FE744D0BF3046A0B2E43C.udd" 4438
"C:/Users/shashinda adithya/AppData/Local/UnrealEngine/Common/DerivedDataCache/9/2/2/TEXTURE_E01F4250BECD420DA9CE63B5EECEC2C2_OODLE_BC5_11_CB15CC7F456F8FB879A458AB__411D1D81241E7467C3AE18A13E0BAA566FF39796.udd" 4439
"C:/Users/shashinda adithya/AppData/Local/UnrealEngine/Common/DerivedDataCache/6/7/7/TEXTURE_E01F4250BECD420DA9CE63B5EECEC2C2_OODLE_BC5_11_CB15CC7F456F8FB879A458AB__963E3B710EDEE5749AE34DD48A5DAE775D614BB7.udd" 4440
"C:/Users/shashinda adithya/AppData/Local/UnrealEngine/Common/DerivedDataCache/4/0/7/TEXTURE_E01F4250BECD420DA9CE63B5EECEC2C2_OODLE_BC5_11_CB15CC7F456F8FB879A458AB__19F50245329BEF192FDFE706F3A361FC67C29CD4.udd" 4441
"C:/Users/shashinda adithya/AppData/Local/UnrealEngine/Common/DerivedDataCache/2/2/6/TEXTURE_E01F4250BECD420DA9CE63B5EECEC2C2_OODLE_BC5_11_CB15CC7F456F8FB879A458AB__8E3A869D6D324C744420A3864DC16FA17BF57789.udd" 4442
"C:/Users/shashinda adithya/AppData/Local/UnrealEngine/Common/DerivedDataCache/5/0/4/TEXTURE_E01F4250BECD420DA9CE63B5EECEC2C2_OODLE_BC5_11_CB15CC7F456F8FB879A458AB__1E198253882B86C28E18F702CBE96422D31D9E9A.udd" 4443
"C:/Users/shashinda adithya/AppData/Local/UnrealEngine/Common/DerivedDataCache/5/4/5/TEXTURE_E01F4250BECD420DA9CE63B5EECEC2C2_OODLE_BC5_11_CB15CC7F456F8FB879A458AB__629E83067F9C4AEC9AC535A18A00D4D192D7DA9D.udd" 4444
"C:/Users/shashinda adithya/AppData/Local/UnrealEngine/Common/DerivedDataCache/8/5/9/TEXTURE_E01F4250BECD420DA9CE63B5EECEC2C2_OODLE_AUTODXT_11_990C03FC4D0154EAF7EC__A57E2C4436E982A72AA2510E5F1EED110C21EA6F.udd" 4445
"C:/Users/shashinda adithya/AppData/Local/UnrealEngine/Common/DerivedDataCache/8/3/3/TEXTURE_E01F4250BECD420DA9CE63B5EECEC2C2_OODLE_AUTODXT_11_990C03FC4D0154EAF7EC__43B2BD031BE16F9D54957FC64F361863ADDB9A07.udd" 4446
"C:/Users/shashinda adithya/AppData/Local/UnrealEngine/Common/DerivedDataCache/5/7/3/TEXTURE_E01F4250BECD420DA9CE63B5EECEC2C2_OODLE_AUTODXT_11_990C03FC4D0154EAF7EC__1A93E5425AA1462BAEC30968C492D2CD3DD977CF.udd" 4447
"C:/Users/shashinda adithya/AppData/Local/UnrealEngine/Common/DerivedDataCache/7/5/3/TEXTURE_E01F4250BECD420DA9CE63B5EECEC2C2_OODLE_AUTODXT_11_990C03FC4D0154EAF7EC__5765BC5589DE127BE9754F45D9D6CF0364246B52.udd" 4448
"C:/Users/shashinda adithya/AppData/Local/UnrealEngine/Common/DerivedDataCache/6/1/7/TEXTURE_E01F4250BECD420DA9CE63B5EECEC2C2_OODLE_AUTODXT_11_990C03FC4D0154EAF7EC__A63D7DBA7131C6FAA4EC2B1761A6B6C93CFBAE84.udd" 4449
"C:/Users/shashinda adithya/AppData/Local/UnrealEngine/Common/DerivedDataCache/7/0/3/TEXTURE_E01F4250BECD420DA9CE63B5EECEC2C2_OODLE_AUTODXT_11_990C03FC4D0154EAF7EC__A67480FAFFAE2FBA53E97142CDC08DDDFB03820E.udd" 4450
"C:/Users/shashinda adithya/AppData/Local/UnrealEngine/Common/DerivedDataCache/4/3/8/TEXTURE_E01F4250BECD420DA9CE63B5EECEC2C2_OODLE_BC5_11_CFF4114E4B3EAC26A66605A1__C35DC281149A9057FE8DE81B423C0E66949E4147.udd" 4451
"C:/Users/shashinda adithya/AppData/Local/UnrealEngine/Common/DerivedDataCache/0/9/3/TEXTURE_E01F4250BECD420DA9CE63B5EECEC2C2_OODLE_BC5_11_CFF4114E4B3EAC26A66605A1__815660F9A3453B242693453CCF98ED9BF6B18602.udd" 4452
"C:/Users/shashinda adithya/AppData/Local/UnrealEngine/Common/DerivedDataCache/7/4/0/TEXTURE_E01F4250BECD420DA9CE63B5EECEC2C2_OODLE_BC5_11_CFF4114E4B3EAC26A66605A1__6E5F367EDC30E1A843C4782D26B20958158C5D72.udd" 4453
"C:/Users/shashinda adithya/AppData/Local/UnrealEngine/Common/DerivedDataCache/4/1/3/TEXTURE_E01F4250BECD420DA9CE63B5EECEC2C2_OODLE_BC5_11_CFF4114E4B3EAC26A66605A1__9BF8B963353542A9A034050EF420535FA3F906F0.udd" 4454
"C:/Users/shashinda adithya/AppData/Local/UnrealEngine/Common/DerivedDataCache/0/9/6/TEXTURE_E01F4250BECD420DA9CE63B5EECEC2C2_OODLE_BC5_11_CFF4114E4B3EAC26A66605A1__D579156DE248B18209D4137C33699952EF8086FD.udd" 4455
"C:/Users/shashinda adithya/AppData/Local/UnrealEngine/Common/DerivedDataCache/2/3/4/TEXTURE_E01F4250BECD420DA9CE63B5EECEC2C2_OODLE_BC5_11_CFF4114E4B3EAC26A66605A1__7461A4F9140FBACE3C301FFFACB5BDBE481224B5.udd" 4456
"C:/Users/shashinda adithya/AppData/Local/UnrealEngine/Common/DerivedDataCache/0/6/7/TEXTURE_E01F4250BECD420DA9CE63B5EECEC2C2_OODLE_BC5_11_CFF4114E4B3EAC26A66605A1__10F270EE1AEBF3638DD17BE278F162B00A8CD312.udd" 4457
"C:/Users/shashinda adithya/AppData/Local/UnrealEngine/Common/DerivedDataCache/5/5/4/TEXTURE_E01F4250BECD420DA9CE63B5EECEC2C2_OODLE_AUTODXT_11_7AA7B21E4830FB1160DD__78ED211611EA0AA3C4E736D8E61A11EE5936697A.udd" 4458
"C:/Users/shashinda adithya/AppData/Local/UnrealEngine/Common/DerivedDataCache/2/1/3/TEXTURE_E01F4250BECD420DA9CE63B5EECEC2C2_OODLE_AUTODXT_11_7AA7B21E4830FB1160DD__E151AC4CC544F27F9E3FB627D9952F67EE4643DB.udd" 4459
"C:/Users/shashinda adithya/AppData/Local/UnrealEngine/Common/DerivedDataCache/2/1/8/TEXTURE_E01F4250BECD420DA9CE63B5EECEC2C2_OODLE_AUTODXT_11_7AA7B21E4830FB1160DD__A3C519F13B5DE9D6931E964A8338C0DB61274C43.udd" 4460
"C:/Users/shashinda adithya/AppData/Local/UnrealEngine/Common/DerivedDataCache/0/4/5/TEXTURE_E01F4250BECD420DA9CE63B5EECEC2C2_OODLE_AUTODXT_11_7AA7B21E4830FB1160DD__E2600E35FB32864DB468BD30DCEEF019AF179992.udd" 4461
"C:/Users/shashinda adithya/AppData/Local/UnrealEngine/Common/DerivedDataCache/2/5/7/TEXTURE_E01F4250BECD420DA9CE63B5EECEC2C2_OODLE_AUTODXT_11_7AA7B21E4830FB1160DD__259A5BB8069F1B6C4518E348E0F164434C8004FC.udd" 4462
"C:/Users/shashinda adithya/AppData/Local/UnrealEngine/Common/DerivedDataCache/1/1/8/TEXTURE_E01F4250BECD420DA9CE63B5EECEC2C2_OODLE_AUTODXT_11_7AA7B21E4830FB1160DD__D3507B22AC4B986DFE99E6FBF10E6943C14A4CB3.udd" 4463
"C:/Users/shashinda adithya/AppData/Local/UnrealEngine/Common/DerivedDataCache/0/6/0/TEXTURE_E01F4250BECD420DA9CE63B5EECEC2C2_BGRA8_DBD9FE964D2D76BEE46AEA922199C6F__49504943660F79B3B9053FB8F2DDA03B10814DD7.udd" 4464
"C:/Users/shashinda adithya/AppData/Local/UnrealEngine/Common/DerivedDataCache/4/9/4/TEXTURE_E01F4250BECD420DA9CE63B5EECEC2C2_OODLE_AUTODXT_11_7AA7B21E4830FB1160DD__E93080601FC6197F605316DCD59D5AAA22AC22F9.udd" 4465
"C:/Users/shashinda adithya/AppData/Local/UnrealEngine/Common/DerivedDataCache/0/4/1/TEXTURE_E01F4250BECD420DA9CE63B5EECEC2C2_BGRA8_DBD9FE964D2D76BEE46AEA922199C6F__2359643134EE1220CBAC17447EC123DB1135696A.udd" 4466
"C:/Users/shashinda adithya/AppData/Local/UnrealEngine/Common/DerivedDataCache/1/6/0/MATSM_0BA69734E4FD45E082FA4560DBE25454_PCD3D_SM5_8__BC5N_NOCCBN_NOIRIS_DEV_SL___7D66E2B935B3F51A395A877B392016ED9EC2965B.udd" 4467
"C:/Users/shashinda adithya/AppData/Local/UnrealEngine/Common/DerivedDataCache/8/2/2/TEXTURE_E01F4250BECD420DA9CE63B5EECEC2C2_OODLE_AUTODXT_11_0AA089454A6C6726FCB4__513BEA977C4E6301405CA65E8CF20176380B47E0.udd" 4468
"C:/Users/shashinda adithya/AppData/Local/UnrealEngine/Common/DerivedDataCache/9/9/1/TEXTURE_E01F4250BECD420DA9CE63B5EECEC2C2_OODLE_AUTODXT_11_0AA089454A6C6726FCB4__D6E1F51E8DE8D4B29210117696A01B3CDA3CAB97.udd" 4469
"C:/Users/shashinda adithya/AppData/Local/UnrealEngine/Common/DerivedDataCache/5/5/3/TEXTURE_E01F4250BECD420DA9CE63B5EECEC2C2_BGRA8_DBD9FE964D2D76BEE46AEA922199C6F__5024DD3A4F9370937E9370B552C087921519B09C.udd" 4470
"C:/Users/shashinda adithya/AppData/Local/UnrealEngine/Common/DerivedDataCache/5/9/9/SKELETALMESH_91550326BADA436B92C8BF16C910465C_6B8275881C6A3E8775D2772D56507538__D6589E520986C7A92FE6463E42D064B585C7B4F4.udd" 4471
"C:/Users/shashinda adithya/AppData/Local/UnrealEngine/Common/DerivedDataCache/1/0/4/TEXTURE_E01F4250BECD420DA9CE63B5EECEC2C2_BGRA8_DBD9FE964D2D76BEE46AEA922199C6F__3243FEADD012D7DBF6F995298B030177D1E3B4EE.udd" 4472
"C:/Users/shashinda adithya/AppData/Local/UnrealEngine/Common/DerivedDataCache/6/1/5/TEXTURE_E01F4250BECD420DA9CE63B5EECEC2C2_BGRA8_DBD9FE964D2D76BEE46AEA922199C6F__FA24905DF86031BFA3E2EA8D23F045DDA484D7B7.udd" 4473
"C:/Users/shashinda adithya/AppData/Local/UnrealEngine/Common/DerivedDataCache/9/4/7/TEXTURE_E01F4250BECD420DA9CE63B5EECEC2C2_OODLE_AUTODXT_11_0AA089454A6C6726FCB4__BEFB435A33CF8F1551CB11486797CD15A9A9E28F.udd" 4474
"C:/Users/shashinda adithya/AppData/Local/UnrealEngine/Common/DerivedDataCache/3/2/0/TEXTURE_E01F4250BECD420DA9CE63B5EECEC2C2_BGRA8_DBD9FE964D2D76BEE46AEA922199C6F__21848721A5D769A59DD1952799300751EB20A1CD.udd" 4475
"C:/Users/shashinda adithya/AppData/Local/UnrealEngine/Common/DerivedDataCache/0/7/3/TEXTURE_E01F4250BECD420DA9CE63B5EECEC2C2_OODLE_AUTODXT_11_0AA089454A6C6726FCB4__F10E216ED67C5DE49B722C11F8A25F2500F089B7.udd" 4476
"C:/Users/shashinda adithya/AppData/Local/UnrealEngine/Common/DerivedDataCache/9/6/3/TEXTURE_E01F4250BECD420DA9CE63B5EECEC2C2_OODLE_AUTODXT_11_0AA089454A6C6726FCB4__B0C3F734199E140412B8F4368109576EEC240606.udd" 4477
"C:/Users/shashinda adithya/AppData/Local/UnrealEngine/Common/DerivedDataCache/5/2/8/TEXTURE_E01F4250BECD420DA9CE63B5EECEC2C2_OODLE_AUTODXT_11_0AA089454A6C6726FCB4__CA218C93C5D320E626748D0B43307038C81C5249.udd" 4478
"C:/Users/shashinda adithya/AppData/Local/UnrealEngine/Common/DerivedDataCache/4/5/6/TEXTURE_E01F4250BECD420DA9CE63B5EECEC2C2_OODLE_AUTODXT_11_0AA089454A6C6726FCB4__6A88A8B379CC419590CC9069FBAB5E324388EE31.udd" 4479
"C:/Users/shashinda adithya/AppData/Local/UnrealEngine/Common/DerivedDataCache/6/6/8/TEXTURE_E01F4250BECD420DA9CE63B5EECEC2C2_BGRA8_DBD9FE964D2D76BEE46AEA922199C6F__50D8F31E76CB7F6D5D3154B5551C7F2E3035B06F.udd" 4480
"C:/Users/shashinda adithya/AppData/Local/UnrealEngine/Common/DerivedDataCache/4/7/7/TEXTURE_E01F4250BECD420DA9CE63B5EECEC2C2_OODLE_BC5_11_22B7C9844B1E6AB2C35E5C85__2BE11C05354E970FC47234222A69F748059FBC31.udd" 4481
"C:/Users/shashinda adithya/AppData/Local/UnrealEngine/Common/DerivedDataCache/0/8/9/TEXTURE_E01F4250BECD420DA9CE63B5EECEC2C2_OODLE_BC5_11_22B7C9844B1E6AB2C35E5C85__29F4AD91850FCD651304F2B8233F8918B481A3B4.udd" 4482
"C:/Users/shashinda adithya/AppData/Local/UnrealEngine/Common/DerivedDataCache/1/2/0/TEXTURE_E01F4250BECD420DA9CE63B5EECEC2C2_OODLE_BC5_11_22B7C9844B1E6AB2C35E5C85__C0B384E4F98D9ECCB49B188AC92723312F17A42D.udd" 4483
"C:/Users/shashinda adithya/AppData/Local/UnrealEngine/Common/DerivedDataCache/6/1/4/TEXTURE_E01F4250BECD420DA9CE63B5EECEC2C2_OODLE_BC5_11_22B7C9844B1E6AB2C35E5C85__C6CF90512FAA8A88AE119B8030DD7D941C1B9499.udd" 4484
"C:/Users/shashinda adithya/AppData/Local/UnrealEngine/Common/DerivedDataCache/8/1/5/TEXTURE_E01F4250BECD420DA9CE63B5EECEC2C2_OODLE_AUTODXT_11_808741204BBD37EC4D95__0EA3E9BECE145EA7C4A11C941C429076D36C8D77.udd" 4485
"C:/Users/shashinda adithya/AppData/Local/UnrealEngine/Common/DerivedDataCache/9/1/8/TEXTURE_E01F4250BECD420DA9CE63B5EECEC2C2_OODLE_AUTODXT_11_808741204BBD37EC4D95__9EF96E9E4B0979D7B13C6FF4D0839C937E514F90.udd" 4486
"C:/Users/shashinda adithya/AppData/Local/UnrealEngine/Common/DerivedDataCache/8/7/2/TEXTURE_E01F4250BECD420DA9CE63B5EECEC2C2_OODLE_BC5_11_22B7C9844B1E6AB2C35E5C85__FDF0A966A2ADD9D00B0F6D50921725D3990548AC.udd" 4487
"C:/Users/shashinda adithya/AppData/Local/UnrealEngine/Common/DerivedDataCache/9/5/0/TEXTURE_E01F4250BECD420DA9CE63B5EECEC2C2_OODLE_BC5_11_22B7C9844B1E6AB2C35E5C85__AB09D8241FA9872B80B202F22AC3B1DC67F9F3D1.udd" 4488
"C:/Users/shashinda adithya/AppData/Local/UnrealEngine/Common/DerivedDataCache/6/9/5/TEXTURE_E01F4250BECD420DA9CE63B5EECEC2C2_OODLE_BC5_11_22B7C9844B1E6AB2C35E5C85__E3E510E7245B2EDDA8BAACE809F9361FA04F1712.udd" 4489
"C:/Users/shashinda adithya/AppData/Local/UnrealEngine/Common/DerivedDataCache/4/2/4/TEXTURE_E01F4250BECD420DA9CE63B5EECEC2C2_OODLE_AUTODXT_11_808741204BBD37EC4D95__0F8ABEF215B7A54BEC2FE095D8CB96A39EDEAFA3.udd" 4490
"C:/Users/shashinda adithya/AppData/Local/UnrealEngine/Common/DerivedDataCache/8/0/1/MATSM_0BA69734E4FD45E082FA4560DBE25454_PCD3D_SM5_8__BC5N_NOCCBN_NOIRIS_DEV_SL___B1B7FB0079FD94AC0B9D4C954CA69F8E84647401.udd" 4491
"C:/Users/shashinda adithya/AppData/Local/UnrealEngine/Common/DerivedDataCache/0/7/9/SKELETALMESH_91550326BADA436B92C8BF16C910465C_9F24D49AFB1D5906CDBB576569E92FC9__71E611B35C1359769EE4C4B675FE4158CD97D67E.udd" 4492
"C:/Users/shashinda adithya/AppData/Local/UnrealEngine/Common/DerivedDataCache/7/2/5/TEXTURE_E01F4250BECD420DA9CE63B5EECEC2C2_BGRA8_774A146445FEE38ABE7FB6A1A66D6AF__0DC61439D18A6CDF2A0EC0A4955E5BBC081660DF.udd" 4493
"C:/Users/shashinda adithya/AppData/Local/UnrealEngine/Common/DerivedDataCache/4/3/9/TEXTURE_E01F4250BECD420DA9CE63B5EECEC2C2_BGRA8_774A146445FEE38ABE7FB6A1A66D6AF__05BCD02FF2E7B5CE725A6402ECF30F3E8DA66DC1.udd" 4494
"C:/Users/shashinda adithya/AppData/Local/UnrealEngine/Common/DerivedDataCache/7/4/6/TEXTURE_E01F4250BECD420DA9CE63B5EECEC2C2_OODLE_AUTODXT_11_BF9A381348BC4065DDEC__1D14A6F3549B3AA9B638B13AA077EC1D638FB599.udd" 4495
"C:/Users/shashinda adithya/AppData/Local/UnrealEngine/Common/DerivedDataCache/0/4/2/TEXTURE_E01F4250BECD420DA9CE63B5EECEC2C2_OODLE_AUTODXT_11_BF9A381348BC4065DDEC__9541CA6805DA4C632EED0434C57312A6B4A19706.udd" 4496
"C:/Users/shashinda adithya/AppData/Local/UnrealEngine/Common/DerivedDataCache/0/7/1/SKELETALMESH_91550326BADA436B92C8BF16C910465C_93351099895332C5EFD8D117FAB41A78__939120518658EA98414451F63FE5E4285EB7D188.udd" 4497
"C:/Users/shashinda adithya/AppData/Local/UnrealEngine/Common/DerivedDataCache/8/6/2/TEXTURE_E01F4250BECD420DA9CE63B5EECEC2C2_OODLE_AUTODXT_11_808741204BBD37EC4D95__89E49DF1026C807BF82FC120C85115E6D884FAE1.udd" 4498
"C:/Users/shashinda adithya/AppData/Local/UnrealEngine/Common/DerivedDataCache/7/5/4/TEXTURE_E01F4250BECD420DA9CE63B5EECEC2C2_OODLE_AUTODXT_11_808741204BBD37EC4D95__38949AF763FEA6C76966823473CB0BC0CD6B9B7D.udd" 4499
"C:/Users/shashinda adithya/AppData/Local/UnrealEngine/Common/DerivedDataCache/5/5/0/TEXTURE_E01F4250BECD420DA9CE63B5EECEC2C2_OODLE_AUTODXT_11_808741204BBD37EC4D95__0AA8B412FB81459B63501AF8810671CF397C851C.udd" 4500
"C:/Users/shashinda adithya/AppData/Local/UnrealEngine/Common/DerivedDataCache/7/1/3/TEXTURE_E01F4250BECD420DA9CE63B5EECEC2C2_OODLE_AUTODXT_11_808741204BBD37EC4D95__48A2B62F69BDD63E38BB885754D4C3DC841B4FD7.udd" 4501
"C:/Users/shashinda adithya/AppData/Local/UnrealEngine/Common/DerivedDataCache/7/9/7/TEXTURE_E01F4250BECD420DA9CE63B5EECEC2C2_BGRA8_774A146445FEE38ABE7FB6A1A66D6AF__0594B8585C54657B5C2FDA53DB05A3B6494404B7.udd" 4502
"C:/Users/shashinda adithya/AppData/Local/UnrealEngine/Common/DerivedDataCache/6/3/2/TEXTURE_E01F4250BECD420DA9CE63B5EECEC2C2_BGRA8_774A146445FEE38ABE7FB6A1A66D6AF__D9A8E07214D57FDE014F0EA61452B8B1940F649F.udd" 4503
"C:/Users/shashinda adithya/AppData/Local/UnrealEngine/Common/DerivedDataCache/1/6/9/SKELETALMESH_91550326BADA436B92C8BF16C910465C_549700AF8C4A2DF796D7A497159AE8E0__CC015EF7D6B2607AD2A2A4DCC0638E8DF97CF70A.udd" 4504
"C:/Users/shashinda adithya/AppData/Local/UnrealEngine/Common/DerivedDataCache/8/7/4/TEXTURE_E01F4250BECD420DA9CE63B5EECEC2C2_BGRA8_774A146445FEE38ABE7FB6A1A66D6AF__35D9AF575B83275802AC9AC9B01EDC6611C8659D.udd" 4505
"C:/Users/shashinda adithya/AppData/Local/UnrealEngine/Common/DerivedDataCache/3/7/3/TEXTURE_E01F4250BECD420DA9CE63B5EECEC2C2_BGRA8_774A146445FEE38ABE7FB6A1A66D6AF__A1F6783665141CB55D8148EA1C6CE18D87909266.udd" 4506
"C:/Users/shashinda adithya/AppData/Local/UnrealEngine/Common/DerivedDataCache/9/7/0/TEXTURE_E01F4250BECD420DA9CE63B5EECEC2C2_BGRA8_774A146445FEE38ABE7FB6A1A66D6AF__A6318757F18994AECCC3AE0C2DD12EC2BE76E20A.udd" 4507
"C:/Users/shashinda adithya/AppData/Local/UnrealEngine/Common/DerivedDataCache/2/3/3/TEXTURE_E01F4250BECD420DA9CE63B5EECEC2C2_OODLE_AUTODXT_11_BF9A381348BC4065DDEC__6AF6E48529B3A4AEB07C0E6797DF8240FED5D8FD.udd" 4508
"C:/Users/shashinda adithya/AppData/Local/UnrealEngine/Common/DerivedDataCache/9/3/9/TEXTURE_E01F4250BECD420DA9CE63B5EECEC2C2_OODLE_AUTODXT_11_BF9A381348BC4065DDEC__49A3E91EF13209199B3F02F5B1C8DD57E88D68C8.udd" 4509
"C:/Users/shashinda adithya/AppData/Local/UnrealEngine/Common/DerivedDataCache/0/4/8/TEXTURE_E01F4250BECD420DA9CE63B5EECEC2C2_OODLE_AUTODXT_11_BF9A381348BC4065DDEC__9B35CBA791DB334E3DA0FD4012F2C175E41D588A.udd" 4510
"C:/Users/shashinda adithya/AppData/Local/UnrealEngine/Common/DerivedDataCache/3/4/2/TEXTURE_E01F4250BECD420DA9CE63B5EECEC2C2_OODLE_AUTODXT_11_BF9A381348BC4065DDEC__7EA8A1CA618517747E99FBA5238D1460C70271E0.udd" 4511
"C:/Users/shashinda adithya/AppData/Local/UnrealEngine/Common/DerivedDataCache/2/2/5/TEXTURE_E01F4250BECD420DA9CE63B5EECEC2C2_OODLE_AUTODXT_11_BF9A381348BC4065DDEC__AFE11885AED47E7247FEB5BF33CCA1B1599B24C8.udd" 4512
"C:/Users/shashinda adithya/AppData/Local/UnrealEngine/Common/DerivedDataCache/1/9/9/SKELETALMESH_91550326BADA436B92C8BF16C910465C_168B5CC01787ACB1EBEC456FAB2AFB74__98294267E29BE602DE86A65EB0D88598CD40B603.udd" 4513
"C:/Users/shashinda adithya/AppData/Local/UnrealEngine/Common/DerivedDataCache/7/1/7/SKELETALMESH_91550326BADA436B92C8BF16C910465C_67E906F5402260DE6157228FBEF7602B__6A0B6281D7F8DFD848ECB02AC50CE7D482A6A4EB.udd" 4514
"C:/Users/shashinda adithya/AppData/Local/UnrealEngine/Common/DerivedDataCache/6/7/3/SKELETALMESH_91550326BADA436B92C8BF16C910465C_D12FE9F217D8CB58DBFECF5493F5BC1A__FF3FBBD54E010413874C6BD3A39B07B5AD850E40.udd" 4515
"C:/Users/shashinda adithya/AppData/Local/UnrealEngine/Common/DerivedDataCache/6/9/5/SKELETALMESH_91550326BADA436B92C8BF16C910465C_B975122B9E6B59E530B9BCCFAEE14606__1C1CCE7F2D76E5ED9D9D135C183EFA4C2D1AB343.udd" 4516
"C:/Users/shashinda adithya/AppData/Local/UnrealEngine/Common/DerivedDataCache/8/8/6/SKELETALMESH_91550326BADA436B92C8BF16C910465C_441EA256C5727841F31CBF1E5BE4588D__927EAC9E53CC5AC08FECFE27509013EC98DBD9A6.udd" 4517
"C:/Users/shashinda adithya/AppData/Local/UnrealEngine/Common/DerivedDataCache/3/3/5/SKELETALMESH_91550326BADA436B92C8BF16C910465C_5A56B917B9A8871E396DAD2B80F4C2EA__ED4F3BF0312EED0296ACA6A73A59DF6D2BC65B2A.udd" 4518
"C:/Users/shashinda adithya/AppData/Local/UnrealEngine/Common/DerivedDataCache/3/9/4/SKELETALMESH_91550326BADA436B92C8BF16C910465C_47E1483E684EC919C26510D0FCBC5A1D__4D9AFEF3B42C9469C428BE3C8E493A2FD27DB4F6.udd" 4519
"C:/Users/shashinda adithya/AppData/Local/UnrealEngine/Common/DerivedDataCache/7/8/9/SKELETALMESH_91550326BADA436B92C8BF16C910465C_13175BD58C32908C7226AF76E7C44BFB__ED69A4E5629F3BD5B7E308084528350482AA3ACB.udd" 4520
"C:/Users/shashinda adithya/AppData/Local/UnrealEngine/Common/DerivedDataCache/1/8/9/SKELETALMESH_91550326BADA436B92C8BF16C910465C_1CBD902BAD60013D9F04D9418ABE138D__BBC5A7375359A38A1F65D772D1E3E3E99961E3F2.udd" 4521
"C:/Users/shashinda adithya/AppData/Local/UnrealEngine/Common/DerivedDataCache/4/3/1/SKELETALMESH_91550326BADA436B92C8BF16C910465C_8D06DF591C556897F2CB81269F53708E__FE538EA8F85F04713FBCEAB02333A42CCBAB69DA.udd" 4522
"C:/Users/shashinda adithya/AppData/Local/UnrealEngine/Common/DerivedDataCache/0/8/6/SKELETALMESH_91550326BADA436B92C8BF16C910465C_291C2B9319CE079B3FBA4AEFA76916C1__CF9C824991E6369218578FFA5319EE9D5F492133.udd" 4523
"C:/Users/shashinda adithya/AppData/Local/UnrealEngine/Common/DerivedDataCache/3/8/7/SKELETALMESH_91550326BADA436B92C8BF16C910465C_E00CF3851B7C850C48FAF42BC072F0C9__4DA2E1E6B0C6F777861C17DEC382EDB73071BA08.udd" 4524
"C:/Users/shashinda adithya/AppData/Local/UnrealEngine/Common/DerivedDataCache/4/6/8/SKELETALMESH_91550326BADA436B92C8BF16C910465C_C7EADF125C3A38CB18E7D53C0A0772AC__1A4B0E73E73D20FA5E9F9BA2E9C4FD1ED419CE7A.udd" 4525
"C:/Users/shashinda adithya/AppData/Local/UnrealEngine/Common/DerivedDataCache/8/5/3/TEXTURE_E01F4250BECD420DA9CE63B5EECEC2C2_OODLE_AUTODXT_11_61AE330E48A3C1A8F926__D17DB2E5652479A6ECB019F0EA56830439466B3A.udd" 4526
"C:/Users/shashinda adithya/AppData/Local/UnrealEngine/Common/DerivedDataCache/6/0/6/TEXTURE_E01F4250BECD420DA9CE63B5EECEC2C2_OODLE_AUTODXT_11_61AE330E48A3C1A8F926__AC6095B5BDCAD2F0E3DE19BBC34CA410488A5084.udd" 4527
"C:/Users/shashinda adithya/AppData/Local/UnrealEngine/Common/DerivedDataCache/5/7/3/TEXTURE_E01F4250BECD420DA9CE63B5EECEC2C2_OODLE_AUTODXT_11_61AE330E48A3C1A8F926__FC34CA5B17347794BD9A33B48082D86B43FFD22A.udd" 4528
"C:/Users/shashinda adithya/AppData/Local/UnrealEngine/Common/DerivedDataCache/1/8/1/TEXTURE_E01F4250BECD420DA9CE63B5EECEC2C2_OODLE_AUTODXT_11_61AE330E48A3C1A8F926__2D17F29C21DE86F71222CDF1F18C9CB3DD8D2B05.udd" 4529
"C:/Users/shashinda adithya/AppData/Local/UnrealEngine/Common/DerivedDataCache/3/0/5/TEXTURE_E01F4250BECD420DA9CE63B5EECEC2C2_OODLE_AUTODXT_11_61AE330E48A3C1A8F926__FDFFD47AB8BF9BE860C9C3264C104250293E1311.udd" 4530
"C:/Users/shashinda adithya/AppData/Local/UnrealEngine/Common/DerivedDataCache/8/2/2/TEXTURE_E01F4250BECD420DA9CE63B5EECEC2C2_OODLE_AUTODXT_11_61AE330E48A3C1A8F926__E9D2A1E14F57E146FF407E5D45BAD51CC1E3264E.udd" 4531
"C:/Users/shashinda adithya/AppData/Local/UnrealEngine/Common/DerivedDataCache/7/8/5/TEXTURE_E01F4250BECD420DA9CE63B5EECEC2C2_OODLE_BC5_11_E37DD160470AC4D93B29BBB1__1E735D44C5F88B74878EC7CBCF6AA8F4F9C9CF3A.udd" 4532
"C:/Users/shashinda adithya/AppData/Local/UnrealEngine/Common/DerivedDataCache/0/9/6/TEXTURE_E01F4250BECD420DA9CE63B5EECEC2C2_OODLE_BC5_11_E37DD160470AC4D93B29BBB1__C4A71AEEC5B49DBFEE1E55B457610758FC61CD1C.udd" 4533
"C:/Users/shashinda adithya/AppData/Local/UnrealEngine/Common/DerivedDataCache/2/4/7/TEXTURE_E01F4250BECD420DA9CE63B5EECEC2C2_OODLE_BC5_11_E37DD160470AC4D93B29BBB1__2D0ABE27BB6525E4A5A706B8BEAE6184BB0E4867.udd" 4534
"C:/Users/shashinda adithya/AppData/Local/UnrealEngine/Common/DerivedDataCache/5/8/1/TEXTURE_E01F4250BECD420DA9CE63B5EECEC2C2_OODLE_BC5_11_E37DD160470AC4D93B29BBB1__CF645DEF060F2CDCB1252FF740F40AE8B150364C.udd" 4535
"C:/Users/shashinda adithya/AppData/Local/UnrealEngine/Common/DerivedDataCache/0/9/7/TEXTURE_E01F4250BECD420DA9CE63B5EECEC2C2_OODLE_BC5_11_E37DD160470AC4D93B29BBB1__522B68B1A9B7E12CF9332FBFD4A040A8229B8CC0.udd" 4536
"C:/Users/shashinda adithya/AppData/Local/UnrealEngine/Common/DerivedDataCache/8/4/0/TEXTURE_E01F4250BECD420DA9CE63B5EECEC2C2_OODLE_BC5_11_E37DD160470AC4D93B29BBB1__B12818FB58D33CC00B9EB8CA1145260EE4376907.udd" 4537
"C:/Users/shashinda adithya/AppData/Local/UnrealEngine/Common/DerivedDataCache/3/0/4/TEXTURE_E01F4250BECD420DA9CE63B5EECEC2C2_OODLE_AUTODXT_11_1D8525A942FBE1888E4B__B6048EA95B80CA9EB1EE34F8485D14A68989571E.udd" 4538
"C:/Users/shashinda adithya/AppData/Local/UnrealEngine/Common/DerivedDataCache/2/0/9/TEXTURE_E01F4250BECD420DA9CE63B5EECEC2C2_OODLE_AUTODXT_11_1D8525A942FBE1888E4B__8766B4D48B967EFEC3AC2167282201DB67806D1D.udd" 4539
"C:/Users/shashinda adithya/AppData/Local/UnrealEngine/Common/DerivedDataCache/6/3/8/TEXTURE_E01F4250BECD420DA9CE63B5EECEC2C2_OODLE_AUTODXT_11_1D8525A942FBE1888E4B__5CB6060FF13DF55D626BA3972332542080A16B19.udd" 4540
"C:/Users/shashinda adithya/AppData/Local/UnrealEngine/Common/DerivedDataCache/1/4/6/TEXTURE_E01F4250BECD420DA9CE63B5EECEC2C2_OODLE_AUTODXT_11_1D8525A942FBE1888E4B__39BCD9DB742AA557F0332BCF9C72BE659640532A.udd" 4541
"C:/Users/shashinda adithya/AppData/Local/UnrealEngine/Common/DerivedDataCache/6/3/0/TEXTURE_E01F4250BECD420DA9CE63B5EECEC2C2_OODLE_AUTODXT_11_1D8525A942FBE1888E4B__D1D5A331E8603E6130A9D730F9417ED093F7D636.udd" 4542
"C:/Users/shashinda adithya/AppData/Local/UnrealEngine/Common/DerivedDataCache/0/2/6/TEXTURE_E01F4250BECD420DA9CE63B5EECEC2C2_OODLE_AUTODXT_11_1D8525A942FBE1888E4B__A8845D0D05092341192187D8BB4BD8648AE18FA2.udd" 4543
"C:/Users/shashinda adithya/AppData/Local/UnrealEngine/Common/DerivedDataCache/1/1/9/TEXTURE_E01F4250BECD420DA9CE63B5EECEC2C2_OODLE_AUTODXT_11_343AEBC941E25484F9B9__10130CD53097C1EFA2FEE928DD381EC676851A5A.udd" 4544
"C:/Users/shashinda adithya/AppData/Local/UnrealEngine/Common/DerivedDataCache/7/5/8/TEXTURE_E01F4250BECD420DA9CE63B5EECEC2C2_OODLE_AUTODXT_11_343AEBC941E25484F9B9__50C13326274ECF138AAA55CFF14D06945107C636.udd" 4545
"C:/Users/shashinda adithya/AppData/Local/UnrealEngine/Common/DerivedDataCache/8/6/0/TEXTURE_E01F4250BECD420DA9CE63B5EECEC2C2_OODLE_AUTODXT_11_343AEBC941E25484F9B9__6D28BDE2808F22B34B98A026130277860E4F3A2B.udd" 4546
"C:/Users/shashinda adithya/AppData/Local/UnrealEngine/Common/DerivedDataCache/8/4/2/TEXTURE_E01F4250BECD420DA9CE63B5EECEC2C2_OODLE_AUTODXT_11_343AEBC941E25484F9B9__96B8D8BB35898156396C2D3DEDD6102B9CD95037.udd" 4547
"C:/Users/shashinda adithya/AppData/Local/UnrealEngine/Common/DerivedDataCache/0/4/2/TEXTURE_E01F4250BECD420DA9CE63B5EECEC2C2_OODLE_AUTODXT_11_343AEBC941E25484F9B9__DC9B0B86E96FA8FB59CD4E8A15CC95022DB120DE.udd" 4548
"C:/Users/shashinda adithya/AppData/Local/UnrealEngine/Common/DerivedDataCache/8/2/0/TEXTURE_E01F4250BECD420DA9CE63B5EECEC2C2_OODLE_AUTODXT_11_343AEBC941E25484F9B9__EB60FA364A64C85C20DD29F6AE572F94FFB1F781.udd" 4549
"C:/Users/shashinda adithya/AppData/Local/UnrealEngine/Common/DerivedDataCache/4/5/3/TEXTURE_E01F4250BECD420DA9CE63B5EECEC2C2_OODLE_AUTODXT_11_7DC0EDD446A6822AC12C__A089F2A403F888420734395F517BB9DBB076C5E4.udd" 4550
"C:/Users/shashinda adithya/AppData/Local/UnrealEngine/Common/DerivedDataCache/7/3/2/TEXTURE_E01F4250BECD420DA9CE63B5EECEC2C2_OODLE_AUTODXT_11_7DC0EDD446A6822AC12C__05001A5790DA00332F68A3532368EBB88D203C98.udd" 4551
"C:/Users/shashinda adithya/AppData/Local/UnrealEngine/Common/DerivedDataCache/4/5/2/TEXTURE_E01F4250BECD420DA9CE63B5EECEC2C2_OODLE_AUTODXT_11_7DC0EDD446A6822AC12C__0561C751C73D3E6C17BC22A2CE69428C108B9C2C.udd" 4552
"C:/Users/shashinda adithya/AppData/Local/UnrealEngine/Common/DerivedDataCache/3/3/6/TEXTURE_E01F4250BECD420DA9CE63B5EECEC2C2_OODLE_AUTODXT_11_7DC0EDD446A6822AC12C__7F0885BF1582AEC3FED4C97E5291EBB7E8FE17A2.udd" 4553
"C:/Users/shashinda adithya/AppData/Local/UnrealEngine/Common/DerivedDataCache/5/0/4/TEXTURE_E01F4250BECD420DA9CE63B5EECEC2C2_OODLE_AUTODXT_11_7DC0EDD446A6822AC12C__085CD62A14173A040785D7CD1AD7679B1564C7D4.udd" 4554
"C:/Users/shashinda adithya/AppData/Local/UnrealEngine/Common/DerivedDataCache/3/1/4/TEXTURE_E01F4250BECD420DA9CE63B5EECEC2C2_OODLE_AUTODXT_11_7DC0EDD446A6822AC12C__8E720EDC382438D29774D8E48D94E067686F6411.udd" 4555
"C:/Users/shashinda adithya/AppData/Local/UnrealEngine/Common/DerivedDataCache/7/2/8/TEXTURE_E01F4250BECD420DA9CE63B5EECEC2C2_OODLE_BC5_11_94F60EE1492DAC723CFDAE8E__44CC57A9AC7E991BF9DF116D8A823F182E964C4A.udd" 4556
"C:/Users/shashinda adithya/AppData/Local/UnrealEngine/Common/DerivedDataCache/2/3/4/TEXTURE_E01F4250BECD420DA9CE63B5EECEC2C2_OODLE_BC5_11_94F60EE1492DAC723CFDAE8E__93A36F9390E4BF68CE4596F15E9788B0CE2A8D6F.udd" 4557
"C:/Users/shashinda adithya/AppData/Local/UnrealEngine/Common/DerivedDataCache/7/6/2/TEXTURE_E01F4250BECD420DA9CE63B5EECEC2C2_OODLE_BC5_11_94F60EE1492DAC723CFDAE8E__92A47A8D4A1909299AF2B20D85CD25599DB795D3.udd" 4558
"C:/Users/shashinda adithya/AppData/Local/UnrealEngine/Common/DerivedDataCache/3/8/8/TEXTURE_E01F4250BECD420DA9CE63B5EECEC2C2_OODLE_BC5_11_94F60EE1492DAC723CFDAE8E__7CE25135A90D9750D9FE0CE5081F1389A7B9C9F6.udd" 4559
"C:/Users/shashinda adithya/AppData/Local/UnrealEngine/Common/DerivedDataCache/0/1/6/TEXTURE_E01F4250BECD420DA9CE63B5EECEC2C2_OODLE_BC5_11_94F60EE1492DAC723CFDAE8E__2281D58FEAAA24062B465FB061E130C7DC2CD1D8.udd" 4560
"C:/Users/shashinda adithya/AppData/Local/UnrealEngine/Common/DerivedDataCache/1/5/4/TEXTURE_E01F4250BECD420DA9CE63B5EECEC2C2_OODLE_BC5_11_94F60EE1492DAC723CFDAE8E__313AAEF2ED5F0EE94AFC97679DFDF6265FB8736D.udd" 4561
"C:/Users/shashinda adithya/AppData/Local/UnrealEngine/Common/DerivedDataCache/5/4/8/TEXTURE_E01F4250BECD420DA9CE63B5EECEC2C2_OODLE_AUTODXT_11_D3CA8517480C3D8AD427__283CC335D6C79332AA55EB5FF466562B82548ABD.udd" 4562
"C:/Users/shashinda adithya/AppData/Local/UnrealEngine/Common/DerivedDataCache/2/1/0/TEXTURE_E01F4250BECD420DA9CE63B5EECEC2C2_OODLE_BC5_11_931ED62D445C59E1F14E2B81__FEF48AC331ED9B4978A62E35A69C61B572E672A5.udd" 4563
"C:/Users/shashinda adithya/AppData/Local/UnrealEngine/Common/DerivedDataCache/1/8/8/TEXTURE_E01F4250BECD420DA9CE63B5EECEC2C2_OODLE_AUTODXT_11_D3CA8517480C3D8AD427__16A6CF45DA2D999A912E1CB2901CD29E76C61935.udd" 4564
"C:/Users/shashinda adithya/AppData/Local/UnrealEngine/Common/DerivedDataCache/5/0/0/TEXTURE_E01F4250BECD420DA9CE63B5EECEC2C2_OODLE_AUTODXT_11_D3CA8517480C3D8AD427__66863C08DC15D75CAF062F8D7DB00F850E049E01.udd" 4565
"C:/Users/shashinda adithya/AppData/Local/UnrealEngine/Common/DerivedDataCache/9/8/0/TEXTURE_E01F4250BECD420DA9CE63B5EECEC2C2_OODLE_AUTODXT_11_D3CA8517480C3D8AD427__F8B838E5E45484C0F9D01C7CB3012D798189441D.udd" 4566
"C:/Users/shashinda adithya/AppData/Local/UnrealEngine/Common/DerivedDataCache/9/7/0/TEXTURE_E01F4250BECD420DA9CE63B5EECEC2C2_OODLE_AUTODXT_11_D3CA8517480C3D8AD427__84A7C17445F26D57FCD5080EA6592485D36971C9.udd" 4567
"C:/Users/shashinda adithya/AppData/Local/UnrealEngine/Common/DerivedDataCache/1/6/2/TEXTURE_E01F4250BECD420DA9CE63B5EECEC2C2_OODLE_BC5_11_931ED62D445C59E1F14E2B81__ECC997E78225EA7BBE59F170D3E707050C86C520.udd" 4568
"C:/Users/shashinda adithya/AppData/Local/UnrealEngine/Common/DerivedDataCache/7/1/7/TEXTURE_E01F4250BECD420DA9CE63B5EECEC2C2_OODLE_BC5_11_931ED62D445C59E1F14E2B81__741A1380F8C43C966396EB956988781775DD37E8.udd" 4569
"C:/Users/shashinda adithya/AppData/Local/UnrealEngine/Common/DerivedDataCache/1/8/2/TEXTURE_E01F4250BECD420DA9CE63B5EECEC2C2_OODLE_BC5_11_931ED62D445C59E1F14E2B81__63D2C24A0D3859C97307EE74F8F007BBEE59BB3F.udd" 4570
"C:/Users/shashinda adithya/AppData/Local/UnrealEngine/Common/DerivedDataCache/1/3/6/TEXTURE_E01F4250BECD420DA9CE63B5EECEC2C2_OODLE_BC5_11_931ED62D445C59E1F14E2B81__3AE55B8A62880072C13E5077B8FB26DBBA4434B1.udd" 4571
"C:/Users/shashinda adithya/AppData/Local/UnrealEngine/Common/DerivedDataCache/4/3/7/TEXTURE_E01F4250BECD420DA9CE63B5EECEC2C2_OODLE_AUTODXT_11_CECC76D14673E3D80898__72A992ECCBC45E3D2FE493C82DFB89AB88CE968D.udd" 4572
"C:/Users/shashinda adithya/AppData/Local/UnrealEngine/Common/DerivedDataCache/8/2/1/TEXTURE_E01F4250BECD420DA9CE63B5EECEC2C2_OODLE_AUTODXT_11_CECC76D14673E3D80898__F71D1635320A31B4F56C0F9EA70D37FC2E4C99B6.udd" 4573
"C:/Users/shashinda adithya/AppData/Local/UnrealEngine/Common/DerivedDataCache/4/8/3/TEXTURE_E01F4250BECD420DA9CE63B5EECEC2C2_OODLE_AUTODXT_11_CECC76D14673E3D80898__E30C509CCB3E78E9B7D474F6A55BEE955981D10B.udd" 4574
"C:/Users/shashinda adithya/AppData/Local/UnrealEngine/Common/DerivedDataCache/7/9/3/TEXTURE_E01F4250BECD420DA9CE63B5EECEC2C2_OODLE_AUTODXT_11_CECC76D14673E3D80898__CB386B1D983AB7E10E539C74F036EA7EA611C362.udd" 4575
"C:/Users/shashinda adithya/AppData/Local/UnrealEngine/Common/DerivedDataCache/7/6/7/TEXTURE_E01F4250BECD420DA9CE63B5EECEC2C2_OODLE_AUTODXT_11_CECC76D14673E3D80898__3131CE652A97E5F2E6093D2841388EDECDFBC0F4.udd" 4576
"C:/Users/shashinda adithya/AppData/Local/UnrealEngine/Common/DerivedDataCache/9/1/3/TEXTURE_E01F4250BECD420DA9CE63B5EECEC2C2_OODLE_AUTODXT_11_F78698934428561EE0AC__12D700442EF78A44EF4E348D9B873EC34286E2EC.udd" 4577
"C:/Users/shashinda adithya/AppData/Local/UnrealEngine/Common/DerivedDataCache/8/9/4/TEXTURE_E01F4250BECD420DA9CE63B5EECEC2C2_OODLE_AUTODXT_11_F78698934428561EE0AC__A294F9BC114C2D7041857A588D2D2680005CDCCE.udd" 4578
"C:/Users/shashinda adithya/AppData/Local/UnrealEngine/Common/DerivedDataCache/2/1/4/TEXTURE_E01F4250BECD420DA9CE63B5EECEC2C2_OODLE_AUTODXT_11_F78698934428561EE0AC__CEB172637C6E2FA48768C8AD9FC4001B20A8885D.udd" 4579
"C:/Users/shashinda adithya/AppData/Local/UnrealEngine/Common/DerivedDataCache/9/2/7/TEXTURE_E01F4250BECD420DA9CE63B5EECEC2C2_OODLE_AUTODXT_11_F78698934428561EE0AC__F44210157AE904AEE7A59DE8AD7076482453BA37.udd" 4580
"C:/Users/shashinda adithya/AppData/Local/UnrealEngine/Common/DerivedDataCache/1/6/5/TEXTURE_E01F4250BECD420DA9CE63B5EECEC2C2_OODLE_AUTODXT_11_F78698934428561EE0AC__DE721A8AE9360F6B9060376386850B560E555005.udd" 4581
"C:/Users/shashinda adithya/AppData/Local/UnrealEngine/Common/DerivedDataCache/7/1/3/TEXTURE_E01F4250BECD420DA9CE63B5EECEC2C2_OODLE_BC5_11_257260BE4F8CDA87DF71E482__AD3D9750BD86DAD61A2D7EBEE3EFF8FBBA2A76FF.udd" 4582
"C:/Users/shashinda adithya/AppData/Local/UnrealEngine/Common/DerivedDataCache/4/1/4/TEXTURE_E01F4250BECD420DA9CE63B5EECEC2C2_OODLE_BC5_11_257260BE4F8CDA87DF71E482__A29D0F38196A7E8F9B6A41E24D34FEF593A832BB.udd" 4583
"C:/Users/shashinda adithya/AppData/Local/UnrealEngine/Common/DerivedDataCache/3/2/4/TEXTURE_E01F4250BECD420DA9CE63B5EECEC2C2_OODLE_BC5_11_257260BE4F8CDA87DF71E482__EECC76CAF93C9E36F525AD368CA14A9B285AC378.udd" 4584
"C:/Users/shashinda adithya/AppData/Local/UnrealEngine/Common/DerivedDataCache/8/2/7/TEXTURE_E01F4250BECD420DA9CE63B5EECEC2C2_OODLE_BC5_11_257260BE4F8CDA87DF71E482__2B90711258B162AFE2CF866D6EE730C936C2B0FB.udd" 4585
"C:/Users/shashinda adithya/AppData/Local/UnrealEngine/Common/DerivedDataCache/6/2/8/TEXTURE_E01F4250BECD420DA9CE63B5EECEC2C2_OODLE_BC5_11_257260BE4F8CDA87DF71E482__70546E81AF7C9C12D6B0C9E12D13ABBC28DFF28C.udd" 4586
"C:/Users/shashinda adithya/AppData/Local/UnrealEngine/Common/DerivedDataCache/9/9/8/TEXTURE_E01F4250BECD420DA9CE63B5EECEC2C2_OODLE_AUTODXT_11_E962CB5B47E3A25CB2C2__3144B67105D748D832CC72BD54B8EAFFEBD4A799.udd" 4587
"C:/Users/shashinda adithya/AppData/Local/UnrealEngine/Common/DerivedDataCache/9/7/6/TEXTURE_E01F4250BECD420DA9CE63B5EECEC2C2_OODLE_AUTODXT_11_E962CB5B47E3A25CB2C2__95790CB0DF0795639171D62E628A32329BF31991.udd" 4588
"C:/Users/shashinda adithya/AppData/Local/UnrealEngine/Common/DerivedDataCache/8/0/5/TEXTURE_E01F4250BECD420DA9CE63B5EECEC2C2_OODLE_AUTODXT_11_E962CB5B47E3A25CB2C2__11EBDD9600AF882BF0355363B197A69703C138CE.udd" 4589
"C:/Users/shashinda adithya/AppData/Local/UnrealEngine/Common/DerivedDataCache/3/9/4/TEXTURE_E01F4250BECD420DA9CE63B5EECEC2C2_OODLE_AUTODXT_11_E962CB5B47E3A25CB2C2__EB60477574D026956AB7B5C333ECB6E9C56279CC.udd" 4590
"C:/Users/shashinda adithya/AppData/Local/UnrealEngine/Common/DerivedDataCache/7/2/9/TEXTURE_E01F4250BECD420DA9CE63B5EECEC2C2_OODLE_AUTODXT_11_E962CB5B47E3A25CB2C2__BBE820484B762D7FBE864C959947F00A1AC209D3.udd" 4591
"C:/Users/shashinda adithya/AppData/Local/UnrealEngine/Common/DerivedDataCache/2/5/9/TEXTURE_E01F4250BECD420DA9CE63B5EECEC2C2_OODLE_AUTODXT_11_5DD916C14AA58133FC08__94F8BFD47B19BE475D762BC40DAF8CC4F659424E.udd" 4592
"C:/Users/shashinda adithya/AppData/Local/UnrealEngine/Common/DerivedDataCache/3/1/5/TEXTURE_E01F4250BECD420DA9CE63B5EECEC2C2_OODLE_AUTODXT_11_5DD916C14AA58133FC08__E32CA9F31C738F634F97DF5AC2C0C5742AC3C3A1.udd" 4593
"C:/Users/shashinda adithya/AppData/Local/UnrealEngine/Common/DerivedDataCache/4/4/5/TEXTURE_E01F4250BECD420DA9CE63B5EECEC2C2_OODLE_AUTODXT_11_5DD916C14AA58133FC08__965AD1AECB9306C147DDCF52B93CB96867056CF3.udd" 4594
"C:/Users/shashinda adithya/AppData/Local/UnrealEngine/Common/DerivedDataCache/5/8/4/TEXTURE_E01F4250BECD420DA9CE63B5EECEC2C2_OODLE_BC5_11_BBF964A84F689C9BAF02D29F__992B31EC4096C29A76E16A5186716963A931EFC1.udd" 4595
"C:/Users/shashinda adithya/AppData/Local/UnrealEngine/Common/DerivedDataCache/2/5/3/TEXTURE_E01F4250BECD420DA9CE63B5EECEC2C2_OODLE_BC5_11_BBF964A84F689C9BAF02D29F__3B510BB411DC0CE47BFB2C4F349782BADDAE3656.udd" 4596
"C:/Users/shashinda adithya/AppData/Local/UnrealEngine/Common/DerivedDataCache/8/7/3/TEXTURE_E01F4250BECD420DA9CE63B5EECEC2C2_OODLE_BC5_11_BBF964A84F689C9BAF02D29F__605DD3091997F05C6EF623B219BB37B214AB2753.udd" 4597
"C:/Users/shashinda adithya/AppData/Local/UnrealEngine/Common/DerivedDataCache/4/5/7/TEXTURE_E01F4250BECD420DA9CE63B5EECEC2C2_OODLE_AUTODXT_11_84A7F7164053AA886765__1BCE04C36FFFBCC24632C8BB4289B3FA48AAE96E.udd" 4598
"C:/Users/shashinda adithya/AppData/Local/UnrealEngine/Common/DerivedDataCache/3/5/6/TEXTURE_E01F4250BECD420DA9CE63B5EECEC2C2_OODLE_AUTODXT_11_84A7F7164053AA886765__6075F39BC238DD96A217B8C7A3A788F302111C53.udd" 4599
"C:/Users/shashinda adithya/AppData/Local/UnrealEngine/Common/DerivedDataCache/1/4/3/TEXTURE_E01F4250BECD420DA9CE63B5EECEC2C2_OODLE_AUTODXT_11_84A7F7164053AA886765__52C6397D9FB4F9178F3BF5C382A2B563462A015D.udd" 4600
"C:/Users/shashinda adithya/AppData/Local/UnrealEngine/Common/DerivedDataCache/9/3/1/TEXTURE_E01F4250BECD420DA9CE63B5EECEC2C2_OODLE_AUTODXT_11_A4ABE637480C201685DD__7DB2A304C4A6A6E14C3B12E9F2F478572B2386E9.udd" 4601
"C:/Users/shashinda adithya/AppData/Local/UnrealEngine/Common/DerivedDataCache/4/4/5/TEXTURE_E01F4250BECD420DA9CE63B5EECEC2C2_OODLE_AUTODXT_11_A4ABE637480C201685DD__D8E0AFF302332E41A47D58164F2DB4048053B875.udd" 4602
"C:/Users/shashinda adithya/AppData/Local/UnrealEngine/Common/DerivedDataCache/8/6/9/TEXTURE_E01F4250BECD420DA9CE63B5EECEC2C2_OODLE_AUTODXT_11_A4ABE637480C201685DD__41FA60E87273EDD25B5B4D4BA82766134A1D3AE9.udd" 4603
"C:/Users/shashinda adithya/AppData/Local/UnrealEngine/Common/DerivedDataCache/0/5/8/TEXTURE_E01F4250BECD420DA9CE63B5EECEC2C2_OODLE_AUTODXT_11_A4ABE637480C201685DD__F6F1938D092A59DDB20F2A8B6EF7448CA6D60E25.udd" 4604
"C:/Users/shashinda adithya/AppData/Local/UnrealEngine/Common/DerivedDataCache/5/0/8/TEXTURE_E01F4250BECD420DA9CE63B5EECEC2C2_OODLE_AUTODXT_11_A4ABE637480C201685DD__19F01CA50C7042041C59D8CB34F3FF2E881D0E14.udd" 4605
"C:/Users/shashinda adithya/AppData/Local/UnrealEngine/Common/DerivedDataCache/5/5/6/TEXTURE_E01F4250BECD420DA9CE63B5EECEC2C2_OODLE_AUTODXT_11_A4ABE637480C201685DD__A693120063D567B7FE1428D67E239F7CCED76D47.udd" 4606
"C:/Users/shashinda adithya/AppData/Local/UnrealEngine/Common/DerivedDataCache/5/5/5/TEXTURE_E01F4250BECD420DA9CE63B5EECEC2C2_OODLE_BC5_11_78DB93244A03F30C085F3886__4A5BCF94FC4DC4E7F7257BC1EF75E8633BFA1044.udd" 4607
"C:/Users/shashinda adithya/AppData/Local/UnrealEngine/Common/DerivedDataCache/5/5/3/TEXTURE_E01F4250BECD420DA9CE63B5EECEC2C2_OODLE_BC5_11_78DB93244A03F30C085F3886__BBA5A83855F5EB61D466D4A8C925F6BC6F545A21.udd" 4608
"C:/Users/shashinda adithya/AppData/Local/UnrealEngine/Common/DerivedDataCache/5/9/6/TEXTURE_E01F4250BECD420DA9CE63B5EECEC2C2_OODLE_BC5_11_78DB93244A03F30C085F3886__D3CB0BF67ECC97912294C8E26761A6A5DAF0C2B7.udd" 4609
"C:/Users/shashinda adithya/AppData/Local/UnrealEngine/Common/DerivedDataCache/4/8/7/TEXTURE_E01F4250BECD420DA9CE63B5EECEC2C2_OODLE_BC5_11_78DB93244A03F30C085F3886__D0565D8190CE2A1DB434F7C360E4F9516D05A201.udd" 4610
"C:/Users/shashinda adithya/AppData/Local/UnrealEngine/Common/DerivedDataCache/6/2/8/TEXTURE_E01F4250BECD420DA9CE63B5EECEC2C2_OODLE_BC5_11_78DB93244A03F30C085F3886__B02BC4B7F08EC0D41AC452B00B2846B4FA20E610.udd" 4611
"C:/Users/shashinda adithya/AppData/Local/UnrealEngine/Common/DerivedDataCache/8/1/6/TEXTURE_E01F4250BECD420DA9CE63B5EECEC2C2_OODLE_BC5_11_78DB93244A03F30C085F3886__B64A5D2B4FABFF4F924D0B98A53B13E4541A7746.udd" 4612
"C:/Users/shashinda adithya/AppData/Local/UnrealEngine/Common/DerivedDataCache/8/1/8/TEXTURE_E01F4250BECD420DA9CE63B5EECEC2C2_OODLE_AUTODXT_11_1825AE734727D7CEB7D1__33D5F44A96E7DB8A7387EB09B09EF34A6997479C.udd" 4613
"C:/Users/shashinda adithya/AppData/Local/UnrealEngine/Common/DerivedDataCache/1/6/7/TEXTURE_E01F4250BECD420DA9CE63B5EECEC2C2_OODLE_AUTODXT_11_1825AE734727D7CEB7D1__4BB1CB0A1E445D61DB2C472E461CB9235E4FD4AD.udd" 4614
"C:/Users/shashinda adithya/AppData/Local/UnrealEngine/Common/DerivedDataCache/5/5/0/TEXTURE_E01F4250BECD420DA9CE63B5EECEC2C2_OODLE_AUTODXT_11_1825AE734727D7CEB7D1__9E049C77B64B6D493773702691825B5EE3B4D5F2.udd" 4615
"C:/Users/shashinda adithya/AppData/Local/UnrealEngine/Common/DerivedDataCache/9/8/8/TEXTURE_E01F4250BECD420DA9CE63B5EECEC2C2_OODLE_AUTODXT_11_1825AE734727D7CEB7D1__DD0455FDE5C0150D4B7B9731869FCF29D665B55C.udd" 4616
"C:/Users/shashinda adithya/AppData/Local/UnrealEngine/Common/DerivedDataCache/6/8/1/TEXTURE_E01F4250BECD420DA9CE63B5EECEC2C2_OODLE_AUTODXT_11_1825AE734727D7CEB7D1__A2E2772BC5FEC0BFDDCE572A36F2C204C60F1429.udd" 4617
"C:/Users/shashinda adithya/AppData/Local/UnrealEngine/Common/DerivedDataCache/2/5/4/TEXTURE_E01F4250BECD420DA9CE63B5EECEC2C2_OODLE_AUTODXT_11_1825AE734727D7CEB7D1__5D4FC92806B38BC0847709DC04E4A2C02EF970D5.udd" 4618
"C:/Users/shashinda adithya/AppData/Local/UnrealEngine/Common/DerivedDataCache/7/7/6/TEXTURE_E01F4250BECD420DA9CE63B5EECEC2C2_OODLE_AUTODXT_11_D566C2274CEEECC56B51__C7FDE7CE75A888A25D344F5205AD8A0700BDF702.udd" 4619
"C:/Users/shashinda adithya/AppData/Local/UnrealEngine/Common/DerivedDataCache/3/5/6/TEXTURE_E01F4250BECD420DA9CE63B5EECEC2C2_OODLE_AUTODXT_11_D566C2274CEEECC56B51__C999308485EE3A945386099E952928324D30EE3A.udd" 4620
"C:/Users/shashinda adithya/AppData/Local/UnrealEngine/Common/DerivedDataCache/7/8/6/TEXTURE_E01F4250BECD420DA9CE63B5EECEC2C2_OODLE_AUTODXT_11_D566C2274CEEECC56B51__7D00FF664B58229A1DF3262FF638F88C095F9E86.udd" 4621
"C:/Users/shashinda adithya/AppData/Local/UnrealEngine/Common/DerivedDataCache/7/1/7/TEXTURE_E01F4250BECD420DA9CE63B5EECEC2C2_OODLE_AUTODXT_11_D566C2274CEEECC56B51__5FEAD5075C96D14C8D115E45F42307905EF81B43.udd" 4622
"C:/Users/shashinda adithya/AppData/Local/UnrealEngine/Common/DerivedDataCache/3/1/1/TEXTURE_E01F4250BECD420DA9CE63B5EECEC2C2_OODLE_AUTODXT_11_D566C2274CEEECC56B51__4D382F6DA58D2322D76B587AF4B7166950346D91.udd" 4623
"C:/Users/shashinda adithya/AppData/Local/UnrealEngine/Common/DerivedDataCache/2/7/9/TEXTURE_E01F4250BECD420DA9CE63B5EECEC2C2_OODLE_AUTODXT_11_D566C2274CEEECC56B51__F91E26E3041611A80991A90E184FDCA641003B27.udd" 4624
"C:/Users/shashinda adithya/AppData/Local/UnrealEngine/Common/DerivedDataCache/2/7/4/TEXTURE_E01F4250BECD420DA9CE63B5EECEC2C2_OODLE_BC5_11_B79A81F74B101893E8CA60BA__1FE5D47789599353C41901FEFEC705FDAD97FE48.udd" 4625
"C:/Users/shashinda adithya/AppData/Local/UnrealEngine/Common/DerivedDataCache/3/0/1/TEXTURE_E01F4250BECD420DA9CE63B5EECEC2C2_OODLE_BC5_11_B79A81F74B101893E8CA60BA__84CE66C0707D29895CDF19A324817A20F0630148.udd" 4626
"C:/Users/shashinda adithya/AppData/Local/UnrealEngine/Common/DerivedDataCache/8/2/3/TEXTURE_E01F4250BECD420DA9CE63B5EECEC2C2_OODLE_BC5_11_B79A81F74B101893E8CA60BA__7BCF9207CC50C4F014915605040F39157319DFB3.udd" 4627
"C:/Users/shashinda adithya/AppData/Local/UnrealEngine/Common/DerivedDataCache/0/7/6/TEXTURE_E01F4250BECD420DA9CE63B5EECEC2C2_OODLE_BC5_11_B79A81F74B101893E8CA60BA__FDD23E77B8010F2B4A19A68A70C0053BD2C32277.udd" 4628
"C:/Users/shashinda adithya/AppData/Local/UnrealEngine/Common/DerivedDataCache/9/5/6/TEXTURE_E01F4250BECD420DA9CE63B5EECEC2C2_OODLE_BC5_11_B79A81F74B101893E8CA60BA__E09A99DC6666476A492D67248A12D5265CA77092.udd" 4629
"C:/Users/shashinda adithya/AppData/Local/UnrealEngine/Common/DerivedDataCache/2/7/5/TEXTURE_E01F4250BECD420DA9CE63B5EECEC2C2_OODLE_BC5_11_B79A81F74B101893E8CA60BA__1A708C36A1CE4126D143EB83B3A6D67ABFBFFEEA.udd" 4630
"C:/Users/shashinda adithya/AppData/Local/UnrealEngine/Common/DerivedDataCache/9/5/6/TEXTURE_E01F4250BECD420DA9CE63B5EECEC2C2_OODLE_AUTODXT_11_C2F70F2C46C3B0024678__2F897ADD59481D70FBCEA9F290B7ADC6D11AAF88.udd" 4631
"C:/Users/shashinda adithya/AppData/Local/UnrealEngine/Common/DerivedDataCache/8/0/0/TEXTURE_E01F4250BECD420DA9CE63B5EECEC2C2_OODLE_AUTODXT_11_C2F70F2C46C3B0024678__85926604FF4FADA6B27B2B34A5DD2E7E1D99DF58.udd" 4632
"C:/Users/shashinda adithya/AppData/Local/UnrealEngine/Common/DerivedDataCache/9/8/9/TEXTURE_E01F4250BECD420DA9CE63B5EECEC2C2_OODLE_AUTODXT_11_C2F70F2C46C3B0024678__A7953719186B02729B2CA3E340F7CAC1319AF39D.udd" 4633
"C:/Users/shashinda adithya/AppData/Local/UnrealEngine/Common/DerivedDataCache/5/7/9/TEXTURE_E01F4250BECD420DA9CE63B5EECEC2C2_OODLE_AUTODXT_11_C2F70F2C46C3B0024678__5727E234BFCBF9A847C03924CAAD626D91E8FDFD.udd" 4634
"C:/Users/shashinda adithya/AppData/Local/UnrealEngine/Common/DerivedDataCache/7/1/2/TEXTURE_E01F4250BECD420DA9CE63B5EECEC2C2_OODLE_AUTODXT_11_C2F70F2C46C3B0024678__8CB6F90EB8EDFE86789E7E57375FA5AA17749767.udd" 4635
"C:/Users/shashinda adithya/AppData/Local/UnrealEngine/Common/DerivedDataCache/1/8/4/TEXTURE_E01F4250BECD420DA9CE63B5EECEC2C2_OODLE_AUTODXT_11_C2F70F2C46C3B0024678__548F38AE91267A2E887F73ED728FB4F5C14DC490.udd" 4636
"C:/Users/shashinda adithya/AppData/Local/UnrealEngine/Common/DerivedDataCache/4/1/7/TEXTURE_E01F4250BECD420DA9CE63B5EECEC2C2_OODLE_AUTODXT_11_51749D5D4ED3A0C18F6B__8C1F5CCD969397D7AE61D33B166B029AC06D85D3.udd" 4637
"C:/Users/shashinda adithya/AppData/Local/UnrealEngine/Common/DerivedDataCache/2/6/7/TEXTURE_E01F4250BECD420DA9CE63B5EECEC2C2_OODLE_AUTODXT_11_51749D5D4ED3A0C18F6B__36E041438468442656DBEF0CCC64D552D669C52F.udd" 4638
"C:/Users/shashinda adithya/AppData/Local/UnrealEngine/Common/DerivedDataCache/5/3/5/TEXTURE_E01F4250BECD420DA9CE63B5EECEC2C2_OODLE_AUTODXT_11_51749D5D4ED3A0C18F6B__026C7847DFB81E2F25077C8AAF53F140CFFC0AD1.udd" 4639
"C:/Users/shashinda adithya/AppData/Local/UnrealEngine/Common/DerivedDataCache/5/0/4/TEXTURE_E01F4250BECD420DA9CE63B5EECEC2C2_OODLE_AUTODXT_11_51749D5D4ED3A0C18F6B__9F84A5D159E218590AB445ECF4892587E7D55C67.udd" 4640
"C:/Users/shashinda adithya/AppData/Local/UnrealEngine/Common/DerivedDataCache/6/3/1/TEXTURE_E01F4250BECD420DA9CE63B5EECEC2C2_OODLE_AUTODXT_11_51749D5D4ED3A0C18F6B__C00CEA83E562BC10FF9053442EAA1D25CCDB7F72.udd" 4641
"C:/Users/shashinda adithya/AppData/Local/UnrealEngine/Common/DerivedDataCache/3/4/5/TEXTURE_E01F4250BECD420DA9CE63B5EECEC2C2_OODLE_AUTODXT_11_51749D5D4ED3A0C18F6B__4E9985F65F4D47BFC0F16CCA6A901CD850F58343.udd" 4642
"C:/Users/shashinda adithya/AppData/Local/UnrealEngine/Common/DerivedDataCache/4/3/4/TEXTURE_E01F4250BECD420DA9CE63B5EECEC2C2_OODLE_BC5_11_25AC6D4B4692C769C1C1C6B1__5E50498163493D54BDB06D7C2D4E88675B83FE47.udd" 4643
"C:/Users/shashinda adithya/AppData/Local/UnrealEngine/Common/DerivedDataCache/7/7/4/TEXTURE_E01F4250BECD420DA9CE63B5EECEC2C2_OODLE_BC5_11_25AC6D4B4692C769C1C1C6B1__EF9DA8C1D67FC1D0B44D59B6894EA9BD59EF5E68.udd" 4644
"C:/Users/shashinda adithya/AppData/Local/UnrealEngine/Common/DerivedDataCache/7/8/7/TEXTURE_E01F4250BECD420DA9CE63B5EECEC2C2_OODLE_BC5_11_25AC6D4B4692C769C1C1C6B1__B996BDEA1D4E4027ED56DB49CD58215B5892F93D.udd" 4645
"C:/Users/shashinda adithya/AppData/Local/UnrealEngine/Common/DerivedDataCache/0/8/8/TEXTURE_E01F4250BECD420DA9CE63B5EECEC2C2_OODLE_BC5_11_25AC6D4B4692C769C1C1C6B1__FA0F281CB18DE26933EA732C6E53B9E893E1D8B5.udd" 4646
"C:/Users/shashinda adithya/AppData/Local/UnrealEngine/Common/DerivedDataCache/1/2/1/TEXTURE_E01F4250BECD420DA9CE63B5EECEC2C2_OODLE_BC5_11_25AC6D4B4692C769C1C1C6B1__BFA61AC5339D845B19298645ACB468882A0826DE.udd" 4647
"C:/Users/shashinda adithya/AppData/Local/UnrealEngine/Common/DerivedDataCache/0/5/3/TEXTURE_E01F4250BECD420DA9CE63B5EECEC2C2_OODLE_BC5_11_25AC6D4B4692C769C1C1C6B1__CC42E906724884400BFA351BF5CFCFCC52C7ED5F.udd" 4648
"C:/Users/shashinda adithya/AppData/Local/UnrealEngine/Common/DerivedDataCache/1/8/4/TEXTURE_E01F4250BECD420DA9CE63B5EECEC2C2_OODLE_AUTODXT_11_A40BD6F6439509BBD906__BB4D317D7C2AB786AE07A31703E82D881D6487BC.udd" 4649
"C:/Users/shashinda adithya/AppData/Local/UnrealEngine/Common/DerivedDataCache/2/3/7/TEXTURE_E01F4250BECD420DA9CE63B5EECEC2C2_OODLE_AUTODXT_11_A40BD6F6439509BBD906__F0EFB3DE5981E2AB5926262D07FC1417F8ED7BA0.udd" 4650
"C:/Users/shashinda adithya/AppData/Local/UnrealEngine/Common/DerivedDataCache/9/0/4/TEXTURE_E01F4250BECD420DA9CE63B5EECEC2C2_OODLE_AUTODXT_11_A40BD6F6439509BBD906__7F6FA2D885CC60BD80967DEBA18996786736E10B.udd" 4651
"C:/Users/shashinda adithya/AppData/Local/UnrealEngine/Common/DerivedDataCache/2/8/4/TEXTURE_E01F4250BECD420DA9CE63B5EECEC2C2_OODLE_AUTODXT_11_A40BD6F6439509BBD906__62FA470851EE0F3ED58D10D5262CF71251592210.udd" 4652
"C:/Users/shashinda adithya/AppData/Local/UnrealEngine/Common/DerivedDataCache/1/5/2/TEXTURE_E01F4250BECD420DA9CE63B5EECEC2C2_OODLE_AUTODXT_11_A40BD6F6439509BBD906__157EE02AEC7422B2856EAE4F648556C8409EF4F5.udd" 4653
"C:/Users/shashinda adithya/AppData/Local/UnrealEngine/Common/DerivedDataCache/0/3/2/TEXTURE_E01F4250BECD420DA9CE63B5EECEC2C2_OODLE_AUTODXT_11_A40BD6F6439509BBD906__40334643A855A9F40BDEA5F624096A397D4684C9.udd" 4654
"C:/Users/shashinda adithya/AppData/Local/UnrealEngine/Common/DerivedDataCache/8/2/0/TEXTURE_E01F4250BECD420DA9CE63B5EECEC2C2_OODLE_AUTODXT_11_3C6367764B4803C08224__749FE0AE9BF199CAFEE4CD5A27E19C73421B571E.udd" 4655
"C:/Users/shashinda adithya/AppData/Local/UnrealEngine/Common/DerivedDataCache/0/0/9/TEXTURE_E01F4250BECD420DA9CE63B5EECEC2C2_OODLE_AUTODXT_11_3C6367764B4803C08224__EB2449ED084CA1FEF69A2A6992D82C347874BECE.udd" 4656
"C:/Users/shashinda adithya/AppData/Local/UnrealEngine/Common/DerivedDataCache/2/7/1/TEXTURE_E01F4250BECD420DA9CE63B5EECEC2C2_OODLE_AUTODXT_11_3C6367764B4803C08224__69571FF890CEB8E49A90FC4B945339D44061A194.udd" 4657
"C:/Users/shashinda adithya/AppData/Local/UnrealEngine/Common/DerivedDataCache/2/9/9/TEXTURE_E01F4250BECD420DA9CE63B5EECEC2C2_OODLE_AUTODXT_11_3C6367764B4803C08224__4DA4760F477D358F5011949508618B40404A71FA.udd" 4658
"C:/Users/shashinda adithya/AppData/Local/UnrealEngine/Common/DerivedDataCache/9/1/3/TEXTURE_E01F4250BECD420DA9CE63B5EECEC2C2_OODLE_AUTODXT_11_3C6367764B4803C08224__2F323A297F3FB4AC8F64C96EA2EB86E86EAD7669.udd" 4659
"C:/Users/shashinda adithya/AppData/Local/UnrealEngine/Common/DerivedDataCache/8/4/8/TEXTURE_E01F4250BECD420DA9CE63B5EECEC2C2_OODLE_AUTODXT_11_3C6367764B4803C08224__8B8971E02D98630ABB12CC15E65674D6812275E1.udd" 4660
"C:/Users/shashinda adithya/AppData/Local/UnrealEngine/Common/DerivedDataCache/9/7/3/TEXTURE_E01F4250BECD420DA9CE63B5EECEC2C2_OODLE_AUTODXT_11_93CC00BE4084184964D6__9E338BA4962510CC29D23861B5835E1DDBCB321C.udd" 4661
"C:/Users/shashinda adithya/AppData/Local/UnrealEngine/Common/DerivedDataCache/0/0/6/TEXTURE_E01F4250BECD420DA9CE63B5EECEC2C2_OODLE_DXT1_11_130B7E2D4F1C137C52D7618__AFE65E895C01B08E5F5B275EA8B6305652C32A5F.udd" 4662
"C:/Users/shashinda adithya/AppData/Local/UnrealEngine/Common/DerivedDataCache/1/7/7/TEXTURE_E01F4250BECD420DA9CE63B5EECEC2C2_OODLE_AUTODXT_11_2C1774BD4C8E74050423__36BB5A45D88F29C3B4FD21498292B8D90C9CDB25.udd" 4663
"C:/Users/shashinda adithya/AppData/Local/UnrealEngine/Common/DerivedDataCache/4/3/2/TEXTURE_E01F4250BECD420DA9CE63B5EECEC2C2_OODLE_DXT1_11_2DECB800E34DEFB5A4363E8__6FCED61AD10105DFE38C4B63A59284536556625C.udd" 4664
"C:/Users/shashinda adithya/AppData/Local/UnrealEngine/Common/DerivedDataCache/3/1/7/TEXTURE_E01F4250BECD420DA9CE63B5EECEC2C2_OODLE_DXT1_11_2DECB800E34DEFB5A4363E8__2069AEC84A5FA405C30184F4970934179A32E007.udd" 4665
"C:/Users/shashinda adithya/AppData/Local/UnrealEngine/Common/DerivedDataCache/5/5/1/TEXTURE_E01F4250BECD420DA9CE63B5EECEC2C2_OODLE_DXT1_11_2DECB800E34DEFB5A4363E8__BC0C1BD2336454C35544D4D6C565FEFECB1CECEE.udd" 4666
"C:/Users/shashinda adithya/AppData/Local/UnrealEngine/Common/DerivedDataCache/7/7/4/TEXTURE_E01F4250BECD420DA9CE63B5EECEC2C2_OODLE_DXT1_11_2DECB800E34DEFB5A4363E8__72EC26132F8232413AA0236062865399BC51C6F2.udd" 4667
"C:/Users/shashinda adithya/AppData/Local/UnrealEngine/Common/DerivedDataCache/2/6/9/TEXTURE_E01F4250BECD420DA9CE63B5EECEC2C2_OODLE_DXT1_11_2DECB800E34DEFB5A4363E8__9B13CD049ADB6EF610DE32ED859D5B57A8DBD750.udd" 4668
"C:/Users/shashinda adithya/AppData/Local/UnrealEngine/Common/DerivedDataCache/7/4/4/TEXTURE_E01F4250BECD420DA9CE63B5EECEC2C2_OODLE_DXT1_11_2DECB800E34DEFB5A4363E8__CC3892F5A92F732CF7C076496F7C094348737F49.udd" 4669
"C:/Users/shashinda adithya/AppData/Local/UnrealEngine/Common/DerivedDataCache/5/2/6/TEXTURE_E01F4250BECD420DA9CE63B5EECEC2C2_OODLE_AUTODXT_11_A9696204534A5D9D38CE__36D6AE730F162AAEEB120F957650AAC708DA94F9.udd" 4670
"C:/Users/shashinda adithya/AppData/Local/UnrealEngine/Common/DerivedDataCache/7/5/0/MATSM_0BA69734E4FD45E082FA4560DBE25454_PCD3D_SM5_8__BC5N_NOCCBN_NOIRIS_DEV_SL___8EAC653F79E86931D0DFCBF19F1264847D321A31.udd" 4671
"C:/Users/shashinda adithya/AppData/Local/UnrealEngine/Common/DerivedDataCache/2/6/8/TEXTURE_E01F4250BECD420DA9CE63B5EECEC2C2_OODLE_AUTODXT_11_02E256D14340E6F46E7D__04A2570B1B25E6244B95C733352E25689C2174DC.udd" 4672
"C:/Users/shashinda adithya/AppData/Local/UnrealEngine/Common/DerivedDataCache/4/7/7/TEXTURE_E01F4250BECD420DA9CE63B5EECEC2C2_OODLE_AUTODXT_11_02E256D14340E6F46E7D__FCA93963D792A99654D0E88A8740651F6FBF9FE1.udd" 4673
"C:/Users/shashinda adithya/AppData/Local/UnrealEngine/Common/DerivedDataCache/1/0/7/TEXTURE_E01F4250BECD420DA9CE63B5EECEC2C2_OODLE_AUTODXT_11_02E256D14340E6F46E7D__FC91BA3E3228E4D714E1DE8ED23F4C8E811FF680.udd" 4674
"C:/Users/shashinda adithya/AppData/Local/UnrealEngine/Common/DerivedDataCache/2/7/3/TEXTURE_E01F4250BECD420DA9CE63B5EECEC2C2_OODLE_AUTODXT_11_02E256D14340E6F46E7D__30B6B37C58650AE5F8CD4A09086DD2393B193370.udd" 4675
"C:/Users/shashinda adithya/AppData/Local/UnrealEngine/Common/DerivedDataCache/3/9/4/TEXTURE_E01F4250BECD420DA9CE63B5EECEC2C2_OODLE_AUTODXT_11_02E256D14340E6F46E7D__AEF84C162BDA01E471139092EF0A31AC49BBFE47.udd" 4676
"C:/Users/shashinda adithya/AppData/Local/UnrealEngine/Common/DerivedDataCache/5/8/0/TEXTURE_E01F4250BECD420DA9CE63B5EECEC2C2_OODLE_AUTODXT_11_8215E96080438CB9697B__A8A82221DBCFD4B9936BB84BCB2794B596855A70.udd" 4677
"C:/Users/shashinda adithya/AppData/Local/UnrealEngine/Common/DerivedDataCache/4/7/9/TEXTURE_E01F4250BECD420DA9CE63B5EECEC2C2_OODLE_AUTODXT_11_8215E96080438CB9697B__BA2F6ADABC149A6D24A55272C31D955D59C2D619.udd" 4678
"C:/Users/shashinda adithya/AppData/Local/UnrealEngine/Common/DerivedDataCache/5/4/2/TEXTURE_E01F4250BECD420DA9CE63B5EECEC2C2_OODLE_AUTODXT_11_8215E96080438CB9697B__D321E2DAD6702CABB7FA10C6E5F974EABCEBDDC9.udd" 4679
"C:/Users/shashinda adithya/AppData/Local/UnrealEngine/Common/DerivedDataCache/7/0/8/TEXTURE_E01F4250BECD420DA9CE63B5EECEC2C2_OODLE_AUTODXT_11_8215E96080438CB9697B__4E6E1C62BD59E4A6FD244E90A09A7F1DC18E9155.udd" 4680
"C:/Users/shashinda adithya/AppData/Local/UnrealEngine/Common/DerivedDataCache/5/0/7/TEXTURE_E01F4250BECD420DA9CE63B5EECEC2C2_OODLE_AUTODXT_11_8215E96080438CB9697B__8824027AEAF8AC67192A0547292C15CF25ED0A36.udd" 4681
"C:/Users/shashinda adithya/AppData/Local/UnrealEngine/Common/DerivedDataCache/1/4/1/MATSM_0BA69734E4FD45E082FA4560DBE25454_PCD3D_SM5_8__BC5N_NOCCBN_NOIRIS_DEV_SL___BBA1FDCC3F504C13E2798A8CFFDB8118A8C2A1A9.udd" 4682
"C:/Users/shashinda adithya/AppData/Local/UnrealEngine/Common/DerivedDataCache/0/8/1/TEXTURE_E01F4250BECD420DA9CE63B5EECEC2C2_OODLE_DXT1_11_5E50653618446D07425F93B__0119E0B8FFEAB9D5A1CD581F9F5918B1B29CD5D1.udd" 4683
"C:/Users/shashinda adithya/AppData/Local/UnrealEngine/Common/DerivedDataCache/8/1/7/TEXTURE_E01F4250BECD420DA9CE63B5EECEC2C2_OODLE_DXT1_11_5E50653618446D07425F93B__6395FF782758AB1C06F6F4ACFF6C39A15CAE18EB.udd" 4684
"C:/Users/shashinda adithya/AppData/Local/UnrealEngine/Common/DerivedDataCache/0/0/5/TEXTURE_E01F4250BECD420DA9CE63B5EECEC2C2_OODLE_DXT1_11_5E50653618446D07425F93B__EB3F0FF6DC87F9DD13A5A7ED6459681BEFBD4849.udd" 4685
"C:/Users/shashinda adithya/AppData/Local/UnrealEngine/Common/DerivedDataCache/4/6/0/TEXTURE_E01F4250BECD420DA9CE63B5EECEC2C2_OODLE_DXT1_11_5E50653618446D07425F93B__A7E79011E4870C2C63C25FA129C4889FC17CD34A.udd" 4686
"C:/Users/shashinda adithya/AppData/Local/UnrealEngine/Common/DerivedDataCache/2/7/7/TEXTURE_E01F4250BECD420DA9CE63B5EECEC2C2_OODLE_AUTODXT_11_C6941C46054B8839A3DE__42DF4023A6A747976C545CE7F80BB45CEC62B78F.udd" 4687
"C:/Users/shashinda adithya/AppData/Local/UnrealEngine/Common/DerivedDataCache/4/2/7/TEXTURE_E01F4250BECD420DA9CE63B5EECEC2C2_OODLE_AUTODXT_11_C6941C46054B8839A3DE__2F702017583786DF3F557FA3896BD4EC82CA10CD.udd" 4688
"C:/Users/shashinda adithya/AppData/Local/UnrealEngine/Common/DerivedDataCache/7/6/8/TEXTURE_E01F4250BECD420DA9CE63B5EECEC2C2_OODLE_AUTODXT_11_C6941C46054B8839A3DE__52A1221A253502CCC3994FE0E5ADEC4D3603A86E.udd" 4689
"C:/Users/shashinda adithya/AppData/Local/UnrealEngine/Common/DerivedDataCache/5/6/9/TEXTURE_E01F4250BECD420DA9CE63B5EECEC2C2_OODLE_AUTODXT_11_C6941C46054B8839A3DE__79E8DE569FD9F524BB0752F554792D9FA303BEF8.udd" 4690
"C:/Users/shashinda adithya/AppData/Local/UnrealEngine/Common/DerivedDataCache/5/4/6/TEXTURE_E01F4250BECD420DA9CE63B5EECEC2C2_OODLE_AUTODXT_11_C6941C46054B8839A3DE__50C7C154F6D919C2A2B774730DD22FA22FA77365.udd" 4691
"C:/Users/shashinda adithya/AppData/Local/UnrealEngine/Common/DerivedDataCache/0/1/4/TEXTURE_E01F4250BECD420DA9CE63B5EECEC2C2_OODLE_DXT1_11_C240E9CC9441270F0C04789__0313F521D4E408E0E13D355AA5F0C868982EF974.udd" 4692
"C:/Users/shashinda adithya/AppData/Local/UnrealEngine/Common/DerivedDataCache/3/6/0/TEXTURE_E01F4250BECD420DA9CE63B5EECEC2C2_OODLE_DXT1_11_C240E9CC9441270F0C04789__4972758A05612212E076DD35F783E3C3DB41CBD3.udd" 4693
"C:/Users/shashinda adithya/AppData/Local/UnrealEngine/Common/DerivedDataCache/5/9/5/TEXTURE_E01F4250BECD420DA9CE63B5EECEC2C2_OODLE_DXT1_11_C240E9CC9441270F0C04789__DFB08084A70CBC96CE56F6173E808B671D0D3E54.udd" 4694
"C:/Users/shashinda adithya/AppData/Local/UnrealEngine/Common/DerivedDataCache/0/6/4/TEXTURE_E01F4250BECD420DA9CE63B5EECEC2C2_OODLE_DXT1_11_C240E9CC9441270F0C04789__53599AFCB1FF95F3B40E30805376FBC84C4DCA11.udd" 4695
"C:/Users/shashinda adithya/AppData/Local/UnrealEngine/Common/DerivedDataCache/8/0/9/TEXTURE_E01F4250BECD420DA9CE63B5EECEC2C2_OODLE_DXT1_11_C240E9CC9441270F0C04789__40DA0AEFE10484AB00A31FD6A5EA902C9178CE5B.udd" 4696
"C:/Users/shashinda adithya/AppData/Local/UnrealEngine/Common/DerivedDataCache/4/6/5/TEXTURE_E01F4250BECD420DA9CE63B5EECEC2C2_OODLE_DXT1_11_C240E9CC9441270F0C04789__377D52688164E2CA7588B3F5146EFE782066895A.udd" 4697
"C:/Users/shashinda adithya/AppData/Local/UnrealEngine/Common/DerivedDataCache/7/2/2/MATSM_0BA69734E4FD45E082FA4560DBE25454_PCD3D_SM5_8__BC5N_NOCCBN_NOIRIS_DEV_SL___BC0BA7E5D56FF0C253D5E6B7606F7FCEC72C4942.udd" 4698
"C:/Users/shashinda adithya/AppData/Local/UnrealEngine/Common/DerivedDataCache/2/1/0/MATSM_0BA69734E4FD45E082FA4560DBE25454_PCD3D_SM5_8__BC5N_NOCCBN_NOIRIS_DEV_SL___1413C75113E26C410EDD1A86DEF0DB25CD071D90.udd" 4699
"C:/Users/shashinda adithya/AppData/Local/UnrealEngine/Common/DerivedDataCache/0/8/1/MATSM_0BA69734E4FD45E082FA4560DBE25454_PCD3D_SM5_8__BC5N_NOCCBN_NOIRIS_DEV_SL___1118187789625843FB7630657DD7AC03760D09DC.udd" 4700
"C:/Users/shashinda adithya/AppData/Local/UnrealEngine/Common/DerivedDataCache/1/2/5/TEXTURE_E01F4250BECD420DA9CE63B5EECEC2C2_OODLE_AUTODXT_11_CA8E535DC242A38F487D__21C8C4EA36D966405FEB7CA397FB7CF5AC935D48.udd" 4701
"C:/Users/shashinda adithya/AppData/Local/UnrealEngine/Common/DerivedDataCache/6/1/2/TEXTURE_E01F4250BECD420DA9CE63B5EECEC2C2_OODLE_AUTODXT_11_CA8E535DC242A38F487D__E540D8AEADA29F2567E14B2172CDA74632CC28D5.udd" 4702
"C:/Users/shashinda adithya/AppData/Local/UnrealEngine/Common/DerivedDataCache/8/5/9/TEXTURE_E01F4250BECD420DA9CE63B5EECEC2C2_OODLE_AUTODXT_11_CA8E535DC242A38F487D__48BBE6FA5862952FA5821E4E93A5AAC6D1346C3C.udd" 4703
"C:/Users/shashinda adithya/AppData/Local/UnrealEngine/Common/DerivedDataCache/8/4/9/TEXTURE_E01F4250BECD420DA9CE63B5EECEC2C2_OODLE_AUTODXT_11_CA8E535DC242A38F487D__485B1F51105D5589B0A589EBDDC924F5B2797108.udd" 4704
"C:/Users/shashinda adithya/AppData/Local/UnrealEngine/Common/DerivedDataCache/0/6/5/MATSM_0BA69734E4FD45E082FA4560DBE25454_PCD3D_SM5_8__BC5N_NOCCBN_NOIRIS_DEV_SL___22D9853B08504DCAF13437EB7A6D83013F47E11E.udd" 4705
"C:/Users/shashinda adithya/AppData/Local/UnrealEngine/Common/DerivedDataCache/9/1/2/TEXTURE_E01F4250BECD420DA9CE63B5EECEC2C2_OODLE_AUTODXT_11_B760D1E4994CD4EF7EED__9A697CB495016D8F79EE7FF1A0E0B23AFE9450D2.udd" 4706
"C:/Users/shashinda adithya/AppData/Local/UnrealEngine/Common/DerivedDataCache/7/5/9/TEXTURE_E01F4250BECD420DA9CE63B5EECEC2C2_OODLE_AUTODXT_11_B760D1E4994CD4EF7EED__8DCBE23141D1BE80033B87CB48237CE10C3422A2.udd" 4707
"C:/Users/shashinda adithya/AppData/Local/UnrealEngine/Common/DerivedDataCache/0/9/1/TEXTURE_E01F4250BECD420DA9CE63B5EECEC2C2_OODLE_AUTODXT_11_B760D1E4994CD4EF7EED__E9749D1DB390EA9B133F386C2D5CC2F854196DA4.udd" 4708
"C:/Users/shashinda adithya/AppData/Local/UnrealEngine/Common/DerivedDataCache/3/4/5/TEXTURE_E01F4250BECD420DA9CE63B5EECEC2C2_OODLE_AUTODXT_11_8BEAA0188B4B4A1FBA3C__819D256C350D592F6874D1B8CE0B55257D2951C7.udd" 4709
"C:/Users/shashinda adithya/AppData/Local/UnrealEngine/Common/DerivedDataCache/3/2/0/MATSM_0BA69734E4FD45E082FA4560DBE25454_PCD3D_SM5_8__BC5N_NOCCBN_NOIRIS_DEV_SL___BBFFA151BAD274F5A8DD99BD40FEAD845462A954.udd" 4710
"C:/Users/shashinda adithya/AppData/Local/UnrealEngine/Common/DerivedDataCache/3/1/9/TEXTURE_E01F4250BECD420DA9CE63B5EECEC2C2_OODLE_DXT1_11_8D1C66F4634F3C59B0C152B__540A67F3DEBA7A622802452EE85C0840F1C62EBC.udd" 4711
"C:/Users/shashinda adithya/AppData/Local/UnrealEngine/Common/DerivedDataCache/9/5/0/TEXTURE_E01F4250BECD420DA9CE63B5EECEC2C2_OODLE_DXT1_11_8D1C66F4634F3C59B0C152B__ABB4983E51211A2B349021C55C4B09EAF89532E0.udd" 4712
"C:/Users/shashinda adithya/AppData/Local/UnrealEngine/Common/DerivedDataCache/7/5/1/TEXTURE_E01F4250BECD420DA9CE63B5EECEC2C2_OODLE_DXT1_11_8D1C66F4634F3C59B0C152B__D993AF128B2E7C22E0F5A8EC8A130E4F001018D5.udd" 4713
"C:/Users/shashinda adithya/AppData/Local/UnrealEngine/Common/DerivedDataCache/6/7/6/TEXTURE_E01F4250BECD420DA9CE63B5EECEC2C2_OODLE_DXT1_11_8D1C66F4634F3C59B0C152B__E4C32D62BFD3D30E8DFCB43D76B271068A2A8B81.udd" 4714
"C:/Users/shashinda adithya/AppData/Local/UnrealEngine/Common/DerivedDataCache/3/1/2/TEXTURE_E01F4250BECD420DA9CE63B5EECEC2C2_OODLE_DXT1_11_32BB48E4204F21FC52A2259__B536138A32F6553B9F5C626194172A3BE73017D6.udd" 4715
"C:/Users/shashinda adithya/AppData/Local/UnrealEngine/Common/DerivedDataCache/7/9/1/TEXTURE_E01F4250BECD420DA9CE63B5EECEC2C2_OODLE_DXT1_11_32BB48E4204F21FC52A2259__2AA8B2F34C76769E2D54CB72A3BB7A0FAF919F9E.udd" 4716
"C:/Users/shashinda adithya/AppData/Local/UnrealEngine/Common/DerivedDataCache/5/4/6/TEXTURE_E01F4250BECD420DA9CE63B5EECEC2C2_OODLE_DXT1_11_32BB48E4204F21FC52A2259__9D35F30994B81EAAA05B3119D00408CF60A11950.udd" 4717
"C:/Users/shashinda adithya/AppData/Local/UnrealEngine/Common/DerivedDataCache/5/2/8/TEXTURE_E01F4250BECD420DA9CE63B5EECEC2C2_OODLE_DXT1_11_32BB48E4204F21FC52A2259__4791757E713E4544C17003F5DA53EE3654B6F046.udd" 4718
"C:/Users/shashinda adithya/AppData/Local/UnrealEngine/Common/DerivedDataCache/2/6/2/TEXTURE_E01F4250BECD420DA9CE63B5EECEC2C2_OODLE_DXT1_11_32BB48E4204F21FC52A2259__D31E7C15F3DFB6599647463E3D156973664CE75F.udd" 4719
"C:/Users/shashinda adithya/AppData/Local/UnrealEngine/Common/DerivedDataCache/2/4/2/TEXTURE_E01F4250BECD420DA9CE63B5EECEC2C2_OODLE_DXT1_11_32BB48E4204F21FC52A2259__B4ED942843C8DB3980493D6FD1D1502F2A616314.udd" 4720
"C:/Users/shashinda adithya/AppData/Local/UnrealEngine/Common/DerivedDataCache/5/9/2/TEXTURE_E01F4250BECD420DA9CE63B5EECEC2C2_OODLE_DXT1_11_CC397CDF9D48DA8F022F02A__407BB323954E4BE5E21E65D4BE68342D6C777EC7.udd" 4721
"C:/Users/shashinda adithya/AppData/Local/UnrealEngine/Common/DerivedDataCache/2/6/1/TEXTURE_E01F4250BECD420DA9CE63B5EECEC2C2_OODLE_DXT1_11_CC397CDF9D48DA8F022F02A__ED9D59DB1D9527627F671D369B39F61D1E5AE24F.udd" 4722
"C:/Users/shashinda adithya/AppData/Local/UnrealEngine/Common/DerivedDataCache/7/3/4/TEXTURE_E01F4250BECD420DA9CE63B5EECEC2C2_OODLE_DXT1_11_CC397CDF9D48DA8F022F02A__45432D5572CAB9D2330326599A4F848A000AFBCF.udd" 4723
"C:/Users/shashinda adithya/AppData/Local/UnrealEngine/Common/DerivedDataCache/2/9/9/TEXTURE_E01F4250BECD420DA9CE63B5EECEC2C2_OODLE_DXT1_11_CC397CDF9D48DA8F022F02A__FD3BD366CE03EC411399B77345C9A0AB22606356.udd" 4724
"C:/Users/shashinda adithya/AppData/Local/UnrealEngine/Common/DerivedDataCache/9/4/9/TEXTURE_E01F4250BECD420DA9CE63B5EECEC2C2_OODLE_DXT1_11_CC397CDF9D48DA8F022F02A__CD03F7449011F29199AFE513B620DA61EEE685E7.udd" 4725
"C:/Users/shashinda adithya/AppData/Local/UnrealEngine/Common/DerivedDataCache/0/2/3/TEXTURE_E01F4250BECD420DA9CE63B5EECEC2C2_OODLE_AUTODXT_11_6C6EE590FD4B4E4BC80C__BC2804D0E4C37B7E882A7641173F83817B3A9947.udd" 4726
"C:/Users/shashinda adithya/AppData/Local/UnrealEngine/Common/DerivedDataCache/0/7/2/TEXTURE_E01F4250BECD420DA9CE63B5EECEC2C2_OODLE_AUTODXT_11_6C6EE590FD4B4E4BC80C__8A5C70320A1882F04F2A7FF46AEBC02A2FBA8072.udd" 4727
"C:/Users/shashinda adithya/AppData/Local/UnrealEngine/Common/DerivedDataCache/4/2/5/TEXTURE_E01F4250BECD420DA9CE63B5EECEC2C2_OODLE_AUTODXT_11_6C6EE590FD4B4E4BC80C__A929253682C19F8EA78770506CAF2CC19FDA8B69.udd" 4728
"C:/Users/shashinda adithya/AppData/Local/UnrealEngine/Common/DerivedDataCache/0/4/6/TEXTURE_E01F4250BECD420DA9CE63B5EECEC2C2_OODLE_AUTODXT_11_6C6EE590FD4B4E4BC80C__2F9FF4BDF910EB47EF636BC12D1ABEFA657B9836.udd" 4729
"C:/Users/shashinda adithya/AppData/Local/UnrealEngine/Common/DerivedDataCache/0/9/8/TEXTURE_E01F4250BECD420DA9CE63B5EECEC2C2_OODLE_AUTODXT_11_6C6EE590FD4B4E4BC80C__91021A3B8D014CACB46987C9387F9E4DF579338B.udd" 4730
"C:/Users/shashinda adithya/AppData/Local/UnrealEngine/Common/DerivedDataCache/2/2/2/MATSM_0BA69734E4FD45E082FA4560DBE25454_PCD3D_SM5_8__BC5N_NOCCBN_NOIRIS_DEV_SL___07B204AC7A90D3A22BA0BDA8D37EBFB740D662F5.udd" 4731
"C:/Users/shashinda adithya/AppData/Local/UnrealEngine/Common/DerivedDataCache/3/9/4/TEXTURE_E01F4250BECD420DA9CE63B5EECEC2C2_OODLE_AUTODXT_11_37F3E96088485CFCD863__57F54DCC14594852E9DFBDD66517737A8F427AF3.udd" 4732
"C:/Users/shashinda adithya/AppData/Local/UnrealEngine/Common/DerivedDataCache/6/0/2/TEXTURE_E01F4250BECD420DA9CE63B5EECEC2C2_OODLE_AUTODXT_11_37F3E96088485CFCD863__E761E58BED42F0F6DF0E98E4EA4C459431CD18F6.udd" 4733
"C:/Users/shashinda adithya/AppData/Local/UnrealEngine/Common/DerivedDataCache/2/1/8/TEXTURE_E01F4250BECD420DA9CE63B5EECEC2C2_OODLE_AUTODXT_11_37F3E96088485CFCD863__288C05A9A1ED1F220F9524C1F9F19EB27DBC4AA3.udd" 4734
"C:/Users/shashinda adithya/AppData/Local/UnrealEngine/Common/DerivedDataCache/8/1/5/TEXTURE_E01F4250BECD420DA9CE63B5EECEC2C2_OODLE_AUTODXT_11_37F3E96088485CFCD863__9A651AEF689D78036D2F274446ADD45B8DA2A156.udd" 4735
"C:/Users/shashinda adithya/AppData/Local/UnrealEngine/Common/DerivedDataCache/6/3/4/TEXTURE_E01F4250BECD420DA9CE63B5EECEC2C2_OODLE_AUTODXT_11_37F3E96088485CFCD863__C620D06D7DF23C3383028A6A4DBA97E3F7759BCF.udd" 4736
"C:/Users/shashinda adithya/AppData/Local/UnrealEngine/Common/DerivedDataCache/0/7/7/TEXTURE_E01F4250BECD420DA9CE63B5EECEC2C2_OODLE_AUTODXT_11_FAFF7BBF3D412E636129__441967ADC0FA0BF38748AA29257F4863A9B59739.udd" 4737
"C:/Users/shashinda adithya/AppData/Local/UnrealEngine/Common/DerivedDataCache/9/8/9/TEXTURE_E01F4250BECD420DA9CE63B5EECEC2C2_OODLE_AUTODXT_11_FAFF7BBF3D412E636129__74067DECE078371775CE3B2C4D1BF04C4C372891.udd" 4738
"C:/Users/shashinda adithya/AppData/Local/UnrealEngine/Common/DerivedDataCache/5/0/2/TEXTURE_E01F4250BECD420DA9CE63B5EECEC2C2_OODLE_AUTODXT_11_FAFF7BBF3D412E636129__25FC65CC1C450EB40277046E17894C4F30D5D77A.udd" 4739
"C:/Users/shashinda adithya/AppData/Local/UnrealEngine/Common/DerivedDataCache/6/6/5/TEXTURE_E01F4250BECD420DA9CE63B5EECEC2C2_OODLE_AUTODXT_11_FAFF7BBF3D412E636129__6B95DA5F0E820FD6DCE72799325F47ECFD8A1406.udd" 4740
"C:/Users/shashinda adithya/AppData/Local/UnrealEngine/Common/DerivedDataCache/2/7/3/TEXTURE_E01F4250BECD420DA9CE63B5EECEC2C2_OODLE_AUTODXT_11_FAFF7BBF3D412E636129__54E1088FA5C5298D3EA3E55C35D2594519CBB602.udd" 4741
"C:/Users/shashinda adithya/AppData/Local/UnrealEngine/Common/DerivedDataCache/6/0/5/MATSM_0BA69734E4FD45E082FA4560DBE25454_PCD3D_SM5_8__BC5N_NOCCBN_NOIRIS_DEV_SL___FA34E4653D9D19E7571E136AD920658A5BD3DBE9.udd" 4742
"C:/Users/shashinda adithya/AppData/Local/UnrealEngine/Common/DerivedDataCache/5/0/7/MATSM_0BA69734E4FD45E082FA4560DBE25454_PCD3D_SM5_8__BC5N_NOCCBN_NOIRIS_DEV_SL___8D686EB1B1B4BCBA5C5A42A7F927ED31FC9F1FA7.udd" 4743
"C:/Users/shashinda adithya/AppData/Local/UnrealEngine/Common/DerivedDataCache/5/2/5/TEXTURE_E01F4250BECD420DA9CE63B5EECEC2C2_OODLE_AUTODXT_11_7836D81E8846CA019528__6486183E63E504DFC7E902BA5D28D5A51AD91DB5.udd" 4744
"C:/Users/shashinda adithya/AppData/Local/UnrealEngine/Common/DerivedDataCache/3/9/3/TEXTURE_E01F4250BECD420DA9CE63B5EECEC2C2_OODLE_AUTODXT_11_7836D81E8846CA019528__C91CF61C40440D2F320B2CC45C50935FB60141CA.udd" 4745
"C:/Users/shashinda adithya/AppData/Local/UnrealEngine/Common/DerivedDataCache/4/8/8/TEXTURE_E01F4250BECD420DA9CE63B5EECEC2C2_OODLE_AUTODXT_11_7836D81E8846CA019528__88A8EEE1987BC6AB78E771945BFA365B9CEDDCF6.udd" 4746
"C:/Users/shashinda adithya/AppData/Local/UnrealEngine/Common/DerivedDataCache/8/2/9/TEXTURE_E01F4250BECD420DA9CE63B5EECEC2C2_OODLE_AUTODXT_11_7836D81E8846CA019528__F3719E51B777FB1A838C0BE105DF55CCAB6920A9.udd" 4747
"C:/Users/shashinda adithya/AppData/Local/UnrealEngine/Common/DerivedDataCache/1/1/5/TEXTURE_E01F4250BECD420DA9CE63B5EECEC2C2_OODLE_AUTODXT_11_7836D81E8846CA019528__5EE91FA6ED4A601784EF2F51CB000E6AD2E769A3.udd" 4748
"C:/Users/shashinda adithya/AppData/Local/UnrealEngine/Common/DerivedDataCache/3/0/3/MATSM_0BA69734E4FD45E082FA4560DBE25454_PCD3D_SM5_8__BC5N_NOCCBN_NOIRIS_DEV_SL___AD16864CEF20E57FF25FF1DE0B5DEE66CF6F2787.udd" 4749
"C:/Users/shashinda adithya/AppData/Local/UnrealEngine/Common/DerivedDataCache/5/6/2/TEXTURE_E01F4250BECD420DA9CE63B5EECEC2C2_OODLE_DXT1_11_B5CDC32FE04DBC109F5F20B__EA2CDD09E1FA292175BE3418EB711208D628DB9B.udd" 4750
"C:/Users/shashinda adithya/AppData/Local/UnrealEngine/Common/DerivedDataCache/1/5/7/TEXTURE_E01F4250BECD420DA9CE63B5EECEC2C2_OODLE_DXT1_11_B5CDC32FE04DBC109F5F20B__6DDC701F15BC70B59AF97D776D840827E8C626AE.udd" 4751
"C:/Users/shashinda adithya/AppData/Local/UnrealEngine/Common/DerivedDataCache/6/9/6/TEXTURE_E01F4250BECD420DA9CE63B5EECEC2C2_OODLE_DXT1_11_B5CDC32FE04DBC109F5F20B__3820215768D0474A3255FCE1F756D826BD712906.udd" 4752
"C:/Users/shashinda adithya/AppData/Local/UnrealEngine/Common/DerivedDataCache/8/5/4/TEXTURE_E01F4250BECD420DA9CE63B5EECEC2C2_OODLE_DXT1_11_B5CDC32FE04DBC109F5F20B__13F9B393C8BA8401EDE921CCE49F441BD7ACFB87.udd" 4753
"C:/Users/shashinda adithya/AppData/Local/UnrealEngine/Common/DerivedDataCache/6/5/0/TEXTURE_E01F4250BECD420DA9CE63B5EECEC2C2_OODLE_AUTODXT_11_C2785D54794DB602B981__A70EBA66495959888556C962D4AFFB9D93ECDA59.udd" 4754
"C:/Users/shashinda adithya/AppData/Local/UnrealEngine/Common/DerivedDataCache/1/9/7/TEXTURE_E01F4250BECD420DA9CE63B5EECEC2C2_OODLE_AUTODXT_11_C2785D54794DB602B981__9E44612D9EB6DC7BFD52B54B71F710671D5758DF.udd" 4755
"C:/Users/shashinda adithya/AppData/Local/UnrealEngine/Common/DerivedDataCache/9/9/3/TEXTURE_E01F4250BECD420DA9CE63B5EECEC2C2_OODLE_AUTODXT_11_C2785D54794DB602B981__350AF44CC57E6839729697D371060FF6D66F417F.udd" 4756
"C:/Users/shashinda adithya/AppData/Local/UnrealEngine/Common/DerivedDataCache/5/4/6/TEXTURE_E01F4250BECD420DA9CE63B5EECEC2C2_OODLE_AUTODXT_11_C2785D54794DB602B981__9ECE1581A32819282C03358F0774C0749F3DC967.udd" 4757
"C:/Users/shashinda adithya/AppData/Local/UnrealEngine/Common/DerivedDataCache/1/0/7/TEXTURE_E01F4250BECD420DA9CE63B5EECEC2C2_OODLE_AUTODXT_11_C2785D54794DB602B981__652EC8A41FBF1F916F65B1762F02A4A318A5E253.udd" 4758
"C:/Users/shashinda adithya/AppData/Local/UnrealEngine/Common/DerivedDataCache/9/2/9/MATSM_0BA69734E4FD45E082FA4560DBE25454_PCD3D_SM5_8__BC5N_NOCCBN_NOIRIS_DEV_SL___57C6FD90423758B53023390DE8A0021EB0A4E01B.udd" 4759
"C:/Users/shashinda adithya/AppData/Local/UnrealEngine/Common/DerivedDataCache/6/4/8/TEXTURE_E01F4250BECD420DA9CE63B5EECEC2C2_OODLE_DXT1_11_42739E6BA14C33AE3C48779__D2D3681C30103681B771BFAE0735088BFC6630C4.udd" 4760
"C:/Users/shashinda adithya/AppData/Local/UnrealEngine/Common/DerivedDataCache/7/4/4/TEXTURE_E01F4250BECD420DA9CE63B5EECEC2C2_OODLE_DXT1_11_42739E6BA14C33AE3C48779__8E5CFDE9026E78310F637C2C869B243B13563133.udd" 4761
"C:/Users/shashinda adithya/AppData/Local/UnrealEngine/Common/DerivedDataCache/0/1/2/TEXTURE_E01F4250BECD420DA9CE63B5EECEC2C2_OODLE_DXT1_11_42739E6BA14C33AE3C48779__24655C27F12F5ABED8E4999EEC423EA4B3146BEB.udd" 4762
"C:/Users/shashinda adithya/AppData/Local/UnrealEngine/Common/DerivedDataCache/1/8/4/TEXTURE_E01F4250BECD420DA9CE63B5EECEC2C2_OODLE_DXT1_11_42739E6BA14C33AE3C48779__2B796AC1E833F1B21A3F8F56EFB297C33E165D52.udd" 4763
"C:/Users/shashinda adithya/AppData/Local/UnrealEngine/Common/DerivedDataCache/6/3/9/TEXTURE_E01F4250BECD420DA9CE63B5EECEC2C2_OODLE_DXT1_11_42739E6BA14C33AE3C48779__B087862E2553A0F699B0D45521271511002EC956.udd" 4764
"C:/Users/shashinda adithya/AppData/Local/UnrealEngine/Common/DerivedDataCache/2/3/9/TEXTURE_E01F4250BECD420DA9CE63B5EECEC2C2_OODLE_DXT1_11_42739E6BA14C33AE3C48779__C3CDB31708C64E4DFFF92664DD9E39945BD47B92.udd" 4765
"C:/Users/shashinda adithya/AppData/Local/UnrealEngine/Common/DerivedDataCache/2/3/8/MATSM_0BA69734E4FD45E082FA4560DBE25454_PCD3D_SM5_8__BC5N_NOCCBN_NOIRIS_DEV_SL___44439ACA402256CE50918AEE0FF4B9CA4C4675B5.udd" 4766
"C:/Users/shashinda adithya/AppData/Local/UnrealEngine/Common/DerivedDataCache/7/5/1/TEXTURE_E01F4250BECD420DA9CE63B5EECEC2C2_OODLE_DXT1_11_5F129A6B194EEC22A6E8C1A__EA85FC216C6B4B1D6F58FF1831C7F20BA333F952.udd" 4767
"C:/Users/shashinda adithya/AppData/Local/UnrealEngine/Common/DerivedDataCache/1/0/8/TEXTURE_E01F4250BECD420DA9CE63B5EECEC2C2_OODLE_DXT1_11_5F129A6B194EEC22A6E8C1A__301F4183FC07175B5ECF095D8DFE33BD61EBE9EA.udd" 4768
"C:/Users/shashinda adithya/AppData/Local/UnrealEngine/Common/DerivedDataCache/3/7/2/TEXTURE_E01F4250BECD420DA9CE63B5EECEC2C2_OODLE_DXT1_11_5F129A6B194EEC22A6E8C1A__61F7BEBE0206508F4678676F218616CD7A4DC9A5.udd" 4769
"C:/Users/shashinda adithya/AppData/Local/UnrealEngine/Common/DerivedDataCache/6/8/3/TEXTURE_E01F4250BECD420DA9CE63B5EECEC2C2_OODLE_DXT1_11_5F129A6B194EEC22A6E8C1A__8E32B15D146D4AD3D5615EE9F54AE63078B8145C.udd" 4770
"C:/Users/shashinda adithya/AppData/Local/UnrealEngine/Common/DerivedDataCache/8/9/3/MATSM_0BA69734E4FD45E082FA4560DBE25454_PCD3D_SM5_8__BC5N_NOCCBN_NOIRIS_DEV_SL___40F8E3A487247087A983F6FF4AE2F1037C635C0E.udd" 4771
"C:/Users/shashinda adithya/AppData/Local/UnrealEngine/Common/DerivedDataCache/8/8/2/TEXTURE_E01F4250BECD420DA9CE63B5EECEC2C2_OODLE_DXT1_11_48890C3AA346C5F42341A0B__C5A7BB8FBD64CBB14FE544785DCD7E4AF73A8DCA.udd" 4772
"C:/Users/shashinda adithya/AppData/Local/UnrealEngine/Common/DerivedDataCache/8/0/6/TEXTURE_E01F4250BECD420DA9CE63B5EECEC2C2_OODLE_DXT1_11_48890C3AA346C5F42341A0B__BF561839E054F2A4A098B6948DAAEFB165DB6237.udd" 4773
"C:/Users/shashinda adithya/AppData/Local/UnrealEngine/Common/DerivedDataCache/7/9/2/TEXTURE_E01F4250BECD420DA9CE63B5EECEC2C2_OODLE_DXT1_11_48890C3AA346C5F42341A0B__17DCBC22FC8CF95498F2D2A187665C029A0B3A8A.udd" 4774
"C:/Users/shashinda adithya/AppData/Local/UnrealEngine/Common/DerivedDataCache/9/7/5/TEXTURE_E01F4250BECD420DA9CE63B5EECEC2C2_OODLE_DXT1_11_48890C3AA346C5F42341A0B__B73667013C96C65F1D447F4BDE3188D63EA82129.udd" 4775
"C:/Users/shashinda adithya/AppData/Local/UnrealEngine/Common/DerivedDataCache/7/1/8/TEXTURE_E01F4250BECD420DA9CE63B5EECEC2C2_OODLE_BC5_11_4D13C3E149CD77E1C0CA3B94__3961B116F9E146134C89DC93791C1F3CB515D312.udd" 4776
"C:/Users/shashinda adithya/AppData/Local/UnrealEngine/Common/DerivedDataCache/0/9/6/TEXTURE_E01F4250BECD420DA9CE63B5EECEC2C2_OODLE_BC5_11_4D13C3E149CD77E1C0CA3B94__7ABED7D616F4855200E0DDA0EF3B2DCF291D2868.udd" 4777
"C:/Users/shashinda adithya/AppData/Local/UnrealEngine/Common/DerivedDataCache/0/4/1/TEXTURE_E01F4250BECD420DA9CE63B5EECEC2C2_OODLE_BC5_11_4D13C3E149CD77E1C0CA3B94__B9C9E6C6BC109FD3B791D9F39C2B123342E31607.udd" 4778
"C:/Users/shashinda adithya/AppData/Local/UnrealEngine/Common/DerivedDataCache/6/9/4/TEXTURE_E01F4250BECD420DA9CE63B5EECEC2C2_OODLE_BC5_11_4D13C3E149CD77E1C0CA3B94__3BF32CFA94DB40D07C8A366828FF7A75646F692D.udd" 4779
"C:/Users/shashinda adithya/AppData/Local/UnrealEngine/Common/DerivedDataCache/4/0/9/TEXTURE_E01F4250BECD420DA9CE63B5EECEC2C2_OODLE_BC5_11_4D13C3E149CD77E1C0CA3B94__8BF68FBEF28C0F76F877F99E0CDD7906C1343657.udd" 4780
"C:/Users/shashinda adithya/AppData/Local/UnrealEngine/Common/DerivedDataCache/0/8/8/TEXTURE_E01F4250BECD420DA9CE63B5EECEC2C2_OODLE_BC5_11_4D13C3E149CD77E1C0CA3B94__75D694A50EA8CE3DD3774792DBE5EAA05183520B.udd" 4781
"C:/Users/shashinda adithya/AppData/Local/UnrealEngine/Common/DerivedDataCache/3/6/3/TEXTURE_E01F4250BECD420DA9CE63B5EECEC2C2_OODLE_DXT1_11_3A100871406F7AD336EA598__C46D3A0AA815DE5CEFB8E27C6F5A1A7AB3EFCEBB.udd" 4782
"C:/Users/shashinda adithya/AppData/Local/UnrealEngine/Common/DerivedDataCache/0/4/6/TEXTURE_E01F4250BECD420DA9CE63B5EECEC2C2_OODLE_DXT1_11_3A100871406F7AD336EA598__C55828A7CCFCE7B5BC1FFAB838243BCCF893D7E9.udd" 4783
"C:/Users/shashinda adithya/AppData/Local/UnrealEngine/Common/DerivedDataCache/5/9/6/TEXTURE_E01F4250BECD420DA9CE63B5EECEC2C2_OODLE_DXT1_11_3A100871406F7AD336EA598__E848C7092F5B902EC4ACE9CB6A9F741D681C2D5D.udd" 4784
"C:/Users/shashinda adithya/AppData/Local/UnrealEngine/Common/DerivedDataCache/0/6/9/TEXTURE_E01F4250BECD420DA9CE63B5EECEC2C2_OODLE_DXT1_11_3A100871406F7AD336EA598__1106B4528C541B7DE91FAF72FDA8C78D1BC93173.udd" 4785
"C:/Users/shashinda adithya/AppData/Local/UnrealEngine/Common/DerivedDataCache/2/6/3/TEXTURE_E01F4250BECD420DA9CE63B5EECEC2C2_OODLE_DXT1_11_3A100871406F7AD336EA598__B2F33E07455BB852348EA85455A1EF567D4AD5AE.udd" 4786
"C:/Users/shashinda adithya/AppData/Local/UnrealEngine/Common/DerivedDataCache/8/3/9/TEXTURE_E01F4250BECD420DA9CE63B5EECEC2C2_OODLE_DXT1_11_3A100871406F7AD336EA598__7B327D89F77DFE6A0ECECB715C7BF3D29395D90B.udd" 4787
"C:/Users/shashinda adithya/AppData/Local/UnrealEngine/Common/DerivedDataCache/6/9/8/MATSM_0BA69734E4FD45E082FA4560DBE25454_PCD3D_SM5_8__BC5N_NOCCBN_NOIRIS_DEV_SL___5B0774218203A5559205BE75B91B6D429F5D1930.udd" 4788
"C:/Users/shashinda adithya/AppData/Local/UnrealEngine/Common/DerivedDataCache/5/3/3/MATSM_0BA69734E4FD45E082FA4560DBE25454_PCD3D_SM5_8__BC5N_NOCCBN_NOIRIS_DEV_SL___256DF827AB51EE53B98261B7B0AA8F6582C1B8A3.udd" 4789
"C:/Users/shashinda adithya/AppData/Local/UnrealEngine/Common/DerivedDataCache/1/3/6/MATSM_0BA69734E4FD45E082FA4560DBE25454_PCD3D_SM5_8__BC5N_NOCCBN_NOIRIS_DEV_SL___AC20876FAA39A934A0FB1121D4069D107E2F8A3B.udd" 4790
"C:/Users/shashinda adithya/AppData/Local/UnrealEngine/Common/DerivedDataCache/0/3/7/TEXTURE_E01F4250BECD420DA9CE63B5EECEC2C2_OODLE_DXT1_11_0A073673446AB8BA03B7578__378A4D74D49ACCCB01124F9DBCCD02AB7AB953F7.udd" 4791
"C:/Users/shashinda adithya/AppData/Local/UnrealEngine/Common/DerivedDataCache/6/5/9/TEXTURE_E01F4250BECD420DA9CE63B5EECEC2C2_OODLE_AUTODXT_11_574F908248C05BA4186F__92B216CBF8BED9D1F1D3D908B6D3ABC8AEC95421.udd" 4792
"C:/Users/shashinda adithya/AppData/Local/UnrealEngine/Common/DerivedDataCache/0/4/6/TEXTURE_E01F4250BECD420DA9CE63B5EECEC2C2_OODLE_AUTODXT_11_574F908248C05BA4186F__85FD8BF8CD7ACC3BD3348374B4C2F7B5BB44ED0B.udd" 4793
"C:/Users/shashinda adithya/AppData/Local/UnrealEngine/Common/DerivedDataCache/9/9/3/TEXTURE_E01F4250BECD420DA9CE63B5EECEC2C2_OODLE_AUTODXT_11_574F908248C05BA4186F__78EEA88CDFFB34EE8AC0A47A3F706054D658023B.udd" 4794
"C:/Users/shashinda adithya/AppData/Local/UnrealEngine/Common/DerivedDataCache/8/8/9/TEXTURE_E01F4250BECD420DA9CE63B5EECEC2C2_OODLE_AUTODXT_11_574F908248C05BA4186F__E42DA30C430006E95A44A918B180D39BC90DDE43.udd" 4795
"C:/Users/shashinda adithya/AppData/Local/UnrealEngine/Common/DerivedDataCache/6/8/0/MATSM_0BA69734E4FD45E082FA4560DBE25454_PCD3D_SM5_8__BC5N_NOCCBN_NOIRIS_DEV_SL___F06B2CA93550A9839F113F330B52093A00EA8D41.udd" 4796
"C:/Users/shashinda adithya/AppData/Local/UnrealEngine/Common/DerivedDataCache/6/3/0/TEXTURE_E01F4250BECD420DA9CE63B5EECEC2C2_OODLE_AUTODXT_11_574F908248C05BA4186F__0E7E31DFFA3EDA34C7025CA66D311605097FFDA5.udd" 4797
"C:/Users/shashinda adithya/AppData/Local/UnrealEngine/Common/DerivedDataCache/3/6/2/TEXTURE_E01F4250BECD420DA9CE63B5EECEC2C2_OODLE_AUTODXT_11_574F908248C05BA4186F__84C795A47A07241B9D2F951F459F98B2D8F649D4.udd" 4798
"C:/Users/shashinda adithya/AppData/Local/UnrealEngine/Common/DerivedDataCache/9/3/9/MATSM_0BA69734E4FD45E082FA4560DBE25454_PCD3D_SM5_8__BC5N_NOCCBN_NOIRIS_DEV_SL___7F549DEC09A654EE471165C8E1B12B30973550E5.udd" 4799
"C:/Users/shashinda adithya/AppData/Local/UnrealEngine/Common/DerivedDataCache/9/2/4/MATSM_0BA69734E4FD45E082FA4560DBE25454_PCD3D_SM5_8__BC5N_NOCCBN_NOIRIS_DEV_SL___51E243741A51F93494093BDF2800E5B3497563C8.udd" 4800
"C:/Users/shashinda adithya/AppData/Local/UnrealEngine/Common/DerivedDataCache/9/7/6/TEXTURE_E01F4250BECD420DA9CE63B5EECEC2C2_OODLE_DXT1_11_8C8E7A47A741B7E4115FEA8__23B9801F7F1B39DC5AA0E68E7C798A628D570B3C.udd" 4801
"C:/Users/shashinda adithya/AppData/Local/UnrealEngine/Common/DerivedDataCache/0/7/0/TEXTURE_E01F4250BECD420DA9CE63B5EECEC2C2_OODLE_DXT1_11_8C8E7A47A741B7E4115FEA8__631637DC9CBECB9F3DA061BCB2361D550A8A4793.udd" 4802
"C:/Users/shashinda adithya/AppData/Local/UnrealEngine/Common/DerivedDataCache/4/0/6/TEXTURE_E01F4250BECD420DA9CE63B5EECEC2C2_OODLE_DXT1_11_8C8E7A47A741B7E4115FEA8__CA192366300CB148332B64BE873832F96FEF1DEA.udd" 4803
"C:/Users/shashinda adithya/AppData/Local/UnrealEngine/Common/DerivedDataCache/6/1/3/TEXTURE_E01F4250BECD420DA9CE63B5EECEC2C2_OODLE_DXT1_11_8C8E7A47A741B7E4115FEA8__D7F14293A709EDEA8A47694DEA1B61B4C2153D74.udd" 4804
"C:/Users/shashinda adithya/AppData/Local/UnrealEngine/Common/DerivedDataCache/1/5/0/TEXTURE_E01F4250BECD420DA9CE63B5EECEC2C2_OODLE_DXT1_11_B7981B156649EBEB7E1A399__8ACF5390EA96F874AD5610944EAF2766F51EF437.udd" 4805
"C:/Users/shashinda adithya/AppData/Local/UnrealEngine/Common/DerivedDataCache/3/3/5/TEXTURE_E01F4250BECD420DA9CE63B5EECEC2C2_OODLE_DXT1_11_B7981B156649EBEB7E1A399__5550EC9DBF772CB516B5E267C763D7774D0DEA4C.udd" 4806
"C:/Users/shashinda adithya/AppData/Local/UnrealEngine/Common/DerivedDataCache/4/7/8/TEXTURE_E01F4250BECD420DA9CE63B5EECEC2C2_OODLE_DXT1_11_B7981B156649EBEB7E1A399__B50671EB8E1BF01567C19DA6B7717256675DC1B6.udd" 4807
"C:/Users/shashinda adithya/AppData/Local/UnrealEngine/Common/DerivedDataCache/6/7/9/TEXTURE_E01F4250BECD420DA9CE63B5EECEC2C2_OODLE_DXT1_11_B7981B156649EBEB7E1A399__C780365935922F01DA65B7E95FDF5555904E2B58.udd" 4808
"C:/Users/shashinda adithya/AppData/Local/UnrealEngine/Common/DerivedDataCache/0/4/8/TEXTURE_E01F4250BECD420DA9CE63B5EECEC2C2_OODLE_AUTODXT_11_B866D376C24E0DAD7019__1466311EBA92555D095A53975375D076C8E8B5C0.udd" 4809
"C:/Users/shashinda adithya/AppData/Local/UnrealEngine/Common/DerivedDataCache/1/5/1/TEXTURE_E01F4250BECD420DA9CE63B5EECEC2C2_OODLE_AUTODXT_11_B866D376C24E0DAD7019__412F00D5CB66DD61F92EC0DDB675F8DF3FC6D099.udd" 4810
"C:/Users/shashinda adithya/AppData/Local/UnrealEngine/Common/DerivedDataCache/6/1/2/TEXTURE_E01F4250BECD420DA9CE63B5EECEC2C2_OODLE_AUTODXT_11_B866D376C24E0DAD7019__A67F28BE8A3B5DD847E8966854995EBD0670143D.udd" 4811
"C:/Users/shashinda adithya/AppData/Local/UnrealEngine/Common/DerivedDataCache/4/5/6/MATSM_0BA69734E4FD45E082FA4560DBE25454_PCD3D_SM5_8__BC5N_NOCCBN_NOIRIS_DEV_SL___550653751303DDC101AFB8066C68D6AAA5F57605.udd" 4812
"C:/Users/shashinda adithya/AppData/Local/UnrealEngine/Common/DerivedDataCache/2/3/1/TEXTURE_E01F4250BECD420DA9CE63B5EECEC2C2_OODLE_AUTODXT_11_223B65FA914AC9F649FD__B4BD1935E27089E0CF11E43AF789910E365192EB.udd" 4813
"C:/Users/shashinda adithya/AppData/Local/UnrealEngine/Common/DerivedDataCache/2/0/0/TEXTURE_E01F4250BECD420DA9CE63B5EECEC2C2_OODLE_AUTODXT_11_223B65FA914AC9F649FD__C33B52D6527F6F73128EDE8D72AF4823B8B5C5AF.udd" 4814
"C:/Users/shashinda adithya/AppData/Local/UnrealEngine/Common/DerivedDataCache/6/6/4/TEXTURE_E01F4250BECD420DA9CE63B5EECEC2C2_OODLE_AUTODXT_11_223B65FA914AC9F649FD__BF325DBA29A0D8F86C0FBF4819DF78EB109D2E75.udd" 4815
"C:/Users/shashinda adithya/AppData/Local/UnrealEngine/Common/DerivedDataCache/2/8/3/TEXTURE_E01F4250BECD420DA9CE63B5EECEC2C2_OODLE_AUTODXT_11_223B65FA914AC9F649FD__B5F2859FD96FB67BD70316719EED22965BC82B55.udd" 4816
"C:/Users/shashinda adithya/AppData/Local/UnrealEngine/Common/DerivedDataCache/2/7/8/MATSM_0BA69734E4FD45E082FA4560DBE25454_PCD3D_SM5_8__BC5N_NOCCBN_NOIRIS_DEV_SL___F83754F96A5E1C85831B426AF5A9574240536FBE.udd" 4817
"C:/Users/shashinda adithya/AppData/Local/UnrealEngine/Common/DerivedDataCache/3/5/4/TEXTURE_E01F4250BECD420DA9CE63B5EECEC2C2_OODLE_DXT1_11_1921B6B2CE465937E338DF9__B1B0F8066B8D03613780AF3B15DBE4C1F708E3B8.udd" 4818
"C:/Users/shashinda adithya/AppData/Local/UnrealEngine/Common/DerivedDataCache/0/1/6/TEXTURE_E01F4250BECD420DA9CE63B5EECEC2C2_OODLE_DXT1_11_1921B6B2CE465937E338DF9__757E5E5D1BE7B45B22B81FA48E92AD8C3C44A3DF.udd" 4819
"C:/Users/shashinda adithya/AppData/Local/UnrealEngine/Common/DerivedDataCache/6/3/7/TEXTURE_E01F4250BECD420DA9CE63B5EECEC2C2_OODLE_DXT1_11_1921B6B2CE465937E338DF9__DA220976B34A2FEA42EA9D072A47F55985705358.udd" 4820
"C:/Users/shashinda adithya/AppData/Local/UnrealEngine/Common/DerivedDataCache/5/2/2/TEXTURE_E01F4250BECD420DA9CE63B5EECEC2C2_OODLE_DXT1_11_1921B6B2CE465937E338DF9__98040E7E3A7CD28F7C06B3AD12E959B756241A68.udd" 4821
"C:/Users/shashinda adithya/AppData/Local/UnrealEngine/Common/DerivedDataCache/3/7/4/TEXTURE_E01F4250BECD420DA9CE63B5EECEC2C2_OODLE_DXT1_11_1921B6B2CE465937E338DF9__065C0E3DF021358920B9124FC3E18563F6838DEE.udd" 4822
"C:/Users/shashinda adithya/AppData/Local/UnrealEngine/Common/DerivedDataCache/3/0/9/TEXTURE_E01F4250BECD420DA9CE63B5EECEC2C2_OODLE_DXT1_11_0F30FF5F8F432ADCE48FAEB__DD8440D1EC6F3845656BDDFEA03D6027C98A36A2.udd" 4823
"C:/Users/shashinda adithya/AppData/Local/UnrealEngine/Common/DerivedDataCache/8/9/3/TEXTURE_E01F4250BECD420DA9CE63B5EECEC2C2_OODLE_DXT1_11_0F30FF5F8F432ADCE48FAEB__92A96C6C59A511F2CFE6F3BDD95851E6CC82E20F.udd" 4824
"C:/Users/shashinda adithya/AppData/Local/UnrealEngine/Common/DerivedDataCache/2/9/2/TEXTURE_E01F4250BECD420DA9CE63B5EECEC2C2_OODLE_DXT1_11_0F30FF5F8F432ADCE48FAEB__FB2E095BD0CA5FDE2561EF28344F427155DBDB89.udd" 4825
"C:/Users/shashinda adithya/AppData/Local/UnrealEngine/Common/DerivedDataCache/3/0/0/TEXTURE_E01F4250BECD420DA9CE63B5EECEC2C2_OODLE_DXT1_11_0F30FF5F8F432ADCE48FAEB__4AADCDD0B56A659AEF927411476F199F970DCB0C.udd" 4826
"C:/Users/shashinda adithya/AppData/Local/UnrealEngine/Common/DerivedDataCache/9/4/4/TEXTURE_E01F4250BECD420DA9CE63B5EECEC2C2_OODLE_DXT1_11_0F30FF5F8F432ADCE48FAEB__16DA2597A12211D9ADA844D515429D0E4C064B40.udd" 4827
"C:/Users/shashinda adithya/AppData/Local/UnrealEngine/Common/DerivedDataCache/9/0/7/TEXTURE_E01F4250BECD420DA9CE63B5EECEC2C2_OODLE_DXT1_11_0F30FF5F8F432ADCE48FAEB__F42961D9A7EC7540E823359476E409F900727070.udd" 4828
"C:/Users/shashinda adithya/AppData/Local/UnrealEngine/Common/DerivedDataCache/7/6/3/MATSM_0BA69734E4FD45E082FA4560DBE25454_PCD3D_SM5_8__BC5N_NOCCBN_NOIRIS_DEV_SL___CDD78E79E5B3337FEB25B1F1C888F93B1A3C2910.udd" 4829
"C:/Users/shashinda adithya/AppData/Local/UnrealEngine/Common/DerivedDataCache/6/9/0/TEXTURE_E01F4250BECD420DA9CE63B5EECEC2C2_OODLE_DXT1_11_2875B9D72B41E3B1708FDD8__F88A71592C2FA94DD47FCECE7E56893B199E311A.udd" 4830
"C:/Users/shashinda adithya/AppData/Local/UnrealEngine/Common/DerivedDataCache/0/4/8/TEXTURE_E01F4250BECD420DA9CE63B5EECEC2C2_OODLE_DXT1_11_2875B9D72B41E3B1708FDD8__FA49B3AF484808FB602D76C29BB54C17B317B38A.udd" 4831
"C:/Users/shashinda adithya/AppData/Local/UnrealEngine/Common/DerivedDataCache/4/9/2/TEXTURE_E01F4250BECD420DA9CE63B5EECEC2C2_OODLE_DXT1_11_2875B9D72B41E3B1708FDD8__E22FC9BC241D32AD87DA022859BB8328FCE41CC8.udd" 4832
"C:/Users/shashinda adithya/AppData/Local/UnrealEngine/Common/DerivedDataCache/6/5/4/TEXTURE_E01F4250BECD420DA9CE63B5EECEC2C2_OODLE_DXT1_11_2875B9D72B41E3B1708FDD8__6AED25506E8E342D3B4666881924419C177E98DC.udd" 4833
"C:/Users/shashinda adithya/AppData/Local/UnrealEngine/Common/DerivedDataCache/9/5/3/TEXTURE_E01F4250BECD420DA9CE63B5EECEC2C2_OODLE_DXT1_11_4F7EA1830046F642F8B7E78__CF45782583FBB66D19D97ABE93C3E61B30F3284C.udd" 4834
"C:/Users/shashinda adithya/AppData/Local/UnrealEngine/Common/DerivedDataCache/7/9/8/TEXTURE_E01F4250BECD420DA9CE63B5EECEC2C2_OODLE_DXT1_11_4F7EA1830046F642F8B7E78__FF391ADDEB564B74CD7A7AC0BCDA5DE12DB40CBF.udd" 4835
"C:/Users/shashinda adithya/AppData/Local/UnrealEngine/Common/DerivedDataCache/7/0/6/TEXTURE_E01F4250BECD420DA9CE63B5EECEC2C2_OODLE_DXT1_11_4F7EA1830046F642F8B7E78__E2BB91B0745DA8A3B17075E5B13EFC0B6408D1DD.udd" 4836
"C:/Users/shashinda adithya/AppData/Local/UnrealEngine/Common/DerivedDataCache/2/1/7/TEXTURE_E01F4250BECD420DA9CE63B5EECEC2C2_OODLE_DXT1_11_4F7EA1830046F642F8B7E78__C75A475B5F065A91D44DFB5AC8B086C5DC58CC0B.udd" 4837
"C:/Users/shashinda adithya/AppData/Local/UnrealEngine/Common/DerivedDataCache/8/8/0/TEXTURE_E01F4250BECD420DA9CE63B5EECEC2C2_OODLE_DXT1_11_C40CD8F408475144C2A4FB9__8DF0CDC9D6091DA3242DC20B04446C8A5316389F.udd" 4838
"C:/Users/shashinda adithya/AppData/Local/UnrealEngine/Common/DerivedDataCache/1/5/1/TEXTURE_E01F4250BECD420DA9CE63B5EECEC2C2_OODLE_DXT1_11_C40CD8F408475144C2A4FB9__581A598E57D293A3E2E8AB7417ABC5350B4239C6.udd" 4839
"C:/Users/shashinda adithya/AppData/Local/UnrealEngine/Common/DerivedDataCache/4/0/7/TEXTURE_E01F4250BECD420DA9CE63B5EECEC2C2_OODLE_DXT1_11_C40CD8F408475144C2A4FB9__4C498DEA79A1AA5DC3A344EE7C1B26E9996E62E6.udd" 4840
"C:/Users/shashinda adithya/AppData/Local/UnrealEngine/Common/DerivedDataCache/3/3/2/TEXTURE_E01F4250BECD420DA9CE63B5EECEC2C2_OODLE_DXT1_11_C40CD8F408475144C2A4FB9__DB9A45DF6838F84C3BC2943199C33BCBF66A75B4.udd" 4841
"C:/Users/shashinda adithya/AppData/Local/UnrealEngine/Common/DerivedDataCache/4/4/7/TEXTURE_E01F4250BECD420DA9CE63B5EECEC2C2_OODLE_DXT1_11_C40CD8F408475144C2A4FB9__0688E847FCB2776D19A7A34F8974F277F40E9D9C.udd" 4842
"C:/Users/shashinda adithya/AppData/Local/UnrealEngine/Common/DerivedDataCache/7/5/3/TEXTURE_E01F4250BECD420DA9CE63B5EECEC2C2_OODLE_DXT1_11_C40CD8F408475144C2A4FB9__B09058EBE2C3B7501EA70E61AA3AB29A7EA67F32.udd" 4843
"C:/Users/shashinda adithya/AppData/Local/UnrealEngine/Common/DerivedDataCache/6/0/3/MATSM_0BA69734E4FD45E082FA4560DBE25454_PCD3D_SM5_8__BC5N_NOCCBN_NOIRIS_DEV_SL___D24B396DF8BDFD74F34D9AE9DE5F8B482D685986.udd" 4844
"C:/Users/shashinda adithya/AppData/Local/UnrealEngine/Common/DerivedDataCache/7/6/4/MATSM_0BA69734E4FD45E082FA4560DBE25454_PCD3D_SM5_8__BC5N_NOCCBN_NOIRIS_DEV_SL___341E5C3AAA965FA04B3B98C3F4DF69744E155883.udd" 4845
"C:/Users/shashinda adithya/AppData/Local/UnrealEngine/Common/DerivedDataCache/3/5/8/TEXTURE_E01F4250BECD420DA9CE63B5EECEC2C2_OODLE_DXT1_11_645636B59545148C8C9CD1A__2F1DD7DB1468731369458F1ACF9DF75DD3F638BA.udd" 4846
"C:/Users/shashinda adithya/AppData/Local/UnrealEngine/Common/DerivedDataCache/3/5/8/TEXTURE_E01F4250BECD420DA9CE63B5EECEC2C2_OODLE_DXT1_11_645636B59545148C8C9CD1A__979009E74F52A9CE469B4FFD26BAE0B2E060EB0A.udd" 4847
"C:/Users/shashinda adithya/AppData/Local/UnrealEngine/Common/DerivedDataCache/9/2/7/TEXTURE_E01F4250BECD420DA9CE63B5EECEC2C2_OODLE_DXT1_11_645636B59545148C8C9CD1A__8C7B697DEA0A2A8569EAB0163C53AFB40B9D4A7F.udd" 4848
"C:/Users/shashinda adithya/AppData/Local/UnrealEngine/Common/DerivedDataCache/8/4/1/TEXTURE_E01F4250BECD420DA9CE63B5EECEC2C2_OODLE_DXT1_11_645636B59545148C8C9CD1A__B5D6F44178D09629B0F75197A10E8A59105B808A.udd" 4849
"C:/Users/shashinda adithya/AppData/Local/UnrealEngine/Common/DerivedDataCache/4/8/5/TEXTURE_E01F4250BECD420DA9CE63B5EECEC2C2_OODLE_DXT1_11_EE73FD548B4C133060C3F59__60CB738C72EE93E15BE76EFF85B0E564C9D00FF2.udd" 4850
"C:/Users/shashinda adithya/AppData/Local/UnrealEngine/Common/DerivedDataCache/6/8/3/TEXTURE_E01F4250BECD420DA9CE63B5EECEC2C2_OODLE_DXT1_11_EE73FD548B4C133060C3F59__C89C85DD80E7D3CE7788E568DCDF5F3AC00EB748.udd" 4851
"C:/Users/shashinda adithya/AppData/Local/UnrealEngine/Common/DerivedDataCache/5/7/0/TEXTURE_E01F4250BECD420DA9CE63B5EECEC2C2_OODLE_DXT1_11_EE73FD548B4C133060C3F59__20BCFF88419A13C57404C06EE21467E4EA2F528A.udd" 4852
"C:/Users/shashinda adithya/AppData/Local/UnrealEngine/Common/DerivedDataCache/9/2/2/TEXTURE_E01F4250BECD420DA9CE63B5EECEC2C2_OODLE_DXT1_11_EE73FD548B4C133060C3F59__71D7EAD4F5AA1AECD2E5620DA917D089EF89028B.udd" 4853
"C:/Users/shashinda adithya/AppData/Local/UnrealEngine/Common/DerivedDataCache/5/5/1/TEXTURE_E01F4250BECD420DA9CE63B5EECEC2C2_OODLE_DXT1_11_EE73FD548B4C133060C3F59__07E5E9A4B4676EA22AAF2EC673EF3559FCF631FA.udd" 4854
"C:/Users/shashinda adithya/AppData/Local/UnrealEngine/Common/DerivedDataCache/1/2/8/TEXTURE_E01F4250BECD420DA9CE63B5EECEC2C2_OODLE_DXT1_11_EE73FD548B4C133060C3F59__57B1D5307A975CA89BD6F77C33D7546B294403E5.udd" 4855
"C:/Users/shashinda adithya/AppData/Local/UnrealEngine/Common/DerivedDataCache/7/3/2/TEXTURE_E01F4250BECD420DA9CE63B5EECEC2C2_OODLE_DXT1_11_A9696204534A5D9D38CE1F9__22A8B312906ABE03417176FB102DE9E9DA1E4CED.udd" 4856
"C:/Users/shashinda adithya/AppData/Local/UnrealEngine/Common/DerivedDataCache/6/1/7/MATSM_0BA69734E4FD45E082FA4560DBE25454_PCD3D_SM5_8__BC5N_NOCCBN_NOIRIS_DEV_SL___64879EC6B74491BEE64F8841582F70AE45E921EB.udd" 4857
"C:/Users/shashinda adithya/AppData/Local/UnrealEngine/Common/DerivedDataCache/3/8/5/TEXTURE_E01F4250BECD420DA9CE63B5EECEC2C2_OODLE_DXT1_11_B29E20C7504822E7D6B18EB__2FFD137C4057D79587C434A6FC6E3FCDF33793E5.udd" 4858
"C:/Users/shashinda adithya/AppData/Local/UnrealEngine/Common/DerivedDataCache/5/7/1/TEXTURE_E01F4250BECD420DA9CE63B5EECEC2C2_OODLE_DXT1_11_B29E20C7504822E7D6B18EB__97F5986037FD47C084F8CC3FD74F990B8538F864.udd" 4859
"C:/Users/shashinda adithya/AppData/Local/UnrealEngine/Common/DerivedDataCache/3/4/9/TEXTURE_E01F4250BECD420DA9CE63B5EECEC2C2_OODLE_DXT1_11_B29E20C7504822E7D6B18EB__94D29C3F7B536E503DEC852E77D07E87AA3298BF.udd" 4860
"C:/Users/shashinda adithya/AppData/Local/UnrealEngine/Common/DerivedDataCache/5/8/6/TEXTURE_E01F4250BECD420DA9CE63B5EECEC2C2_OODLE_DXT1_11_B29E20C7504822E7D6B18EB__7956EF1807DB27BF1987ED2DA6763BCAB8DF805B.udd" 4861
"C:/Users/shashinda adithya/AppData/Local/UnrealEngine/Common/DerivedDataCache/2/1/8/TEXTURE_E01F4250BECD420DA9CE63B5EECEC2C2_OODLE_DXT1_11_B29E20C7504822E7D6B18EB__CB86899311CD4A00863BFDAC0772B596A187F49D.udd" 4862
"C:/Users/shashinda adithya/AppData/Local/UnrealEngine/Common/DerivedDataCache/9/2/1/TEXTURE_E01F4250BECD420DA9CE63B5EECEC2C2_OODLE_DXT1_11_B29E20C7504822E7D6B18EB__3621DC03F6B2F0A1F03AE9C05A1F0904145106A2.udd" 4863
"C:/Users/shashinda adithya/AppData/Local/UnrealEngine/Common/DerivedDataCache/4/8/2/TEXTURE_E01F4250BECD420DA9CE63B5EECEC2C2_OODLE_DXT1_11_A2B4CD3FBF42AE30790295B__812B12801C9F45F707A0099D5827503EC3E7ED77.udd" 4864
"C:/Users/shashinda adithya/AppData/Local/UnrealEngine/Common/DerivedDataCache/5/2/3/TEXTURE_E01F4250BECD420DA9CE63B5EECEC2C2_OODLE_DXT1_11_A2B4CD3FBF42AE30790295B__5FDFF4EBF1953004CA96289E93718AC13E29845C.udd" 4865
"C:/Users/shashinda adithya/AppData/Local/UnrealEngine/Common/DerivedDataCache/5/3/0/TEXTURE_E01F4250BECD420DA9CE63B5EECEC2C2_OODLE_DXT1_11_A2B4CD3FBF42AE30790295B__507FAD0392F641DC2A5F52DA7419EFC806D2A7CA.udd" 4866
"C:/Users/shashinda adithya/AppData/Local/UnrealEngine/Common/DerivedDataCache/9/5/8/TEXTURE_E01F4250BECD420DA9CE63B5EECEC2C2_OODLE_DXT1_11_A2B4CD3FBF42AE30790295B__E0771E1BF47F322CD326824964CC899A479FCA3D.udd" 4867
"C:/Users/shashinda adithya/AppData/Local/UnrealEngine/Common/DerivedDataCache/1/1/2/TEXTURE_E01F4250BECD420DA9CE63B5EECEC2C2_OODLE_DXT1_11_75C8F4C99B4FAC7DC07061B__6B5CB09D2437D6AB8BA5EE95EBEA217089B9118B.udd" 4868
"C:/Users/shashinda adithya/AppData/Local/UnrealEngine/Common/DerivedDataCache/2/3/1/TEXTURE_E01F4250BECD420DA9CE63B5EECEC2C2_OODLE_DXT1_11_75C8F4C99B4FAC7DC07061B__38B13C2A41020D6627678DD643F41B39467DA3FB.udd" 4869
"C:/Users/shashinda adithya/AppData/Local/UnrealEngine/Common/DerivedDataCache/5/2/9/TEXTURE_E01F4250BECD420DA9CE63B5EECEC2C2_OODLE_DXT1_11_75C8F4C99B4FAC7DC07061B__348D1DFC47418ADD54C725179D93241788077F3F.udd" 4870
"C:/Users/shashinda adithya/AppData/Local/UnrealEngine/Common/DerivedDataCache/8/4/8/TEXTURE_E01F4250BECD420DA9CE63B5EECEC2C2_OODLE_DXT1_11_75C8F4C99B4FAC7DC07061B__D6A2C601E599BB26D8AEF7E9FD711D1F3EB3F4A3.udd" 4871
"C:/Users/shashinda adithya/AppData/Local/UnrealEngine/Common/DerivedDataCache/3/6/4/TEXTURE_E01F4250BECD420DA9CE63B5EECEC2C2_OODLE_DXT1_11_B2262EC7DF4500B987213A9__6BA6E11AE2887F26546DF4A1E35E3763A9A32FA8.udd" 4872
"C:/Users/shashinda adithya/AppData/Local/UnrealEngine/Common/DerivedDataCache/6/6/4/TEXTURE_E01F4250BECD420DA9CE63B5EECEC2C2_OODLE_DXT1_11_B2262EC7DF4500B987213A9__41B2D6589EAF0CCB881E66D0D1280FAB406FC820.udd" 4873
"C:/Users/shashinda adithya/AppData/Local/UnrealEngine/Common/DerivedDataCache/3/1/2/TEXTURE_E01F4250BECD420DA9CE63B5EECEC2C2_OODLE_DXT1_11_B2262EC7DF4500B987213A9__8B1AD8FCC7E7D42E38BDEA65CF50A9B5C7637A9C.udd" 4874
"C:/Users/shashinda adithya/AppData/Local/UnrealEngine/Common/DerivedDataCache/8/8/9/TEXTURE_E01F4250BECD420DA9CE63B5EECEC2C2_OODLE_DXT1_11_B2262EC7DF4500B987213A9__58606037D5342E536BF7E0A6CBAED888F0C7F1BE.udd" 4875
"C:/Users/shashinda adithya/AppData/Local/UnrealEngine/Common/DerivedDataCache/5/0/5/TEXTURE_E01F4250BECD420DA9CE63B5EECEC2C2_OODLE_DXT1_11_B2262EC7DF4500B987213A9__86527D6541496501546122A04CD10277841C0799.udd" 4876
"C:/Users/shashinda adithya/AppData/Local/UnrealEngine/Common/DerivedDataCache/3/1/2/TEXTURE_E01F4250BECD420DA9CE63B5EECEC2C2_OODLE_DXT1_11_B2262EC7DF4500B987213A9__CB9C1C76DFB67DB105334B72CCDA876F1A3597AB.udd" 4877
"C:/Users/shashinda adithya/AppData/Local/UnrealEngine/Common/DerivedDataCache/1/4/0/TEXTURE_E01F4250BECD420DA9CE63B5EECEC2C2_OODLE_DXT1_11_1A3C8F0EE941E1652A3F3CA__4AC89D17209A27DB2D8868C56DF6D43C2E93E818.udd" 4878
"C:/Users/shashinda adithya/AppData/Local/UnrealEngine/Common/DerivedDataCache/4/0/9/TEXTURE_E01F4250BECD420DA9CE63B5EECEC2C2_OODLE_DXT1_11_1A3C8F0EE941E1652A3F3CA__8F78A17222BDCD4B4014673AF081BC7A52DD780A.udd" 4879
"C:/Users/shashinda adithya/AppData/Local/UnrealEngine/Common/DerivedDataCache/8/7/6/TEXTURE_E01F4250BECD420DA9CE63B5EECEC2C2_OODLE_DXT1_11_1A3C8F0EE941E1652A3F3CA__23940DD7851C3CC0F3D6DD1682A5ECA85DC0668D.udd" 4880
"C:/Users/shashinda adithya/AppData/Local/UnrealEngine/Common/DerivedDataCache/4/8/0/TEXTURE_E01F4250BECD420DA9CE63B5EECEC2C2_OODLE_DXT1_11_1A3C8F0EE941E1652A3F3CA__85693CBBF20543E02B82F893A0A7DFAB0C804CAD.udd" 4881
"C:/Users/shashinda adithya/AppData/Local/UnrealEngine/Common/DerivedDataCache/9/0/9/TEXTURE_E01F4250BECD420DA9CE63B5EECEC2C2_OODLE_DXT1_11_1A3C8F0EE941E1652A3F3CA__4D6BBB159C2476EDB7E12CA4010353F057A70017.udd" 4882
"C:/Users/shashinda adithya/AppData/Local/UnrealEngine/Common/DerivedDataCache/7/2/2/MATSM_0BA69734E4FD45E082FA4560DBE25454_PCD3D_SM5_8__BC5N_NOCCBN_NOIRIS_DEV_SL___D12E0074D1112A6A9C69A9D36E8E5B46387A3001.udd" 4883
"C:/Users/shashinda adithya/AppData/Local/UnrealEngine/Common/DerivedDataCache/8/5/0/TEXTURE_E01F4250BECD420DA9CE63B5EECEC2C2_OODLE_DXT1_11_E0CD379B034A3BE19562FF8__854DB791735DB76D23FD626092233EB87EC98583.udd" 4884
"C:/Users/shashinda adithya/AppData/Local/UnrealEngine/Common/DerivedDataCache/5/3/8/TEXTURE_E01F4250BECD420DA9CE63B5EECEC2C2_OODLE_DXT1_11_E0CD379B034A3BE19562FF8__5C08089F75F2922D661E53CE14472D29B7710EA2.udd" 4885
"C:/Users/shashinda adithya/AppData/Local/UnrealEngine/Common/DerivedDataCache/7/6/8/TEXTURE_E01F4250BECD420DA9CE63B5EECEC2C2_OODLE_DXT1_11_E0CD379B034A3BE19562FF8__4A1A34B6A8C80917529605109226A0D361F47311.udd" 4886
"C:/Users/shashinda adithya/AppData/Local/UnrealEngine/Common/DerivedDataCache/1/4/5/TEXTURE_E01F4250BECD420DA9CE63B5EECEC2C2_OODLE_DXT1_11_E0CD379B034A3BE19562FF8__45CDBE5581F28B38DAFF11076216C0E794DCA44F.udd" 4887
"C:/Users/shashinda adithya/AppData/Local/UnrealEngine/Common/DerivedDataCache/4/6/9/TEXTURE_E01F4250BECD420DA9CE63B5EECEC2C2_OODLE_DXT1_11_E0CD379B034A3BE19562FF8__FFD49DB0258F7056B003994BE3D27A908FCF5DFC.udd" 4888
"C:/Users/shashinda adithya/AppData/Local/UnrealEngine/Common/DerivedDataCache/7/2/2/TEXTURE_E01F4250BECD420DA9CE63B5EECEC2C2_OODLE_DXT1_11_E0CD379B034A3BE19562FF8__158C9D96BFF8615956DB2A1C24200F5F99A7634A.udd" 4889
"C:/Users/shashinda adithya/AppData/Local/UnrealEngine/Common/DerivedDataCache/1/2/8/TEXTURE_E01F4250BECD420DA9CE63B5EECEC2C2_OODLE_DXT1_11_BF4A340ED34F6D2AD3187A8__BEAC9BEA11F2B1BF7B516D76B1ACD4497F535BCA.udd" 4890
"C:/Users/shashinda adithya/AppData/Local/UnrealEngine/Common/DerivedDataCache/2/4/8/TEXTURE_E01F4250BECD420DA9CE63B5EECEC2C2_OODLE_DXT1_11_BF4A340ED34F6D2AD3187A8__BBA8320F789E55F63F095F7FDBA131B13A88B90F.udd" 4891
"C:/Users/shashinda adithya/AppData/Local/UnrealEngine/Common/DerivedDataCache/6/9/8/TEXTURE_E01F4250BECD420DA9CE63B5EECEC2C2_OODLE_DXT1_11_BF4A340ED34F6D2AD3187A8__5590A4B216710FA70BA9C0B48315BD2585E9A7FD.udd" 4892
"C:/Users/shashinda adithya/AppData/Local/UnrealEngine/Common/DerivedDataCache/1/6/1/TEXTURE_E01F4250BECD420DA9CE63B5EECEC2C2_OODLE_DXT1_11_BF4A340ED34F6D2AD3187A8__233F8093FB4E063071B9B8539BC73D6FCD43040D.udd" 4893
"C:/Users/shashinda adithya/AppData/Local/UnrealEngine/Common/DerivedDataCache/5/0/5/TEXTURE_E01F4250BECD420DA9CE63B5EECEC2C2_OODLE_DXT1_11_BF4A340ED34F6D2AD3187A8__0574605729D0715DA276634C63348AE221F0BA70.udd" 4894
"C:/Users/shashinda adithya/AppData/Local/UnrealEngine/Common/DerivedDataCache/2/9/2/TEXTURE_E01F4250BECD420DA9CE63B5EECEC2C2_OODLE_DXT1_11_BF4A340ED34F6D2AD3187A8__DA91AF3845C283B7568320E8954F329CAF635956.udd" 4895
"C:/Users/shashinda adithya/AppData/Local/UnrealEngine/Common/DerivedDataCache/8/8/1/MATSM_0BA69734E4FD45E082FA4560DBE25454_PCD3D_SM5_8__BC5N_NOCCBN_NOIRIS_DEV_SL___A44F44FDF1FFD2922A98D625F3DF00013ADA77E5.udd" 4896
"C:/Users/shashinda adithya/AppData/Local/UnrealEngine/Common/DerivedDataCache/3/4/4/TEXTURE_E01F4250BECD420DA9CE63B5EECEC2C2_OODLE_AUTODXT_11_46F507D70540FDF83C1E__BB04F7079B103FC2874E69BCFE5E70EBF4265DDA.udd" 4897
"C:/Users/shashinda adithya/AppData/Local/UnrealEngine/Common/DerivedDataCache/4/3/3/TEXTURE_E01F4250BECD420DA9CE63B5EECEC2C2_OODLE_AUTODXT_11_46F507D70540FDF83C1E__86DCFF53E39DA7F777264AB3F05BFFF55F6B2E37.udd" 4898
"C:/Users/shashinda adithya/AppData/Local/UnrealEngine/Common/DerivedDataCache/5/6/9/TEXTURE_E01F4250BECD420DA9CE63B5EECEC2C2_OODLE_AUTODXT_11_46F507D70540FDF83C1E__66D222753E07B9C144081BD9F0817BFCF64C2A2D.udd" 4899
"C:/Users/shashinda adithya/AppData/Local/UnrealEngine/Common/DerivedDataCache/6/0/5/TEXTURE_E01F4250BECD420DA9CE63B5EECEC2C2_OODLE_AUTODXT_11_46F507D70540FDF83C1E__1951E197A6357884D2CB0B16D3B270D69207695D.udd" 4900
"C:/Users/shashinda adithya/AppData/Local/UnrealEngine/Common/DerivedDataCache/8/8/1/MATSM_0BA69734E4FD45E082FA4560DBE25454_PCD3D_SM5_8__BC5N_NOCCBN_NOIRIS_DEV_SL___0573E9C8F9123BE035E5D39C80BA4A7D9AF8EA65.udd" 4901
"C:/Users/shashinda adithya/AppData/Local/UnrealEngine/Common/DerivedDataCache/9/8/2/MATSM_0BA69734E4FD45E082FA4560DBE25454_PCD3D_SM5_8__BC5N_NOCCBN_NOIRIS_DEV_SL___6C5B3AA4714BF5F882CB5A36637F33A8F2D39EE7.udd" 4902
"C:/Users/shashinda adithya/AppData/Local/UnrealEngine/Common/DerivedDataCache/9/3/7/TEXTURE_E01F4250BECD420DA9CE63B5EECEC2C2_OODLE_DXT1_11_44107DB5BB44B224ED4E50A__D681C2E7AA2F48CDFE8C31AB69AB96B0FC343AB8.udd" 4903
"C:/Users/shashinda adithya/AppData/Local/UnrealEngine/Common/DerivedDataCache/9/9/0/TEXTURE_E01F4250BECD420DA9CE63B5EECEC2C2_OODLE_DXT1_11_44107DB5BB44B224ED4E50A__5C21EE0FBC1A7301D6A5C7E289DA264956CE9F41.udd" 4904
"C:/Users/shashinda adithya/AppData/Local/UnrealEngine/Common/DerivedDataCache/2/4/8/TEXTURE_E01F4250BECD420DA9CE63B5EECEC2C2_OODLE_DXT1_11_44107DB5BB44B224ED4E50A__697ECE2E003B12ABE08088CFFADC6238C4D08444.udd" 4905
"C:/Users/shashinda adithya/AppData/Local/UnrealEngine/Common/DerivedDataCache/6/4/6/TEXTURE_E01F4250BECD420DA9CE63B5EECEC2C2_OODLE_DXT1_11_44107DB5BB44B224ED4E50A__48C7D1B2767CB2484BA9642A7DB2093269B80DB2.udd" 4906
"C:/Users/shashinda adithya/AppData/Local/UnrealEngine/Common/DerivedDataCache/9/4/6/TEXTURE_E01F4250BECD420DA9CE63B5EECEC2C2_OODLE_AUTODXT_11_0E00CAD6CD42EEDD0062__ED2ECE6B8977E2546D39D03C2E8E1EB0C07CE0A4.udd" 4907
"C:/Users/shashinda adithya/AppData/Local/UnrealEngine/Common/DerivedDataCache/8/4/4/TEXTURE_E01F4250BECD420DA9CE63B5EECEC2C2_OODLE_AUTODXT_11_0E00CAD6CD42EEDD0062__9A23C9F73634E017090E12A35E57D73E1191B37F.udd" 4908
"C:/Users/shashinda adithya/AppData/Local/UnrealEngine/Common/DerivedDataCache/9/4/1/TEXTURE_E01F4250BECD420DA9CE63B5EECEC2C2_OODLE_AUTODXT_11_0E00CAD6CD42EEDD0062__DFBB82C07977FDBB1D6DB5F629942E5FAE1A1C5D.udd" 4909
"C:/Users/shashinda adithya/AppData/Local/UnrealEngine/Common/DerivedDataCache/0/5/4/TEXTURE_E01F4250BECD420DA9CE63B5EECEC2C2_OODLE_AUTODXT_11_0E00CAD6CD42EEDD0062__8DC46A0AC8B44AA766167A511210657813854B2A.udd" 4910
"C:/Users/shashinda adithya/AppData/Local/UnrealEngine/Common/DerivedDataCache/0/4/5/MATSM_0BA69734E4FD45E082FA4560DBE25454_PCD3D_SM5_8__BC5N_NOCCBN_NOIRIS_DEV_SL___D89EFB25F720E179BCD05815644CA5EE1D4D93E7.udd" 4911
"C:/Users/shashinda adithya/AppData/Local/UnrealEngine/Common/DerivedDataCache/4/3/1/TEXTURE_E01F4250BECD420DA9CE63B5EECEC2C2_OODLE_AUTODXT_11_54B9A7095E4DF6DBFDF5__50EFDF572C533556ACA71E43BCB95CF1051EEC9A.udd" 4912
"C:/Users/shashinda adithya/AppData/Local/UnrealEngine/Common/DerivedDataCache/2/6/2/TEXTURE_E01F4250BECD420DA9CE63B5EECEC2C2_OODLE_AUTODXT_11_54B9A7095E4DF6DBFDF5__92BEA53E5DCDDC715EBD44DC63CF5E13C99FED90.udd" 4913
"C:/Users/shashinda adithya/AppData/Local/UnrealEngine/Common/DerivedDataCache/4/7/4/TEXTURE_E01F4250BECD420DA9CE63B5EECEC2C2_OODLE_AUTODXT_11_54B9A7095E4DF6DBFDF5__DCD24BFB63CD854A7191E1EDB77A874213582C98.udd" 4914
"C:/Users/shashinda adithya/AppData/Local/UnrealEngine/Common/DerivedDataCache/5/0/7/TEXTURE_E01F4250BECD420DA9CE63B5EECEC2C2_OODLE_AUTODXT_11_54B9A7095E4DF6DBFDF5__AE54D65BB742571C18937F41279676E7BDC834CD.udd" 4915
"C:/Users/shashinda adithya/AppData/Local/UnrealEngine/Common/DerivedDataCache/3/6/2/TEXTURE_E01F4250BECD420DA9CE63B5EECEC2C2_OODLE_AUTODXT_11_54B9A7095E4DF6DBFDF5__CC36CBD6B856B5FBE3F0C15F409B18EF90FCCDAB.udd" 4916
"C:/Users/shashinda adithya/AppData/Local/UnrealEngine/Common/DerivedDataCache/9/3/9/MATSM_0BA69734E4FD45E082FA4560DBE25454_PCD3D_SM5_8__BC5N_NOCCBN_NOIRIS_DEV_SL___BD63CCEC9B6B3C69CC2E959C8B71BDC56934B1D7.udd" 4917
"C:/Users/shashinda adithya/AppData/Local/UnrealEngine/Common/DerivedDataCache/9/6/3/TEXTURE_E01F4250BECD420DA9CE63B5EECEC2C2_OODLE_DXT1_11_C1AEF8F4F34B328A0CF8C48__C0B3F7E863171DF1DD78494166E0A8C0F7FBF8BF.udd" 4918
"C:/Users/shashinda adithya/AppData/Local/UnrealEngine/Common/DerivedDataCache/4/5/5/TEXTURE_E01F4250BECD420DA9CE63B5EECEC2C2_OODLE_DXT1_11_C1AEF8F4F34B328A0CF8C48__DF3AE922E2751F8BCDEA977CE06EB380E14A7779.udd" 4919
"C:/Users/shashinda adithya/AppData/Local/UnrealEngine/Common/DerivedDataCache/2/1/7/TEXTURE_E01F4250BECD420DA9CE63B5EECEC2C2_OODLE_DXT1_11_C1AEF8F4F34B328A0CF8C48__4D17D499F8801A16C92C54DF966DBD16EFDDB4D7.udd" 4920
"C:/Users/shashinda adithya/AppData/Local/UnrealEngine/Common/DerivedDataCache/3/9/2/TEXTURE_E01F4250BECD420DA9CE63B5EECEC2C2_OODLE_DXT1_11_C1AEF8F4F34B328A0CF8C48__7FB34E61AE80732B73BF06A8E95237A011375E87.udd" 4921
"C:/Users/shashinda adithya/AppData/Local/UnrealEngine/Common/DerivedDataCache/3/4/4/TEXTURE_E01F4250BECD420DA9CE63B5EECEC2C2_OODLE_DXT1_11_C1AEF8F4F34B328A0CF8C48__B42FA31B1B14275DFE6A7C80C17700B7CC12BEA1.udd" 4922
"C:/Users/shashinda adithya/AppData/Local/UnrealEngine/Common/DerivedDataCache/4/4/9/MATSM_0BA69734E4FD45E082FA4560DBE25454_PCD3D_SM5_8__BC5N_NOCCBN_NOIRIS_DEV_SL___30CA71DE8126032AD5945C84B55E11D800AB8BBD.udd" 4923
"C:/Users/shashinda adithya/AppData/Local/UnrealEngine/Common/DerivedDataCache/0/2/4/TEXTURE_E01F4250BECD420DA9CE63B5EECEC2C2_OODLE_AUTODXT_11_5C649C8C0C4D394C236A__98C2DEB808E030B50D0275C514D79A1FAFCAF940.udd" 4924
"C:/Users/shashinda adithya/AppData/Local/UnrealEngine/Common/DerivedDataCache/8/1/8/TEXTURE_E01F4250BECD420DA9CE63B5EECEC2C2_OODLE_AUTODXT_11_5C649C8C0C4D394C236A__3F95DEFB50991ED2A13EDC361BCC1939464AD548.udd" 4925
"C:/Users/shashinda adithya/AppData/Local/UnrealEngine/Common/DerivedDataCache/0/3/2/TEXTURE_E01F4250BECD420DA9CE63B5EECEC2C2_OODLE_AUTODXT_11_5C649C8C0C4D394C236A__9393EAFCCE5A0DB224913FF881A3B3920C1EA4DD.udd" 4926
"C:/Users/shashinda adithya/AppData/Local/UnrealEngine/Common/DerivedDataCache/8/9/0/TEXTURE_E01F4250BECD420DA9CE63B5EECEC2C2_OODLE_AUTODXT_11_5C649C8C0C4D394C236A__A9ABDBD98C52C8C5C639134909B1E4D743CC38AC.udd" 4927
"C:/Users/shashinda adithya/AppData/Local/UnrealEngine/Common/DerivedDataCache/2/4/1/TEXTURE_E01F4250BECD420DA9CE63B5EECEC2C2_OODLE_AUTODXT_11_96B0E5F9AC4396B87B33__CF150979BC890A3026583CFF3B647B0A69A52CC8.udd" 4928
"C:/Users/shashinda adithya/AppData/Local/UnrealEngine/Common/DerivedDataCache/2/9/9/TEXTURE_E01F4250BECD420DA9CE63B5EECEC2C2_OODLE_AUTODXT_11_96B0E5F9AC4396B87B33__E81E220481BEE710CA8E5D38DAAD6D2C8ACDC2B4.udd" 4929
"C:/Users/shashinda adithya/AppData/Local/UnrealEngine/Common/DerivedDataCache/9/1/8/TEXTURE_E01F4250BECD420DA9CE63B5EECEC2C2_OODLE_AUTODXT_11_96B0E5F9AC4396B87B33__796EB13818950F4C66FEC5166EAB29FBB1EA7C1E.udd" 4930
"C:/Users/shashinda adithya/AppData/Local/UnrealEngine/Common/DerivedDataCache/7/5/1/TEXTURE_E01F4250BECD420DA9CE63B5EECEC2C2_OODLE_AUTODXT_11_96B0E5F9AC4396B87B33__D44F38CBF85B4D77DA8195FB55A502B7CFA3438C.udd" 4931
"C:/Users/shashinda adithya/AppData/Local/UnrealEngine/Common/DerivedDataCache/0/6/0/TEXTURE_E01F4250BECD420DA9CE63B5EECEC2C2_OODLE_AUTODXT_11_96B0E5F9AC4396B87B33__16F1995E02B62D8F36FEC6026EF49FCA84E6BA7F.udd" 4932
"C:/Users/shashinda adithya/AppData/Local/UnrealEngine/Common/DerivedDataCache/7/7/7/TEXTURE_E01F4250BECD420DA9CE63B5EECEC2C2_OODLE_AUTODXT_11_96B0E5F9AC4396B87B33__430C307437B75F5D1D0D162C55F3BD170C5F6987.udd" 4933
"C:/Users/shashinda adithya/AppData/Local/UnrealEngine/Common/DerivedDataCache/5/5/5/MATSM_0BA69734E4FD45E082FA4560DBE25454_PCD3D_SM5_8__BC5N_NOCCBN_NOIRIS_DEV_SL___E23C42BB65B70776DA6D7CE378A83C0DDB93BE38.udd" 4934
"C:/Users/shashinda adithya/AppData/Local/UnrealEngine/Common/DerivedDataCache/5/3/9/TEXTURE_E01F4250BECD420DA9CE63B5EECEC2C2_OODLE_DXT1_11_A92135A17B4CC9908869A9B__404CD04E66BA415605C5D3F9A1632F1F509DA9D1.udd" 4935
"C:/Users/shashinda adithya/AppData/Local/UnrealEngine/Common/DerivedDataCache/2/8/3/TEXTURE_E01F4250BECD420DA9CE63B5EECEC2C2_OODLE_DXT1_11_A92135A17B4CC9908869A9B__B729F201AF4411D4AC5C69CD42A33CCAB2BEEEF4.udd" 4936
"C:/Users/shashinda adithya/AppData/Local/UnrealEngine/Common/DerivedDataCache/0/9/5/TEXTURE_E01F4250BECD420DA9CE63B5EECEC2C2_OODLE_DXT1_11_A92135A17B4CC9908869A9B__44954272BFA38450ED76A6EDED7C30438B5F168A.udd" 4937
"C:/Users/shashinda adithya/AppData/Local/UnrealEngine/Common/DerivedDataCache/4/8/0/TEXTURE_E01F4250BECD420DA9CE63B5EECEC2C2_OODLE_DXT1_11_A92135A17B4CC9908869A9B__6126B6C42101071D348A1D45BE2BD9FFA5B8DE80.udd" 4938
"C:/Users/shashinda adithya/AppData/Local/UnrealEngine/Common/DerivedDataCache/8/6/2/TEXTURE_E01F4250BECD420DA9CE63B5EECEC2C2_OODLE_DXT1_11_A92135A17B4CC9908869A9B__7B6F20111B0503D20B2B2B96262B8723132CB25B.udd" 4939
"C:/Users/shashinda adithya/AppData/Local/UnrealEngine/Common/DerivedDataCache/0/2/3/TEXTURE_E01F4250BECD420DA9CE63B5EECEC2C2_OODLE_DXT1_11_A92135A17B4CC9908869A9B__E03E741F03FD7482E4D1FB341900AF02B351D871.udd" 4940
"C:/Users/shashinda adithya/AppData/Local/UnrealEngine/Common/DerivedDataCache/7/7/1/MATSM_0BA69734E4FD45E082FA4560DBE25454_PCD3D_SM5_8__BC5N_NOCCBN_NOIRIS_DEV_SL___90ED9A34839EBEC25C15058E52FB0629C294DD5D.udd" 4941
"C:/Users/shashinda adithya/AppData/Local/UnrealEngine/Common/DerivedDataCache/2/2/1/TEXTURE_E01F4250BECD420DA9CE63B5EECEC2C2_OODLE_DXT1_11_90BAB8BB8A4D828576D4FA9__403128EBBD0A242AA7D7424E11634E9E6EADE3B6.udd" 4942
"C:/Users/shashinda adithya/AppData/Local/UnrealEngine/Common/DerivedDataCache/5/7/7/TEXTURE_E01F4250BECD420DA9CE63B5EECEC2C2_OODLE_DXT1_11_90BAB8BB8A4D828576D4FA9__B8C5933E07886414BC17867B32C2E8B6B1D1CB81.udd" 4943
"C:/Users/shashinda adithya/AppData/Local/UnrealEngine/Common/DerivedDataCache/1/9/2/TEXTURE_E01F4250BECD420DA9CE63B5EECEC2C2_OODLE_DXT1_11_90BAB8BB8A4D828576D4FA9__286E154863D78B2E2C01DBCCA5EAD7E187FA91BA.udd" 4944
"C:/Users/shashinda adithya/AppData/Local/UnrealEngine/Common/DerivedDataCache/7/6/1/TEXTURE_E01F4250BECD420DA9CE63B5EECEC2C2_OODLE_DXT1_11_90BAB8BB8A4D828576D4FA9__FE2074F33A470F86619DA556FB8FB60B57306124.udd" 4945
"C:/Users/shashinda adithya/AppData/Local/UnrealEngine/Common/DerivedDataCache/9/7/5/TEXTURE_E01F4250BECD420DA9CE63B5EECEC2C2_OODLE_DXT1_11_C8289D49894C87A35DA4C38__7E34167F0D7DABEBAE166BE4D634FBABD1049DD5.udd" 4946
"C:/Users/shashinda adithya/AppData/Local/UnrealEngine/Common/DerivedDataCache/1/0/0/TEXTURE_E01F4250BECD420DA9CE63B5EECEC2C2_OODLE_DXT1_11_C8289D49894C87A35DA4C38__B531DD2F133AAD636AAF2822C250B9668F7A5D3D.udd" 4947
"C:/Users/shashinda adithya/AppData/Local/UnrealEngine/Common/DerivedDataCache/6/6/6/TEXTURE_E01F4250BECD420DA9CE63B5EECEC2C2_OODLE_DXT1_11_C8289D49894C87A35DA4C38__E684F6F6446387DB76CD0F3FD5B284BFB0B935F7.udd" 4948
"C:/Users/shashinda adithya/AppData/Local/UnrealEngine/Common/DerivedDataCache/6/1/3/TEXTURE_E01F4250BECD420DA9CE63B5EECEC2C2_OODLE_DXT1_11_C8289D49894C87A35DA4C38__48C12CE408BBC8FE1BCA2D146E27A88ABB72F540.udd" 4949
"C:/Users/shashinda adithya/AppData/Local/UnrealEngine/Common/DerivedDataCache/4/2/1/TEXTURE_E01F4250BECD420DA9CE63B5EECEC2C2_OODLE_DXT1_11_4A980497A54DBE4F0B8D16A__1BE65BA5D3682F98405C1AB3D17509C37147DD2E.udd" 4950
"C:/Users/shashinda adithya/AppData/Local/UnrealEngine/Common/DerivedDataCache/7/9/1/TEXTURE_E01F4250BECD420DA9CE63B5EECEC2C2_OODLE_DXT1_11_4A980497A54DBE4F0B8D16A__79974F063E67EB1A5AB76425C543447DF0E43FA2.udd" 4951
"C:/Users/shashinda adithya/AppData/Local/UnrealEngine/Common/DerivedDataCache/8/1/7/TEXTURE_E01F4250BECD420DA9CE63B5EECEC2C2_OODLE_DXT1_11_4A980497A54DBE4F0B8D16A__3219F9A246CA5E0CE0D0131931C60401AE8FCBAC.udd" 4952
"C:/Users/shashinda adithya/AppData/Local/UnrealEngine/Common/DerivedDataCache/3/7/4/TEXTURE_E01F4250BECD420DA9CE63B5EECEC2C2_OODLE_DXT1_11_4A980497A54DBE4F0B8D16A__C73EEE895AEAA2896374ABAF787538E206D09D9D.udd" 4953
"C:/Users/shashinda adithya/AppData/Local/UnrealEngine/Common/DerivedDataCache/0/8/7/TEXTURE_E01F4250BECD420DA9CE63B5EECEC2C2_OODLE_DXT1_11_D89604F8F843A1F88ED2FBB__BB9481F78BF052F72AC813198629B623DE482F28.udd" 4954
"C:/Users/shashinda adithya/AppData/Local/UnrealEngine/Common/DerivedDataCache/7/4/6/TEXTURE_E01F4250BECD420DA9CE63B5EECEC2C2_OODLE_DXT1_11_D89604F8F843A1F88ED2FBB__8B59102660332A2D804C595A0F7C101129E8318B.udd" 4955
"C:/Users/shashinda adithya/AppData/Local/UnrealEngine/Common/DerivedDataCache/6/9/4/TEXTURE_E01F4250BECD420DA9CE63B5EECEC2C2_OODLE_DXT1_11_D89604F8F843A1F88ED2FBB__E46BA77FCFF5908FE7E911C0EEB9A618EE33BDA8.udd" 4956
"C:/Users/shashinda adithya/AppData/Local/UnrealEngine/Common/DerivedDataCache/5/1/3/TEXTURE_E01F4250BECD420DA9CE63B5EECEC2C2_OODLE_DXT1_11_D89604F8F843A1F88ED2FBB__8CEEF8F3AB8E86543C61EA66329AC4DB4B0B38E2.udd" 4957
"C:/Users/shashinda adithya/AppData/Local/UnrealEngine/Common/DerivedDataCache/1/4/9/TEXTURE_E01F4250BECD420DA9CE63B5EECEC2C2_OODLE_AUTODXT_11_BA651FE6044A74540070__0CB8DD721290633889F4E7A50B428C2833F18609.udd" 4958
"C:/Users/shashinda adithya/AppData/Local/UnrealEngine/Common/DerivedDataCache/1/2/9/TEXTURE_E01F4250BECD420DA9CE63B5EECEC2C2_OODLE_AUTODXT_11_BA651FE6044A74540070__3CE66508465C74A22F88279561C11C72E177267B.udd" 4959
"C:/Users/shashinda adithya/AppData/Local/UnrealEngine/Common/DerivedDataCache/5/1/8/TEXTURE_E01F4250BECD420DA9CE63B5EECEC2C2_OODLE_AUTODXT_11_BA651FE6044A74540070__C0D345B8D3866FAC7C49281A33E9FA427F357BF1.udd" 4960
"C:/Users/shashinda adithya/AppData/Local/UnrealEngine/Common/DerivedDataCache/1/4/6/TEXTURE_E01F4250BECD420DA9CE63B5EECEC2C2_OODLE_AUTODXT_11_BA651FE6044A74540070__D15FFC6FA23C50E0CE3AB94C82A953C834931CD9.udd" 4961
"C:/Users/shashinda adithya/AppData/Local/UnrealEngine/Common/DerivedDataCache/4/5/7/MATSM_0BA69734E4FD45E082FA4560DBE25454_PCD3D_SM5_8__BC5N_NOCCBN_NOIRIS_DEV_SL___2DA84F5DB37644432A9F62BE8B96F47777A35336.udd" 4962
"C:/Users/shashinda adithya/AppData/Local/UnrealEngine/Common/DerivedDataCache/2/8/1/MATSM_0BA69734E4FD45E082FA4560DBE25454_PCD3D_SM5_8__BC5N_NOCCBN_NOIRIS_DEV_SL___ACF93313E125DB6C0CA5627EAF7E3674D8EB7080.udd" 4963
"C:/Users/shashinda adithya/AppData/Local/UnrealEngine/Common/DerivedDataCache/9/4/3/TEXTURE_E01F4250BECD420DA9CE63B5EECEC2C2_OODLE_DXT1_11_3E218860604B2C328B0F59B__BE043E6BFAFB483547AC42263E7008B4322AA257.udd" 4964
"C:/Users/shashinda adithya/AppData/Local/UnrealEngine/Common/DerivedDataCache/7/1/9/TEXTURE_E01F4250BECD420DA9CE63B5EECEC2C2_OODLE_DXT1_11_3E218860604B2C328B0F59B__9EA57E46F546833305D8AD963D428F7C6E8604CB.udd" 4965
"C:/Users/shashinda adithya/AppData/Local/UnrealEngine/Common/DerivedDataCache/0/2/9/TEXTURE_E01F4250BECD420DA9CE63B5EECEC2C2_OODLE_DXT1_11_3E218860604B2C328B0F59B__33F624FE204313577F80035F8D3BC23AA45271BB.udd" 4966
"C:/Users/shashinda adithya/AppData/Local/UnrealEngine/Common/DerivedDataCache/8/3/9/TEXTURE_E01F4250BECD420DA9CE63B5EECEC2C2_OODLE_DXT1_11_3E218860604B2C328B0F59B__0C7359D7207547BCE1D22FD6B1F2F8E73C53A62B.udd" 4967
"C:/Users/shashinda adithya/AppData/Local/UnrealEngine/Common/DerivedDataCache/5/1/9/TEXTURE_E01F4250BECD420DA9CE63B5EECEC2C2_OODLE_DXT1_11_25428F896849C2E5AC6690A__49EDD7B3D0F401415440F0E6780195ECDFCEC6F5.udd" 4968
"C:/Users/shashinda adithya/AppData/Local/UnrealEngine/Common/DerivedDataCache/4/2/8/TEXTURE_E01F4250BECD420DA9CE63B5EECEC2C2_OODLE_DXT1_11_25428F896849C2E5AC6690A__B6969BECCF0FD18408E7CD16D1FF0920D38A3685.udd" 4969
"C:/Users/shashinda adithya/AppData/Local/UnrealEngine/Common/DerivedDataCache/6/1/8/TEXTURE_E01F4250BECD420DA9CE63B5EECEC2C2_OODLE_DXT1_11_25428F896849C2E5AC6690A__9BF7B6A83A44244605BA329979A5733E40FE1A31.udd" 4970
"C:/Users/shashinda adithya/AppData/Local/UnrealEngine/Common/DerivedDataCache/8/7/2/TEXTURE_E01F4250BECD420DA9CE63B5EECEC2C2_OODLE_DXT1_11_25428F896849C2E5AC6690A__F94C69550860F5387A8ED5A2219887C740064E9A.udd" 4971
"C:/Users/shashinda adithya/AppData/Local/UnrealEngine/Common/DerivedDataCache/6/3/6/TEXTURE_E01F4250BECD420DA9CE63B5EECEC2C2_OODLE_DXT1_11_25428F896849C2E5AC6690A__DF86EAC04E17424B0D3736566054EF00ADD08EF5.udd" 4972
"C:/Users/shashinda adithya/AppData/Local/UnrealEngine/Common/DerivedDataCache/8/4/5/TEXTURE_E01F4250BECD420DA9CE63B5EECEC2C2_OODLE_DXT1_11_25428F896849C2E5AC6690A__FFCC5B2507563FE2CD71B81866B8257A76AA150C.udd" 4973
"C:/Users/shashinda adithya/AppData/Local/UnrealEngine/Common/DerivedDataCache/8/5/8/TEXTURE_E01F4250BECD420DA9CE63B5EECEC2C2_OODLE_DXT1_11_2EA8A3696F4E125028356FA__9CB83CDD73D7D90D492902D779B029DE89F9116D.udd" 4974
"C:/Users/shashinda adithya/AppData/Local/UnrealEngine/Common/DerivedDataCache/4/6/9/TEXTURE_E01F4250BECD420DA9CE63B5EECEC2C2_OODLE_DXT1_11_2EA8A3696F4E125028356FA__17CAAEF3D2727C8672268A02A1AD354718EA5579.udd" 4975
"C:/Users/shashinda adithya/AppData/Local/UnrealEngine/Common/DerivedDataCache/6/1/1/TEXTURE_E01F4250BECD420DA9CE63B5EECEC2C2_OODLE_DXT1_11_2EA8A3696F4E125028356FA__2DD8B9004B59CA978F495BB02C678EDF1D894E82.udd" 4976
"C:/Users/shashinda adithya/AppData/Local/UnrealEngine/Common/DerivedDataCache/2/8/8/TEXTURE_E01F4250BECD420DA9CE63B5EECEC2C2_OODLE_DXT1_11_2EA8A3696F4E125028356FA__95A992C5600B95C4CE077FE034B10FD139FBA1AD.udd" 4977
"C:/Users/shashinda adithya/AppData/Local/UnrealEngine/Common/DerivedDataCache/6/9/9/TEXTURE_E01F4250BECD420DA9CE63B5EECEC2C2_OODLE_AUTODXT_11_A02292FB8C4D4567060C__1E3AF30FF0A4855809EB4E630279A4B65F7498A0.udd" 4978
"C:/Users/shashinda adithya/AppData/Local/UnrealEngine/Common/DerivedDataCache/0/6/2/TEXTURE_E01F4250BECD420DA9CE63B5EECEC2C2_OODLE_AUTODXT_11_A02292FB8C4D4567060C__8A7A0B03388A4C450CA2E34BEC2E3B7D337674E3.udd" 4979
"C:/Users/shashinda adithya/AppData/Local/UnrealEngine/Common/DerivedDataCache/0/9/9/TEXTURE_E01F4250BECD420DA9CE63B5EECEC2C2_OODLE_AUTODXT_11_A02292FB8C4D4567060C__4E55EAAEE7C35B86315374ECFB0B7D51EABA4A86.udd" 4980
"C:/Users/shashinda adithya/AppData/Local/UnrealEngine/Common/DerivedDataCache/3/2/4/TEXTURE_E01F4250BECD420DA9CE63B5EECEC2C2_OODLE_AUTODXT_11_A02292FB8C4D4567060C__924B234B2276751A47D8C13619E336006DB2CC3B.udd" 4981
"C:/Users/shashinda adithya/AppData/Local/UnrealEngine/Common/DerivedDataCache/9/5/7/TEXTURE_E01F4250BECD420DA9CE63B5EECEC2C2_OODLE_AUTODXT_11_A02292FB8C4D4567060C__95258D7B1751C1DEFEA2FEF9306C7BDC4D2E0480.udd" 4982
"C:/Users/shashinda adithya/AppData/Local/UnrealEngine/Common/DerivedDataCache/1/7/4/TEXTURE_E01F4250BECD420DA9CE63B5EECEC2C2_OODLE_AUTODXT_11_A02292FB8C4D4567060C__25236CB032D0409E47ED3A49511D4806D59AF872.udd" 4983
"C:/Users/shashinda adithya/AppData/Local/UnrealEngine/Common/DerivedDataCache/4/2/6/TEXTURE_E01F4250BECD420DA9CE63B5EECEC2C2_OODLE_AUTODXT_11_8B7EA3F75345305A8537__F7643496B9D8E81E0A40FB0F42FF6294C304816C.udd" 4984
"C:/Users/shashinda adithya/AppData/Local/UnrealEngine/Common/DerivedDataCache/7/9/1/TEXTURE_E01F4250BECD420DA9CE63B5EECEC2C2_OODLE_AUTODXT_11_8B7EA3F75345305A8537__4DF935259492EED908D91BEAA674D5F6965188CC.udd" 4985
"C:/Users/shashinda adithya/AppData/Local/UnrealEngine/Common/DerivedDataCache/7/8/7/TEXTURE_E01F4250BECD420DA9CE63B5EECEC2C2_OODLE_AUTODXT_11_8B7EA3F75345305A8537__725D3125BD5E83E6A5844C40A873D14873F49848.udd" 4986
"C:/Users/shashinda adithya/AppData/Local/UnrealEngine/Common/DerivedDataCache/5/7/7/TEXTURE_E01F4250BECD420DA9CE63B5EECEC2C2_OODLE_AUTODXT_11_8B7EA3F75345305A8537__EDDF5BD8AFBB08BC84CAB55B97A728E3CC357079.udd" 4987
"C:/Users/shashinda adithya/AppData/Local/UnrealEngine/Common/DerivedDataCache/1/6/4/MATSM_0BA69734E4FD45E082FA4560DBE25454_PCD3D_SM5_8__BC5N_NOCCBN_NOIRIS_DEV_SL___D187907701891050AD8268B79AAC410B2DF4D51C.udd" 4988
"C:/Users/shashinda adithya/AppData/Local/UnrealEngine/Common/DerivedDataCache/2/5/0/TEXTURE_E01F4250BECD420DA9CE63B5EECEC2C2_OODLE_DXT1_11_A92954E1124DCC75506316B__E7CF01E36D630D1E3C60FEAC93A1E865A5D721C7.udd" 4989
"C:/Users/shashinda adithya/AppData/Local/UnrealEngine/Common/DerivedDataCache/2/2/7/TEXTURE_E01F4250BECD420DA9CE63B5EECEC2C2_OODLE_BC5_11_2C4FDAAA2E4F9BB57BC52F84__AB4F0013E382BEBE22BBB585DCC75CF05B0A8502.udd" 4990
"C:/Users/shashinda adithya/AppData/Local/UnrealEngine/Common/DerivedDataCache/0/1/2/TEXTURE_E01F4250BECD420DA9CE63B5EECEC2C2_OODLE_BC5_11_2C4FDAAA2E4F9BB57BC52F84__E669ED27C7883A4B3CA350C2C26C344E9E1E7031.udd" 4991
"C:/Users/shashinda adithya/AppData/Local/UnrealEngine/Common/DerivedDataCache/5/3/8/TEXTURE_E01F4250BECD420DA9CE63B5EECEC2C2_OODLE_BC5_11_2C4FDAAA2E4F9BB57BC52F84__487DFEB6413BBA96FBD0C50ABC36490BF25412EF.udd" 4992
"C:/Users/shashinda adithya/AppData/Local/UnrealEngine/Common/DerivedDataCache/8/1/8/TEXTURE_E01F4250BECD420DA9CE63B5EECEC2C2_OODLE_BC5_11_2C4FDAAA2E4F9BB57BC52F84__F67B42618FDF390EEFEACB6EBE02FFBD7606A343.udd" 4993
"C:/Users/shashinda adithya/AppData/Local/UnrealEngine/Common/DerivedDataCache/1/0/2/TEXTURE_E01F4250BECD420DA9CE63B5EECEC2C2_OODLE_BC5_11_2C4FDAAA2E4F9BB57BC52F84__3CC9241137F8F79188A1F6DFC6D1DEAF1F7B8EEA.udd" 4994
"C:/Users/shashinda adithya/AppData/Local/UnrealEngine/Common/DerivedDataCache/5/0/6/MATSM_0BA69734E4FD45E082FA4560DBE25454_PCD3D_SM5_8__BC5N_NOCCBN_NOIRIS_DEV_SL___630AD8BB43D3D4FE56A2F71CE23A779C29B04F48.udd" 4995
"C:/Users/shashinda adithya/AppData/Local/UnrealEngine/Common/DerivedDataCache/2/1/3/TEXTURE_E01F4250BECD420DA9CE63B5EECEC2C2_OODLE_DXT1_11_5278DB014640B0D54B85B68__8A6F87222A9A5E6C96F7CCA6B7FA47A877032A19.udd" 4996
"C:/Users/shashinda adithya/AppData/Local/UnrealEngine/Common/DerivedDataCache/6/8/1/TEXTURE_E01F4250BECD420DA9CE63B5EECEC2C2_OODLE_DXT1_11_5278DB014640B0D54B85B68__F9A4F2537B239F0BD7474405BAA69DDB350EE3DB.udd" 4997
"C:/Users/shashinda adithya/AppData/Local/UnrealEngine/Common/DerivedDataCache/5/8/3/TEXTURE_E01F4250BECD420DA9CE63B5EECEC2C2_OODLE_DXT1_11_5278DB014640B0D54B85B68__1ABDEA0BE1EC6FEF9CB9D03E4D218D56E3803267.udd" 4998
"C:/Users/shashinda adithya/AppData/Local/UnrealEngine/Common/DerivedDataCache/4/3/2/TEXTURE_E01F4250BECD420DA9CE63B5EECEC2C2_OODLE_DXT1_11_5278DB014640B0D54B85B68__FE8DBEEDE5DF14130C82411AE2C6CD4E91D4528D.udd" 4999
"C:/Users/shashinda adithya/AppData/Local/UnrealEngine/Common/DerivedDataCache/3/6/0/TEXTURE_E01F4250BECD420DA9CE63B5EECEC2C2_OODLE_DXT1_11_5278DB014640B0D54B85B68__767F8454A1965308EFFB173B251F89C814F94EAF.udd" 5000
"C:/Users/shashinda adithya/AppData/Local/UnrealEngine/Common/DerivedDataCache/1/3/7/TEXTURE_E01F4250BECD420DA9CE63B5EECEC2C2_OODLE_DXT1_11_5278DB014640B0D54B85B68__BE0FE97845B2C81580AB975EFC08EA70373D7226.udd" 5001
"C:/Users/shashinda adithya/AppData/Local/UnrealEngine/Common/DerivedDataCache/0/0/9/TEXTURE_E01F4250BECD420DA9CE63B5EECEC2C2_OODLE_DXT1_11_A7DA13FB9148D26837B605A__DB7BE6ADB459CEEC28A8B157B8AFD5330CCB3DEA.udd" 5002
"C:/Users/shashinda adithya/AppData/Local/UnrealEngine/Common/DerivedDataCache/8/0/4/TEXTURE_E01F4250BECD420DA9CE63B5EECEC2C2_OODLE_DXT1_11_A7DA13FB9148D26837B605A__A79C3D73C8B901C187BA881623E169F796EE39B7.udd" 5003
"C:/Users/shashinda adithya/AppData/Local/UnrealEngine/Common/DerivedDataCache/8/9/6/TEXTURE_E01F4250BECD420DA9CE63B5EECEC2C2_OODLE_DXT1_11_A7DA13FB9148D26837B605A__C40169AF52C9E2D9296DC1E11603AD313FD5DECA.udd" 5004
"C:/Users/shashinda adithya/AppData/Local/UnrealEngine/Common/DerivedDataCache/5/0/6/TEXTURE_E01F4250BECD420DA9CE63B5EECEC2C2_OODLE_DXT1_11_A7DA13FB9148D26837B605A__5766C6B02DF499A335D6B9527E905EF4542C3AA3.udd" 5005
"C:/Users/shashinda adithya/AppData/Local/UnrealEngine/Common/DerivedDataCache/9/6/2/TEXTURE_E01F4250BECD420DA9CE63B5EECEC2C2_OODLE_DXT1_11_A7DA13FB9148D26837B605A__E48DF9F2B15B04B6969238F6CC5D42B03B1C4EAC.udd" 5006
"C:/Users/shashinda adithya/AppData/Local/UnrealEngine/Common/DerivedDataCache/1/9/7/MATSM_0BA69734E4FD45E082FA4560DBE25454_PCD3D_SM5_8__BC5N_NOCCBN_NOIRIS_DEV_SL___1206A602C34EF4FFC0EF70EE19A4DB5953BC2084.udd" 5007
"C:/Users/shashinda adithya/AppData/Local/UnrealEngine/Common/DerivedDataCache/3/8/9/TEXTURE_E01F4250BECD420DA9CE63B5EECEC2C2_OODLE_DXT1_11_F7876219DE42BD03B1FE21A__D1D3B04977C81D8C04B9E01382DCA263A9547768.udd" 5008
"C:/Users/shashinda adithya/AppData/Local/UnrealEngine/Common/DerivedDataCache/9/4/1/TEXTURE_E01F4250BECD420DA9CE63B5EECEC2C2_OODLE_DXT1_11_F7876219DE42BD03B1FE21A__D38A50CB738D3E5B13AB867D3257990142DD07AF.udd" 5009
"C:/Users/shashinda adithya/AppData/Local/UnrealEngine/Common/DerivedDataCache/9/7/2/TEXTURE_E01F4250BECD420DA9CE63B5EECEC2C2_OODLE_DXT1_11_F7876219DE42BD03B1FE21A__BA1F5ECD28406CBF742F14A8A91770482475F726.udd" 5010
"C:/Users/shashinda adithya/AppData/Local/UnrealEngine/Common/DerivedDataCache/6/0/3/TEXTURE_E01F4250BECD420DA9CE63B5EECEC2C2_OODLE_DXT1_11_F7876219DE42BD03B1FE21A__043496C397F6D446E3D52D4596B7143586E3017B.udd" 5011
"C:/Users/shashinda adithya/AppData/Local/UnrealEngine/Common/DerivedDataCache/9/3/5/TEXTURE_E01F4250BECD420DA9CE63B5EECEC2C2_OODLE_DXT1_11_B0111A8E0049D406DB3C198__F237CB076F1C0CFF2290C2026210956D1AD34F14.udd" 5012
"C:/Users/shashinda adithya/AppData/Local/UnrealEngine/Common/DerivedDataCache/4/8/7/TEXTURE_E01F4250BECD420DA9CE63B5EECEC2C2_OODLE_DXT1_11_B0111A8E0049D406DB3C198__9AA2AB39C9A00CFE5EF96DFBFFF6E0D444E90F8E.udd" 5013
"C:/Users/shashinda adithya/AppData/Local/UnrealEngine/Common/DerivedDataCache/5/5/1/TEXTURE_E01F4250BECD420DA9CE63B5EECEC2C2_OODLE_DXT1_11_B0111A8E0049D406DB3C198__104BBCB13FD7814A05803DD7DC8B882E7CFA3BC7.udd" 5014
"C:/Users/shashinda adithya/AppData/Local/UnrealEngine/Common/DerivedDataCache/6/2/3/TEXTURE_E01F4250BECD420DA9CE63B5EECEC2C2_OODLE_DXT1_11_B0111A8E0049D406DB3C198__F4818D45E4D5273EBBA12E3004717DB910AF852F.udd" 5015
"C:/Users/shashinda adithya/AppData/Local/UnrealEngine/Common/DerivedDataCache/9/0/2/TEXTURE_E01F4250BECD420DA9CE63B5EECEC2C2_OODLE_AUTODXT_11_1F041C40414D705800BB__C212AB1D46CD50A79F5F0C641DC03CE91A588F11.udd" 5016
"C:/Users/shashinda adithya/AppData/Local/UnrealEngine/Common/DerivedDataCache/6/1/5/TEXTURE_E01F4250BECD420DA9CE63B5EECEC2C2_OODLE_AUTODXT_11_1F041C40414D705800BB__BFF3556884EFB1F7D0B8EAEA07A347F2A6F0B4F1.udd" 5017
"C:/Users/shashinda adithya/AppData/Local/UnrealEngine/Common/DerivedDataCache/3/0/2/TEXTURE_E01F4250BECD420DA9CE63B5EECEC2C2_OODLE_AUTODXT_11_1F041C40414D705800BB__6D7E466314FE47953AE0C42C28D7240F49927295.udd" 5018
"C:/Users/shashinda adithya/AppData/Local/UnrealEngine/Common/DerivedDataCache/1/6/6/TEXTURE_E01F4250BECD420DA9CE63B5EECEC2C2_OODLE_AUTODXT_11_1F041C40414D705800BB__372A213596C23140D2AAF89D72B686DEAE848209.udd" 5019
"C:/Users/shashinda adithya/AppData/Local/UnrealEngine/Common/DerivedDataCache/1/2/1/TEXTURE_E01F4250BECD420DA9CE63B5EECEC2C2_OODLE_AUTODXT_11_1F041C40414D705800BB__F1981C53CBB65C2B7C1FAB4EAE1C7655F1F2FAED.udd" 5020
"C:/Users/shashinda adithya/AppData/Local/UnrealEngine/Common/DerivedDataCache/1/7/3/TEXTURE_E01F4250BECD420DA9CE63B5EECEC2C2_OODLE_AUTODXT_11_1F041C40414D705800BB__B20ABA6414DDE7975B1AC7F387FB05134B3D3A1E.udd" 5021
"C:/Users/shashinda adithya/AppData/Local/UnrealEngine/Common/DerivedDataCache/8/7/7/TEXTURE_E01F4250BECD420DA9CE63B5EECEC2C2_OODLE_BC5_11_7336DDC241F7D0A398576CAF__B16A2823DCF00FED6B9A6E8F8ED11343F275A702.udd" 5022
"C:/Users/shashinda adithya/AppData/Local/UnrealEngine/Common/DerivedDataCache/3/4/9/TEXTURE_E01F4250BECD420DA9CE63B5EECEC2C2_OODLE_BC5_11_7336DDC241F7D0A398576CAF__F60CF7D08C5407BDBD941919323A172D92083A91.udd" 5023
"C:/Users/shashinda adithya/AppData/Local/UnrealEngine/Common/DerivedDataCache/9/8/1/TEXTURE_E01F4250BECD420DA9CE63B5EECEC2C2_OODLE_BC5_11_7336DDC241F7D0A398576CAF__98FF52EE79C54157FA2C707A5330BCFEED2386DD.udd" 5024
"C:/Users/shashinda adithya/AppData/Local/UnrealEngine/Common/DerivedDataCache/8/0/6/TEXTURE_E01F4250BECD420DA9CE63B5EECEC2C2_OODLE_BC5_11_7336DDC241F7D0A398576CAF__FEFC862A1CB233E88646C8436F4968FAA343DAD6.udd" 5025
"C:/Users/shashinda adithya/AppData/Local/UnrealEngine/Common/DerivedDataCache/8/2/3/TEXTURE_E01F4250BECD420DA9CE63B5EECEC2C2_OODLE_BC5_11_7336DDC241F7D0A398576CAF__6ED5554F0F5100DCAEE776095AB29D2469247A86.udd" 5026
"C:/Users/shashinda adithya/AppData/Local/UnrealEngine/Common/DerivedDataCache/0/9/6/TEXTURE_E01F4250BECD420DA9CE63B5EECEC2C2_OODLE_BC5_11_7336DDC241F7D0A398576CAF__B244C92E8B0D72D725C6B697A3724A7931992C2E.udd" 5027
"../../../Engine/Content/EditorResources/LightIcons/S_LightError.uasset" 5028
"C:/Users/shashinda adithya/AppData/Local/UnrealEngine/Common/DerivedDataCache/9/5/8/TEXTURE_E01F4250BECD420DA9CE63B5EECEC2C2_OODLE_AUTODXT_11_C492F33C4874532492B2__7FE87C8A81C7669BB1BA5E6D5D11EC2D02505824.udd" 5029
"C:/Users/shashinda adithya/AppData/Local/UnrealEngine/Common/DerivedDataCache/0/8/8/TEXTURE_E01F4250BECD420DA9CE63B5EECEC2C2_OODLE_AUTODXT_11_C492F33C4874532492B2__CF5D747D16CA5852B62A6520E24F7BBDD6661079.udd" 5030
"C:/Users/shashinda adithya/AppData/Local/UnrealEngine/Common/DerivedDataCache/1/7/5/TEXTURE_E01F4250BECD420DA9CE63B5EECEC2C2_OODLE_AUTODXT_11_C492F33C4874532492B2__32666A540FEAF737471262BA38B0CEEFD1A2C485.udd" 5031
"C:/Users/shashinda adithya/AppData/Local/UnrealEngine/Common/DerivedDataCache/0/6/1/TEXTURE_E01F4250BECD420DA9CE63B5EECEC2C2_OODLE_AUTODXT_11_C492F33C4874532492B2__E562BCDD9D4E09105AD65BDF1E2E01AEAFB17513.udd" 5032
"C:/Users/shashinda adithya/AppData/Local/UnrealEngine/Common/DerivedDataCache/4/7/0/TEXTURE_E01F4250BECD420DA9CE63B5EECEC2C2_OODLE_AUTODXT_11_C492F33C4874532492B2__B82486B8D6F4E2D53EBA27A21196A13021871ED0.udd" 5033
"C:/Users/shashinda adithya/AppData/Local/UnrealEngine/Common/DerivedDataCache/7/4/2/TEXTURE_E01F4250BECD420DA9CE63B5EECEC2C2_OODLE_AUTODXT_11_C492F33C4874532492B2__AB2B3AA3FAA9399C4683D389CE84949E17091BF2.udd" 5034
"C:/Users/shashinda adithya/AppData/Local/UnrealEngine/Common/DerivedDataCache/6/0/9/MATSM_0BA69734E4FD45E082FA4560DBE25454_PCD3D_SM5_8__BC5N_NOCCBN_NOIRIS_DEV_SL___3CF8E70765956AAD68F122931A234355E140B0F2.udd" 5035
"C:/Users/shashinda adithya/AppData/Local/UnrealEngine/Common/DerivedDataCache/1/0/5/TEXTURE_E01F4250BECD420DA9CE63B5EECEC2C2_OODLE_AUTODXT_11_19D9CEC14654EF03AD98__ACE4F7A489031E921A9010C49FE1CFDC0126A695.udd" 5036
"C:/Users/shashinda adithya/AppData/Local/UnrealEngine/Common/DerivedDataCache/7/1/3/TEXTURE_E01F4250BECD420DA9CE63B5EECEC2C2_OODLE_AUTODXT_11_19D9CEC14654EF03AD98__734FC1A2BF6CFE00C5E20C13E0D41D67303C2472.udd" 5037
"C:/Users/shashinda adithya/AppData/Local/UnrealEngine/Common/DerivedDataCache/1/7/7/TEXTURE_E01F4250BECD420DA9CE63B5EECEC2C2_OODLE_AUTODXT_11_19D9CEC14654EF03AD98__45DF0BAB500625D0BE37E3A2EC9E3E30063D207D.udd" 5038
"C:/Users/shashinda adithya/AppData/Local/UnrealEngine/Common/DerivedDataCache/5/0/0/TEXTURE_E01F4250BECD420DA9CE63B5EECEC2C2_OODLE_AUTODXT_11_19D9CEC14654EF03AD98__D87FFF28C78D4B2F22D13934D79120924709F1A0.udd" 5039
"C:/Users/shashinda adithya/AppData/Local/UnrealEngine/Common/DerivedDataCache/1/9/0/TEXTURE_E01F4250BECD420DA9CE63B5EECEC2C2_OODLE_AUTODXT_11_19D9CEC14654EF03AD98__372F9E064E7B120BAB5149A5DE0B1F13472C6BC8.udd" 5040
"C:/Users/shashinda adithya/AppData/Local/UnrealEngine/Common/DerivedDataCache/9/8/6/TEXTURE_E01F4250BECD420DA9CE63B5EECEC2C2_OODLE_AUTODXT_11_19D9CEC14654EF03AD98__9A4FC179D2EB25F9AB7FBB7073340011A3564833.udd" 5041
"C:/Users/shashinda adithya/AppData/Local/UnrealEngine/Common/DerivedDataCache/1/9/5/TEXTURE_E01F4250BECD420DA9CE63B5EECEC2C2_OODLE_BC5_11_B686BA38449065A6EA44218B__910F9AEABAF8C9603365FDEC4AFF7AA321D39498.udd" 5042
"C:/Users/shashinda adithya/AppData/Local/UnrealEngine/Common/DerivedDataCache/1/9/3/TEXTURE_E01F4250BECD420DA9CE63B5EECEC2C2_OODLE_BC5_11_B686BA38449065A6EA44218B__2C68958E4B4F3461FEF505148BDEB8DFBA66D1F9.udd" 5043
"C:/Users/shashinda adithya/AppData/Local/UnrealEngine/Common/DerivedDataCache/8/1/5/TEXTURE_E01F4250BECD420DA9CE63B5EECEC2C2_OODLE_BC5_11_B686BA38449065A6EA44218B__DD5528E3AD40A104605EB6C897CCBB32FB62267C.udd" 5044
"C:/Users/shashinda adithya/AppData/Local/UnrealEngine/Common/DerivedDataCache/7/6/1/TEXTURE_E01F4250BECD420DA9CE63B5EECEC2C2_OODLE_BC5_11_B686BA38449065A6EA44218B__432E73FFFF065315021B79C6EDAA19A76C006D14.udd" 5045
"C:/Users/shashinda adithya/AppData/Local/UnrealEngine/Common/DerivedDataCache/4/7/2/TEXTURE_E01F4250BECD420DA9CE63B5EECEC2C2_OODLE_BC5_11_B686BA38449065A6EA44218B__B337C245AD36A5D95E035139A86D2CB7B0D1EC0A.udd" 5046
"C:/Users/shashinda adithya/AppData/Local/UnrealEngine/Common/DerivedDataCache/6/2/9/TEXTURE_E01F4250BECD420DA9CE63B5EECEC2C2_OODLE_BC5_11_B686BA38449065A6EA44218B__5978569BA9F892891DF16C79822A4E1D89F94367.udd" 5047
"C:/Users/shashinda adithya/AppData/Local/UnrealEngine/Common/DerivedDataCache/5/2/3/TEXTURE_E01F4250BECD420DA9CE63B5EECEC2C2_OODLE_AUTODXT_11_DB6B1B224457EB243206__A344F79F4C30868CB7DABE8F2FAF6FA2641B6E40.udd" 5048
"C:/Users/shashinda adithya/AppData/Local/UnrealEngine/Common/DerivedDataCache/9/0/3/TEXTURE_E01F4250BECD420DA9CE63B5EECEC2C2_OODLE_AUTODXT_11_DB6B1B224457EB243206__8B68B6338136DE7E7A058B9DE3262D27779B78BF.udd" 5049
"C:/Users/shashinda adithya/AppData/Local/UnrealEngine/Common/DerivedDataCache/3/2/8/TEXTURE_E01F4250BECD420DA9CE63B5EECEC2C2_OODLE_AUTODXT_11_DB6B1B224457EB243206__3F63BC02C83D681E246001AA1233323A8E74BD15.udd" 5050
"C:/Users/shashinda adithya/AppData/Local/UnrealEngine/Common/DerivedDataCache/7/5/7/TEXTURE_E01F4250BECD420DA9CE63B5EECEC2C2_OODLE_AUTODXT_11_DB6B1B224457EB243206__408E118B107FB7091BD4DB1ED7323EA9DB17314F.udd" 5051
"C:/Users/shashinda adithya/AppData/Local/UnrealEngine/Common/DerivedDataCache/2/3/2/TEXTURE_E01F4250BECD420DA9CE63B5EECEC2C2_OODLE_AUTODXT_11_DB6B1B224457EB243206__31CDD1DFA05262CEE8644AE3630DC435DC7D67DE.udd" 5052
"C:/Users/shashinda adithya/AppData/Local/UnrealEngine/Common/DerivedDataCache/2/2/5/TEXTURE_E01F4250BECD420DA9CE63B5EECEC2C2_OODLE_AUTODXT_11_DB6B1B224457EB243206__907FF51CBF5BC41422BDCA7B47BB1D9665CEC107.udd" 5053
"C:/Users/shashinda adithya/AppData/Local/UnrealEngine/Common/DerivedDataCache/0/0/1/TEXTURE_E01F4250BECD420DA9CE63B5EECEC2C2_OODLE_AUTODXT_11_A5F4399843C978249948__A9BBF99E5CC80276626ED0C36E19BA806ADA3E51.udd" 5054
"C:/Users/shashinda adithya/AppData/Local/UnrealEngine/Common/DerivedDataCache/4/8/4/TEXTURE_E01F4250BECD420DA9CE63B5EECEC2C2_OODLE_AUTODXT_11_A5F4399843C978249948__5E64A1B900C0718FC31A3E48986A20B72C3EEB9C.udd" 5055
"C:/Users/shashinda adithya/AppData/Local/UnrealEngine/Common/DerivedDataCache/4/7/9/TEXTURE_E01F4250BECD420DA9CE63B5EECEC2C2_OODLE_AUTODXT_11_A5F4399843C978249948__89D7E3A3C351C9E0F077A5502730776B5584E404.udd" 5056
"C:/Users/shashinda adithya/AppData/Local/UnrealEngine/Common/DerivedDataCache/8/2/0/TEXTURE_E01F4250BECD420DA9CE63B5EECEC2C2_OODLE_AUTODXT_11_A5F4399843C978249948__340BF4E97C049BD302F141D26BD31F9D8DEEE162.udd" 5057
"C:/Users/shashinda adithya/AppData/Local/UnrealEngine/Common/DerivedDataCache/6/4/6/TEXTURE_E01F4250BECD420DA9CE63B5EECEC2C2_OODLE_AUTODXT_11_A5F4399843C978249948__8BD5E41D0BE571B665680AA2861678E0B43B01FC.udd" 5058
"C:/Users/shashinda adithya/AppData/Local/UnrealEngine/Common/DerivedDataCache/1/0/8/TEXTURE_E01F4250BECD420DA9CE63B5EECEC2C2_OODLE_AUTODXT_11_A5F4399843C978249948__CEFC44FE0FAECD2A95B21B3777A4CC2DEC154501.udd" 5059
"C:/Users/shashinda adithya/AppData/Local/UnrealEngine/Common/DerivedDataCache/9/0/5/TEXTURE_E01F4250BECD420DA9CE63B5EECEC2C2_OODLE_BC5_11_6C88223E458B33467647D2B2__E8DFD56D326F6CB5C815C3B24D17C0E6BB17B934.udd" 5060
"C:/Users/shashinda adithya/AppData/Local/UnrealEngine/Common/DerivedDataCache/4/9/7/TEXTURE_E01F4250BECD420DA9CE63B5EECEC2C2_OODLE_BC5_11_6C88223E458B33467647D2B2__6E7DE0314941CA796742791CB8B49B5B7A7FE23F.udd" 5061
"C:/Users/shashinda adithya/AppData/Local/UnrealEngine/Common/DerivedDataCache/6/5/6/TEXTURE_E01F4250BECD420DA9CE63B5EECEC2C2_OODLE_BC5_11_6C88223E458B33467647D2B2__B3EAF1E904CE8FAE4B12A4B04037E49887CCA641.udd" 5062
"C:/Users/shashinda adithya/AppData/Local/UnrealEngine/Common/DerivedDataCache/1/0/6/TEXTURE_E01F4250BECD420DA9CE63B5EECEC2C2_OODLE_BC5_11_6C88223E458B33467647D2B2__1DD04AF4753A68A01E2D720D62A2167AE03C6AF4.udd" 5063
"C:/Users/shashinda adithya/AppData/Local/UnrealEngine/Common/DerivedDataCache/6/7/7/TEXTURE_E01F4250BECD420DA9CE63B5EECEC2C2_OODLE_BC5_11_6C88223E458B33467647D2B2__3EA589D1E8CBFED1575B37F4754BB6FD2C61CE8E.udd" 5064
"C:/Users/shashinda adithya/AppData/Local/UnrealEngine/Common/DerivedDataCache/1/0/5/TEXTURE_E01F4250BECD420DA9CE63B5EECEC2C2_OODLE_BC5_11_6C88223E458B33467647D2B2__82E2A9796450CDEF6C30DB37501285703F2BBF1A.udd" 5065
"C:/Users/shashinda adithya/AppData/Local/UnrealEngine/Common/DerivedDataCache/7/5/5/TEXTURE_E01F4250BECD420DA9CE63B5EECEC2C2_OODLE_AUTODXT_11_1E4D12DB47B54FB1466E__1326D15A089FF0D0022A7D498DD02B3AC3A3F550.udd" 5066
"C:/Users/shashinda adithya/AppData/Local/UnrealEngine/Common/DerivedDataCache/9/9/1/TEXTURE_E01F4250BECD420DA9CE63B5EECEC2C2_OODLE_AUTODXT_11_1E4D12DB47B54FB1466E__C87DE585513010417C86B9117BFD5B16139532C5.udd" 5067
"C:/Users/shashinda adithya/AppData/Local/UnrealEngine/Common/DerivedDataCache/9/9/6/TEXTURE_E01F4250BECD420DA9CE63B5EECEC2C2_OODLE_AUTODXT_11_1E4D12DB47B54FB1466E__9F5FDD95725EE582D748A2821B9FFC8795CF2C2B.udd" 5068
"C:/Users/shashinda adithya/AppData/Local/UnrealEngine/Common/DerivedDataCache/9/5/8/TEXTURE_E01F4250BECD420DA9CE63B5EECEC2C2_OODLE_AUTODXT_11_1E4D12DB47B54FB1466E__AD48314CC5E1D31EC851D6501754CDF9898797F0.udd" 5069
"C:/Users/shashinda adithya/AppData/Local/UnrealEngine/Common/DerivedDataCache/0/3/2/TEXTURE_E01F4250BECD420DA9CE63B5EECEC2C2_OODLE_AUTODXT_11_1E4D12DB47B54FB1466E__03243594E0775470FDCE90B94244C1FFC184A55E.udd" 5070
"C:/Users/shashinda adithya/AppData/Local/UnrealEngine/Common/DerivedDataCache/9/6/9/TEXTURE_E01F4250BECD420DA9CE63B5EECEC2C2_OODLE_AUTODXT_11_1E4D12DB47B54FB1466E__A60C25832505E7F6B82962078A901D69E2871B7B.udd" 5071
"C:/Users/shashinda adithya/AppData/Local/UnrealEngine/Common/DerivedDataCache/9/0/5/TEXTURE_E01F4250BECD420DA9CE63B5EECEC2C2_OODLE_AUTODXT_11_223F44A747D0DBA9D85C__9A8671C393DDDEEDDC20D317349264D7BF019AD0.udd" 5072
"C:/Users/shashinda adithya/AppData/Local/UnrealEngine/Common/DerivedDataCache/3/4/2/TEXTURE_E01F4250BECD420DA9CE63B5EECEC2C2_OODLE_AUTODXT_11_223F44A747D0DBA9D85C__A112B8A3A247D9059E67CA3A2BEFE3C071CD3481.udd" 5073
"C:/Users/shashinda adithya/AppData/Local/UnrealEngine/Common/DerivedDataCache/4/2/1/TEXTURE_E01F4250BECD420DA9CE63B5EECEC2C2_OODLE_AUTODXT_11_223F44A747D0DBA9D85C__2CC9AC9E8AD2954B8D4D043400B4A7AD2510EA46.udd" 5074
"C:/Users/shashinda adithya/AppData/Local/UnrealEngine/Common/DerivedDataCache/6/2/8/TEXTURE_E01F4250BECD420DA9CE63B5EECEC2C2_OODLE_AUTODXT_11_223F44A747D0DBA9D85C__6E5A02FE6AEB4B0F09DA7128806C5086A0B49263.udd" 5075
"C:/Users/shashinda adithya/AppData/Local/UnrealEngine/Common/DerivedDataCache/4/2/0/TEXTURE_E01F4250BECD420DA9CE63B5EECEC2C2_OODLE_AUTODXT_11_223F44A747D0DBA9D85C__7CCD0A49C600DA3184A4A07DE1DA91AF543F2AD8.udd" 5076
"C:/Users/shashinda adithya/AppData/Local/UnrealEngine/Common/DerivedDataCache/4/6/4/TEXTURE_E01F4250BECD420DA9CE63B5EECEC2C2_OODLE_BC5_11_2B6CAECA4D34C0CDD7B719A1__A35F0D925C2DF76A084FAEB739D435CA15D66289.udd" 5077
"C:/Users/shashinda adithya/AppData/Local/UnrealEngine/Common/DerivedDataCache/2/4/5/TEXTURE_E01F4250BECD420DA9CE63B5EECEC2C2_OODLE_BC5_11_2B6CAECA4D34C0CDD7B719A1__BB4D3137313419CB4280DB7C1C6C5638B7AF2BD1.udd" 5078
"C:/Users/shashinda adithya/AppData/Local/UnrealEngine/Common/DerivedDataCache/1/3/0/TEXTURE_E01F4250BECD420DA9CE63B5EECEC2C2_OODLE_BC5_11_2B6CAECA4D34C0CDD7B719A1__FC6CC99A84C8B91E1DD4C61FB0BC690B0CA099E9.udd" 5079
"C:/Users/shashinda adithya/AppData/Local/UnrealEngine/Common/DerivedDataCache/0/8/2/TEXTURE_E01F4250BECD420DA9CE63B5EECEC2C2_OODLE_BC5_11_2B6CAECA4D34C0CDD7B719A1__AD70A198FC7FE4437AE5AD8B486F9ACC8ADC04F7.udd" 5080
"C:/Users/shashinda adithya/AppData/Local/UnrealEngine/Common/DerivedDataCache/3/5/0/TEXTURE_E01F4250BECD420DA9CE63B5EECEC2C2_OODLE_BC5_11_2B6CAECA4D34C0CDD7B719A1__0E59E9E6DA990649EBCAE22884CD30B0D6F94560.udd" 5081
"C:/Users/shashinda adithya/AppData/Local/UnrealEngine/Common/DerivedDataCache/5/6/4/TEXTURE_E01F4250BECD420DA9CE63B5EECEC2C2_OODLE_AUTODXT_11_07120C544FD0255EDC8E__56511E1E683D6A07CC93D290DA2BD6741ED5DBF6.udd" 5082
"C:/Users/shashinda adithya/AppData/Local/UnrealEngine/Common/DerivedDataCache/1/3/3/TEXTURE_E01F4250BECD420DA9CE63B5EECEC2C2_OODLE_AUTODXT_11_07120C544FD0255EDC8E__2E8B6BCFFE20D404A3EB41E1B4794CDE3B5616B4.udd" 5083
"C:/Users/shashinda adithya/AppData/Local/UnrealEngine/Common/DerivedDataCache/7/8/8/TEXTURE_E01F4250BECD420DA9CE63B5EECEC2C2_OODLE_AUTODXT_11_07120C544FD0255EDC8E__798E3539EA08C792FA29BA965F827F6796641329.udd" 5084
"C:/Users/shashinda adithya/AppData/Local/UnrealEngine/Common/DerivedDataCache/2/2/2/TEXTURE_E01F4250BECD420DA9CE63B5EECEC2C2_OODLE_AUTODXT_11_07120C544FD0255EDC8E__CE4396FFFEE643F452345A2AAAB481A1C73A44EA.udd" 5085
"C:/Users/shashinda adithya/AppData/Local/UnrealEngine/Common/DerivedDataCache/8/8/5/TEXTURE_E01F4250BECD420DA9CE63B5EECEC2C2_OODLE_AUTODXT_11_07120C544FD0255EDC8E__5DEFCB31BC480322BB05016E9E66411F55B7AAAB.udd" 5086
"C:/Users/shashinda adithya/AppData/Local/UnrealEngine/Common/DerivedDataCache/0/6/3/TEXTURE_E01F4250BECD420DA9CE63B5EECEC2C2_OODLE_AUTODXT_11_5B90FAD542866DE1AE4D__1DC47FA50DE7D033655F5AF655F3FDD8CA8FE139.udd" 5087
"C:/Users/shashinda adithya/AppData/Local/UnrealEngine/Common/DerivedDataCache/4/5/8/TEXTURE_E01F4250BECD420DA9CE63B5EECEC2C2_OODLE_AUTODXT_11_5B90FAD542866DE1AE4D__671E4A854592850FCEFB6981193C4B510214D5C0.udd" 5088
"C:/Users/shashinda adithya/AppData/Local/UnrealEngine/Common/DerivedDataCache/7/2/8/TEXTURE_E01F4250BECD420DA9CE63B5EECEC2C2_OODLE_AUTODXT_11_5B90FAD542866DE1AE4D__B49B8815D23DE456F0A93E71A1F47BF7F736CB83.udd" 5089
"C:/Users/shashinda adithya/AppData/Local/UnrealEngine/Common/DerivedDataCache/2/0/4/TEXTURE_E01F4250BECD420DA9CE63B5EECEC2C2_OODLE_AUTODXT_11_5B90FAD542866DE1AE4D__D2AEFABA5501536B0CF0783CDCF5B059BD2CD88D.udd" 5090
"C:/Users/shashinda adithya/AppData/Local/UnrealEngine/Common/DerivedDataCache/0/3/3/TEXTURE_E01F4250BECD420DA9CE63B5EECEC2C2_OODLE_AUTODXT_11_5B90FAD542866DE1AE4D__4B7D68AC152164759C9696F74AE7854C8923E281.udd" 5091
"C:/Users/shashinda adithya/AppData/Local/UnrealEngine/Common/DerivedDataCache/2/9/5/TEXTURE_E01F4250BECD420DA9CE63B5EECEC2C2_OODLE_BC5_11_8FAACA5B4226BF53DB0EC786__CB8654F4B01855538EFEB70D92E7B2D120FDAD9B.udd" 5092
"C:/Users/shashinda adithya/AppData/Local/UnrealEngine/Common/DerivedDataCache/3/5/6/TEXTURE_E01F4250BECD420DA9CE63B5EECEC2C2_OODLE_AUTODXT_11_5B90FAD542866DE1AE4D__0D8AF6B3B1635FEB9534837FAFC29F1FB30258AC.udd" 5093
"C:/Users/shashinda adithya/AppData/Local/UnrealEngine/Common/DerivedDataCache/0/9/8/TEXTURE_E01F4250BECD420DA9CE63B5EECEC2C2_OODLE_BC5_11_8FAACA5B4226BF53DB0EC786__DCD6EEFB15ABFF221CF4D9E594681EB43A4E54CC.udd" 5094
"C:/Users/shashinda adithya/AppData/Local/UnrealEngine/Common/DerivedDataCache/9/6/5/TEXTURE_E01F4250BECD420DA9CE63B5EECEC2C2_OODLE_BC5_11_8FAACA5B4226BF53DB0EC786__A3F26308DEDC04888C63D8FB7996054CBBBA4317.udd" 5095
"C:/Users/shashinda adithya/AppData/Local/UnrealEngine/Common/DerivedDataCache/5/7/2/TEXTURE_E01F4250BECD420DA9CE63B5EECEC2C2_OODLE_BC5_11_8FAACA5B4226BF53DB0EC786__2BC2B05D60CDF62D9509CB806228C7BF681080CA.udd" 5096
"C:/Users/shashinda adithya/AppData/Local/UnrealEngine/Common/DerivedDataCache/2/5/8/TEXTURE_E01F4250BECD420DA9CE63B5EECEC2C2_OODLE_BC5_11_8FAACA5B4226BF53DB0EC786__CC3DECBC566735E87E409E5717F323EE758069B6.udd" 5097
"C:/Users/shashinda adithya/AppData/Local/UnrealEngine/Common/DerivedDataCache/8/5/6/TEXTURE_E01F4250BECD420DA9CE63B5EECEC2C2_OODLE_BC5_11_8FAACA5B4226BF53DB0EC786__F54302BB28A0B4AD87A57AF6FFA26DD1AB2B2423.udd" 5098
"C:/Users/shashinda adithya/AppData/Local/UnrealEngine/Common/DerivedDataCache/0/5/3/TEXTURE_E01F4250BECD420DA9CE63B5EECEC2C2_OODLE_AUTODXT_11_B979E88B42841E038AA6__4031D247EE2F2377B5427C267B95F189D5615A92.udd" 5099
"C:/Users/shashinda adithya/AppData/Local/UnrealEngine/Common/DerivedDataCache/1/4/1/TEXTURE_E01F4250BECD420DA9CE63B5EECEC2C2_OODLE_AUTODXT_11_B979E88B42841E038AA6__5D08D10FF5EED6271D0D55AD2684EA0CC4437E1E.udd" 5100
"C:/Users/shashinda adithya/AppData/Local/UnrealEngine/Common/DerivedDataCache/0/9/0/TEXTURE_E01F4250BECD420DA9CE63B5EECEC2C2_OODLE_AUTODXT_11_B979E88B42841E038AA6__D1B9055CED6AB88E24034263E1FA2000100B67EB.udd" 5101
"C:/Users/shashinda adithya/AppData/Local/UnrealEngine/Common/DerivedDataCache/4/2/3/TEXTURE_E01F4250BECD420DA9CE63B5EECEC2C2_OODLE_AUTODXT_11_B979E88B42841E038AA6__E94E02F9D11834E46553564EEDDA8AF4DD6178A6.udd" 5102
"C:/Users/shashinda adithya/AppData/Local/UnrealEngine/Common/DerivedDataCache/4/6/3/TEXTURE_E01F4250BECD420DA9CE63B5EECEC2C2_OODLE_AUTODXT_11_B979E88B42841E038AA6__FA77670FF1AC50E7FAD94136FA6BC68D2E0C623A.udd" 5103
"C:/Users/shashinda adithya/AppData/Local/UnrealEngine/Common/DerivedDataCache/4/3/4/TEXTURE_E01F4250BECD420DA9CE63B5EECEC2C2_OODLE_AUTODXT_11_B979E88B42841E038AA6__0363A352D5C3DC96A4C82F3862187BD1576A399B.udd" 5104
"C:/Users/shashinda adithya/AppData/Local/UnrealEngine/Common/DerivedDataCache/0/3/4/TEXTURE_E01F4250BECD420DA9CE63B5EECEC2C2_OODLE_AUTODXT_11_E6F021D94A9D49177FC6__7F51BED2DC25D32B1186890E6A0BE43519D477D7.udd" 5105
"C:/Users/shashinda adithya/AppData/Local/UnrealEngine/Common/DerivedDataCache/1/3/8/TEXTURE_E01F4250BECD420DA9CE63B5EECEC2C2_OODLE_AUTODXT_11_123D68BF4B21528721DA__A3C7A2E6677899810514DC776D352F613CDE883F.udd" 5106
"C:/Users/shashinda adithya/AppData/Local/UnrealEngine/Common/DerivedDataCache/4/3/1/TEXTURE_E01F4250BECD420DA9CE63B5EECEC2C2_OODLE_AUTODXT_11_FE6B6DF245CED3B5D8DC__771E1A314EF66CFC8306F7C80ED1087D505BE2F8.udd" 5107
"C:/Users/shashinda adithya/AppData/Local/UnrealEngine/Common/DerivedDataCache/3/2/6/TEXTURE_E01F4250BECD420DA9CE63B5EECEC2C2_OODLE_AUTODXT_11_E6F021D94A9D49177FC6__210AC65701CE5C386AEC1C58443243B75D11A81B.udd" 5108
"C:/Users/shashinda adithya/AppData/Local/UnrealEngine/Common/DerivedDataCache/7/5/6/TEXTURE_E01F4250BECD420DA9CE63B5EECEC2C2_OODLE_DXT1_11_C5BD581C45A2EEE927332A8__5D281A2538FD5A01ECC78D22CF99CC5CB1B81232.udd" 5109
"C:/Users/shashinda adithya/AppData/Local/UnrealEngine/Common/DerivedDataCache/2/4/9/TEXTURE_E01F4250BECD420DA9CE63B5EECEC2C2_OODLE_AUTODXT_11_E6F021D94A9D49177FC6__02B83D8EE212B5B3A8C1208E3D49F917A7A08E78.udd" 5110
"C:/Users/shashinda adithya/AppData/Local/UnrealEngine/Common/DerivedDataCache/5/7/7/TEXTURE_E01F4250BECD420DA9CE63B5EECEC2C2_OODLE_DXT1_11_21D9C2B64E219A23D6B824A__8AEA6AE435CD973541BF763233DB01AF3E2C4919.udd" 5111
"C:/Users/shashinda adithya/AppData/Local/UnrealEngine/Common/DerivedDataCache/4/5/4/TEXTURE_E01F4250BECD420DA9CE63B5EECEC2C2_OODLE_AUTODXT_11_051A03804CF02AB6D4E5__987D1B9DB3EA692172626E6BE083C8F9ECB6983B.udd" 5112
"C:/Users/shashinda adithya/AppData/Local/UnrealEngine/Common/DerivedDataCache/4/9/6/TEXTURE_E01F4250BECD420DA9CE63B5EECEC2C2_OODLE_DXT1_11_C5BD581C45A2EEE927332A8__467C4B5F741073A7FB260758A779E72AC43AF333.udd" 5113
"C:/Users/shashinda adithya/AppData/Local/UnrealEngine/Common/DerivedDataCache/2/5/6/TEXTURE_E01F4250BECD420DA9CE63B5EECEC2C2_OODLE_DXT1_11_60B188C6497329C4CC38E29__50E4BB37C567BC0A9345EC1DA5A912E88D88E363.udd" 5114
"C:/Users/shashinda adithya/AppData/Local/UnrealEngine/Common/DerivedDataCache/8/0/8/TEXTURE_E01F4250BECD420DA9CE63B5EECEC2C2_OODLE_DXT1_11_C5BD581C45A2EEE927332A8__A1067C11145D2993C0C3B2DB3B64AF82D96AAA22.udd" 5115
"C:/Users/shashinda adithya/AppData/Local/UnrealEngine/Common/DerivedDataCache/0/8/5/TEXTURE_E01F4250BECD420DA9CE63B5EECEC2C2_OODLE_AUTODXT_11_051A03804CF02AB6D4E5__ED62D91C3424583BAE620B6EBCC47E1C6BF38787.udd" 5116
"C:/Users/shashinda adithya/AppData/Local/UnrealEngine/Common/DerivedDataCache/3/7/1/TEXTURE_E01F4250BECD420DA9CE63B5EECEC2C2_OODLE_AUTODXT_11_E6F021D94A9D49177FC6__301686925D20F32BCD84E8C0268063495999DECF.udd" 5117
"C:/Users/shashinda adithya/AppData/Local/UnrealEngine/Common/DerivedDataCache/0/7/9/TEXTURE_E01F4250BECD420DA9CE63B5EECEC2C2_OODLE_AUTODXT_11_E6F021D94A9D49177FC6__E6D47FD4908C10254ACB38900BBB630C0690F9EA.udd" 5118
"C:/Users/shashinda adithya/AppData/Local/UnrealEngine/Common/DerivedDataCache/4/4/8/TEXTURE_E01F4250BECD420DA9CE63B5EECEC2C2_OODLE_DXT1_11_C5BD581C45A2EEE927332A8__62DF259B71BE9E74250D15F01F6002CFB7A8E59C.udd" 5119
"C:/Users/shashinda adithya/AppData/Local/UnrealEngine/Common/DerivedDataCache/6/8/0/TEXTURE_E01F4250BECD420DA9CE63B5EECEC2C2_OODLE_DXT1_11_C5BD581C45A2EEE927332A8__1DAC5E3D563D8DF4B27FA52BDA0DB30326F7129A.udd" 5120
"C:/Users/shashinda adithya/AppData/Local/UnrealEngine/Common/DerivedDataCache/7/1/7/TEXTURE_E01F4250BECD420DA9CE63B5EECEC2C2_OODLE_AUTODXT_11_051A03804CF02AB6D4E5__9CA329D594EE5E3BFD966B312E8D072D08D1D433.udd" 5121
"C:/Users/shashinda adithya/AppData/Local/UnrealEngine/Common/DerivedDataCache/2/1/6/TEXTURE_E01F4250BECD420DA9CE63B5EECEC2C2_OODLE_AUTODXT_11_051A03804CF02AB6D4E5__934AFE7C880CD31AE0014A917FF271D7154B4A99.udd" 5122
"C:/Users/shashinda adithya/AppData/Local/UnrealEngine/Common/DerivedDataCache/5/3/8/TEXTURE_E01F4250BECD420DA9CE63B5EECEC2C2_OODLE_AUTODXT_11_051A03804CF02AB6D4E5__C188E74470994C84DE4B256DB687F133E4662A17.udd" 5123
"C:/Users/shashinda adithya/AppData/Local/UnrealEngine/Common/DerivedDataCache/0/1/4/TEXTURE_E01F4250BECD420DA9CE63B5EECEC2C2_OODLE_AUTODXT_11_421459FD4A536DEF9011__C3AA3A6F549519E089C237A2695FE1C1E7D55DCD.udd" 5124
"C:/Users/shashinda adithya/AppData/Local/UnrealEngine/Common/DerivedDataCache/1/0/3/TEXTURE_E01F4250BECD420DA9CE63B5EECEC2C2_OODLE_AUTODXT_11_9AA3AED64762422454E6__5FD7FC1B0A221729271EF674D61691AF5D7DA737.udd" 5125
"C:/Users/shashinda adithya/AppData/Local/UnrealEngine/Common/DerivedDataCache/5/6/1/TEXTURE_E01F4250BECD420DA9CE63B5EECEC2C2_OODLE_AUTODXT_11_EEA7007A4C283F793103__3868A985DD15A271F6AAA95AC21C80849D79D4AC.udd" 5126
"C:/Users/shashinda adithya/AppData/Local/UnrealEngine/Common/DerivedDataCache/4/6/2/TEXTURE_E01F4250BECD420DA9CE63B5EECEC2C2_OODLE_AUTODXT_11_EEA7007A4C283F793103__B0B5E718E0BB230F4A3D4FEB3DC6857035F6C2E7.udd" 5127
"C:/Users/shashinda adithya/AppData/Local/UnrealEngine/Common/DerivedDataCache/7/6/8/TEXTURE_E01F4250BECD420DA9CE63B5EECEC2C2_OODLE_AUTODXT_11_EEA7007A4C283F793103__435646EF2E1F793F1EBB245206144250DB6768AC.udd" 5128
"C:/Users/shashinda adithya/AppData/Local/UnrealEngine/Common/DerivedDataCache/9/7/9/TEXTURE_E01F4250BECD420DA9CE63B5EECEC2C2_OODLE_AUTODXT_11_EEA7007A4C283F793103__C9081E9A84ABA2824C148585F881570A5CCDB20F.udd" 5129
"C:/Users/shashinda adithya/AppData/Local/UnrealEngine/Common/DerivedDataCache/2/1/1/TEXTURE_E01F4250BECD420DA9CE63B5EECEC2C2_OODLE_AUTODXT_11_EEA7007A4C283F793103__6941FDB80C7BCA857662D358721EE09C210F64B1.udd" 5130
"C:/Users/shashinda adithya/AppData/Local/UnrealEngine/Common/DerivedDataCache/3/6/9/TEXTURE_E01F4250BECD420DA9CE63B5EECEC2C2_OODLE_AUTODXT_11_EEA7007A4C283F793103__4AB4759CAF4239C62339F3F6242134C179FC3E4E.udd" 5131
"C:/Users/shashinda adithya/AppData/Local/UnrealEngine/Common/DerivedDataCache/8/4/9/TEXTURE_E01F4250BECD420DA9CE63B5EECEC2C2_OODLE_BC5_11_DD81E0C8445D71D64290A5B9__0F6CC21FE5562D75B2B8AAD259F46EDF5CCAD509.udd" 5132
"C:/Users/shashinda adithya/AppData/Local/UnrealEngine/Common/DerivedDataCache/2/7/6/TEXTURE_E01F4250BECD420DA9CE63B5EECEC2C2_OODLE_BC5_11_DD81E0C8445D71D64290A5B9__608C4B32B330BB2C554F6306D127C77496252ECB.udd" 5133
"C:/Users/shashinda adithya/AppData/Local/UnrealEngine/Common/DerivedDataCache/7/3/9/TEXTURE_E01F4250BECD420DA9CE63B5EECEC2C2_OODLE_BC5_11_DD81E0C8445D71D64290A5B9__1932888E20BA583E7BABAA96B38F5BDE6D909B32.udd" 5134
"C:/Users/shashinda adithya/AppData/Local/UnrealEngine/Common/DerivedDataCache/1/4/2/TEXTURE_E01F4250BECD420DA9CE63B5EECEC2C2_OODLE_BC5_11_DD81E0C8445D71D64290A5B9__BFE0D0FE45900BD7B316327CE144BE3A12EF2CD1.udd" 5135
"C:/Users/shashinda adithya/AppData/Local/UnrealEngine/Common/DerivedDataCache/6/0/6/TEXTURE_E01F4250BECD420DA9CE63B5EECEC2C2_OODLE_BC5_11_DD81E0C8445D71D64290A5B9__DA1D3BD824DA9FCCA22985345E47A0160798F688.udd" 5136
"C:/Users/shashinda adithya/AppData/Local/UnrealEngine/Common/DerivedDataCache/5/0/7/TEXTURE_E01F4250BECD420DA9CE63B5EECEC2C2_OODLE_BC5_11_DD81E0C8445D71D64290A5B9__F6E3C3B4059E05DD241F85E8C3FBFA6BD08A112E.udd" 5137
"C:/Users/shashinda adithya/AppData/Local/UnrealEngine/Common/DerivedDataCache/4/8/6/TEXTURE_E01F4250BECD420DA9CE63B5EECEC2C2_OODLE_AUTODXT_11_03910844406939993C59__49FA0C795411C7276FA273D3D423DAA7715C823B.udd" 5138
"C:/Users/shashinda adithya/AppData/Local/UnrealEngine/Common/DerivedDataCache/1/1/9/TEXTURE_E01F4250BECD420DA9CE63B5EECEC2C2_OODLE_AUTODXT_11_03910844406939993C59__6DA28ACA085995C6A453A0035614C0DD16E04E0B.udd" 5139
"C:/Users/shashinda adithya/AppData/Local/UnrealEngine/Common/DerivedDataCache/6/2/6/TEXTURE_E01F4250BECD420DA9CE63B5EECEC2C2_OODLE_AUTODXT_11_03910844406939993C59__FAEADE21A9E4082FBEA67A606FA879ABB53F9C1C.udd" 5140
"C:/Users/shashinda adithya/AppData/Local/UnrealEngine/Common/DerivedDataCache/2/5/9/TEXTURE_E01F4250BECD420DA9CE63B5EECEC2C2_OODLE_AUTODXT_11_03910844406939993C59__F9ADCF2B99F105D7CD384BB452F3848C113DFA27.udd" 5141
"C:/Users/shashinda adithya/AppData/Local/UnrealEngine/Common/DerivedDataCache/6/3/9/TEXTURE_E01F4250BECD420DA9CE63B5EECEC2C2_OODLE_AUTODXT_11_31468D6248D1CEFB5E44__FC011B558884557577FB096EE1AC14B5649BF6B4.udd" 5142
"C:/Users/shashinda adithya/AppData/Local/UnrealEngine/Common/DerivedDataCache/1/8/1/TEXTURE_E01F4250BECD420DA9CE63B5EECEC2C2_OODLE_AUTODXT_11_03910844406939993C59__5C18D07F3BAFD7FBFDB2E15A71A55755FCBA78F8.udd" 5143
"C:/Users/shashinda adithya/AppData/Local/UnrealEngine/Common/DerivedDataCache/2/6/3/TEXTURE_E01F4250BECD420DA9CE63B5EECEC2C2_OODLE_AUTODXT_11_31468D6248D1CEFB5E44__09D48271778DC9DD405005BF8EE2FEF341F25C1D.udd" 5144
"C:/Users/shashinda adithya/AppData/Local/UnrealEngine/Common/DerivedDataCache/1/5/6/TEXTURE_E01F4250BECD420DA9CE63B5EECEC2C2_OODLE_AUTODXT_11_31468D6248D1CEFB5E44__B15DE2B0C58C83A75AF407887E9112F62CEDCFC0.udd" 5145
"C:/Users/shashinda adithya/AppData/Local/UnrealEngine/Common/DerivedDataCache/9/9/9/TEXTURE_E01F4250BECD420DA9CE63B5EECEC2C2_OODLE_AUTODXT_11_31468D6248D1CEFB5E44__DED0EBB7FC19D96648454EBDCC7A15A94B3A1869.udd" 5146
"C:/Users/shashinda adithya/AppData/Local/UnrealEngine/Common/DerivedDataCache/0/5/8/TEXTURE_E01F4250BECD420DA9CE63B5EECEC2C2_OODLE_AUTODXT_11_31468D6248D1CEFB5E44__6558986470CC536EE897777C96F807695762580E.udd" 5147
"C:/Users/shashinda adithya/AppData/Local/UnrealEngine/Common/DerivedDataCache/8/7/0/TEXTURE_E01F4250BECD420DA9CE63B5EECEC2C2_OODLE_AUTODXT_11_31468D6248D1CEFB5E44__BB2DC2C3F15E37B5D4BF10AC10E013940E4551A4.udd" 5148
"C:/Users/shashinda adithya/AppData/Local/UnrealEngine/Common/DerivedDataCache/5/4/7/TEXTURE_E01F4250BECD420DA9CE63B5EECEC2C2_OODLE_AUTODXT_11_03910844406939993C59__BD8398A901638C9C35CED089D417D16EBF199B43.udd" 5149
"C:/Users/shashinda adithya/AppData/Local/UnrealEngine/Common/DerivedDataCache/8/2/0/TEXTURE_E01F4250BECD420DA9CE63B5EECEC2C2_OODLE_BC5_11_ABB8C50F4B6343D7058742AD__46B3B6897FCF3E7392B2D44A30CDD4367CE36450.udd" 5150
"C:/Users/shashinda adithya/AppData/Local/UnrealEngine/Common/DerivedDataCache/1/6/1/TEXTURE_E01F4250BECD420DA9CE63B5EECEC2C2_OODLE_BC5_11_ABB8C50F4B6343D7058742AD__B2BC062F66F62CA0C9DA6C5CB61D17D4EF185ED4.udd" 5151
"C:/Users/shashinda adithya/AppData/Local/UnrealEngine/Common/DerivedDataCache/5/5/5/TEXTURE_E01F4250BECD420DA9CE63B5EECEC2C2_OODLE_BC5_11_ABB8C50F4B6343D7058742AD__F0BD58AD55588D408287E11DBC1059DC1C3D12D4.udd" 5152
"C:/Users/shashinda adithya/AppData/Local/UnrealEngine/Common/DerivedDataCache/8/8/4/TEXTURE_E01F4250BECD420DA9CE63B5EECEC2C2_OODLE_BC5_11_ABB8C50F4B6343D7058742AD__90B23AF4FE7826160CA2C28721B551BC7295BF87.udd" 5153
"C:/Users/shashinda adithya/AppData/Local/UnrealEngine/Common/DerivedDataCache/3/2/2/TEXTURE_E01F4250BECD420DA9CE63B5EECEC2C2_OODLE_BC5_11_ABB8C50F4B6343D7058742AD__B777B70A93FC1AD4AC2050E6E71C993DE90CB6C2.udd" 5154
"C:/Users/shashinda adithya/AppData/Local/UnrealEngine/Common/DerivedDataCache/8/9/7/TEXTURE_E01F4250BECD420DA9CE63B5EECEC2C2_OODLE_BC5_11_ABB8C50F4B6343D7058742AD__10CE3D68268065B4B5B32D24420E105430878C19.udd" 5155
"C:/Users/shashinda adithya/AppData/Local/UnrealEngine/Common/DerivedDataCache/7/2/0/TEXTURE_E01F4250BECD420DA9CE63B5EECEC2C2_OODLE_AUTODXT_11_89A3BC3745AA3F423E72__84E6E21B15338881B72F40D898F40A913994B284.udd" 5156
"C:/Users/shashinda adithya/AppData/Local/UnrealEngine/Common/DerivedDataCache/2/7/8/TEXTURE_E01F4250BECD420DA9CE63B5EECEC2C2_OODLE_AUTODXT_11_89A3BC3745AA3F423E72__420C5C64F992EAFA52550BA52F3D3D2701264694.udd" 5157
"C:/Users/shashinda adithya/AppData/Local/UnrealEngine/Common/DerivedDataCache/7/9/5/TEXTURE_E01F4250BECD420DA9CE63B5EECEC2C2_OODLE_AUTODXT_11_89A3BC3745AA3F423E72__AF7C1EA1891A2684C3CBB9C76DC744178E1D7390.udd" 5158
"C:/Users/shashinda adithya/AppData/Local/UnrealEngine/Common/DerivedDataCache/3/0/1/TEXTURE_E01F4250BECD420DA9CE63B5EECEC2C2_OODLE_AUTODXT_11_89A3BC3745AA3F423E72__E0E5ED4A7887C12823B5428363355596E690D430.udd" 5159
"C:/Users/shashinda adithya/AppData/Local/UnrealEngine/Common/DerivedDataCache/7/9/8/TEXTURE_E01F4250BECD420DA9CE63B5EECEC2C2_OODLE_AUTODXT_11_89A3BC3745AA3F423E72__0B870AAA3EBF0D539FF34415847CF10AB76DAF62.udd" 5160
"C:/Users/shashinda adithya/AppData/Local/UnrealEngine/Common/DerivedDataCache/4/0/7/TEXTURE_E01F4250BECD420DA9CE63B5EECEC2C2_OODLE_AUTODXT_11_89A3BC3745AA3F423E72__34A6CD5E28080C8DBECA01756DEBA7FF9D06234D.udd" 5161
"C:/Users/shashinda adithya/AppData/Local/UnrealEngine/Common/DerivedDataCache/2/4/6/TEXTURE_E01F4250BECD420DA9CE63B5EECEC2C2_OODLE_AUTODXT_11_EA125391415E110F0183__42E25420D71AD1AA956B2864544C5E7A374B68BC.udd" 5162
"C:/Users/shashinda adithya/AppData/Local/UnrealEngine/Common/DerivedDataCache/8/3/9/TEXTURE_E01F4250BECD420DA9CE63B5EECEC2C2_OODLE_AUTODXT_11_EA125391415E110F0183__E47AF5C9480C1686B8198CB8A41396CFFCD89D21.udd" 5163
"C:/Users/shashinda adithya/AppData/Local/UnrealEngine/Common/DerivedDataCache/8/7/8/TEXTURE_E01F4250BECD420DA9CE63B5EECEC2C2_OODLE_AUTODXT_11_EA125391415E110F0183__EB828FBFDBBF2AEC31085EFC252658A248E12702.udd" 5164
"C:/Users/shashinda adithya/AppData/Local/UnrealEngine/Common/DerivedDataCache/0/9/2/TEXTURE_E01F4250BECD420DA9CE63B5EECEC2C2_OODLE_AUTODXT_11_EA125391415E110F0183__819CEBBF6B6591C7FF10C9B75909DB5E5ECBECC7.udd" 5165
"C:/Users/shashinda adithya/AppData/Local/UnrealEngine/Common/DerivedDataCache/6/8/3/TEXTURE_E01F4250BECD420DA9CE63B5EECEC2C2_OODLE_AUTODXT_11_EA125391415E110F0183__594E1DE59FECC5F0AC3D35E987BD771C5A6A4573.udd" 5166
"C:/Users/shashinda adithya/AppData/Local/UnrealEngine/Common/DerivedDataCache/3/1/9/TEXTURE_E01F4250BECD420DA9CE63B5EECEC2C2_OODLE_AUTODXT_11_EA125391415E110F0183__8C7108E8393ED3A67E67A5033A44D49CEB185368.udd" 5167
"C:/Users/shashinda adithya/AppData/Local/UnrealEngine/Common/DerivedDataCache/2/7/8/TEXTURE_E01F4250BECD420DA9CE63B5EECEC2C2_OODLE_BC5_11_B33000F146E00FEB5CDA84B7__30A394777120AF8F6A4461DB05B933E3FDE6994F.udd" 5168
"C:/Users/shashinda adithya/AppData/Local/UnrealEngine/Common/DerivedDataCache/7/8/0/TEXTURE_E01F4250BECD420DA9CE63B5EECEC2C2_OODLE_BC5_11_B33000F146E00FEB5CDA84B7__614047ABFF6CAB73DFB909D9E7BEF83E4201927E.udd" 5169
"C:/Users/shashinda adithya/AppData/Local/UnrealEngine/Common/DerivedDataCache/4/0/4/TEXTURE_E01F4250BECD420DA9CE63B5EECEC2C2_OODLE_BC5_11_B33000F146E00FEB5CDA84B7__F24039B2845BE343363EB76914B9011A65330660.udd" 5170
"C:/Users/shashinda adithya/AppData/Local/UnrealEngine/Common/DerivedDataCache/0/3/7/TEXTURE_E01F4250BECD420DA9CE63B5EECEC2C2_OODLE_BC5_11_B33000F146E00FEB5CDA84B7__C3EA5978FE6371D8CE59289650136AD7434E101C.udd" 5171
"C:/Users/shashinda adithya/AppData/Local/UnrealEngine/Common/DerivedDataCache/7/9/8/TEXTURE_E01F4250BECD420DA9CE63B5EECEC2C2_OODLE_BC5_11_B33000F146E00FEB5CDA84B7__B22C81DFC336D718C24B8E699A41D34A879D44D4.udd" 5172
"C:/Users/shashinda adithya/AppData/Local/UnrealEngine/Common/DerivedDataCache/4/6/7/TEXTURE_E01F4250BECD420DA9CE63B5EECEC2C2_OODLE_BC5_11_B33000F146E00FEB5CDA84B7__D213D47F586B49881E4198A5154D6611731A7118.udd" 5173
"C:/Users/shashinda adithya/AppData/Local/UnrealEngine/Common/DerivedDataCache/2/3/5/TEXTURE_E01F4250BECD420DA9CE63B5EECEC2C2_OODLE_AUTODXT_11_A058E8AC45954E35CCEE__75952A5ABE2A15DC1B6625C9421FB6F065B9D03D.udd" 5174
"C:/Users/shashinda adithya/AppData/Local/UnrealEngine/Common/DerivedDataCache/9/2/4/TEXTURE_E01F4250BECD420DA9CE63B5EECEC2C2_OODLE_AUTODXT_11_A058E8AC45954E35CCEE__980ECB05A076B2589D83751B40CD697F57276F8A.udd" 5175
"C:/Users/shashinda adithya/AppData/Local/UnrealEngine/Common/DerivedDataCache/6/3/9/TEXTURE_E01F4250BECD420DA9CE63B5EECEC2C2_OODLE_AUTODXT_11_A058E8AC45954E35CCEE__0997F960DAD10A8D86B5C1A9778D3B0EB23670A4.udd" 5176
"C:/Users/shashinda adithya/AppData/Local/UnrealEngine/Common/DerivedDataCache/7/6/3/TEXTURE_E01F4250BECD420DA9CE63B5EECEC2C2_OODLE_AUTODXT_11_A058E8AC45954E35CCEE__0F9FF3FC620EF5C05F8BF0A3DD5907F180C731AE.udd" 5177
"C:/Users/shashinda adithya/AppData/Local/UnrealEngine/Common/DerivedDataCache/2/2/8/TEXTURE_E01F4250BECD420DA9CE63B5EECEC2C2_OODLE_AUTODXT_11_A058E8AC45954E35CCEE__82E2BDE1D7268B14DF6DD82B60D853669B78328E.udd" 5178
"C:/Users/shashinda adithya/AppData/Local/UnrealEngine/Common/DerivedDataCache/0/1/9/TEXTURE_E01F4250BECD420DA9CE63B5EECEC2C2_OODLE_AUTODXT_11_A058E8AC45954E35CCEE__DC8455AD893C27F5D0950ED5EFEA16D0C15FD299.udd" 5179
"C:/Users/shashinda adithya/AppData/Local/UnrealEngine/Common/DerivedDataCache/5/9/5/TEXTURE_E01F4250BECD420DA9CE63B5EECEC2C2_OODLE_BC5_11_532F1A0D4BD29A2B21094EA1__11F5EF52594A913CFBDC7341160A070063BB114E.udd" 5180
"C:/Users/shashinda adithya/AppData/Local/UnrealEngine/Common/DerivedDataCache/4/2/5/TEXTURE_E01F4250BECD420DA9CE63B5EECEC2C2_OODLE_AUTODXT_11_EB59DDE04F2A48BA410C__1C6B68628ACC0D559BB6EED036D49A6CD837F750.udd" 5181
"C:/Users/shashinda adithya/AppData/Local/UnrealEngine/Common/DerivedDataCache/3/1/0/TEXTURE_E01F4250BECD420DA9CE63B5EECEC2C2_OODLE_BC5_11_532F1A0D4BD29A2B21094EA1__C66C27114806291F0E8A2C7768694E61D18ACF43.udd" 5182
"C:/Users/shashinda adithya/AppData/Local/UnrealEngine/Common/DerivedDataCache/0/9/1/TEXTURE_E01F4250BECD420DA9CE63B5EECEC2C2_OODLE_AUTODXT_11_EB59DDE04F2A48BA410C__406CEB0E5AAC58BE29D0503082E0B0A12A81C00B.udd" 5183
"C:/Users/shashinda adithya/AppData/Local/UnrealEngine/Common/DerivedDataCache/0/4/0/TEXTURE_E01F4250BECD420DA9CE63B5EECEC2C2_OODLE_BC5_11_532F1A0D4BD29A2B21094EA1__344A9D9F39FEF182A78DC07E7AE55FD43A0AAD73.udd" 5184
"C:/Users/shashinda adithya/AppData/Local/UnrealEngine/Common/DerivedDataCache/2/6/5/TEXTURE_E01F4250BECD420DA9CE63B5EECEC2C2_OODLE_BC5_11_532F1A0D4BD29A2B21094EA1__EC46C42BED5784CE6B7EB1A899698D552D62AA9F.udd" 5185
"C:/Users/shashinda adithya/AppData/Local/UnrealEngine/Common/DerivedDataCache/3/0/0/TEXTURE_E01F4250BECD420DA9CE63B5EECEC2C2_OODLE_BC5_11_532F1A0D4BD29A2B21094EA1__83393C20DD1CF8D08DD2323CEF26A04EF3A046C4.udd" 5186
"C:/Users/shashinda adithya/AppData/Local/UnrealEngine/Common/DerivedDataCache/4/7/5/TEXTURE_E01F4250BECD420DA9CE63B5EECEC2C2_OODLE_AUTODXT_11_EB59DDE04F2A48BA410C__27AB2CA0E751D0137D10D89B5E2B2D5FC7EB1D0A.udd" 5187
"C:/Users/shashinda adithya/AppData/Local/UnrealEngine/Common/DerivedDataCache/9/8/7/TEXTURE_E01F4250BECD420DA9CE63B5EECEC2C2_OODLE_AUTODXT_11_EB59DDE04F2A48BA410C__4608A23F16EBBFB3937D098F7EAB01B338383415.udd" 5188
"C:/Users/shashinda adithya/AppData/Local/UnrealEngine/Common/DerivedDataCache/9/6/3/TEXTURE_E01F4250BECD420DA9CE63B5EECEC2C2_OODLE_AUTODXT_11_EB59DDE04F2A48BA410C__C751DB57B74C331861742CDA131AAD8B22B73712.udd" 5189
"C:/Users/shashinda adithya/AppData/Local/UnrealEngine/Common/DerivedDataCache/7/1/9/TEXTURE_E01F4250BECD420DA9CE63B5EECEC2C2_OODLE_AUTODXT_11_EB59DDE04F2A48BA410C__0F0444253F13C5F792B191DB951519B03FF6AB3B.udd" 5190
"C:/Users/shashinda adithya/AppData/Local/UnrealEngine/Common/DerivedDataCache/2/3/0/TEXTURE_E01F4250BECD420DA9CE63B5EECEC2C2_OODLE_AUTODXT_11_C292CF6B403350E3F13B__6309306851A6CEB22BE3FAA101A7E7FB2D124786.udd" 5191
"C:/Users/shashinda adithya/AppData/Local/UnrealEngine/Common/DerivedDataCache/4/0/1/TEXTURE_E01F4250BECD420DA9CE63B5EECEC2C2_OODLE_AUTODXT_11_C292CF6B403350E3F13B__FA22AC4CB7BBE733F4BD510C564923B9F9C1DD71.udd" 5192
"C:/Users/shashinda adithya/AppData/Local/UnrealEngine/Common/DerivedDataCache/1/9/8/TEXTURE_E01F4250BECD420DA9CE63B5EECEC2C2_OODLE_AUTODXT_11_C292CF6B403350E3F13B__42FF3ECBE94938F4E81C242912A134FF234D71C3.udd" 5193
"C:/Users/shashinda adithya/AppData/Local/UnrealEngine/Common/DerivedDataCache/9/0/0/TEXTURE_E01F4250BECD420DA9CE63B5EECEC2C2_OODLE_AUTODXT_11_C292CF6B403350E3F13B__6351B3DF9B651AA34B198D2A16799C2A42DF04B7.udd" 5194
"C:/Users/shashinda adithya/AppData/Local/UnrealEngine/Common/DerivedDataCache/1/4/0/TEXTURE_E01F4250BECD420DA9CE63B5EECEC2C2_OODLE_AUTODXT_11_C292CF6B403350E3F13B__671CE4BCBF3618B04BA1A11D91F5829F9D12C948.udd" 5195
"C:/Users/shashinda adithya/AppData/Local/UnrealEngine/Common/DerivedDataCache/9/1/5/TEXTURE_E01F4250BECD420DA9CE63B5EECEC2C2_OODLE_BC5_11_532F1A0D4BD29A2B21094EA1__5D214A94D91B7E5654F03F7B103070E9C2AC7857.udd" 5196
"C:/Users/shashinda adithya/AppData/Local/UnrealEngine/Common/DerivedDataCache/9/2/3/TEXTURE_E01F4250BECD420DA9CE63B5EECEC2C2_OODLE_AUTODXT_11_C292CF6B403350E3F13B__52BF97B5DB3AB33B8B917FF1BF38BD8AA3BDFD46.udd" 5197
"C:/Users/shashinda adithya/AppData/Local/UnrealEngine/Common/DerivedDataCache/5/9/1/TEXTURE_E01F4250BECD420DA9CE63B5EECEC2C2_OODLE_AUTODXT_11_383BF14948BC777F8B3A__770B6E0E584E61283B28D63C3CE1B74DD73D9AFF.udd" 5198
"C:/Users/shashinda adithya/AppData/Local/UnrealEngine/Common/DerivedDataCache/7/6/2/TEXTURE_E01F4250BECD420DA9CE63B5EECEC2C2_OODLE_AUTODXT_11_383BF14948BC777F8B3A__7C1A4C7C2A7CD5EDDE8A0696052D079F972448C4.udd" 5199
"C:/Users/shashinda adithya/AppData/Local/UnrealEngine/Common/DerivedDataCache/5/7/6/TEXTURE_E01F4250BECD420DA9CE63B5EECEC2C2_OODLE_AUTODXT_11_383BF14948BC777F8B3A__50E9B0C98F742F948570A80597A06DDCDEE1CF2A.udd" 5200
"C:/Users/shashinda adithya/AppData/Local/UnrealEngine/Common/DerivedDataCache/2/1/9/TEXTURE_E01F4250BECD420DA9CE63B5EECEC2C2_OODLE_AUTODXT_11_383BF14948BC777F8B3A__E6472B4CE79F4E565E527B61148A703108CF43BF.udd" 5201
"C:/Users/shashinda adithya/AppData/Local/UnrealEngine/Common/DerivedDataCache/8/4/1/TEXTURE_E01F4250BECD420DA9CE63B5EECEC2C2_OODLE_AUTODXT_11_383BF14948BC777F8B3A__C0D8586787C59004053762215087F9C6C565A920.udd" 5202
"C:/Users/shashinda adithya/AppData/Local/UnrealEngine/Common/DerivedDataCache/8/7/3/TEXTURE_E01F4250BECD420DA9CE63B5EECEC2C2_OODLE_BC5_11_83ED22E643971C7DE8317BA3__416D043BDE8856B56C035D18191456B88048FF86.udd" 5203
"C:/Users/shashinda adithya/AppData/Local/UnrealEngine/Common/DerivedDataCache/0/7/1/TEXTURE_E01F4250BECD420DA9CE63B5EECEC2C2_OODLE_AUTODXT_11_383BF14948BC777F8B3A__5B034EA443117C332DCD4CC19A1362D77FD26CC5.udd" 5204
"C:/Users/shashinda adithya/AppData/Local/UnrealEngine/Common/DerivedDataCache/2/0/3/TEXTURE_E01F4250BECD420DA9CE63B5EECEC2C2_OODLE_BC5_11_83ED22E643971C7DE8317BA3__5DDF9CF195B37CC27EDF36FDD783B31D940E60DF.udd" 5205
"C:/Users/shashinda adithya/AppData/Local/UnrealEngine/Common/DerivedDataCache/4/5/9/TEXTURE_E01F4250BECD420DA9CE63B5EECEC2C2_OODLE_BC5_11_83ED22E643971C7DE8317BA3__775EC30D7F6ECF1A366B5A9E5364D5EE30E919EB.udd" 5206
"C:/Users/shashinda adithya/AppData/Local/UnrealEngine/Common/DerivedDataCache/1/1/3/TEXTURE_E01F4250BECD420DA9CE63B5EECEC2C2_OODLE_BC5_11_83ED22E643971C7DE8317BA3__9E12684819129B956FADD0F9D0A9FD7949747FD7.udd" 5207
"C:/Users/shashinda adithya/AppData/Local/UnrealEngine/Common/DerivedDataCache/5/7/8/TEXTURE_E01F4250BECD420DA9CE63B5EECEC2C2_OODLE_BC5_11_83ED22E643971C7DE8317BA3__3AD73C935AEDEDEC588D86207710ABDF0FCBA339.udd" 5208
"C:/Users/shashinda adithya/AppData/Local/UnrealEngine/Common/DerivedDataCache/0/0/2/TEXTURE_E01F4250BECD420DA9CE63B5EECEC2C2_OODLE_BC5_11_83ED22E643971C7DE8317BA3__897583770771B46A36EB0A0AEA7DE0892C9E3374.udd" 5209
"C:/Users/shashinda adithya/AppData/Local/UnrealEngine/Common/DerivedDataCache/2/5/3/TEXTURE_E01F4250BECD420DA9CE63B5EECEC2C2_OODLE_AUTODXT_11_D404E86B4C9FA63EC6FE__91211A34C17F1FC51147574BF9FD41E58AD059DA.udd" 5210
"C:/Users/shashinda adithya/AppData/Local/UnrealEngine/Common/DerivedDataCache/0/0/1/TEXTURE_E01F4250BECD420DA9CE63B5EECEC2C2_OODLE_AUTODXT_11_231AD0D4490B26C5190A__019AAD60C35CC907D6A779DFA726D97DDBCDB1CE.udd" 5211
"C:/Users/shashinda adithya/AppData/Local/UnrealEngine/Common/DerivedDataCache/1/3/5/TEXTURE_E01F4250BECD420DA9CE63B5EECEC2C2_OODLE_AUTODXT_11_D404E86B4C9FA63EC6FE__C7607986BC403D97CC2228156C61576F70B2B04D.udd" 5212
"C:/Users/shashinda adithya/AppData/Local/UnrealEngine/Common/DerivedDataCache/9/0/9/TEXTURE_E01F4250BECD420DA9CE63B5EECEC2C2_OODLE_AUTODXT_11_231AD0D4490B26C5190A__EF22C34582CCA487E6C7E9F5A14C3047B8C3C027.udd" 5213
"C:/Users/shashinda adithya/AppData/Local/UnrealEngine/Common/DerivedDataCache/7/0/5/TEXTURE_E01F4250BECD420DA9CE63B5EECEC2C2_OODLE_AUTODXT_11_231AD0D4490B26C5190A__92F10EA9B13452D7A20E66FC32162AB4A0FDC5C7.udd" 5214
"C:/Users/shashinda adithya/AppData/Local/UnrealEngine/Common/DerivedDataCache/2/9/2/TEXTURE_E01F4250BECD420DA9CE63B5EECEC2C2_OODLE_AUTODXT_11_D404E86B4C9FA63EC6FE__D732DDC429B06565FE35E90604FE000C2A6F4625.udd" 5215
"C:/Users/shashinda adithya/AppData/Local/UnrealEngine/Common/DerivedDataCache/5/5/1/TEXTURE_E01F4250BECD420DA9CE63B5EECEC2C2_OODLE_AUTODXT_11_231AD0D4490B26C5190A__737D21785974E8D8E7F618A509DEFEEF20866B13.udd" 5216
"C:/Users/shashinda adithya/AppData/Local/UnrealEngine/Common/DerivedDataCache/2/0/2/TEXTURE_E01F4250BECD420DA9CE63B5EECEC2C2_OODLE_AUTODXT_11_231AD0D4490B26C5190A__2A648EBA1DC24EB43C720CE9C403BD4429C96A0F.udd" 5217
"C:/Users/shashinda adithya/AppData/Local/UnrealEngine/Common/DerivedDataCache/6/2/2/TEXTURE_E01F4250BECD420DA9CE63B5EECEC2C2_OODLE_AUTODXT_11_231AD0D4490B26C5190A__04CEE14768BCAA56A8799A294D7E33DF176E33C1.udd" 5218
"C:/Users/shashinda adithya/AppData/Local/UnrealEngine/Common/DerivedDataCache/4/1/0/TEXTURE_E01F4250BECD420DA9CE63B5EECEC2C2_OODLE_AUTODXT_11_D404E86B4C9FA63EC6FE__733EBFA36847D335ED9DB7673915AB3DF90E2653.udd" 5219
"C:/Users/shashinda adithya/AppData/Local/UnrealEngine/Common/DerivedDataCache/5/2/5/TEXTURE_E01F4250BECD420DA9CE63B5EECEC2C2_OODLE_AUTODXT_11_D404E86B4C9FA63EC6FE__8045460F3529CE493FACD0C32EBD4809E146BBB7.udd" 5220
"C:/Users/shashinda adithya/AppData/Local/UnrealEngine/Common/DerivedDataCache/4/7/5/TEXTURE_E01F4250BECD420DA9CE63B5EECEC2C2_OODLE_AUTODXT_11_D404E86B4C9FA63EC6FE__10CD80696AF2EB8347F98A48E057CE1B872884CD.udd" 5221
"C:/Users/shashinda adithya/AppData/Local/UnrealEngine/Common/DerivedDataCache/3/1/1/TEXTURE_E01F4250BECD420DA9CE63B5EECEC2C2_OODLE_BC5_11_07EE6525435469A5203F908F__1F5B547D4EF15A9F967F9F11D441BE0B906C0FC4.udd" 5222
"C:/Users/shashinda adithya/AppData/Local/UnrealEngine/Common/DerivedDataCache/9/3/6/TEXTURE_E01F4250BECD420DA9CE63B5EECEC2C2_OODLE_BC5_11_07EE6525435469A5203F908F__8BCE61C46FAB12B37B1637A61766A03F6D3639D0.udd" 5223
"C:/Users/shashinda adithya/AppData/Local/UnrealEngine/Common/DerivedDataCache/3/2/1/TEXTURE_E01F4250BECD420DA9CE63B5EECEC2C2_OODLE_BC5_11_07EE6525435469A5203F908F__D19708950BEABE96046102AC92370448667E8B20.udd" 5224
"C:/Users/shashinda adithya/AppData/Local/UnrealEngine/Common/DerivedDataCache/9/7/0/TEXTURE_E01F4250BECD420DA9CE63B5EECEC2C2_OODLE_BC5_11_07EE6525435469A5203F908F__C6BF1113FC62AAD734094808C7B233CD7DD1D891.udd" 5225
"C:/Users/shashinda adithya/AppData/Local/UnrealEngine/Common/DerivedDataCache/5/4/6/TEXTURE_E01F4250BECD420DA9CE63B5EECEC2C2_OODLE_BC5_11_07EE6525435469A5203F908F__DF4CB510A36E194C65C45D55789E272E9D388BAA.udd" 5226
"C:/Users/shashinda adithya/AppData/Local/UnrealEngine/Common/DerivedDataCache/5/9/6/TEXTURE_E01F4250BECD420DA9CE63B5EECEC2C2_OODLE_BC5_11_07EE6525435469A5203F908F__6167565DD226623C4A9F289895B9B561EC046CD2.udd" 5227
"C:/Users/shashinda adithya/AppData/Local/UnrealEngine/Common/DerivedDataCache/5/1/4/TEXTURE_E01F4250BECD420DA9CE63B5EECEC2C2_OODLE_AUTODXT_11_9D59DD03429BC33DA72D__8634F56FB85BA0DEEB83FC2A5F6A37A4A063B8BB.udd" 5228
"C:/Users/shashinda adithya/AppData/Local/UnrealEngine/Common/DerivedDataCache/0/9/7/TEXTURE_E01F4250BECD420DA9CE63B5EECEC2C2_OODLE_AUTODXT_11_1BBF13DA4EAA9C80E5CC__8C46885166487A947891C4FAFD5F32DF32401822.udd" 5229
"C:/Users/shashinda adithya/AppData/Local/UnrealEngine/Common/DerivedDataCache/1/8/5/TEXTURE_E01F4250BECD420DA9CE63B5EECEC2C2_OODLE_AUTODXT_11_9D59DD03429BC33DA72D__AB1C22CD6849F883E4AA0D117CD8FB2A2D887A17.udd" 5230
"C:/Users/shashinda adithya/AppData/Local/UnrealEngine/Common/DerivedDataCache/4/3/1/TEXTURE_E01F4250BECD420DA9CE63B5EECEC2C2_OODLE_AUTODXT_11_1BBF13DA4EAA9C80E5CC__443892EB34976DF0992B146A515784916394286B.udd" 5231
"C:/Users/shashinda adithya/AppData/Local/UnrealEngine/Common/DerivedDataCache/4/7/2/TEXTURE_E01F4250BECD420DA9CE63B5EECEC2C2_OODLE_AUTODXT_11_9D59DD03429BC33DA72D__60DA3E9950D14B54BA7C1D1EEE51DDB9EA1404DF.udd" 5232
"C:/Users/shashinda adithya/AppData/Local/UnrealEngine/Common/DerivedDataCache/3/1/8/TEXTURE_E01F4250BECD420DA9CE63B5EECEC2C2_OODLE_AUTODXT_11_9D59DD03429BC33DA72D__20CE1CC4623F7AAAB39CAC3213D94FA38AF20769.udd" 5233
"C:/Users/shashinda adithya/AppData/Local/UnrealEngine/Common/DerivedDataCache/0/1/9/TEXTURE_E01F4250BECD420DA9CE63B5EECEC2C2_OODLE_AUTODXT_11_1BBF13DA4EAA9C80E5CC__7EB17952F97AA2FBA84E9DDACA3120557CE690B2.udd" 5234
"C:/Users/shashinda adithya/AppData/Local/UnrealEngine/Common/DerivedDataCache/0/5/8/TEXTURE_E01F4250BECD420DA9CE63B5EECEC2C2_OODLE_AUTODXT_11_1BBF13DA4EAA9C80E5CC__90C58100CFF2ECDC9A792108A4187D875A2CA6ED.udd" 5235
"C:/Users/shashinda adithya/AppData/Local/UnrealEngine/Common/DerivedDataCache/1/5/5/TEXTURE_E01F4250BECD420DA9CE63B5EECEC2C2_OODLE_AUTODXT_11_9D59DD03429BC33DA72D__1D369024657D8CD98DE739B8576DBE05B4E2CD0D.udd" 5236
"C:/Users/shashinda adithya/AppData/Local/UnrealEngine/Common/DerivedDataCache/1/8/6/TEXTURE_E01F4250BECD420DA9CE63B5EECEC2C2_OODLE_AUTODXT_11_1BBF13DA4EAA9C80E5CC__75388A4BE8B2A487C0985A5CB2F8818F64064E4C.udd" 5237
"C:/Users/shashinda adithya/AppData/Local/UnrealEngine/Common/DerivedDataCache/4/4/6/TEXTURE_E01F4250BECD420DA9CE63B5EECEC2C2_OODLE_AUTODXT_11_1BBF13DA4EAA9C80E5CC__3C428562E674BFD6C9744D18BCA930F6B85B966C.udd" 5238
"C:/Users/shashinda adithya/AppData/Local/UnrealEngine/Common/DerivedDataCache/8/9/5/TEXTURE_E01F4250BECD420DA9CE63B5EECEC2C2_OODLE_BC5_11_CA7FC5B9405C0998D24A8D85__9A60DD9F10116C538B764F6B0C784757BFF743BD.udd" 5239
"C:/Users/shashinda adithya/AppData/Local/UnrealEngine/Common/DerivedDataCache/3/0/9/TEXTURE_E01F4250BECD420DA9CE63B5EECEC2C2_OODLE_BC5_11_CA7FC5B9405C0998D24A8D85__D644083BDE5E3AB8E551DCA215962699140ACFD1.udd" 5240
"C:/Users/shashinda adithya/AppData/Local/UnrealEngine/Common/DerivedDataCache/5/8/8/TEXTURE_E01F4250BECD420DA9CE63B5EECEC2C2_OODLE_BC5_11_CA7FC5B9405C0998D24A8D85__97F9B996FDB8151E0CCA05FFA1F7D807F0E7F3D8.udd" 5241
"C:/Users/shashinda adithya/AppData/Local/UnrealEngine/Common/DerivedDataCache/6/4/0/TEXTURE_E01F4250BECD420DA9CE63B5EECEC2C2_OODLE_BC5_11_CA7FC5B9405C0998D24A8D85__8B980B37C97590FC7A62A9529F7A5BFDD0746A0A.udd" 5242
"C:/Users/shashinda adithya/AppData/Local/UnrealEngine/Common/DerivedDataCache/3/9/1/TEXTURE_E01F4250BECD420DA9CE63B5EECEC2C2_OODLE_AUTODXT_11_D5E2FD664C01D49BBBAB__BDB405C99A1088A4B88D210BA8BEF2C709810725.udd" 5243
"C:/Users/shashinda adithya/AppData/Local/UnrealEngine/Common/DerivedDataCache/4/1/2/TEXTURE_E01F4250BECD420DA9CE63B5EECEC2C2_OODLE_AUTODXT_11_D5E2FD664C01D49BBBAB__8AE2576971F5642286A0F0AD8466193EF9CBD614.udd" 5244
"C:/Users/shashinda adithya/AppData/Local/UnrealEngine/Common/DerivedDataCache/6/7/2/TEXTURE_E01F4250BECD420DA9CE63B5EECEC2C2_OODLE_BC5_11_CA7FC5B9405C0998D24A8D85__DB74033C52FFFD5D5CEDC4BD20CF07B909D576EC.udd" 5245
"C:/Users/shashinda adithya/AppData/Local/UnrealEngine/Common/DerivedDataCache/0/7/6/TEXTURE_E01F4250BECD420DA9CE63B5EECEC2C2_OODLE_BC5_11_CA7FC5B9405C0998D24A8D85__4DCA068B8CFEE6A20F2459F0475605FAADE17A46.udd" 5246
"C:/Users/shashinda adithya/AppData/Local/UnrealEngine/Common/DerivedDataCache/3/2/5/TEXTURE_E01F4250BECD420DA9CE63B5EECEC2C2_OODLE_AUTODXT_11_D5E2FD664C01D49BBBAB__E256840B07309AEEC1CB56ED58363C0B6BC15090.udd" 5247
"C:/Users/shashinda adithya/AppData/Local/UnrealEngine/Common/DerivedDataCache/2/1/6/TEXTURE_E01F4250BECD420DA9CE63B5EECEC2C2_OODLE_AUTODXT_11_D5E2FD664C01D49BBBAB__E72FC14222D7AC348EE6FC81C0FF185080A05F2E.udd" 5248
"C:/Users/shashinda adithya/AppData/Local/UnrealEngine/Common/DerivedDataCache/5/6/3/TEXTURE_E01F4250BECD420DA9CE63B5EECEC2C2_OODLE_AUTODXT_11_D5E2FD664C01D49BBBAB__A29A968D07900696EF8D7CA97849FF68A2D7EC16.udd" 5249
"C:/Users/shashinda adithya/AppData/Local/UnrealEngine/Common/DerivedDataCache/3/9/4/TEXTURE_E01F4250BECD420DA9CE63B5EECEC2C2_OODLE_AUTODXT_11_D5E2FD664C01D49BBBAB__3646AB2B85F7D0C35B404A5EB1DEFC325CFED0FF.udd" 5250
"C:/Users/shashinda adithya/AppData/Local/UnrealEngine/Common/DerivedDataCache/3/3/0/TEXTURE_E01F4250BECD420DA9CE63B5EECEC2C2_OODLE_AUTODXT_11_C66F33A54D589E1DD424__00B5EA18A56FB7E7B74B4894AF12589F3FEAFC58.udd" 5251
"C:/Users/shashinda adithya/AppData/Local/UnrealEngine/Common/DerivedDataCache/8/3/3/TEXTURE_E01F4250BECD420DA9CE63B5EECEC2C2_OODLE_AUTODXT_11_C66F33A54D589E1DD424__065060F3ABFBBF092B9CDDB9A4675AB5EAD3A40C.udd" 5252
"C:/Users/shashinda adithya/AppData/Local/UnrealEngine/Common/DerivedDataCache/2/2/5/TEXTURE_E01F4250BECD420DA9CE63B5EECEC2C2_OODLE_AUTODXT_11_9D59DD03429BC33DA72D__1E81D03F5D4B6B086667F56E6D15A2255246C4D4.udd" 5253
"C:/Users/shashinda adithya/AppData/Local/UnrealEngine/Common/DerivedDataCache/5/1/8/TEXTURE_E01F4250BECD420DA9CE63B5EECEC2C2_OODLE_AUTODXT_11_C66F33A54D589E1DD424__FD5DD92EC7891ED6BBA9AE6A830ADD737B256E21.udd" 5254
"C:/Users/shashinda adithya/AppData/Local/UnrealEngine/Common/DerivedDataCache/8/2/1/TEXTURE_E01F4250BECD420DA9CE63B5EECEC2C2_OODLE_AUTODXT_11_C66F33A54D589E1DD424__62AEDEF33864E4E7D7C7C393A30B43811AEC225B.udd" 5255
"C:/Users/shashinda adithya/AppData/Local/UnrealEngine/Common/DerivedDataCache/3/0/3/TEXTURE_E01F4250BECD420DA9CE63B5EECEC2C2_OODLE_AUTODXT_11_C66F33A54D589E1DD424__04EAFF9A6C7946D28450F6EDAAD324D8DE50326D.udd" 5256
"C:/Users/shashinda adithya/AppData/Local/UnrealEngine/Common/DerivedDataCache/9/2/0/TEXTURE_E01F4250BECD420DA9CE63B5EECEC2C2_OODLE_AUTODXT_11_C66F33A54D589E1DD424__42A1889717E31606990749C691BFC94C42416CAB.udd" 5257
"C:/Users/shashinda adithya/AppData/Local/UnrealEngine/Common/DerivedDataCache/3/9/7/TEXTURE_E01F4250BECD420DA9CE63B5EECEC2C2_OODLE_AUTODXT_11_7A3DC548403C0C2BF982__24ADE014C37333EF7C65A12F59D5DB79AC9C2CBB.udd" 5258
"C:/Users/shashinda adithya/AppData/Local/UnrealEngine/Common/DerivedDataCache/6/3/2/TEXTURE_E01F4250BECD420DA9CE63B5EECEC2C2_OODLE_AUTODXT_11_7A3DC548403C0C2BF982__ACBB9C7844A324F81520D039D5FAE573B9D0BC76.udd" 5259
"C:/Users/shashinda adithya/AppData/Local/UnrealEngine/Common/DerivedDataCache/3/6/4/TEXTURE_E01F4250BECD420DA9CE63B5EECEC2C2_OODLE_AUTODXT_11_7A3DC548403C0C2BF982__50CDBC589B911C7E7BA698E019A953D689FF9959.udd" 5260
"C:/Users/shashinda adithya/AppData/Local/UnrealEngine/Common/DerivedDataCache/5/8/1/TEXTURE_E01F4250BECD420DA9CE63B5EECEC2C2_OODLE_AUTODXT_11_7A3DC548403C0C2BF982__263372D66731A08BF6073789568EE2AF74E567E0.udd" 5261
"C:/Users/shashinda adithya/AppData/Local/UnrealEngine/Common/DerivedDataCache/5/6/4/TEXTURE_E01F4250BECD420DA9CE63B5EECEC2C2_OODLE_AUTODXT_11_7A3DC548403C0C2BF982__3156391F3B1EFB52F5A6D6D37DEF47C6CAD474D9.udd" 5262
"C:/Users/shashinda adithya/AppData/Local/UnrealEngine/Common/DerivedDataCache/4/9/7/TEXTURE_E01F4250BECD420DA9CE63B5EECEC2C2_OODLE_AUTODXT_11_7A3DC548403C0C2BF982__C7BC7317B942E93C0B10ABF099275A1AB48E74F8.udd" 5263
"C:/Users/shashinda adithya/AppData/Local/UnrealEngine/Common/DerivedDataCache/1/0/5/TEXTURE_E01F4250BECD420DA9CE63B5EECEC2C2_OODLE_BC5_11_9539A3804ADEA3625C4401A1__1536AEE0B9ECC3C5ADE7E46BC4A6720D16861232.udd" 5264
"C:/Users/shashinda adithya/AppData/Local/UnrealEngine/Common/DerivedDataCache/4/3/8/TEXTURE_E01F4250BECD420DA9CE63B5EECEC2C2_OODLE_BC5_11_9539A3804ADEA3625C4401A1__FB031491AB6F152C1142B9005CE7C64A4201B806.udd" 5265
"C:/Users/shashinda adithya/AppData/Local/UnrealEngine/Common/DerivedDataCache/4/4/6/TEXTURE_E01F4250BECD420DA9CE63B5EECEC2C2_OODLE_BC5_11_9539A3804ADEA3625C4401A1__848647413AC14CBCAC4513DC430AEF04E85CDD20.udd" 5266
"C:/Users/shashinda adithya/AppData/Local/UnrealEngine/Common/DerivedDataCache/1/5/0/TEXTURE_E01F4250BECD420DA9CE63B5EECEC2C2_OODLE_BC5_11_9539A3804ADEA3625C4401A1__B055844F952546C8CED0B0E3346701D4DEB435F3.udd" 5267
"C:/Users/shashinda adithya/AppData/Local/UnrealEngine/Common/DerivedDataCache/5/1/4/TEXTURE_E01F4250BECD420DA9CE63B5EECEC2C2_OODLE_BC5_11_9539A3804ADEA3625C4401A1__F93FFE1A057D58B4121A62D3460113DFF7690173.udd" 5268
"C:/Users/shashinda adithya/AppData/Local/UnrealEngine/Common/DerivedDataCache/9/0/1/TEXTURE_E01F4250BECD420DA9CE63B5EECEC2C2_OODLE_BC5_11_9539A3804ADEA3625C4401A1__C582C427B8F0E29FD59EA82217C1DF19A9FD48F7.udd" 5269
"C:/Users/shashinda adithya/AppData/Local/UnrealEngine/Common/DerivedDataCache/0/9/7/TEXTURE_E01F4250BECD420DA9CE63B5EECEC2C2_OODLE_AUTODXT_11_660CD9754EE63894BAC6__1976D73DD2FCE05887592E2048E209097380CC11.udd" 5270
"C:/Users/shashinda adithya/AppData/Local/UnrealEngine/Common/DerivedDataCache/8/5/4/TEXTURE_E01F4250BECD420DA9CE63B5EECEC2C2_OODLE_AUTODXT_11_660CD9754EE63894BAC6__66F7927E20B87AC6692DACFA177C8D8FED290D46.udd" 5271
"C:/Users/shashinda adithya/AppData/Local/UnrealEngine/Common/DerivedDataCache/8/4/8/TEXTURE_E01F4250BECD420DA9CE63B5EECEC2C2_OODLE_AUTODXT_11_660CD9754EE63894BAC6__B3DD5BFF339FB8499E37D1274A0EF61A60FFCEB6.udd" 5272
"C:/Users/shashinda adithya/AppData/Local/UnrealEngine/Common/DerivedDataCache/0/1/6/TEXTURE_E01F4250BECD420DA9CE63B5EECEC2C2_OODLE_AUTODXT_11_660CD9754EE63894BAC6__38BFCEBFE7C52BDE73BEA00E58F7CCD5F55E674D.udd" 5273
"C:/Users/shashinda adithya/AppData/Local/UnrealEngine/Common/DerivedDataCache/9/3/3/TEXTURE_E01F4250BECD420DA9CE63B5EECEC2C2_OODLE_AUTODXT_11_660CD9754EE63894BAC6__DC68A4F96CC618F0E72CA06AFBC4D243AE19F882.udd" 5274
"C:/Users/shashinda adithya/AppData/Local/UnrealEngine/Common/DerivedDataCache/5/5/4/TEXTURE_E01F4250BECD420DA9CE63B5EECEC2C2_OODLE_AUTODXT_11_660CD9754EE63894BAC6__31092165554A7FB497559A7D1281777D7647117E.udd" 5275
"C:/Users/shashinda adithya/AppData/Local/UnrealEngine/Common/DerivedDataCache/4/1/4/TEXTURE_E01F4250BECD420DA9CE63B5EECEC2C2_OODLE_BC5_11_342A38F642D44F704BD03B97__B7A4889667263FC2E02D1A70F8C58AB5873C394E.udd" 5276
"C:/Users/shashinda adithya/AppData/Local/UnrealEngine/Common/DerivedDataCache/8/2/3/TEXTURE_E01F4250BECD420DA9CE63B5EECEC2C2_OODLE_BC5_11_342A38F642D44F704BD03B97__694D14E04944B1F8171887492E6D47D2E7BE8BB3.udd" 5277
"C:/Users/shashinda adithya/AppData/Local/UnrealEngine/Common/DerivedDataCache/2/3/0/TEXTURE_E01F4250BECD420DA9CE63B5EECEC2C2_OODLE_BC5_11_342A38F642D44F704BD03B97__27E0A794E9E02193015D4CC10B4239355861A15D.udd" 5278
"C:/Users/shashinda adithya/AppData/Local/UnrealEngine/Common/DerivedDataCache/0/6/9/TEXTURE_E01F4250BECD420DA9CE63B5EECEC2C2_OODLE_BC5_11_342A38F642D44F704BD03B97__E85E3F3059FA63D2DD6A47B7296762859CD80EA8.udd" 5279
"C:/Users/shashinda adithya/AppData/Local/UnrealEngine/Common/DerivedDataCache/2/4/4/TEXTURE_E01F4250BECD420DA9CE63B5EECEC2C2_OODLE_BC5_11_342A38F642D44F704BD03B97__F6CF1F39EFCDE621F6D3933A2BA3A0F312C09576.udd" 5280
"C:/Users/shashinda adithya/AppData/Local/UnrealEngine/Common/DerivedDataCache/0/5/9/TEXTURE_E01F4250BECD420DA9CE63B5EECEC2C2_OODLE_AUTODXT_11_D062B1BE4CFDA3785453__118A709450E34E75330D6F0BD116859CBBB0CC3C.udd" 5281
"C:/Users/shashinda adithya/AppData/Local/UnrealEngine/Common/DerivedDataCache/7/0/2/TEXTURE_E01F4250BECD420DA9CE63B5EECEC2C2_OODLE_AUTODXT_11_D062B1BE4CFDA3785453__CA16601282837353C15C93BFA35838C2BDC915BD.udd" 5282
"C:/Users/shashinda adithya/AppData/Local/UnrealEngine/Common/DerivedDataCache/9/7/7/TEXTURE_E01F4250BECD420DA9CE63B5EECEC2C2_OODLE_AUTODXT_11_D062B1BE4CFDA3785453__0DCDCA0A55C7E8DF7553AB5561C7EBF4F562113B.udd" 5283
"C:/Users/shashinda adithya/AppData/Local/UnrealEngine/Common/DerivedDataCache/3/9/9/TEXTURE_E01F4250BECD420DA9CE63B5EECEC2C2_OODLE_AUTODXT_11_D062B1BE4CFDA3785453__B1C14F500CBD9F1EFCA91636618EC5C7E0A9E6E5.udd" 5284
"C:/Users/shashinda adithya/AppData/Local/UnrealEngine/Common/DerivedDataCache/7/4/0/TEXTURE_E01F4250BECD420DA9CE63B5EECEC2C2_OODLE_AUTODXT_11_D062B1BE4CFDA3785453__BC068FFB3A1BFE67534F03AB034043C3CB55F49B.udd" 5285
"C:/Users/shashinda adithya/AppData/Local/UnrealEngine/Common/DerivedDataCache/1/8/2/TEXTURE_E01F4250BECD420DA9CE63B5EECEC2C2_OODLE_AUTODXT_11_D062B1BE4CFDA3785453__39186D2E0968E2DC0F784B3C6156ACC9A2CF5017.udd" 5286
"C:/Users/shashinda adithya/AppData/Local/UnrealEngine/Common/DerivedDataCache/2/0/9/TEXTURE_E01F4250BECD420DA9CE63B5EECEC2C2_OODLE_BC5_11_342A38F642D44F704BD03B97__F0CA0A52EAC5960FAAA60BD443B4CE862C2B1217.udd" 5287
"C:/Users/shashinda adithya/AppData/Local/UnrealEngine/Common/DerivedDataCache/8/7/8/TEXTURE_E01F4250BECD420DA9CE63B5EECEC2C2_OODLE_AUTODXT_11_A06FB9F24B59221A7234__5E8BCDDF926871B155FC09C4FC810EBFBF0596CF.udd" 5288
"C:/Users/shashinda adithya/AppData/Local/UnrealEngine/Common/DerivedDataCache/8/2/3/TEXTURE_E01F4250BECD420DA9CE63B5EECEC2C2_OODLE_AUTODXT_11_A06FB9F24B59221A7234__1355A67641C116476D9DE7DD8F10D1DA8A3450A0.udd" 5289
"C:/Users/shashinda adithya/AppData/Local/UnrealEngine/Common/DerivedDataCache/1/2/6/TEXTURE_E01F4250BECD420DA9CE63B5EECEC2C2_OODLE_AUTODXT_11_A06FB9F24B59221A7234__2B7A8D9B40B0AF89D2EF9CC97BF4B01E2289016F.udd" 5290
"C:/Users/shashinda adithya/AppData/Local/UnrealEngine/Common/DerivedDataCache/5/4/5/TEXTURE_E01F4250BECD420DA9CE63B5EECEC2C2_OODLE_AUTODXT_11_A06FB9F24B59221A7234__A22900ADF625FF67E934DB86DE49795E3FFC7C5A.udd" 5291
"C:/Users/shashinda adithya/AppData/Local/UnrealEngine/Common/DerivedDataCache/5/7/9/TEXTURE_E01F4250BECD420DA9CE63B5EECEC2C2_OODLE_AUTODXT_11_A06FB9F24B59221A7234__687ED33F49143C50D5CA6DA48959164D3D3F340B.udd" 5292
"C:/Users/shashinda adithya/AppData/Local/UnrealEngine/Common/DerivedDataCache/4/0/4/TEXTURE_E01F4250BECD420DA9CE63B5EECEC2C2_OODLE_AUTODXT_11_A06FB9F24B59221A7234__5EB550D65EF7EA5A855FFFE49A4E66DE206995F3.udd" 5293
"C:/Users/shashinda adithya/AppData/Local/UnrealEngine/Common/DerivedDataCache/1/6/1/TEXTURE_E01F4250BECD420DA9CE63B5EECEC2C2_OODLE_BC5_11_967800084591BBACCA868CA1__4CF8DB0E3B65EEAAC25402DF857F60D5F20F3E28.udd" 5294
"C:/Users/shashinda adithya/AppData/Local/UnrealEngine/Common/DerivedDataCache/4/2/5/TEXTURE_E01F4250BECD420DA9CE63B5EECEC2C2_OODLE_BC5_11_967800084591BBACCA868CA1__7F50F2BA7521196BD759350B8389A463378C79AD.udd" 5295
"C:/Users/shashinda adithya/AppData/Local/UnrealEngine/Common/DerivedDataCache/1/6/0/TEXTURE_E01F4250BECD420DA9CE63B5EECEC2C2_OODLE_BC5_11_967800084591BBACCA868CA1__72C75B03554D1FF4B87633030633D7FA6F3D9D5C.udd" 5296
"C:/Users/shashinda adithya/AppData/Local/UnrealEngine/Common/DerivedDataCache/0/6/7/TEXTURE_E01F4250BECD420DA9CE63B5EECEC2C2_OODLE_BC5_11_967800084591BBACCA868CA1__4B4A4B9CD628B7CFD552BA0AA30561FAB27ED344.udd" 5297
"C:/Users/shashinda adithya/AppData/Local/UnrealEngine/Common/DerivedDataCache/3/8/9/TEXTURE_E01F4250BECD420DA9CE63B5EECEC2C2_OODLE_BC5_11_967800084591BBACCA868CA1__0552534912D723E5D36926C9A0E4A1EBBD2AD2D7.udd" 5298
"C:/Users/shashinda adithya/AppData/Local/UnrealEngine/Common/DerivedDataCache/7/7/5/TEXTURE_E01F4250BECD420DA9CE63B5EECEC2C2_OODLE_BC5_11_967800084591BBACCA868CA1__18F447D0B3C59F03A7A46CE4B15AA9A6BE91C183.udd" 5299
"C:/Users/shashinda adithya/AppData/Local/UnrealEngine/Common/DerivedDataCache/3/1/3/TEXTURE_E01F4250BECD420DA9CE63B5EECEC2C2_OODLE_AUTODXT_11_19DBA7D54366B966DF85__4BC92DFA9674281597A5C3AEA1A1ACE57B6E07B7.udd" 5300
"C:/Users/shashinda adithya/AppData/Local/UnrealEngine/Common/DerivedDataCache/6/3/0/TEXTURE_E01F4250BECD420DA9CE63B5EECEC2C2_OODLE_AUTODXT_11_12F438BB4D6C8DA296F0__3AD8F839DF593A914E41D8EE38885AF3F12C1CEF.udd" 5301
"C:/Users/shashinda adithya/AppData/Local/UnrealEngine/Common/DerivedDataCache/2/7/5/TEXTURE_E01F4250BECD420DA9CE63B5EECEC2C2_OODLE_AUTODXT_11_19DBA7D54366B966DF85__B0D7BDA16FFF5CA0CDE49CEDF40F92AB4C690543.udd" 5302
"C:/Users/shashinda adithya/AppData/Local/UnrealEngine/Common/DerivedDataCache/9/9/6/TEXTURE_E01F4250BECD420DA9CE63B5EECEC2C2_OODLE_AUTODXT_11_12F438BB4D6C8DA296F0__39915216EF7BD2E5C804A05F5A70B7524D738F68.udd" 5303
"C:/Users/shashinda adithya/AppData/Local/UnrealEngine/Common/DerivedDataCache/9/0/4/TEXTURE_E01F4250BECD420DA9CE63B5EECEC2C2_OODLE_AUTODXT_11_19DBA7D54366B966DF85__4B6EBED808B05649A08D6C4D0847AC48B0A2C21A.udd" 5304
"C:/Users/shashinda adithya/AppData/Local/UnrealEngine/Common/DerivedDataCache/5/6/3/TEXTURE_E01F4250BECD420DA9CE63B5EECEC2C2_OODLE_AUTODXT_11_12F438BB4D6C8DA296F0__35502E2914EAF515F0C049F78D6100A316F42A14.udd" 5305
"C:/Users/shashinda adithya/AppData/Local/UnrealEngine/Common/DerivedDataCache/5/9/8/TEXTURE_E01F4250BECD420DA9CE63B5EECEC2C2_OODLE_AUTODXT_11_12F438BB4D6C8DA296F0__DA6E5347D88519A78BA42C63D1159473566A6499.udd" 5306
"C:/Users/shashinda adithya/AppData/Local/UnrealEngine/Common/DerivedDataCache/2/9/9/TEXTURE_E01F4250BECD420DA9CE63B5EECEC2C2_OODLE_AUTODXT_11_12F438BB4D6C8DA296F0__7E2B35B8BC27FE2B6F5F21DCCC50EBA610C75CD6.udd" 5307
"C:/Users/shashinda adithya/AppData/Local/UnrealEngine/Common/DerivedDataCache/4/1/7/TEXTURE_E01F4250BECD420DA9CE63B5EECEC2C2_OODLE_AUTODXT_11_19DBA7D54366B966DF85__E70BBD2866E7EBBCE0AB7D91CF736A14B0D90CA4.udd" 5308
"C:/Users/shashinda adithya/AppData/Local/UnrealEngine/Common/DerivedDataCache/7/5/5/TEXTURE_E01F4250BECD420DA9CE63B5EECEC2C2_OODLE_AUTODXT_11_12F438BB4D6C8DA296F0__A5A1425C06A0FBCC003ED9FCC6318904C3C4D7A7.udd" 5309
"C:/Users/shashinda adithya/AppData/Local/UnrealEngine/Common/DerivedDataCache/3/1/1/TEXTURE_E01F4250BECD420DA9CE63B5EECEC2C2_OODLE_AUTODXT_11_19DBA7D54366B966DF85__93DC8F69A81BE531F6D9289563ACA3AD630BCD8D.udd" 5310
"C:/Users/shashinda adithya/AppData/Local/UnrealEngine/Common/DerivedDataCache/6/8/3/TEXTURE_E01F4250BECD420DA9CE63B5EECEC2C2_OODLE_AUTODXT_11_19DBA7D54366B966DF85__9754FB81A2193AE83857F7BD274A2A72FC9A4408.udd" 5311
"C:/Users/shashinda adithya/AppData/Local/UnrealEngine/Common/DerivedDataCache/1/4/0/TEXTURE_E01F4250BECD420DA9CE63B5EECEC2C2_OODLE_BC5_11_33DF3E9E4F243F464DEAF99E__C52A1B6E10C9F6F01CF75D48BEA3909473EA73B5.udd" 5312
"C:/Users/shashinda adithya/AppData/Local/UnrealEngine/Common/DerivedDataCache/0/6/0/TEXTURE_E01F4250BECD420DA9CE63B5EECEC2C2_OODLE_BC5_11_33DF3E9E4F243F464DEAF99E__96B13D741A8483AFA2629F94BB2DFA9065F56C75.udd" 5313
"C:/Users/shashinda adithya/AppData/Local/UnrealEngine/Common/DerivedDataCache/1/9/5/TEXTURE_E01F4250BECD420DA9CE63B5EECEC2C2_OODLE_BC5_11_33DF3E9E4F243F464DEAF99E__43BC91C6CCDC9731BFA29C67C255A7C4B8C88B0B.udd" 5314
"C:/Users/shashinda adithya/AppData/Local/UnrealEngine/Common/DerivedDataCache/1/1/8/TEXTURE_E01F4250BECD420DA9CE63B5EECEC2C2_OODLE_BC5_11_33DF3E9E4F243F464DEAF99E__954880762B3CB6BFD4B91F9077DC0241537EDAF8.udd" 5315
"C:/Users/shashinda adithya/AppData/Local/UnrealEngine/Common/DerivedDataCache/3/1/3/TEXTURE_E01F4250BECD420DA9CE63B5EECEC2C2_OODLE_BC5_11_33DF3E9E4F243F464DEAF99E__96834BDDBB1CB12ECC63DF9D5AC238DF4415E40F.udd" 5316
"C:/Users/shashinda adithya/AppData/Local/UnrealEngine/Common/DerivedDataCache/6/5/5/TEXTURE_E01F4250BECD420DA9CE63B5EECEC2C2_OODLE_BC5_11_33DF3E9E4F243F464DEAF99E__25FC4B615C3BF3128B3FE3E8E9917231D0C2802A.udd" 5317
"C:/Users/shashinda adithya/AppData/Local/UnrealEngine/Common/DerivedDataCache/8/4/8/TEXTURE_E01F4250BECD420DA9CE63B5EECEC2C2_OODLE_AUTODXT_11_590FEA464A3527573B8F__E222108E393A0A35CD9E1BB438C5B58B627C211B.udd" 5318
"C:/Users/shashinda adithya/AppData/Local/UnrealEngine/Common/DerivedDataCache/6/5/6/TEXTURE_E01F4250BECD420DA9CE63B5EECEC2C2_OODLE_AUTODXT_11_590FEA464A3527573B8F__48397ECB0DCCEE8B2A847D9441058F922D0AEEF0.udd" 5319
"C:/Users/shashinda adithya/AppData/Local/UnrealEngine/Common/DerivedDataCache/8/3/3/TEXTURE_E01F4250BECD420DA9CE63B5EECEC2C2_OODLE_AUTODXT_11_590FEA464A3527573B8F__920705EC12DA600B3D3BC18C144A2E322B3835B5.udd" 5320
"C:/Users/shashinda adithya/AppData/Local/UnrealEngine/Common/DerivedDataCache/8/3/7/TEXTURE_E01F4250BECD420DA9CE63B5EECEC2C2_OODLE_AUTODXT_11_590FEA464A3527573B8F__6CCA65974514FA936E83B26DA4633C1358F34A74.udd" 5321
"C:/Users/shashinda adithya/AppData/Local/UnrealEngine/Common/DerivedDataCache/0/8/8/TEXTURE_E01F4250BECD420DA9CE63B5EECEC2C2_OODLE_AUTODXT_11_590FEA464A3527573B8F__F9907EEC83F26074C84A2C0C2EF9E2DDCD016C2D.udd" 5322
"C:/Users/shashinda adithya/AppData/Local/UnrealEngine/Common/DerivedDataCache/8/0/0/TEXTURE_E01F4250BECD420DA9CE63B5EECEC2C2_OODLE_AUTODXT_11_590FEA464A3527573B8F__A7ED9DCAB65C4C5C2086BBA63BA1A42D9A426698.udd" 5323
"C:/Users/shashinda adithya/AppData/Local/UnrealEngine/Common/DerivedDataCache/7/5/4/TEXTURE_E01F4250BECD420DA9CE63B5EECEC2C2_OODLE_AUTODXT_11_D4EA606B4EA28B1067ED__05C617989777CB14C31D0EC50C943148A0ED2FF8.udd" 5324
"C:/Users/shashinda adithya/AppData/Local/UnrealEngine/Common/DerivedDataCache/6/3/8/TEXTURE_E01F4250BECD420DA9CE63B5EECEC2C2_OODLE_AUTODXT_11_D4EA606B4EA28B1067ED__6BF43E42C526E328A005BE69FDB2B92B6507C272.udd" 5325
"C:/Users/shashinda adithya/AppData/Local/UnrealEngine/Common/DerivedDataCache/2/4/5/TEXTURE_E01F4250BECD420DA9CE63B5EECEC2C2_OODLE_AUTODXT_11_D4EA606B4EA28B1067ED__9CC7053FD7CDBEBB620AB2C4D5C849058B27C65D.udd" 5326
"C:/Users/shashinda adithya/AppData/Local/UnrealEngine/Common/DerivedDataCache/2/9/9/TEXTURE_E01F4250BECD420DA9CE63B5EECEC2C2_OODLE_AUTODXT_11_D4EA606B4EA28B1067ED__3606DD0ED078F2B8DB41369C20D9D62D48DD223E.udd" 5327
"C:/Users/shashinda adithya/AppData/Local/UnrealEngine/Common/DerivedDataCache/5/3/3/TEXTURE_E01F4250BECD420DA9CE63B5EECEC2C2_OODLE_AUTODXT_11_D4EA606B4EA28B1067ED__0966973852BA9E06BDD7BA7C62D26876E3135C26.udd" 5328
"C:/Users/shashinda adithya/AppData/Local/UnrealEngine/Common/DerivedDataCache/1/6/0/TEXTURE_E01F4250BECD420DA9CE63B5EECEC2C2_OODLE_AUTODXT_11_D4EA606B4EA28B1067ED__DA6D1BBEE4FF408A12A190A1E71790DEF2FD5247.udd" 5329
"C:/Users/shashinda adithya/AppData/Local/UnrealEngine/Common/DerivedDataCache/6/9/4/TEXTURE_E01F4250BECD420DA9CE63B5EECEC2C2_OODLE_BC5_11_5F19116C4810C7D39D892384__BC55D97EED0204E0FBEBCC6D08CA5D6C28BB7CAC.udd" 5330
"C:/Users/shashinda adithya/AppData/Local/UnrealEngine/Common/DerivedDataCache/1/9/6/TEXTURE_E01F4250BECD420DA9CE63B5EECEC2C2_OODLE_BC5_11_5F19116C4810C7D39D892384__4C8535F2748254912F15777350D9DCAABB55210D.udd" 5331
"C:/Users/shashinda adithya/AppData/Local/UnrealEngine/Common/DerivedDataCache/0/7/4/TEXTURE_E01F4250BECD420DA9CE63B5EECEC2C2_OODLE_BC5_11_5F19116C4810C7D39D892384__B7E4F9AD46270C06A4B9178D522562A74DEAA470.udd" 5332
"C:/Users/shashinda adithya/AppData/Local/UnrealEngine/Common/DerivedDataCache/8/3/9/TEXTURE_E01F4250BECD420DA9CE63B5EECEC2C2_OODLE_BC5_11_5F19116C4810C7D39D892384__A2A5A6518F25294902A3FBC4F665D13D1D204CBF.udd" 5333
"C:/Users/shashinda adithya/AppData/Local/UnrealEngine/Common/DerivedDataCache/3/0/5/TEXTURE_E01F4250BECD420DA9CE63B5EECEC2C2_OODLE_BC5_11_5F19116C4810C7D39D892384__E5AB84BAE51DBA63129CD2B5765764CB456561E4.udd" 5334
"C:/Users/shashinda adithya/AppData/Local/UnrealEngine/Common/DerivedDataCache/2/5/6/TEXTURE_E01F4250BECD420DA9CE63B5EECEC2C2_OODLE_BC5_11_5F19116C4810C7D39D892384__C4DB9608CEAEDF681B80722D3B078036F01051C4.udd" 5335
"C:/Users/shashinda adithya/AppData/Local/UnrealEngine/Common/DerivedDataCache/6/7/9/TEXTURE_E01F4250BECD420DA9CE63B5EECEC2C2_OODLE_AUTODXT_11_5B6D87E448D8AC0C34F4__320D9F895637542A6C4B2B45498B240BEF5A6056.udd" 5336
"C:/Users/shashinda adithya/AppData/Local/UnrealEngine/Common/DerivedDataCache/9/3/4/TEXTURE_E01F4250BECD420DA9CE63B5EECEC2C2_OODLE_AUTODXT_11_5B6D87E448D8AC0C34F4__9B1CE18822F72942A0F6ED84C7E167D59BA1F92D.udd" 5337
"C:/Users/shashinda adithya/AppData/Local/UnrealEngine/Common/DerivedDataCache/3/4/8/TEXTURE_E01F4250BECD420DA9CE63B5EECEC2C2_OODLE_AUTODXT_11_5B6D87E448D8AC0C34F4__1F98A6777DB1461E8EDF0E1A18822831F8C74A18.udd" 5338
"C:/Users/shashinda adithya/AppData/Local/UnrealEngine/Common/DerivedDataCache/0/9/0/TEXTURE_E01F4250BECD420DA9CE63B5EECEC2C2_OODLE_AUTODXT_11_5B6D87E448D8AC0C34F4__CE93350673AC5EA0C931C916481C67C394B9BBFA.udd" 5339
"C:/Users/shashinda adithya/AppData/Local/UnrealEngine/Common/DerivedDataCache/0/1/8/TEXTURE_E01F4250BECD420DA9CE63B5EECEC2C2_OODLE_AUTODXT_11_5B6D87E448D8AC0C34F4__280CC320E966737124E02B5E5273BFAEE80F0AFF.udd" 5340
"C:/Users/shashinda adithya/AppData/Local/UnrealEngine/Common/DerivedDataCache/9/8/4/TEXTURE_E01F4250BECD420DA9CE63B5EECEC2C2_OODLE_AUTODXT_11_5B6D87E448D8AC0C34F4__5141BB4D07B98B3074D7D12962C75A1724E4457C.udd" 5341
"C:/Users/shashinda adithya/AppData/Local/UnrealEngine/Common/DerivedDataCache/8/8/0/TEXTURE_E01F4250BECD420DA9CE63B5EECEC2C2_OODLE_AUTODXT_11_1743AAB5496DEFE27D84__925EF59F3399A1B9FC73C9F7F1015D854CAB5963.udd" 5342
"C:/Users/shashinda adithya/AppData/Local/UnrealEngine/Common/DerivedDataCache/7/9/7/TEXTURE_E01F4250BECD420DA9CE63B5EECEC2C2_OODLE_AUTODXT_11_1743AAB5496DEFE27D84__FDBC18F32AE1154401667BBB8745CDD287D64880.udd" 5343
"C:/Users/shashinda adithya/AppData/Local/UnrealEngine/Common/DerivedDataCache/0/5/4/TEXTURE_E01F4250BECD420DA9CE63B5EECEC2C2_OODLE_AUTODXT_11_1743AAB5496DEFE27D84__FCBB55E59398BA7DB95B352692239C70AE3C056D.udd" 5344
"C:/Users/shashinda adithya/AppData/Local/UnrealEngine/Common/DerivedDataCache/9/9/3/TEXTURE_E01F4250BECD420DA9CE63B5EECEC2C2_OODLE_AUTODXT_11_1743AAB5496DEFE27D84__BBDE8BAEFBA489CFB321990C59CDEA4600B7AA8E.udd" 5345
"C:/Users/shashinda adithya/AppData/Local/UnrealEngine/Common/DerivedDataCache/7/8/8/TEXTURE_E01F4250BECD420DA9CE63B5EECEC2C2_OODLE_AUTODXT_11_1743AAB5496DEFE27D84__DF3312F9DAED5037824F1ED21329BB19D571D0D0.udd" 5346
"C:/Users/shashinda adithya/AppData/Local/UnrealEngine/Common/DerivedDataCache/0/7/3/TEXTURE_E01F4250BECD420DA9CE63B5EECEC2C2_OODLE_AUTODXT_11_1743AAB5496DEFE27D84__877C27A05F5A1D89581EF05B39859229950A6D5F.udd" 5347
"C:/Users/shashinda adithya/AppData/Local/UnrealEngine/Common/DerivedDataCache/0/3/7/TEXTURE_E01F4250BECD420DA9CE63B5EECEC2C2_OODLE_BC5_11_349C84CF4DBE5863D5E72DA4__F48C5EA6A5CF12D5FE0A2E7782F83F0650480127.udd" 5348
"C:/Users/shashinda adithya/AppData/Local/UnrealEngine/Common/DerivedDataCache/0/5/6/TEXTURE_E01F4250BECD420DA9CE63B5EECEC2C2_OODLE_BC5_11_349C84CF4DBE5863D5E72DA4__3F1BFC61F499954463DCE17BF0805F056241AF13.udd" 5349
"C:/Users/shashinda adithya/AppData/Local/UnrealEngine/Common/DerivedDataCache/4/5/7/TEXTURE_E01F4250BECD420DA9CE63B5EECEC2C2_OODLE_BC5_11_349C84CF4DBE5863D5E72DA4__DBCB922B5C5DC0B5ED4EA380825EA4D984824241.udd" 5350
"C:/Users/shashinda adithya/AppData/Local/UnrealEngine/Common/DerivedDataCache/2/2/5/TEXTURE_E01F4250BECD420DA9CE63B5EECEC2C2_OODLE_BC5_11_349C84CF4DBE5863D5E72DA4__9477A49AE56EC7E5056A8AE8A5EF16B6AFEBD6F2.udd" 5351
"C:/Users/shashinda adithya/AppData/Local/UnrealEngine/Common/DerivedDataCache/5/2/0/TEXTURE_E01F4250BECD420DA9CE63B5EECEC2C2_OODLE_BC5_11_349C84CF4DBE5863D5E72DA4__5B8F5DA4344F4D8985968ED778D20DAFC813B874.udd" 5352
"C:/Users/shashinda adithya/AppData/Local/UnrealEngine/Common/DerivedDataCache/7/0/8/TEXTURE_E01F4250BECD420DA9CE63B5EECEC2C2_OODLE_BC5_11_349C84CF4DBE5863D5E72DA4__DE11D01B9663D954B6803FF4229820A7F8684889.udd" 5353
"C:/Users/shashinda adithya/AppData/Local/UnrealEngine/Common/DerivedDataCache/9/9/7/TEXTURE_E01F4250BECD420DA9CE63B5EECEC2C2_OODLE_AUTODXT_11_D6BE4D024CA2061E8688__9A079A5A3C61E3F470E553553F705EB010C9018C.udd" 5354
"C:/Users/shashinda adithya/AppData/Local/UnrealEngine/Common/DerivedDataCache/7/0/9/TEXTURE_E01F4250BECD420DA9CE63B5EECEC2C2_OODLE_AUTODXT_11_D6BE4D024CA2061E8688__B91173BA588668F16B06E8442E5FF7525EDE51B9.udd" 5355
"C:/Users/shashinda adithya/AppData/Local/UnrealEngine/Common/DerivedDataCache/3/1/0/TEXTURE_E01F4250BECD420DA9CE63B5EECEC2C2_OODLE_AUTODXT_11_D6BE4D024CA2061E8688__A7359DE90761282E5AAE8F617A262645D3791FDF.udd" 5356
"C:/Users/shashinda adithya/AppData/Local/UnrealEngine/Common/DerivedDataCache/6/3/3/TEXTURE_E01F4250BECD420DA9CE63B5EECEC2C2_OODLE_AUTODXT_11_D6BE4D024CA2061E8688__2176CF8C7D7718F0FE8CDD6D153896AF48C9444A.udd" 5357
"C:/Users/shashinda adithya/AppData/Local/UnrealEngine/Common/DerivedDataCache/2/6/2/TEXTURE_E01F4250BECD420DA9CE63B5EECEC2C2_OODLE_AUTODXT_11_D6BE4D024CA2061E8688__E4140B86FC422F359F0341B62AE98E5DCF73272B.udd" 5358
"C:/Users/shashinda adithya/AppData/Local/UnrealEngine/Common/DerivedDataCache/5/4/3/TEXTURE_E01F4250BECD420DA9CE63B5EECEC2C2_OODLE_AUTODXT_11_FE283D584B6B05140B79__956965D76EC6CFB6458B9AAC77AF9819DB9909FE.udd" 5359
"C:/Users/shashinda adithya/AppData/Local/UnrealEngine/Common/DerivedDataCache/9/4/9/TEXTURE_E01F4250BECD420DA9CE63B5EECEC2C2_OODLE_AUTODXT_11_D6BE4D024CA2061E8688__6B87FEDA91BA94B2EABA40D306F12550CC2F9A50.udd" 5360
"C:/Users/shashinda adithya/AppData/Local/UnrealEngine/Common/DerivedDataCache/4/7/4/TEXTURE_E01F4250BECD420DA9CE63B5EECEC2C2_OODLE_AUTODXT_11_FE283D584B6B05140B79__8DD8CF23C7159AAE6BB365375426341DF704D098.udd" 5361
"C:/Users/shashinda adithya/AppData/Local/UnrealEngine/Common/DerivedDataCache/5/8/5/TEXTURE_E01F4250BECD420DA9CE63B5EECEC2C2_OODLE_AUTODXT_11_FE283D584B6B05140B79__CA6A79E835DAF4EDAE51534A331C0C2B1DF9ACAF.udd" 5362
"C:/Users/shashinda adithya/AppData/Local/UnrealEngine/Common/DerivedDataCache/0/9/4/TEXTURE_E01F4250BECD420DA9CE63B5EECEC2C2_OODLE_AUTODXT_11_FE283D584B6B05140B79__52B85D689D509147D2B45CF2807249928D168A21.udd" 5363
"C:/Users/shashinda adithya/AppData/Local/UnrealEngine/Common/DerivedDataCache/9/9/6/TEXTURE_E01F4250BECD420DA9CE63B5EECEC2C2_OODLE_AUTODXT_11_FE283D584B6B05140B79__8B31B704AE613330B7D18376187E658D70ABE7DC.udd" 5364
"C:/Users/shashinda adithya/AppData/Local/UnrealEngine/Common/DerivedDataCache/6/3/5/TEXTURE_E01F4250BECD420DA9CE63B5EECEC2C2_OODLE_AUTODXT_11_FE283D584B6B05140B79__E4C00C1FF1B52FDE24A98645F51D0DB897CFCC00.udd" 5365
"C:/Users/shashinda adithya/AppData/Local/UnrealEngine/Common/DerivedDataCache/9/5/6/TEXTURE_E01F4250BECD420DA9CE63B5EECEC2C2_OODLE_BC5_11_A870F6204FFFD2597D8ECAB6__9E835FC3DE8612F7B2247E3825D2900F852D2912.udd" 5366
"C:/Users/shashinda adithya/AppData/Local/UnrealEngine/Common/DerivedDataCache/0/0/9/TEXTURE_E01F4250BECD420DA9CE63B5EECEC2C2_OODLE_BC5_11_A870F6204FFFD2597D8ECAB6__E3E3EE605023E735067974ACB1FE484AEF58F98D.udd" 5367
"C:/Users/shashinda adithya/AppData/Local/UnrealEngine/Common/DerivedDataCache/8/7/3/TEXTURE_E01F4250BECD420DA9CE63B5EECEC2C2_OODLE_BC5_11_A870F6204FFFD2597D8ECAB6__3DFBB9B826EC32BA26C7C28884CE5C98DB9D1B51.udd" 5368
"C:/Users/shashinda adithya/AppData/Local/UnrealEngine/Common/DerivedDataCache/6/4/6/TEXTURE_E01F4250BECD420DA9CE63B5EECEC2C2_OODLE_BC5_11_A870F6204FFFD2597D8ECAB6__0570991427D2D3E67CCCD4B5610D98067277B961.udd" 5369
"C:/Users/shashinda adithya/AppData/Local/UnrealEngine/Common/DerivedDataCache/3/5/6/TEXTURE_E01F4250BECD420DA9CE63B5EECEC2C2_OODLE_BC5_11_A870F6204FFFD2597D8ECAB6__ABF658732543555DAB0D885D071D185BEE55FB5E.udd" 5370
"C:/Users/shashinda adithya/AppData/Local/UnrealEngine/Common/DerivedDataCache/0/2/5/TEXTURE_E01F4250BECD420DA9CE63B5EECEC2C2_OODLE_AUTODXT_11_945B88534AA7047E5832__868FF0E5D8A23580996E2C44753D84C159B20F73.udd" 5371
"C:/Users/shashinda adithya/AppData/Local/UnrealEngine/Common/DerivedDataCache/5/4/8/TEXTURE_E01F4250BECD420DA9CE63B5EECEC2C2_OODLE_AUTODXT_11_945B88534AA7047E5832__742142675532B47969806224E4FAE8DE0B9221EF.udd" 5372
"C:/Users/shashinda adithya/AppData/Local/UnrealEngine/Common/DerivedDataCache/9/0/0/TEXTURE_E01F4250BECD420DA9CE63B5EECEC2C2_OODLE_AUTODXT_11_945B88534AA7047E5832__5D2EB87CC617575A60551AB01BB240802953E2E5.udd" 5373
"C:/Users/shashinda adithya/AppData/Local/UnrealEngine/Common/DerivedDataCache/3/4/8/TEXTURE_E01F4250BECD420DA9CE63B5EECEC2C2_OODLE_AUTODXT_11_945B88534AA7047E5832__0A8BA651C498AD1B97E9F5FDECD76DB39B639370.udd" 5374
"C:/Users/shashinda adithya/AppData/Local/UnrealEngine/Common/DerivedDataCache/6/8/6/TEXTURE_E01F4250BECD420DA9CE63B5EECEC2C2_OODLE_AUTODXT_11_945B88534AA7047E5832__317BCC7FB5495C747A7893AD6AFFC55F0663DF2F.udd" 5375
"C:/Users/shashinda adithya/AppData/Local/UnrealEngine/Common/DerivedDataCache/5/6/5/TEXTURE_E01F4250BECD420DA9CE63B5EECEC2C2_OODLE_AUTODXT_11_945B88534AA7047E5832__AF0D632EF72DE3E28D06C7A6BA6E11C56582B644.udd" 5376
"C:/Users/shashinda adithya/AppData/Local/UnrealEngine/Common/DerivedDataCache/8/3/1/TEXTURE_E01F4250BECD420DA9CE63B5EECEC2C2_OODLE_AUTODXT_11_0128704F4E04919A28C7__4018554031E23E5DA812608EBFD246186889E018.udd" 5377
"C:/Users/shashinda adithya/AppData/Local/UnrealEngine/Common/DerivedDataCache/7/3/9/TEXTURE_E01F4250BECD420DA9CE63B5EECEC2C2_OODLE_AUTODXT_11_0128704F4E04919A28C7__D471062CBF4E25017C781DEF512A16E5719DDEFC.udd" 5378
"C:/Users/shashinda adithya/AppData/Local/UnrealEngine/Common/DerivedDataCache/3/0/1/TEXTURE_E01F4250BECD420DA9CE63B5EECEC2C2_OODLE_AUTODXT_11_0128704F4E04919A28C7__79DE9FF5A579AB14DD8E5D11A6454A9C316C23C9.udd" 5379
"C:/Users/shashinda adithya/AppData/Local/UnrealEngine/Common/DerivedDataCache/6/2/4/TEXTURE_E01F4250BECD420DA9CE63B5EECEC2C2_OODLE_AUTODXT_11_0128704F4E04919A28C7__413644BE10D381653E05D94B75183B0B6ED0221F.udd" 5380
"C:/Users/shashinda adithya/AppData/Local/UnrealEngine/Common/DerivedDataCache/9/1/4/TEXTURE_E01F4250BECD420DA9CE63B5EECEC2C2_OODLE_AUTODXT_11_0128704F4E04919A28C7__41DF6B05307A5747DD68D83C5E16AEC6CBF7C773.udd" 5381
"C:/Users/shashinda adithya/AppData/Local/UnrealEngine/Common/DerivedDataCache/8/5/3/TEXTURE_E01F4250BECD420DA9CE63B5EECEC2C2_OODLE_AUTODXT_11_0128704F4E04919A28C7__BF923054F3FC8001CE6485ABFC7E85F02591B8CF.udd" 5382
"C:/Users/shashinda adithya/AppData/Local/UnrealEngine/Common/DerivedDataCache/8/9/4/TEXTURE_E01F4250BECD420DA9CE63B5EECEC2C2_OODLE_BC5_11_23A3AE1842E76C8DF0D3979C__0388B641D4D30EE9D41EAD741397E88E07CCED5C.udd" 5383
"C:/Users/shashinda adithya/AppData/Local/UnrealEngine/Common/DerivedDataCache/0/7/7/TEXTURE_E01F4250BECD420DA9CE63B5EECEC2C2_OODLE_BC5_11_23A3AE1842E76C8DF0D3979C__116249617584877E7482A654DBB01126D03680CF.udd" 5384
"C:/Users/shashinda adithya/AppData/Local/UnrealEngine/Common/DerivedDataCache/0/0/3/TEXTURE_E01F4250BECD420DA9CE63B5EECEC2C2_OODLE_BC5_11_23A3AE1842E76C8DF0D3979C__3D6014521ACEB14B1CB626DAA324E85CFDE953F2.udd" 5385
"C:/Users/shashinda adithya/AppData/Local/UnrealEngine/Common/DerivedDataCache/1/3/4/TEXTURE_E01F4250BECD420DA9CE63B5EECEC2C2_OODLE_BC5_11_23A3AE1842E76C8DF0D3979C__EB3981DEEED989BF3234AFFC44482F8A6EED5E1A.udd" 5386
"C:/Users/shashinda adithya/AppData/Local/UnrealEngine/Common/DerivedDataCache/3/5/9/TEXTURE_E01F4250BECD420DA9CE63B5EECEC2C2_OODLE_BC5_11_23A3AE1842E76C8DF0D3979C__9D41DAC083C541B8BCD31D4AAD41C7299A8C20D6.udd" 5387
"C:/Users/shashinda adithya/AppData/Local/UnrealEngine/Common/DerivedDataCache/6/4/4/TEXTURE_E01F4250BECD420DA9CE63B5EECEC2C2_OODLE_BC5_11_23A3AE1842E76C8DF0D3979C__AF5E01BE9EB0C8CFD8698093A3E7614635D3919D.udd" 5388
"C:/Users/shashinda adithya/AppData/Local/UnrealEngine/Common/DerivedDataCache/4/1/6/TEXTURE_E01F4250BECD420DA9CE63B5EECEC2C2_OODLE_BC5_11_A870F6204FFFD2597D8ECAB6__FCE8DF0B0BB61EB645A6AA785BFAF4AF03DA2A4F.udd" 5389
"C:/Users/shashinda adithya/AppData/Local/UnrealEngine/Common/DerivedDataCache/0/2/2/TEXTURE_E01F4250BECD420DA9CE63B5EECEC2C2_OODLE_AUTODXT_11_361495EC44EED5153A31__E03AA1F4FCAB42FC38A15A1725C143EAFF1586BC.udd" 5390
"C:/Users/shashinda adithya/AppData/Local/UnrealEngine/Common/DerivedDataCache/6/3/1/TEXTURE_E01F4250BECD420DA9CE63B5EECEC2C2_OODLE_AUTODXT_11_361495EC44EED5153A31__C88EF399A825ED9BE689BFE14317E22F6B13C347.udd" 5391
"C:/Users/shashinda adithya/AppData/Local/UnrealEngine/Common/DerivedDataCache/9/9/1/TEXTURE_E01F4250BECD420DA9CE63B5EECEC2C2_OODLE_AUTODXT_11_361495EC44EED5153A31__2280370246FF555180E751D7EB03EC8EB30A5E1E.udd" 5392
"C:/Users/shashinda adithya/AppData/Local/UnrealEngine/Common/DerivedDataCache/3/4/5/TEXTURE_E01F4250BECD420DA9CE63B5EECEC2C2_OODLE_AUTODXT_11_361495EC44EED5153A31__156F31B1334A3167571AA989CBAA1C302FBCECED.udd" 5393
"C:/Users/shashinda adithya/AppData/Local/UnrealEngine/Common/DerivedDataCache/2/6/9/TEXTURE_E01F4250BECD420DA9CE63B5EECEC2C2_OODLE_AUTODXT_11_361495EC44EED5153A31__18628FA72F915D5CC8920C83C420274E956F31F0.udd" 5394
"C:/Users/shashinda adithya/AppData/Local/UnrealEngine/Common/DerivedDataCache/6/9/9/TEXTURE_E01F4250BECD420DA9CE63B5EECEC2C2_OODLE_AUTODXT_11_361495EC44EED5153A31__3FD0DB5DFC740A257389657B54888B7C0305AADC.udd" 5395
"C:/Users/shashinda adithya/AppData/Local/UnrealEngine/Common/DerivedDataCache/1/7/6/TEXTURE_E01F4250BECD420DA9CE63B5EECEC2C2_OODLE_AUTODXT_11_09B2E7EB4D4C55E15A8A__6BF5E5F6B429B5F32F1300EC480F25658F25C491.udd" 5396
"C:/Users/shashinda adithya/AppData/Local/UnrealEngine/Common/DerivedDataCache/7/3/6/TEXTURE_E01F4250BECD420DA9CE63B5EECEC2C2_OODLE_AUTODXT_11_09B2E7EB4D4C55E15A8A__495BB11071004189F6C3E91A1E9AC3E58A35EF36.udd" 5397
"C:/Users/shashinda adithya/AppData/Local/UnrealEngine/Common/DerivedDataCache/3/1/1/TEXTURE_E01F4250BECD420DA9CE63B5EECEC2C2_OODLE_AUTODXT_11_09B2E7EB4D4C55E15A8A__1E93EAAAA2400915E6C7B0035E98847FC553659D.udd" 5398
"C:/Users/shashinda adithya/AppData/Local/UnrealEngine/Common/DerivedDataCache/6/5/1/TEXTURE_E01F4250BECD420DA9CE63B5EECEC2C2_OODLE_AUTODXT_11_09B2E7EB4D4C55E15A8A__F460433D7F44AC7B714143113EA629C2BCBE4A4F.udd" 5399
"C:/Users/shashinda adithya/AppData/Local/UnrealEngine/Common/DerivedDataCache/2/9/8/TEXTURE_E01F4250BECD420DA9CE63B5EECEC2C2_OODLE_AUTODXT_11_09B2E7EB4D4C55E15A8A__D515F2D12A6AEBA2DDFC2F53BD666E7A29A870F0.udd" 5400
"C:/Users/shashinda adithya/AppData/Local/UnrealEngine/Common/DerivedDataCache/1/2/6/TEXTURE_E01F4250BECD420DA9CE63B5EECEC2C2_OODLE_AUTODXT_11_09B2E7EB4D4C55E15A8A__A709F2D1E0DF2FDA7C94953AF24AD7317A9E85D0.udd" 5401
"C:/Users/shashinda adithya/AppData/Local/UnrealEngine/Common/DerivedDataCache/3/3/4/TEXTURE_E01F4250BECD420DA9CE63B5EECEC2C2_OODLE_BC5_11_8C7ABE1E4C8FA412192050B0__13AD7450F334ED371A2FAAB35ACA448E1D517668.udd" 5402
"C:/Users/shashinda adithya/AppData/Local/UnrealEngine/Common/DerivedDataCache/4/3/3/TEXTURE_E01F4250BECD420DA9CE63B5EECEC2C2_OODLE_BC5_11_8C7ABE1E4C8FA412192050B0__9FEDD5858D72061348E638EEE8FC916A876F3E5D.udd" 5403
"C:/Users/shashinda adithya/AppData/Local/UnrealEngine/Common/DerivedDataCache/0/0/9/TEXTURE_E01F4250BECD420DA9CE63B5EECEC2C2_OODLE_BC5_11_8C7ABE1E4C8FA412192050B0__BBEA713C647B33A0C3E5E88DC3782EFC2CA782B0.udd" 5404
"C:/Users/shashinda adithya/AppData/Local/UnrealEngine/Common/DerivedDataCache/9/5/6/TEXTURE_E01F4250BECD420DA9CE63B5EECEC2C2_OODLE_BC5_11_8C7ABE1E4C8FA412192050B0__49A3F1A870187B17D940015A4EBF818261A01526.udd" 5405
"C:/Users/shashinda adithya/AppData/Local/UnrealEngine/Common/DerivedDataCache/2/9/7/TEXTURE_E01F4250BECD420DA9CE63B5EECEC2C2_OODLE_BC5_11_8C7ABE1E4C8FA412192050B0__F705A45E6E44EE6F4FF581AE3027AE908967A507.udd" 5406
"C:/Users/shashinda adithya/AppData/Local/UnrealEngine/Common/DerivedDataCache/4/7/2/TEXTURE_E01F4250BECD420DA9CE63B5EECEC2C2_OODLE_BC5_11_8C7ABE1E4C8FA412192050B0__5ED587B52AA676F0BF098FD00DA107AD8E71748A.udd" 5407
"C:/Users/shashinda adithya/AppData/Local/UnrealEngine/Common/DerivedDataCache/9/1/3/TEXTURE_E01F4250BECD420DA9CE63B5EECEC2C2_OODLE_AUTODXT_11_A27E126A48885FE0C780__11FB7C2E92E407E1CD712A8D2F7D94AF4A2EC1FE.udd" 5408
"C:/Users/shashinda adithya/AppData/Local/UnrealEngine/Common/DerivedDataCache/2/5/1/TEXTURE_E01F4250BECD420DA9CE63B5EECEC2C2_OODLE_AUTODXT_11_A27E126A48885FE0C780__32BFDB79E75A129C963F04925296C6DE6955B27A.udd" 5409
"C:/Users/shashinda adithya/AppData/Local/UnrealEngine/Common/DerivedDataCache/5/9/7/TEXTURE_E01F4250BECD420DA9CE63B5EECEC2C2_OODLE_AUTODXT_11_A27E126A48885FE0C780__AFB4C21633C5D8D67381AFA13900C6339EC8D767.udd" 5410
"C:/Users/shashinda adithya/AppData/Local/UnrealEngine/Common/DerivedDataCache/4/4/5/TEXTURE_E01F4250BECD420DA9CE63B5EECEC2C2_OODLE_AUTODXT_11_A27E126A48885FE0C780__B0BCD373C2E8BB0E8ABBB48A11A45ED6844D795F.udd" 5411
"C:/Users/shashinda adithya/AppData/Local/UnrealEngine/Common/DerivedDataCache/6/4/1/TEXTURE_E01F4250BECD420DA9CE63B5EECEC2C2_OODLE_AUTODXT_11_A27E126A48885FE0C780__9FB8E37AADE4B28F1E63FC0548ECC9131550D376.udd" 5412
"C:/Users/shashinda adithya/AppData/Local/UnrealEngine/Common/DerivedDataCache/2/1/7/TEXTURE_E01F4250BECD420DA9CE63B5EECEC2C2_OODLE_AUTODXT_11_A27E126A48885FE0C780__AB6009E560934E02F44A81180FEC42F00ACA94A8.udd" 5413
"C:/Users/shashinda adithya/AppData/Local/UnrealEngine/Common/DerivedDataCache/6/9/0/TEXTURE_E01F4250BECD420DA9CE63B5EECEC2C2_OODLE_AUTODXT_11_C5F2178A4B95087020CA__7D42F51CCAE3BE83290179D1A321C02DDEE2A744.udd" 5414
"C:/Users/shashinda adithya/AppData/Local/UnrealEngine/Common/DerivedDataCache/7/1/8/TEXTURE_E01F4250BECD420DA9CE63B5EECEC2C2_OODLE_AUTODXT_11_C5F2178A4B95087020CA__D459E2BDB8B09EBCEEB299665AA7AB1004FB5104.udd" 5415
"C:/Users/shashinda adithya/AppData/Local/UnrealEngine/Common/DerivedDataCache/3/4/2/TEXTURE_E01F4250BECD420DA9CE63B5EECEC2C2_OODLE_AUTODXT_11_C5F2178A4B95087020CA__5B2DB41E182AAB0E149EDEC4C044D0471086550B.udd" 5416
"C:/Users/shashinda adithya/AppData/Local/UnrealEngine/Common/DerivedDataCache/5/0/5/TEXTURE_E01F4250BECD420DA9CE63B5EECEC2C2_OODLE_AUTODXT_11_C5F2178A4B95087020CA__156C666BF993E91A425F03DB945DC0386EE71163.udd" 5417
"C:/Users/shashinda adithya/AppData/Local/UnrealEngine/Common/DerivedDataCache/5/0/6/TEXTURE_E01F4250BECD420DA9CE63B5EECEC2C2_OODLE_AUTODXT_11_C5F2178A4B95087020CA__79C8C180D75EF1C58BC3565617E956B28F24D599.udd" 5418
"C:/Users/shashinda adithya/AppData/Local/UnrealEngine/Common/DerivedDataCache/5/1/0/TEXTURE_E01F4250BECD420DA9CE63B5EECEC2C2_OODLE_AUTODXT_11_C5F2178A4B95087020CA__29EE9028CB06156AB69F46203F7B1E60E92DE649.udd" 5419
"C:/Users/shashinda adithya/AppData/Local/UnrealEngine/Common/DerivedDataCache/1/1/0/TEXTURE_E01F4250BECD420DA9CE63B5EECEC2C2_OODLE_BC5_11_07C8DDFF422F36D5E74A0A96__184E7D3BC2ECE4845AB01E109D753F52B745F2A3.udd" 5420
"C:/Users/shashinda adithya/AppData/Local/UnrealEngine/Common/DerivedDataCache/9/9/5/TEXTURE_E01F4250BECD420DA9CE63B5EECEC2C2_OODLE_BC5_11_07C8DDFF422F36D5E74A0A96__54F63E81403F09CF5D96AF6C48695A0FC82AFCE7.udd" 5421
"C:/Users/shashinda adithya/AppData/Local/UnrealEngine/Common/DerivedDataCache/2/9/6/TEXTURE_E01F4250BECD420DA9CE63B5EECEC2C2_OODLE_BC5_11_07C8DDFF422F36D5E74A0A96__640B578D8E7F866CBDAE76C40EFAED80B2C8133B.udd" 5422
"C:/Users/shashinda adithya/AppData/Local/UnrealEngine/Common/DerivedDataCache/4/8/0/TEXTURE_E01F4250BECD420DA9CE63B5EECEC2C2_OODLE_BC5_11_07C8DDFF422F36D5E74A0A96__2D0128CBD892A90C83A173C819BEA5F4AE07BFB4.udd" 5423
"C:/Users/shashinda adithya/AppData/Local/UnrealEngine/Common/DerivedDataCache/1/2/5/TEXTURE_E01F4250BECD420DA9CE63B5EECEC2C2_OODLE_BC5_11_07C8DDFF422F36D5E74A0A96__ED69A79B9C6E6F29D9C7316C346DF42E951A750D.udd" 5424
"C:/Users/shashinda adithya/AppData/Local/UnrealEngine/Common/DerivedDataCache/9/5/8/TEXTURE_E01F4250BECD420DA9CE63B5EECEC2C2_OODLE_BC5_11_07C8DDFF422F36D5E74A0A96__1E16FC31FBD0517FDF912343797A629D1D565694.udd" 5425
"C:/Users/shashinda adithya/AppData/Local/UnrealEngine/Common/DerivedDataCache/5/2/0/TEXTURE_E01F4250BECD420DA9CE63B5EECEC2C2_OODLE_AUTODXT_11_D73707B84D12667605C4__C8CD78DDD43D03FF2627CD0CC57F9BE2A5C8FE40.udd" 5426
"C:/Users/shashinda adithya/AppData/Local/UnrealEngine/Common/DerivedDataCache/5/9/7/TEXTURE_E01F4250BECD420DA9CE63B5EECEC2C2_OODLE_AUTODXT_11_D73707B84D12667605C4__ACC3365558DCE996440883B7E1EB32C6C30BF318.udd" 5427
"C:/Users/shashinda adithya/AppData/Local/UnrealEngine/Common/DerivedDataCache/1/7/9/TEXTURE_E01F4250BECD420DA9CE63B5EECEC2C2_OODLE_AUTODXT_11_D73707B84D12667605C4__F28ED1EEB5CB932867A89D0189E5F23B763FA7A0.udd" 5428
"C:/Users/shashinda adithya/AppData/Local/UnrealEngine/Common/DerivedDataCache/5/4/4/TEXTURE_E01F4250BECD420DA9CE63B5EECEC2C2_OODLE_AUTODXT_11_D73707B84D12667605C4__BCE956D7E9B30E21B4205140F780861BB1911FFF.udd" 5429
"C:/Users/shashinda adithya/AppData/Local/UnrealEngine/Common/DerivedDataCache/7/9/3/TEXTURE_E01F4250BECD420DA9CE63B5EECEC2C2_OODLE_AUTODXT_11_D73707B84D12667605C4__9DA1553B96C21AD528A609E30380D8E64429543D.udd" 5430
"C:/Users/shashinda adithya/AppData/Local/UnrealEngine/Common/DerivedDataCache/5/1/0/TEXTURE_E01F4250BECD420DA9CE63B5EECEC2C2_OODLE_AUTODXT_11_D73707B84D12667605C4__232A3C3EA083347F8CC63523057B5AA98665E454.udd" 5431
"C:/Users/shashinda adithya/AppData/Local/UnrealEngine/Common/DerivedDataCache/6/5/2/TEXTURE_E01F4250BECD420DA9CE63B5EECEC2C2_OODLE_AUTODXT_11_415EB4ED49226D3AA31D__FA2B5ED354196B160D4B59FA7E219030BED6C653.udd" 5432
"C:/Users/shashinda adithya/AppData/Local/UnrealEngine/Common/DerivedDataCache/4/2/7/TEXTURE_E01F4250BECD420DA9CE63B5EECEC2C2_OODLE_AUTODXT_11_415EB4ED49226D3AA31D__7FD612C69C517825BBFC308AE6DB9C76269CCF5B.udd" 5433
"C:/Users/shashinda adithya/AppData/Local/UnrealEngine/Common/DerivedDataCache/0/4/5/TEXTURE_E01F4250BECD420DA9CE63B5EECEC2C2_OODLE_AUTODXT_11_415EB4ED49226D3AA31D__DED3CAE0BF1766419F0B29748C26003D230A7A8B.udd" 5434
"C:/Users/shashinda adithya/AppData/Local/UnrealEngine/Common/DerivedDataCache/6/0/7/TEXTURE_E01F4250BECD420DA9CE63B5EECEC2C2_OODLE_AUTODXT_11_415EB4ED49226D3AA31D__118DB3EDAFEFC23AD88B693CD471EAD61DD22DB3.udd" 5435
"C:/Users/shashinda adithya/AppData/Local/UnrealEngine/Common/DerivedDataCache/0/2/9/TEXTURE_E01F4250BECD420DA9CE63B5EECEC2C2_OODLE_AUTODXT_11_415EB4ED49226D3AA31D__DF2CEB7A048A2401D975F9AF79CF36F40F6E671B.udd" 5436
"C:/Users/shashinda adithya/AppData/Local/UnrealEngine/Common/DerivedDataCache/5/5/7/TEXTURE_E01F4250BECD420DA9CE63B5EECEC2C2_OODLE_AUTODXT_11_415EB4ED49226D3AA31D__077CF2EB3804B14822D4D090CEAF89B8B30AA5A9.udd" 5437
"C:/Users/shashinda adithya/AppData/Local/UnrealEngine/Common/DerivedDataCache/1/6/3/TEXTURE_E01F4250BECD420DA9CE63B5EECEC2C2_OODLE_BC5_11_98967FE5438D71A160AED081__F78AA0ACCF39ADD078E20F031FC627B42F61BCC3.udd" 5438
"C:/Users/shashinda adithya/AppData/Local/UnrealEngine/Common/DerivedDataCache/5/9/6/TEXTURE_E01F4250BECD420DA9CE63B5EECEC2C2_OODLE_BC5_11_98967FE5438D71A160AED081__6B13867A341ABB7E740C3D7078F487DD60C9640C.udd" 5439
"C:/Users/shashinda adithya/AppData/Local/UnrealEngine/Common/DerivedDataCache/7/0/4/TEXTURE_E01F4250BECD420DA9CE63B5EECEC2C2_OODLE_BC5_11_98967FE5438D71A160AED081__76B0A5191B786B5A974D6597EEFD58BC1081215B.udd" 5440
"C:/Users/shashinda adithya/AppData/Local/UnrealEngine/Common/DerivedDataCache/6/3/7/TEXTURE_E01F4250BECD420DA9CE63B5EECEC2C2_OODLE_BC5_11_98967FE5438D71A160AED081__558B4E2FED08A9804200974201F03990D2945D14.udd" 5441
"C:/Users/shashinda adithya/AppData/Local/UnrealEngine/Common/DerivedDataCache/2/0/1/TEXTURE_E01F4250BECD420DA9CE63B5EECEC2C2_OODLE_BC5_11_98967FE5438D71A160AED081__C1F34A091604AB937A26AED33930592559D796D4.udd" 5442
"C:/Users/shashinda adithya/AppData/Local/UnrealEngine/Common/DerivedDataCache/0/3/8/TEXTURE_E01F4250BECD420DA9CE63B5EECEC2C2_OODLE_BC5_11_98967FE5438D71A160AED081__4DB629A4B21E33BA6470B7F7CD46B37B6B3466A7.udd" 5443
"C:/Users/shashinda adithya/AppData/Local/UnrealEngine/Common/DerivedDataCache/5/6/9/TEXTURE_E01F4250BECD420DA9CE63B5EECEC2C2_OODLE_AUTODXT_11_BFF62FB64DF3AFE83585__4D3952B608C3ED7120CD5083D7F1DD18BF7200FF.udd" 5444
"C:/Users/shashinda adithya/AppData/Local/UnrealEngine/Common/DerivedDataCache/0/5/1/TEXTURE_E01F4250BECD420DA9CE63B5EECEC2C2_OODLE_AUTODXT_11_BFF62FB64DF3AFE83585__65F924B70ABB685715787DFB8405025AAC460DCF.udd" 5445
"C:/Users/shashinda adithya/AppData/Local/UnrealEngine/Common/DerivedDataCache/8/7/6/TEXTURE_E01F4250BECD420DA9CE63B5EECEC2C2_OODLE_AUTODXT_11_BFF62FB64DF3AFE83585__651E7A5F3F610E2BE96DAAE0FE219B3DBBF7196C.udd" 5446
"C:/Users/shashinda adithya/AppData/Local/UnrealEngine/Common/DerivedDataCache/8/3/3/TEXTURE_E01F4250BECD420DA9CE63B5EECEC2C2_OODLE_AUTODXT_11_BFF62FB64DF3AFE83585__87C6B6CBB5FD1E305E66ED8B93231163FFB0B6EB.udd" 5447
"C:/Users/shashinda adithya/AppData/Local/UnrealEngine/Common/DerivedDataCache/7/5/7/TEXTURE_E01F4250BECD420DA9CE63B5EECEC2C2_OODLE_AUTODXT_11_BFF62FB64DF3AFE83585__DF6D19289F0166B0D6B24D02345553822116FA47.udd" 5448
"C:/Users/shashinda adithya/AppData/Local/UnrealEngine/Common/DerivedDataCache/5/6/2/TEXTURE_E01F4250BECD420DA9CE63B5EECEC2C2_OODLE_AUTODXT_11_F14FC21F44DD77838B94__C14B00C8D7DDB8B75176F624A72D764D5635CED5.udd" 5449
"C:/Users/shashinda adithya/AppData/Local/UnrealEngine/Common/DerivedDataCache/3/0/5/TEXTURE_E01F4250BECD420DA9CE63B5EECEC2C2_OODLE_AUTODXT_11_BFF62FB64DF3AFE83585__A6EF09355C60B1E9F12FE9D69CD4CBC2E9722795.udd" 5450
"C:/Users/shashinda adithya/AppData/Local/UnrealEngine/Common/DerivedDataCache/6/4/5/TEXTURE_E01F4250BECD420DA9CE63B5EECEC2C2_OODLE_AUTODXT_11_F14FC21F44DD77838B94__AD0B229E2E0041CABEC12429AE13DA830DB9A5A1.udd" 5451
"C:/Users/shashinda adithya/AppData/Local/UnrealEngine/Common/DerivedDataCache/2/9/5/TEXTURE_E01F4250BECD420DA9CE63B5EECEC2C2_OODLE_AUTODXT_11_F14FC21F44DD77838B94__809016E435BF1C9516EA81D2F464CA9328876D94.udd" 5452
"C:/Users/shashinda adithya/AppData/Local/UnrealEngine/Common/DerivedDataCache/7/6/8/TEXTURE_E01F4250BECD420DA9CE63B5EECEC2C2_OODLE_AUTODXT_11_F14FC21F44DD77838B94__67B5A0248C1BEA8FE04A340C0541F6481C75038F.udd" 5453
"C:/Users/shashinda adithya/AppData/Local/UnrealEngine/Common/DerivedDataCache/4/4/3/TEXTURE_E01F4250BECD420DA9CE63B5EECEC2C2_OODLE_AUTODXT_11_F14FC21F44DD77838B94__6795D5E6307A9FCCB5BC2D05AB4F45E9F1E01308.udd" 5454
"C:/Users/shashinda adithya/AppData/Local/UnrealEngine/Common/DerivedDataCache/8/2/3/TEXTURE_E01F4250BECD420DA9CE63B5EECEC2C2_OODLE_AUTODXT_11_F14FC21F44DD77838B94__7AB49568A7C0A2ED175317EFE15067CDD8963C95.udd" 5455
"C:/Users/shashinda adithya/AppData/Local/UnrealEngine/Common/DerivedDataCache/4/6/4/TEXTURE_E01F4250BECD420DA9CE63B5EECEC2C2_OODLE_BC5_11_0694180840621211A03EE0B7__EDDE766A954FB2B5C008539509D1F8DAD44780FF.udd" 5456
"C:/Users/shashinda adithya/AppData/Local/UnrealEngine/Common/DerivedDataCache/7/4/1/TEXTURE_E01F4250BECD420DA9CE63B5EECEC2C2_OODLE_BC5_11_0694180840621211A03EE0B7__8DA3EF31556A999473C3C292E3E46C24BECB4564.udd" 5457
"C:/Users/shashinda adithya/AppData/Local/UnrealEngine/Common/DerivedDataCache/4/0/8/TEXTURE_E01F4250BECD420DA9CE63B5EECEC2C2_OODLE_BC5_11_0694180840621211A03EE0B7__921A70271A42A8931EC0F59394529EA080FDE3DB.udd" 5458
"C:/Users/shashinda adithya/AppData/Local/UnrealEngine/Common/DerivedDataCache/9/7/9/TEXTURE_E01F4250BECD420DA9CE63B5EECEC2C2_OODLE_BC5_11_0694180840621211A03EE0B7__6CCF7DE90721F1252D9864A9CF5346121518DB05.udd" 5459
"C:/Users/shashinda adithya/AppData/Local/UnrealEngine/Common/DerivedDataCache/2/9/6/TEXTURE_E01F4250BECD420DA9CE63B5EECEC2C2_OODLE_BC5_11_0694180840621211A03EE0B7__69718D1152A2962F713E2A0A97D705895766E98F.udd" 5460
"C:/Users/shashinda adithya/AppData/Local/UnrealEngine/Common/DerivedDataCache/6/7/9/TEXTURE_E01F4250BECD420DA9CE63B5EECEC2C2_OODLE_BC5_11_0694180840621211A03EE0B7__D263CD9D363CE08D7D5D36CD1F5F3A11CECBC3D4.udd" 5461
"C:/Users/shashinda adithya/AppData/Local/UnrealEngine/Common/DerivedDataCache/7/3/8/TEXTURE_E01F4250BECD420DA9CE63B5EECEC2C2_OODLE_AUTODXT_11_9B8C51F64759A426E54F__DAD441E1D27BECA89C9B22CC8D2529CF535E6DF2.udd" 5462
"C:/Users/shashinda adithya/AppData/Local/UnrealEngine/Common/DerivedDataCache/6/0/2/TEXTURE_E01F4250BECD420DA9CE63B5EECEC2C2_OODLE_AUTODXT_11_9B8C51F64759A426E54F__02A2D60C02F629D118178693325C2B28D0CD6123.udd" 5463
"C:/Users/shashinda adithya/AppData/Local/UnrealEngine/Common/DerivedDataCache/0/4/4/TEXTURE_E01F4250BECD420DA9CE63B5EECEC2C2_OODLE_AUTODXT_11_9B8C51F64759A426E54F__34212DAD8CE62E62BABCA8757960F232FCCB2394.udd" 5464
"C:/Users/shashinda adithya/AppData/Local/UnrealEngine/Common/DerivedDataCache/2/6/6/TEXTURE_E01F4250BECD420DA9CE63B5EECEC2C2_OODLE_AUTODXT_11_9B8C51F64759A426E54F__B97FA15677A115211A17BC4603ACE5DE1490A5AF.udd" 5465
"C:/Users/shashinda adithya/AppData/Local/UnrealEngine/Common/DerivedDataCache/0/8/9/TEXTURE_E01F4250BECD420DA9CE63B5EECEC2C2_OODLE_AUTODXT_11_9B8C51F64759A426E54F__0C2E6AC8F9D5EB384550CD4B0DFABC10965F0A35.udd" 5466
"C:/Users/shashinda adithya/AppData/Local/UnrealEngine/Common/DerivedDataCache/3/8/0/TEXTURE_E01F4250BECD420DA9CE63B5EECEC2C2_OODLE_AUTODXT_11_9B8C51F64759A426E54F__EFF124AEC704EA7A653D9D6EA7A556CC58EC5368.udd" 5467
"C:/Users/shashinda adithya/AppData/Local/UnrealEngine/Common/DerivedDataCache/6/9/0/TEXTURE_E01F4250BECD420DA9CE63B5EECEC2C2_BGRA8_0F109B284CD3C17B24073AADEF04D56__8B2B0EC3582AA80EB8C33FE91C82E293BC09F61E.udd" 5468
"C:/Users/shashinda adithya/AppData/Local/UnrealEngine/Common/DerivedDataCache/6/8/9/TEXTURE_E01F4250BECD420DA9CE63B5EECEC2C2_RGBA16F_18EC12FA46E06E14575608A3B340B__3C59B662EB3365FFD0E924539E6E061B518C2B8B.udd" 5469
"C:/Users/shashinda adithya/AppData/Local/UnrealEngine/Common/DerivedDataCache/9/6/7/MATSM_0BA69734E4FD45E082FA4560DBE25454_PCD3D_SM5_8__BC5N_NOCCBN_NOIRIS_DEV_SL___7725C5B61950E1971235FFB72883084055A06D65.udd" 5470
"C:/Users/shashinda adithya/AppData/Local/UnrealEngine/Common/DerivedDataCache/4/7/1/TEXTURE_E01F4250BECD420DA9CE63B5EECEC2C2_OODLE_AUTODXT_11_1E580D3F4A9BBBE51F69__19732D3782E1A3DBE4E1126D77219F77A160A56F.udd" 5471
"C:/Users/shashinda adithya/AppData/Local/UnrealEngine/Common/DerivedDataCache/2/8/2/TEXTURE_E01F4250BECD420DA9CE63B5EECEC2C2_OODLE_AUTODXT_11_1E580D3F4A9BBBE51F69__03F3788CE0929C327D95BC4BC8A1983A68457A7F.udd" 5472
"C:/Users/shashinda adithya/AppData/Local/UnrealEngine/Common/DerivedDataCache/0/6/6/TEXTURE_E01F4250BECD420DA9CE63B5EECEC2C2_OODLE_AUTODXT_11_1E580D3F4A9BBBE51F69__EEA5E97F3EB1E856F19F8E9044F1660D33F64AA4.udd" 5473
"C:/Users/shashinda adithya/AppData/Local/UnrealEngine/Common/DerivedDataCache/1/6/3/TEXTURE_E01F4250BECD420DA9CE63B5EECEC2C2_OODLE_AUTODXT_11_1E580D3F4A9BBBE51F69__BF964AE6E52B9DE92DB819D915B6E52CEEFDB454.udd" 5474
"C:/Users/shashinda adithya/AppData/Local/UnrealEngine/Common/DerivedDataCache/7/5/0/TEXTURE_E01F4250BECD420DA9CE63B5EECEC2C2_OODLE_AUTODXT_11_1E580D3F4A9BBBE51F69__D875433AF2F771298717FF760591CD51944CC2C7.udd" 5475
"C:/Users/shashinda adithya/AppData/Local/UnrealEngine/Common/DerivedDataCache/0/9/3/TEXTURE_E01F4250BECD420DA9CE63B5EECEC2C2_OODLE_AUTODXT_11_1E580D3F4A9BBBE51F69__BF76358EA1EC997C46A578DCAB28386678C96ACE.udd" 5476
"C:/Users/shashinda adithya/AppData/Local/UnrealEngine/Common/DerivedDataCache/7/8/1/TEXTURE_E01F4250BECD420DA9CE63B5EECEC2C2_OODLE_BC5_11_2921B1634BFA63552DB25FB9__BF2EE98DBEE196EDA486D61C328A5AF9853B8DE3.udd" 5477
"C:/Users/shashinda adithya/AppData/Local/UnrealEngine/Common/DerivedDataCache/7/4/4/TEXTURE_E01F4250BECD420DA9CE63B5EECEC2C2_OODLE_BC5_11_2921B1634BFA63552DB25FB9__393608EF48A5E5C1DD1CA5D519CB46CEF5581FAE.udd" 5478
"C:/Users/shashinda adithya/AppData/Local/UnrealEngine/Common/DerivedDataCache/8/8/9/TEXTURE_E01F4250BECD420DA9CE63B5EECEC2C2_OODLE_BC5_11_2921B1634BFA63552DB25FB9__B6C56999DEEF21C882BD37EC77058FB72FFFAA70.udd" 5479
"C:/Users/shashinda adithya/AppData/Local/UnrealEngine/Common/DerivedDataCache/8/3/3/TEXTURE_E01F4250BECD420DA9CE63B5EECEC2C2_OODLE_BC5_11_2921B1634BFA63552DB25FB9__09A5C15DC0C5DD25074137329C7BFF9BB15BDD9B.udd" 5480
"C:/Users/shashinda adithya/AppData/Local/UnrealEngine/Common/DerivedDataCache/6/9/1/TEXTURE_E01F4250BECD420DA9CE63B5EECEC2C2_OODLE_BC5_11_2921B1634BFA63552DB25FB9__B4B00BD7BF029A0B9894B3F98826E15F9B065AEB.udd" 5481
"C:/Users/shashinda adithya/AppData/Local/UnrealEngine/Common/DerivedDataCache/5/3/2/TEXTURE_E01F4250BECD420DA9CE63B5EECEC2C2_OODLE_BC5_11_2921B1634BFA63552DB25FB9__45A5032853163D0A6A0B0B576B9EC3B3F73A6E0D.udd" 5482
"C:/Users/shashinda adithya/AppData/Local/UnrealEngine/Common/DerivedDataCache/8/4/2/TEXTURE_E01F4250BECD420DA9CE63B5EECEC2C2_OODLE_AUTODXT_11_FEEEB0E94D76BF9DF3F4__514B2F4F4767254BF3D4451AB8E9EC22E2053B3C.udd" 5483
"C:/Users/shashinda adithya/AppData/Local/UnrealEngine/Common/DerivedDataCache/5/7/4/TEXTURE_E01F4250BECD420DA9CE63B5EECEC2C2_OODLE_BC5_11_78B66E9C44AFE0FA588E338B__BA7B94BF5ED96EF4201FAD89DA2BA9DE1274B5ED.udd" 5484
"C:/Users/shashinda adithya/AppData/Local/UnrealEngine/Common/DerivedDataCache/7/6/3/TEXTURE_E01F4250BECD420DA9CE63B5EECEC2C2_OODLE_AUTODXT_11_FEEEB0E94D76BF9DF3F4__F6E7D37C1840F7704EB65FDDCBA51ECC4D6F2630.udd" 5485
"C:/Users/shashinda adithya/AppData/Local/UnrealEngine/Common/DerivedDataCache/9/1/1/TEXTURE_E01F4250BECD420DA9CE63B5EECEC2C2_OODLE_AUTODXT_11_FEEEB0E94D76BF9DF3F4__FE453C62915CD6C927B448E6FCA16456B9593507.udd" 5486
"C:/Users/shashinda adithya/AppData/Local/UnrealEngine/Common/DerivedDataCache/4/0/7/TEXTURE_E01F4250BECD420DA9CE63B5EECEC2C2_OODLE_AUTODXT_11_FEEEB0E94D76BF9DF3F4__40D7E04CE38668610A260F114E731C08B8857678.udd" 5487
"C:/Users/shashinda adithya/AppData/Local/UnrealEngine/Common/DerivedDataCache/5/2/7/TEXTURE_E01F4250BECD420DA9CE63B5EECEC2C2_OODLE_BC5_11_78B66E9C44AFE0FA588E338B__040BC54CC7E2611333FD0747899B3AD65D917020.udd" 5488
"C:/Users/shashinda adithya/AppData/Local/UnrealEngine/Common/DerivedDataCache/2/3/7/TEXTURE_E01F4250BECD420DA9CE63B5EECEC2C2_OODLE_BC5_11_78B66E9C44AFE0FA588E338B__6E5C0BE6006071FA4308F9077FEA90BE38DBC5F0.udd" 5489
"C:/Users/shashinda adithya/AppData/Local/UnrealEngine/Common/DerivedDataCache/0/2/1/TEXTURE_E01F4250BECD420DA9CE63B5EECEC2C2_OODLE_BC5_11_78B66E9C44AFE0FA588E338B__19F687C40FB43B2B1C52D9F83D1D631E69EF0DE3.udd" 5490
"C:/Users/shashinda adithya/AppData/Local/UnrealEngine/Common/DerivedDataCache/7/7/4/TEXTURE_E01F4250BECD420DA9CE63B5EECEC2C2_OODLE_BC5_11_78B66E9C44AFE0FA588E338B__27324C4F150BA795D41B76BB83D0862AAEBFB299.udd" 5491
"C:/Users/shashinda adithya/AppData/Local/UnrealEngine/Common/DerivedDataCache/7/8/4/TEXTURE_E01F4250BECD420DA9CE63B5EECEC2C2_OODLE_BC5_11_78B66E9C44AFE0FA588E338B__39ADEAEE6C7D863A1540A81BB1CD8F6E49800F8E.udd" 5492
"C:/Users/shashinda adithya/AppData/Local/UnrealEngine/Common/DerivedDataCache/1/9/7/TEXTURE_E01F4250BECD420DA9CE63B5EECEC2C2_OODLE_AUTODXT_11_C2553DF246C6B7408E90__A828C1C299DF37CB5420A1D677A488284F5B5ADA.udd" 5493
"C:/Users/shashinda adithya/AppData/Local/UnrealEngine/Common/DerivedDataCache/5/3/6/TEXTURE_E01F4250BECD420DA9CE63B5EECEC2C2_OODLE_AUTODXT_11_C2553DF246C6B7408E90__D96AFD0726BF9B6F1430A39B32D0A3DCF92991CC.udd" 5494
"C:/Users/shashinda adithya/AppData/Local/UnrealEngine/Common/DerivedDataCache/4/0/7/TEXTURE_E01F4250BECD420DA9CE63B5EECEC2C2_OODLE_AUTODXT_11_C2553DF246C6B7408E90__70DAF3A4BCAC1095ED8FDD5431A2C42B96F72716.udd" 5495
"C:/Users/shashinda adithya/AppData/Local/UnrealEngine/Common/DerivedDataCache/3/2/2/TEXTURE_E01F4250BECD420DA9CE63B5EECEC2C2_OODLE_AUTODXT_11_C2553DF246C6B7408E90__F84CB0D51682EC5E87FBFC38FA71838D8FF3AA0C.udd" 5496
"C:/Users/shashinda adithya/AppData/Local/UnrealEngine/Common/DerivedDataCache/1/9/6/TEXTURE_E01F4250BECD420DA9CE63B5EECEC2C2_OODLE_AUTODXT_11_C2553DF246C6B7408E90__C029213096E55B66DB5D162372B47884BD4C0DD8.udd" 5497
"C:/Users/shashinda adithya/AppData/Local/UnrealEngine/Common/DerivedDataCache/8/9/6/TEXTURE_E01F4250BECD420DA9CE63B5EECEC2C2_OODLE_AUTODXT_11_C2553DF246C6B7408E90__FE23EDB510768987CB3A81066069AF44AAF1AA5D.udd" 5498
"C:/Users/shashinda adithya/AppData/Local/UnrealEngine/Common/DerivedDataCache/0/6/5/TEXTURE_E01F4250BECD420DA9CE63B5EECEC2C2_OODLE_AUTODXT_11_FEEEB0E94D76BF9DF3F4__01286120E8E02AFEAA0763F931535EA0588E91D1.udd" 5499
"C:/Users/shashinda adithya/AppData/Local/UnrealEngine/Common/DerivedDataCache/6/0/4/TEXTURE_E01F4250BECD420DA9CE63B5EECEC2C2_OODLE_AUTODXT_11_FEEEB0E94D76BF9DF3F4__3908F87627FDECDBB51BE3A9449A0A1F7CA87FD0.udd" 5500
"C:/Users/shashinda adithya/AppData/Local/UnrealEngine/Common/DerivedDataCache/4/2/6/TEXTURE_E01F4250BECD420DA9CE63B5EECEC2C2_OODLE_AUTODXT_11_2CCAB0474378D9EA4696__28A3145536890FDE4085D54EB3A0EA55F8CE0638.udd" 5501
"C:/Users/shashinda adithya/AppData/Local/UnrealEngine/Common/DerivedDataCache/6/1/2/TEXTURE_E01F4250BECD420DA9CE63B5EECEC2C2_OODLE_AUTODXT_11_2CCAB0474378D9EA4696__E7311D9E17F72D38C69A635633429BC10D6D3F0F.udd" 5502
"C:/Users/shashinda adithya/AppData/Local/UnrealEngine/Common/DerivedDataCache/0/6/5/TEXTURE_E01F4250BECD420DA9CE63B5EECEC2C2_OODLE_AUTODXT_11_2CCAB0474378D9EA4696__A4ED5DB49C8FE7650D2496B375968A6AEBE336F4.udd" 5503
"C:/Users/shashinda adithya/AppData/Local/UnrealEngine/Common/DerivedDataCache/0/2/5/TEXTURE_E01F4250BECD420DA9CE63B5EECEC2C2_OODLE_AUTODXT_11_2CCAB0474378D9EA4696__3D8F1C110D0B82C0B379673AC723076E5D1AF117.udd" 5504
"C:/Users/shashinda adithya/AppData/Local/UnrealEngine/Common/DerivedDataCache/8/1/9/TEXTURE_E01F4250BECD420DA9CE63B5EECEC2C2_OODLE_AUTODXT_11_2CCAB0474378D9EA4696__FBB0446EA33283648802F15FC1830AFBED913911.udd" 5505
"C:/Users/shashinda adithya/AppData/Local/UnrealEngine/Common/DerivedDataCache/1/1/5/TEXTURE_E01F4250BECD420DA9CE63B5EECEC2C2_OODLE_AUTODXT_11_2CCAB0474378D9EA4696__39EBE3917F1C53BD422237ECFFEA13519E87FFA5.udd" 5506
"C:/Users/shashinda adithya/AppData/Local/UnrealEngine/Common/DerivedDataCache/7/3/4/MATSM_0BA69734E4FD45E082FA4560DBE25454_PCD3D_SM5_8__BC5N_NOCCBN_NOIRIS_DEV_SL___510893147275AE1FE80988103505C918F4460589.udd" 5507
"C:/Users/shashinda adithya/AppData/Local/UnrealEngine/Common/DerivedDataCache/7/1/0/TEXTURE_E01F4250BECD420DA9CE63B5EECEC2C2_OODLE_AUTODXT_11_C24E716945EE97884C3D__6B48667128A14AB5246D849F5B54CDEE25DBA0A8.udd" 5508
"C:/Users/shashinda adithya/AppData/Local/UnrealEngine/Common/DerivedDataCache/2/8/3/TEXTURE_E01F4250BECD420DA9CE63B5EECEC2C2_OODLE_AUTODXT_11_C24E716945EE97884C3D__27B99E2EDFDAEB73F9BADED628188735F026463F.udd" 5509
"C:/Users/shashinda adithya/AppData/Local/UnrealEngine/Common/DerivedDataCache/4/5/6/TEXTURE_E01F4250BECD420DA9CE63B5EECEC2C2_OODLE_AUTODXT_11_C24E716945EE97884C3D__5A9CB77FF443F868769F6E25113CF10D7EBAB839.udd" 5510
"C:/Users/shashinda adithya/AppData/Local/UnrealEngine/Common/DerivedDataCache/6/8/7/TEXTURE_E01F4250BECD420DA9CE63B5EECEC2C2_OODLE_AUTODXT_11_C24E716945EE97884C3D__07A1340AC5EDFB7FA6CFC25DF9AAA3F2CE7FBABB.udd" 5511
"C:/Users/shashinda adithya/AppData/Local/UnrealEngine/Common/DerivedDataCache/4/0/4/TEXTURE_E01F4250BECD420DA9CE63B5EECEC2C2_OODLE_AUTODXT_11_C24E716945EE97884C3D__A060BBC0E790E3961040FA5DC5AC02FB42362EE2.udd" 5512
"C:/Users/shashinda adithya/AppData/Local/UnrealEngine/Common/DerivedDataCache/1/6/9/TEXTURE_E01F4250BECD420DA9CE63B5EECEC2C2_OODLE_AUTODXT_11_C24E716945EE97884C3D__D0F4B3744BA53FB9418B46E5EDA96D1FC803F16E.udd" 5513
"C:/Users/shashinda adithya/AppData/Local/UnrealEngine/Common/DerivedDataCache/1/9/6/TEXTURE_E01F4250BECD420DA9CE63B5EECEC2C2_OODLE_BC5_11_5B7FD06443CFF60C999BEAAA__601C60B9F153E8CA54A8958AE713BE31B1D821AA.udd" 5514
"C:/Users/shashinda adithya/AppData/Local/UnrealEngine/Common/DerivedDataCache/7/4/5/TEXTURE_E01F4250BECD420DA9CE63B5EECEC2C2_OODLE_AUTODXT_11_CFBC97DF422ACD0027AF__AD11A86D0254C1A78D389A1F0793C6D3368E14CB.udd" 5515
"C:/Users/shashinda adithya/AppData/Local/UnrealEngine/Common/DerivedDataCache/7/9/9/TEXTURE_E01F4250BECD420DA9CE63B5EECEC2C2_OODLE_BC5_11_5B7FD06443CFF60C999BEAAA__ABF88DF8C91271BDDA8F5BCC4C665AF4BF686D94.udd" 5516
"C:/Users/shashinda adithya/AppData/Local/UnrealEngine/Common/DerivedDataCache/2/0/2/TEXTURE_E01F4250BECD420DA9CE63B5EECEC2C2_OODLE_AUTODXT_11_CFBC97DF422ACD0027AF__4A792F1E33282A3368FF2C0A36E3AD2A778F8DD2.udd" 5517
"C:/Users/shashinda adithya/AppData/Local/UnrealEngine/Common/DerivedDataCache/7/1/6/TEXTURE_E01F4250BECD420DA9CE63B5EECEC2C2_OODLE_AUTODXT_11_970516E94E6A878B6F71__501B99E5C527FB2A287BC1FA282CA1C7A7BEF41E.udd" 5518
"C:/Users/shashinda adithya/AppData/Local/UnrealEngine/Common/DerivedDataCache/5/0/8/TEXTURE_E01F4250BECD420DA9CE63B5EECEC2C2_OODLE_AUTODXT_11_970516E94E6A878B6F71__87084E8D48E9A5C2E91FA756BE47EC9B4FEA0AC2.udd" 5519
"C:/Users/shashinda adithya/AppData/Local/UnrealEngine/Common/DerivedDataCache/9/6/5/TEXTURE_E01F4250BECD420DA9CE63B5EECEC2C2_OODLE_BC5_11_5B7FD06443CFF60C999BEAAA__49A54E24D368EADDBBB0D8FDF2C4EB337F7BD74E.udd" 5520
"C:/Users/shashinda adithya/AppData/Local/UnrealEngine/Common/DerivedDataCache/4/0/8/TEXTURE_E01F4250BECD420DA9CE63B5EECEC2C2_OODLE_BC5_11_5B7FD06443CFF60C999BEAAA__7C2A11C586CF2252D3978DF2CEB4344277BCC83E.udd" 5521
"C:/Users/shashinda adithya/AppData/Local/UnrealEngine/Common/DerivedDataCache/7/1/7/TEXTURE_E01F4250BECD420DA9CE63B5EECEC2C2_OODLE_BC5_11_5B7FD06443CFF60C999BEAAA__62A9E648326432F0902290CE7BB01A988718B484.udd" 5522
"C:/Users/shashinda adithya/AppData/Local/UnrealEngine/Common/DerivedDataCache/0/6/0/TEXTURE_E01F4250BECD420DA9CE63B5EECEC2C2_OODLE_AUTODXT_11_CFBC97DF422ACD0027AF__65428305F59535804A39FDCF3BEFD0D16B2155AF.udd" 5523
"C:/Users/shashinda adithya/AppData/Local/UnrealEngine/Common/DerivedDataCache/1/8/3/TEXTURE_E01F4250BECD420DA9CE63B5EECEC2C2_OODLE_BC5_11_5B7FD06443CFF60C999BEAAA__F7B9BCAAA3246B8866E819DC29C0F19B703F1A38.udd" 5524
"C:/Users/shashinda adithya/AppData/Local/UnrealEngine/Common/DerivedDataCache/5/7/7/TEXTURE_E01F4250BECD420DA9CE63B5EECEC2C2_OODLE_AUTODXT_11_CFBC97DF422ACD0027AF__9B17941791E3270D62D6FFC9E9D549EA72738B64.udd" 5525
"C:/Users/shashinda adithya/AppData/Local/UnrealEngine/Common/DerivedDataCache/5/2/9/TEXTURE_E01F4250BECD420DA9CE63B5EECEC2C2_OODLE_AUTODXT_11_CFBC97DF422ACD0027AF__310C0549B02274AF7141430BA933E7ACEEC81769.udd" 5526
"C:/Users/shashinda adithya/AppData/Local/UnrealEngine/Common/DerivedDataCache/3/0/7/TEXTURE_E01F4250BECD420DA9CE63B5EECEC2C2_OODLE_AUTODXT_11_CFBC97DF422ACD0027AF__22AF7AE0494DC6034E947E0C18999C1CE30AB117.udd" 5527
"C:/Users/shashinda adithya/AppData/Local/UnrealEngine/Common/DerivedDataCache/2/6/3/TEXTURE_E01F4250BECD420DA9CE63B5EECEC2C2_OODLE_AUTODXT_11_970516E94E6A878B6F71__BCFBB6A28A5935B2F0077DB96666B4C45B0FBCAD.udd" 5528
"C:/Users/shashinda adithya/AppData/Local/UnrealEngine/Common/DerivedDataCache/2/8/6/TEXTURE_E01F4250BECD420DA9CE63B5EECEC2C2_OODLE_AUTODXT_11_970516E94E6A878B6F71__ACE6EB7FC4CB79F411C1770D279E48F1686CA532.udd" 5529
"C:/Users/shashinda adithya/AppData/Local/UnrealEngine/Common/DerivedDataCache/2/2/3/TEXTURE_E01F4250BECD420DA9CE63B5EECEC2C2_OODLE_AUTODXT_11_970516E94E6A878B6F71__31D496FE41C7358C103266AC5DCC78C6C72FA2A2.udd" 5530
"C:/Users/shashinda adithya/AppData/Local/UnrealEngine/Common/DerivedDataCache/7/4/4/TEXTURE_E01F4250BECD420DA9CE63B5EECEC2C2_OODLE_AUTODXT_11_970516E94E6A878B6F71__6B5D475FD547812F888D1E6FF783D2DA7F30D63C.udd" 5531
"C:/Users/shashinda adithya/AppData/Local/UnrealEngine/Common/DerivedDataCache/6/6/9/TEXTURE_E01F4250BECD420DA9CE63B5EECEC2C2_OODLE_BC5_11_3C04DC9043EBCF03B939CAB9__09945D5BA442DB93C2004C461A72B26EB67082F3.udd" 5532
"C:/Users/shashinda adithya/AppData/Local/UnrealEngine/Common/DerivedDataCache/6/3/0/TEXTURE_E01F4250BECD420DA9CE63B5EECEC2C2_OODLE_BC5_11_3C04DC9043EBCF03B939CAB9__6440D09E958BF41A7BB2FCE4D5829718524B2D7C.udd" 5533
"C:/Users/shashinda adithya/AppData/Local/UnrealEngine/Common/DerivedDataCache/5/5/6/TEXTURE_E01F4250BECD420DA9CE63B5EECEC2C2_OODLE_BC5_11_3C04DC9043EBCF03B939CAB9__FC152E3DDFE267319A80DD0A908CBBDCB4BC35EB.udd" 5534
"C:/Users/shashinda adithya/AppData/Local/UnrealEngine/Common/DerivedDataCache/7/0/4/TEXTURE_E01F4250BECD420DA9CE63B5EECEC2C2_OODLE_BC5_11_3C04DC9043EBCF03B939CAB9__F59E8D5722352AC1C95A66390BFAA557B5FB453D.udd" 5535
"C:/Users/shashinda adithya/AppData/Local/UnrealEngine/Common/DerivedDataCache/2/7/0/TEXTURE_E01F4250BECD420DA9CE63B5EECEC2C2_OODLE_AUTODXT_11_85FD76A04865DAF4D0F4__E1C147C6593485677C9D3B1708C959C93E987FF7.udd" 5536
"C:/Users/shashinda adithya/AppData/Local/UnrealEngine/Common/DerivedDataCache/6/1/9/TEXTURE_E01F4250BECD420DA9CE63B5EECEC2C2_OODLE_BC5_11_3C04DC9043EBCF03B939CAB9__53DA451DB41D6B2C133238FE5683FB12654BA0B0.udd" 5537
"C:/Users/shashinda adithya/AppData/Local/UnrealEngine/Common/DerivedDataCache/0/8/9/TEXTURE_E01F4250BECD420DA9CE63B5EECEC2C2_OODLE_AUTODXT_11_85FD76A04865DAF4D0F4__38F8F10E9D2D1B76B74A54FF30233B27D8754E8B.udd" 5538
"C:/Users/shashinda adithya/AppData/Local/UnrealEngine/Common/DerivedDataCache/7/2/8/TEXTURE_E01F4250BECD420DA9CE63B5EECEC2C2_OODLE_AUTODXT_11_85FD76A04865DAF4D0F4__1F3CBD0A356417DEEAD80A02FF15A8C646EC8D83.udd" 5539
"C:/Users/shashinda adithya/AppData/Local/UnrealEngine/Common/DerivedDataCache/5/9/3/TEXTURE_E01F4250BECD420DA9CE63B5EECEC2C2_OODLE_AUTODXT_11_85FD76A04865DAF4D0F4__B270B68EBE8D465F10182F41265C335D999A1108.udd" 5540
"C:/Users/shashinda adithya/AppData/Local/UnrealEngine/Common/DerivedDataCache/5/6/6/TEXTURE_E01F4250BECD420DA9CE63B5EECEC2C2_OODLE_AUTODXT_11_85FD76A04865DAF4D0F4__92717059D2FA27B706A2D05EF8548F8084251DC8.udd" 5541
"C:/Users/shashinda adithya/AppData/Local/UnrealEngine/Common/DerivedDataCache/3/8/1/TEXTURE_E01F4250BECD420DA9CE63B5EECEC2C2_OODLE_BC5_11_3C04DC9043EBCF03B939CAB9__E75A5A74456ECC481A43F4BEC05D9062F773CB2A.udd" 5542
"C:/Users/shashinda adithya/AppData/Local/UnrealEngine/Common/DerivedDataCache/7/4/9/TEXTURE_E01F4250BECD420DA9CE63B5EECEC2C2_OODLE_AUTODXT_11_85FD76A04865DAF4D0F4__C7A9718002A357C2CEAC023D53746211926A06F2.udd" 5543
"C:/Users/shashinda adithya/AppData/Local/UnrealEngine/Common/DerivedDataCache/4/1/6/TEXTURE_E01F4250BECD420DA9CE63B5EECEC2C2_OODLE_AUTODXT_11_D90BF1B842BAB10DCC62__2B94198BECA90ECF3F3EBA48BE5E035C74D0399A.udd" 5544
"C:/Users/shashinda adithya/AppData/Local/UnrealEngine/Common/DerivedDataCache/7/4/3/TEXTURE_E01F4250BECD420DA9CE63B5EECEC2C2_OODLE_AUTODXT_11_D90BF1B842BAB10DCC62__EE21E043B0396A4379A084276B2A23C51DB84392.udd" 5545
"C:/Users/shashinda adithya/AppData/Local/UnrealEngine/Common/DerivedDataCache/7/8/1/TEXTURE_E01F4250BECD420DA9CE63B5EECEC2C2_OODLE_AUTODXT_11_D90BF1B842BAB10DCC62__0CE7A8E44DD141409E72E78036A11185C906F7D5.udd" 5546
"C:/Users/shashinda adithya/AppData/Local/UnrealEngine/Common/DerivedDataCache/7/3/3/TEXTURE_E01F4250BECD420DA9CE63B5EECEC2C2_OODLE_AUTODXT_11_D90BF1B842BAB10DCC62__D8EA6B2F30B96373ACC6F0B73298DEC3CB4CB45D.udd" 5547
"C:/Users/shashinda adithya/AppData/Local/UnrealEngine/Common/DerivedDataCache/5/7/8/TEXTURE_E01F4250BECD420DA9CE63B5EECEC2C2_OODLE_AUTODXT_11_D90BF1B842BAB10DCC62__766B9CB27B8C7854A00FDC6325759B07E6B83E95.udd" 5548
"C:/Users/shashinda adithya/AppData/Local/UnrealEngine/Common/DerivedDataCache/7/2/4/TEXTURE_E01F4250BECD420DA9CE63B5EECEC2C2_OODLE_AUTODXT_11_D90BF1B842BAB10DCC62__A165315899F99555470DFAD6AA970354C0C40127.udd" 5549
"C:/Users/shashinda adithya/AppData/Local/UnrealEngine/Common/DerivedDataCache/3/4/4/TEXTURE_E01F4250BECD420DA9CE63B5EECEC2C2_OODLE_BC5_11_42F8685349070B4A9A139999__025AEAA4408E97877CB58E30E63BC43C1086B12F.udd" 5550
"C:/Users/shashinda adithya/AppData/Local/UnrealEngine/Common/DerivedDataCache/6/0/4/TEXTURE_E01F4250BECD420DA9CE63B5EECEC2C2_OODLE_BC5_11_42F8685349070B4A9A139999__151FA457F945663E81376D802F4C245FC7EC8158.udd" 5551
"C:/Users/shashinda adithya/AppData/Local/UnrealEngine/Common/DerivedDataCache/9/3/0/TEXTURE_E01F4250BECD420DA9CE63B5EECEC2C2_OODLE_BC5_11_42F8685349070B4A9A139999__AD3D31DB1C586594B8EF905F69BC2C253F2DC970.udd" 5552
"C:/Users/shashinda adithya/AppData/Local/UnrealEngine/Common/DerivedDataCache/1/3/1/TEXTURE_E01F4250BECD420DA9CE63B5EECEC2C2_OODLE_BC5_11_42F8685349070B4A9A139999__1527152C7D748E8CB7DCCC5092FCE071181D770D.udd" 5553
"C:/Users/shashinda adithya/AppData/Local/UnrealEngine/Common/DerivedDataCache/4/2/3/TEXTURE_E01F4250BECD420DA9CE63B5EECEC2C2_OODLE_BC5_11_42F8685349070B4A9A139999__257B410B874E7BAA4D0FD99333C459D1B25DAC2B.udd" 5554
"C:/Users/shashinda adithya/AppData/Local/UnrealEngine/Common/DerivedDataCache/0/0/8/TEXTURE_E01F4250BECD420DA9CE63B5EECEC2C2_OODLE_BC5_11_42F8685349070B4A9A139999__8E6B804C0D06FBAC334406D19D85CD1D6CCE7D16.udd" 5555
"C:/Users/shashinda adithya/AppData/Local/UnrealEngine/Common/DerivedDataCache/1/4/8/TEXTURE_E01F4250BECD420DA9CE63B5EECEC2C2_OODLE_AUTODXT_11_EC7DAEDC41B66BAF6587__12D2FAAE93FCFAA64C39E7E622E61770A8FE6ACC.udd" 5556
"C:/Users/shashinda adithya/AppData/Local/UnrealEngine/Common/DerivedDataCache/2/4/9/TEXTURE_E01F4250BECD420DA9CE63B5EECEC2C2_OODLE_AUTODXT_11_EC7DAEDC41B66BAF6587__25B7B6EA8D800207880465E0E972D77320428A12.udd" 5557
"C:/Users/shashinda adithya/AppData/Local/UnrealEngine/Common/DerivedDataCache/6/3/2/TEXTURE_E01F4250BECD420DA9CE63B5EECEC2C2_OODLE_AUTODXT_11_EC7DAEDC41B66BAF6587__B5B6B6F31DF47B1CFF6D3F0560EB9C89EDF3B63B.udd" 5558
"C:/Users/shashinda adithya/AppData/Local/UnrealEngine/Common/DerivedDataCache/3/9/6/TEXTURE_E01F4250BECD420DA9CE63B5EECEC2C2_OODLE_AUTODXT_11_EC7DAEDC41B66BAF6587__3567251CA7BA5EA1B5C93EE959A71C9C69EB514A.udd" 5559
"C:/Users/shashinda adithya/AppData/Local/UnrealEngine/Common/DerivedDataCache/3/0/9/TEXTURE_E01F4250BECD420DA9CE63B5EECEC2C2_OODLE_AUTODXT_11_EC7DAEDC41B66BAF6587__B465AD3DCE6E2657005C35722C3525B6E4B669FF.udd" 5560
"C:/Users/shashinda adithya/AppData/Local/UnrealEngine/Common/DerivedDataCache/9/8/3/TEXTURE_E01F4250BECD420DA9CE63B5EECEC2C2_OODLE_AUTODXT_11_EC7DAEDC41B66BAF6587__331C49AFE0A3AFB9BDB2BF7FD7B83D7B3BA45061.udd" 5561
"C:/Users/shashinda adithya/AppData/Local/UnrealEngine/Common/DerivedDataCache/0/1/9/TEXTURE_E01F4250BECD420DA9CE63B5EECEC2C2_OODLE_AUTODXT_11_89CAB6404394F4C66517__BFB571C74313F9416D1349D1FF332EEA4F484A16.udd" 5562
"C:/Users/shashinda adithya/AppData/Local/UnrealEngine/Common/DerivedDataCache/2/7/5/TEXTURE_E01F4250BECD420DA9CE63B5EECEC2C2_OODLE_AUTODXT_11_89CAB6404394F4C66517__1B5D13E5CA3F88FD28CFD5EC1069CED85F2858A2.udd" 5563
"C:/Users/shashinda adithya/AppData/Local/UnrealEngine/Common/DerivedDataCache/6/8/3/TEXTURE_E01F4250BECD420DA9CE63B5EECEC2C2_OODLE_AUTODXT_11_89CAB6404394F4C66517__176D034DFF824BB7E6ADED853EB84D0BA31766F6.udd" 5564
"C:/Users/shashinda adithya/AppData/Local/UnrealEngine/Common/DerivedDataCache/5/8/0/TEXTURE_E01F4250BECD420DA9CE63B5EECEC2C2_OODLE_AUTODXT_11_89CAB6404394F4C66517__CABB038B52348D439D12731DFDD62FC3B3B56D45.udd" 5565
"C:/Users/shashinda adithya/AppData/Local/UnrealEngine/Common/DerivedDataCache/8/8/8/TEXTURE_E01F4250BECD420DA9CE63B5EECEC2C2_OODLE_AUTODXT_11_89CAB6404394F4C66517__5B679F1C64DA1A02CC6C0425043EE96E3A91EBC2.udd" 5566
"C:/Users/shashinda adithya/AppData/Local/UnrealEngine/Common/DerivedDataCache/5/9/0/TEXTURE_E01F4250BECD420DA9CE63B5EECEC2C2_OODLE_AUTODXT_11_89CAB6404394F4C66517__58A37BC1ECB24E9B134EF673AED5AB6DE555B1F1.udd" 5567
"C:/Users/shashinda adithya/AppData/Local/UnrealEngine/Common/DerivedDataCache/6/9/9/TEXTURE_E01F4250BECD420DA9CE63B5EECEC2C2_OODLE_BC5_11_F40433E9441895E794F8DD97__4DA00CB03FFA467B18143E806155426C741E5C0B.udd" 5568
"C:/Users/shashinda adithya/AppData/Local/UnrealEngine/Common/DerivedDataCache/4/5/9/TEXTURE_E01F4250BECD420DA9CE63B5EECEC2C2_OODLE_BC5_11_F40433E9441895E794F8DD97__A148669FBE7D781A627271EF0765D805A8C60A1F.udd" 5569
"C:/Users/shashinda adithya/AppData/Local/UnrealEngine/Common/DerivedDataCache/1/7/4/TEXTURE_E01F4250BECD420DA9CE63B5EECEC2C2_OODLE_BC5_11_F40433E9441895E794F8DD97__A956C551DBDE41E1319ACEDD66AA893B9806DECA.udd" 5570
"C:/Users/shashinda adithya/AppData/Local/UnrealEngine/Common/DerivedDataCache/0/3/2/TEXTURE_E01F4250BECD420DA9CE63B5EECEC2C2_OODLE_BC5_11_F40433E9441895E794F8DD97__805144E543618975A953BFE99DBDFBC32D338C52.udd" 5571
"C:/Users/shashinda adithya/AppData/Local/UnrealEngine/Common/DerivedDataCache/8/9/3/TEXTURE_E01F4250BECD420DA9CE63B5EECEC2C2_OODLE_BC5_11_F40433E9441895E794F8DD97__7D3A901FF47B0FC1533801D204C1F3AE760929A3.udd" 5572
"C:/Users/shashinda adithya/AppData/Local/UnrealEngine/Common/DerivedDataCache/0/3/5/TEXTURE_E01F4250BECD420DA9CE63B5EECEC2C2_OODLE_BC5_11_F40433E9441895E794F8DD97__2FC1FBE9B26A6119BD6758FCC92939D284A08E21.udd" 5573
"C:/Users/shashinda adithya/AppData/Local/UnrealEngine/Common/DerivedDataCache/2/3/7/TEXTURE_E01F4250BECD420DA9CE63B5EECEC2C2_OODLE_AUTODXT_11_7F2A86F14ACAD93C1B7E__05CFB2B5D9FFD321BE45B20BE58C812530BA0D7D.udd" 5574
"C:/Users/shashinda adithya/AppData/Local/UnrealEngine/Common/DerivedDataCache/7/0/5/TEXTURE_E01F4250BECD420DA9CE63B5EECEC2C2_OODLE_AUTODXT_11_7F2A86F14ACAD93C1B7E__39FA8B2E584DA2AEAB945787F836A85488E484CE.udd" 5575
"C:/Users/shashinda adithya/AppData/Local/UnrealEngine/Common/DerivedDataCache/3/3/7/TEXTURE_E01F4250BECD420DA9CE63B5EECEC2C2_OODLE_AUTODXT_11_7F2A86F14ACAD93C1B7E__E0FD4B0F1B4A0508A679DC5C7BD48C6913F4E51B.udd" 5576
"C:/Users/shashinda adithya/AppData/Local/UnrealEngine/Common/DerivedDataCache/6/8/1/TEXTURE_E01F4250BECD420DA9CE63B5EECEC2C2_OODLE_AUTODXT_11_7F2A86F14ACAD93C1B7E__F77339C06D78D23C629D8001C4966DCD2592C79A.udd" 5577
"C:/Users/shashinda adithya/AppData/Local/UnrealEngine/Common/DerivedDataCache/1/0/2/TEXTURE_E01F4250BECD420DA9CE63B5EECEC2C2_OODLE_AUTODXT_11_7F2A86F14ACAD93C1B7E__F5711D222AB2D3FD0505D1B5F3789626DD341719.udd" 5578
"C:/Users/shashinda adithya/AppData/Local/UnrealEngine/Common/DerivedDataCache/2/0/1/TEXTURE_E01F4250BECD420DA9CE63B5EECEC2C2_OODLE_AUTODXT_11_7F2A86F14ACAD93C1B7E__386CED2065D6E469FFD2A654D954BF7F0F1B9AF3.udd" 5579
"C:/Users/shashinda adithya/AppData/Local/UnrealEngine/Common/DerivedDataCache/6/1/1/TEXTURE_E01F4250BECD420DA9CE63B5EECEC2C2_OODLE_AUTODXT_11_81DD38D34EE699CC7CCA__5F90920D593EEB8617DCDE80781FC4A669F24732.udd" 5580
"C:/Users/shashinda adithya/AppData/Local/UnrealEngine/Common/DerivedDataCache/2/4/6/TEXTURE_E01F4250BECD420DA9CE63B5EECEC2C2_OODLE_AUTODXT_11_81DD38D34EE699CC7CCA__D774700BA0A13E8936E38F768CA15B0D44831990.udd" 5581
"C:/Users/shashinda adithya/AppData/Local/UnrealEngine/Common/DerivedDataCache/5/8/9/TEXTURE_E01F4250BECD420DA9CE63B5EECEC2C2_OODLE_AUTODXT_11_81DD38D34EE699CC7CCA__D0B5F30FC49B7A4D026344DDB1A0CA974D2D1ADB.udd" 5582
"C:/Users/shashinda adithya/AppData/Local/UnrealEngine/Common/DerivedDataCache/3/6/0/TEXTURE_E01F4250BECD420DA9CE63B5EECEC2C2_OODLE_AUTODXT_11_81DD38D34EE699CC7CCA__6BDD22BF0508002C22594671E86012751DA33718.udd" 5583
"C:/Users/shashinda adithya/AppData/Local/UnrealEngine/Common/DerivedDataCache/9/3/9/TEXTURE_E01F4250BECD420DA9CE63B5EECEC2C2_OODLE_AUTODXT_11_81DD38D34EE699CC7CCA__1A63BF7F9A11EDCE0AAB740A22FA640F81E9E6B6.udd" 5584
"C:/Users/shashinda adithya/AppData/Local/UnrealEngine/Common/DerivedDataCache/3/1/1/TEXTURE_E01F4250BECD420DA9CE63B5EECEC2C2_OODLE_AUTODXT_11_81DD38D34EE699CC7CCA__345D2CBCDB3575E5513D8A233901121B3C5E33F8.udd" 5585
"C:/Users/shashinda adithya/AppData/Local/UnrealEngine/Common/DerivedDataCache/8/4/0/TEXTURE_E01F4250BECD420DA9CE63B5EECEC2C2_OODLE_BC5_11_BD1A9B294C694254AF0B9DA5__57D8F2446B9974B6CD5BDF558DCF7FEFB123F2B0.udd" 5586
"C:/Users/shashinda adithya/AppData/Local/UnrealEngine/Common/DerivedDataCache/8/9/7/TEXTURE_E01F4250BECD420DA9CE63B5EECEC2C2_OODLE_BC5_11_BD1A9B294C694254AF0B9DA5__E72D7A901E926263A72BC14F343690C982B8DCA3.udd" 5587
"C:/Users/shashinda adithya/AppData/Local/UnrealEngine/Common/DerivedDataCache/5/3/5/TEXTURE_E01F4250BECD420DA9CE63B5EECEC2C2_OODLE_BC5_11_BD1A9B294C694254AF0B9DA5__EA60F89149F95643A26AD1459C031773A87E67D1.udd" 5588
"C:/Users/shashinda adithya/AppData/Local/UnrealEngine/Common/DerivedDataCache/2/8/9/TEXTURE_E01F4250BECD420DA9CE63B5EECEC2C2_OODLE_BC5_11_BD1A9B294C694254AF0B9DA5__0A9DF1D82E1965F189DBB56B56A2F7D40F344C10.udd" 5589
"C:/Users/shashinda adithya/AppData/Local/UnrealEngine/Common/DerivedDataCache/3/7/2/TEXTURE_E01F4250BECD420DA9CE63B5EECEC2C2_OODLE_BC5_11_BD1A9B294C694254AF0B9DA5__8E46EC892EEEC0D6F772A24A689B343745CDFB46.udd" 5590
"C:/Users/shashinda adithya/AppData/Local/UnrealEngine/Common/DerivedDataCache/5/1/5/TEXTURE_E01F4250BECD420DA9CE63B5EECEC2C2_OODLE_BC5_11_BD1A9B294C694254AF0B9DA5__495BF41CF71D3F44256E9ECCF367830C14E01ACA.udd" 5591
"C:/Users/shashinda adithya/AppData/Local/UnrealEngine/Common/DerivedDataCache/2/1/7/TEXTURE_E01F4250BECD420DA9CE63B5EECEC2C2_OODLE_AUTODXT_11_B20229984D6A89475880__FBC0E0C07592D6ACEBC13BEA37C8CBB0B468223D.udd" 5592
"C:/Users/shashinda adithya/AppData/Local/UnrealEngine/Common/DerivedDataCache/3/5/4/TEXTURE_E01F4250BECD420DA9CE63B5EECEC2C2_OODLE_AUTODXT_11_B20229984D6A89475880__446FC7A7EE9EF5456584DAA7F8BB363180A957FA.udd" 5593
"C:/Users/shashinda adithya/AppData/Local/UnrealEngine/Common/DerivedDataCache/0/7/5/TEXTURE_E01F4250BECD420DA9CE63B5EECEC2C2_OODLE_AUTODXT_11_B20229984D6A89475880__BA5F9AC96C194CB78C197E843C01314B9C34809F.udd" 5594
"C:/Users/shashinda adithya/AppData/Local/UnrealEngine/Common/DerivedDataCache/6/9/4/TEXTURE_E01F4250BECD420DA9CE63B5EECEC2C2_OODLE_AUTODXT_11_B20229984D6A89475880__CD6EDCBFA8330B9A768FEBDA0333F75C914D818D.udd" 5595
"C:/Users/shashinda adithya/AppData/Local/UnrealEngine/Common/DerivedDataCache/3/9/6/TEXTURE_E01F4250BECD420DA9CE63B5EECEC2C2_OODLE_AUTODXT_11_B20229984D6A89475880__DCF2BF3AFA9C878CC8FEF9C9CC6240F50221A6CC.udd" 5596
"C:/Users/shashinda adithya/AppData/Local/UnrealEngine/Common/DerivedDataCache/5/8/6/TEXTURE_E01F4250BECD420DA9CE63B5EECEC2C2_OODLE_AUTODXT_11_B20229984D6A89475880__8B1992EE6EF29AEDC9043142C599878BCC27DA1C.udd" 5597
"C:/Users/shashinda adithya/AppData/Local/UnrealEngine/Common/DerivedDataCache/8/7/6/TEXTURE_E01F4250BECD420DA9CE63B5EECEC2C2_OODLE_AUTODXT_11_25B8FF3346FBE9851446__3D7B916997E663EB5BD048528FEAA3130477D553.udd" 5598
"C:/Users/shashinda adithya/AppData/Local/UnrealEngine/Common/DerivedDataCache/7/2/0/TEXTURE_E01F4250BECD420DA9CE63B5EECEC2C2_OODLE_AUTODXT_11_25B8FF3346FBE9851446__4A0C46B8CF5973E2D8E1D99AE798FD582B4EE7F1.udd" 5599
"C:/Users/shashinda adithya/AppData/Local/UnrealEngine/Common/DerivedDataCache/8/9/2/TEXTURE_E01F4250BECD420DA9CE63B5EECEC2C2_OODLE_AUTODXT_11_25B8FF3346FBE9851446__728425F6966B46676C09E1FB1C468ABE6C065DED.udd" 5600
"C:/Users/shashinda adithya/AppData/Local/UnrealEngine/Common/DerivedDataCache/9/6/7/TEXTURE_E01F4250BECD420DA9CE63B5EECEC2C2_OODLE_AUTODXT_11_25B8FF3346FBE9851446__488D070AD03FCE772F297BE9A764581B9AEFED80.udd" 5601
"C:/Users/shashinda adithya/AppData/Local/UnrealEngine/Common/DerivedDataCache/1/6/1/TEXTURE_E01F4250BECD420DA9CE63B5EECEC2C2_OODLE_AUTODXT_11_25B8FF3346FBE9851446__53350E9D8D189CDC56960F803E99045B1783D8C6.udd" 5602
"C:/Users/shashinda adithya/AppData/Local/UnrealEngine/Common/DerivedDataCache/4/3/8/TEXTURE_E01F4250BECD420DA9CE63B5EECEC2C2_OODLE_AUTODXT_11_25B8FF3346FBE9851446__00EC8BC08E5846568E5F093E72ADD8D1FB4D985B.udd" 5603
"C:/Users/shashinda adithya/AppData/Local/UnrealEngine/Common/DerivedDataCache/3/8/9/TEXTURE_E01F4250BECD420DA9CE63B5EECEC2C2_OODLE_BC5_11_D9CD41A745927999E06156BA__44AF29D8D83E9EFBF14F821AF61CD6D3F9357FDA.udd" 5604
"C:/Users/shashinda adithya/AppData/Local/UnrealEngine/Common/DerivedDataCache/7/1/2/TEXTURE_E01F4250BECD420DA9CE63B5EECEC2C2_OODLE_BC5_11_D9CD41A745927999E06156BA__717CD6A2B5EF6D480578B1B2CC495CA6B750704C.udd" 5605
"C:/Users/shashinda adithya/AppData/Local/UnrealEngine/Common/DerivedDataCache/9/0/0/TEXTURE_E01F4250BECD420DA9CE63B5EECEC2C2_OODLE_BC5_11_D9CD41A745927999E06156BA__9D76DBCB4A4AABB36C47A2EF6318B4945D68246D.udd" 5606
"C:/Users/shashinda adithya/AppData/Local/UnrealEngine/Common/DerivedDataCache/5/6/0/TEXTURE_E01F4250BECD420DA9CE63B5EECEC2C2_OODLE_BC5_11_D9CD41A745927999E06156BA__6277C7CBDC48B9B3250DE183681BFCCE297E6ED2.udd" 5607
"C:/Users/shashinda adithya/AppData/Local/UnrealEngine/Common/DerivedDataCache/0/4/5/TEXTURE_E01F4250BECD420DA9CE63B5EECEC2C2_OODLE_BC5_11_D9CD41A745927999E06156BA__B7736707EAF323ACA7E7377F2E99BBC404687C93.udd" 5608
"C:/Users/shashinda adithya/AppData/Local/UnrealEngine/Common/DerivedDataCache/1/0/6/TEXTURE_E01F4250BECD420DA9CE63B5EECEC2C2_OODLE_BC5_11_D9CD41A745927999E06156BA__4893B16D8563B3E3A4FF5657D079F9FA447EA60D.udd" 5609
"C:/Users/shashinda adithya/AppData/Local/UnrealEngine/Common/DerivedDataCache/0/2/0/TEXTURE_E01F4250BECD420DA9CE63B5EECEC2C2_OODLE_AUTODXT_11_DF7C5A3C4226CD21192B__C5730F944F49CE721116E368C161031D7FE77AA2.udd" 5610
"C:/Users/shashinda adithya/AppData/Local/UnrealEngine/Common/DerivedDataCache/2/6/2/TEXTURE_E01F4250BECD420DA9CE63B5EECEC2C2_OODLE_AUTODXT_11_DF7C5A3C4226CD21192B__B43C04B860C11242BD71771B9EF1ECDA7973A1F0.udd" 5611
"C:/Users/shashinda adithya/AppData/Local/UnrealEngine/Common/DerivedDataCache/9/8/5/TEXTURE_E01F4250BECD420DA9CE63B5EECEC2C2_OODLE_AUTODXT_11_DF7C5A3C4226CD21192B__4E99CAD56E56C7C0ED9915AD5511E18BE80160FF.udd" 5612
"C:/Users/shashinda adithya/AppData/Local/UnrealEngine/Common/DerivedDataCache/1/8/8/TEXTURE_E01F4250BECD420DA9CE63B5EECEC2C2_OODLE_AUTODXT_11_DF7C5A3C4226CD21192B__0B809D604F18F1CEC272126C7B3A93C921110BCF.udd" 5613
"C:/Users/shashinda adithya/AppData/Local/UnrealEngine/Common/DerivedDataCache/5/6/0/TEXTURE_E01F4250BECD420DA9CE63B5EECEC2C2_OODLE_AUTODXT_11_DF7C5A3C4226CD21192B__A27E311CE0F62C3A629D6E61461C0F77A8C5E4EB.udd" 5614
"C:/Users/shashinda adithya/AppData/Local/UnrealEngine/Common/DerivedDataCache/4/0/9/TEXTURE_E01F4250BECD420DA9CE63B5EECEC2C2_OODLE_AUTODXT_11_DF7C5A3C4226CD21192B__9D003F664CD95E5E841D4A990548504FB9FD46EC.udd" 5615
"C:/Users/shashinda adithya/AppData/Local/UnrealEngine/Common/DerivedDataCache/1/5/1/TEXTURE_E01F4250BECD420DA9CE63B5EECEC2C2_OODLE_AUTODXT_11_72F3E7574454A3FCA712__29ACF8F7A025007921C36F6CA63FEDB0A0574881.udd" 5616
"C:/Users/shashinda adithya/AppData/Local/UnrealEngine/Common/DerivedDataCache/0/9/9/TEXTURE_E01F4250BECD420DA9CE63B5EECEC2C2_OODLE_AUTODXT_11_72F3E7574454A3FCA712__7048B96212D58C80F8A3C632B0A6643E600599C5.udd" 5617
"C:/Users/shashinda adithya/AppData/Local/UnrealEngine/Common/DerivedDataCache/8/1/8/TEXTURE_E01F4250BECD420DA9CE63B5EECEC2C2_OODLE_AUTODXT_11_72F3E7574454A3FCA712__9F180941B0030E3EE263B7D96991EAB632B9E5FE.udd" 5618
"C:/Users/shashinda adithya/AppData/Local/UnrealEngine/Common/DerivedDataCache/5/4/6/TEXTURE_E01F4250BECD420DA9CE63B5EECEC2C2_OODLE_AUTODXT_11_72F3E7574454A3FCA712__14876075697FAC0127B5187E3AADC12EAC6B97A2.udd" 5619
"C:/Users/shashinda adithya/AppData/Local/UnrealEngine/Common/DerivedDataCache/5/1/4/TEXTURE_E01F4250BECD420DA9CE63B5EECEC2C2_OODLE_AUTODXT_11_72F3E7574454A3FCA712__952B6BDE170A76C76A5CF5D873104134C096DA1C.udd" 5620
"C:/Users/shashinda adithya/AppData/Local/UnrealEngine/Common/DerivedDataCache/0/4/3/TEXTURE_E01F4250BECD420DA9CE63B5EECEC2C2_OODLE_AUTODXT_11_72F3E7574454A3FCA712__97DDC65C0801558ACE89570F0B615B2EB8979B3C.udd" 5621
"C:/Users/shashinda adithya/AppData/Local/UnrealEngine/Common/DerivedDataCache/3/3/2/TEXTURE_E01F4250BECD420DA9CE63B5EECEC2C2_OODLE_BC5_11_3A1B8D3D48F34F489C7C318D__F6A9126089E181E10B6DD272884E8BADEA60CA8F.udd" 5622
"C:/Users/shashinda adithya/AppData/Local/UnrealEngine/Common/DerivedDataCache/4/6/2/TEXTURE_E01F4250BECD420DA9CE63B5EECEC2C2_OODLE_BC5_11_3A1B8D3D48F34F489C7C318D__CBE810384323BD99737A6ADA8F8B3AC35D19DCE4.udd" 5623
"C:/Users/shashinda adithya/AppData/Local/UnrealEngine/Common/DerivedDataCache/2/2/2/TEXTURE_E01F4250BECD420DA9CE63B5EECEC2C2_OODLE_BC5_11_3A1B8D3D48F34F489C7C318D__7F72CD817B4DC91A55F6BFB389832B77C6DFC17B.udd" 5624
"C:/Users/shashinda adithya/AppData/Local/UnrealEngine/Common/DerivedDataCache/3/4/1/TEXTURE_E01F4250BECD420DA9CE63B5EECEC2C2_OODLE_BC5_11_3A1B8D3D48F34F489C7C318D__247274411186F29CE9F0196057AE9D77750E9291.udd" 5625
"C:/Users/shashinda adithya/AppData/Local/UnrealEngine/Common/DerivedDataCache/0/0/9/TEXTURE_E01F4250BECD420DA9CE63B5EECEC2C2_OODLE_BC5_11_3A1B8D3D48F34F489C7C318D__062B41241C45834D10D93CA52AEB22E5B0FEA737.udd" 5626
"C:/Users/shashinda adithya/AppData/Local/UnrealEngine/Common/DerivedDataCache/0/1/6/TEXTURE_E01F4250BECD420DA9CE63B5EECEC2C2_OODLE_BC5_11_3A1B8D3D48F34F489C7C318D__E2A9900F9365CD1013F378DC7DE5F0247F8711CC.udd" 5627
"C:/Users/shashinda adithya/AppData/Local/UnrealEngine/Common/DerivedDataCache/7/0/4/TEXTURE_E01F4250BECD420DA9CE63B5EECEC2C2_OODLE_AUTODXT_11_C984DB2946C285665AFB__4E644E56C9ADE427C698D322A3A0D080795D09CE.udd" 5628
"C:/Users/shashinda adithya/AppData/Local/UnrealEngine/Common/DerivedDataCache/0/1/9/TEXTURE_E01F4250BECD420DA9CE63B5EECEC2C2_OODLE_AUTODXT_11_C984DB2946C285665AFB__E22337F87ABFC67E36BDA90A6B9305220946F117.udd" 5629
"C:/Users/shashinda adithya/AppData/Local/UnrealEngine/Common/DerivedDataCache/1/7/2/TEXTURE_E01F4250BECD420DA9CE63B5EECEC2C2_OODLE_AUTODXT_11_C984DB2946C285665AFB__B90990E140914A97DD906B295FE3DF16A9EA17AF.udd" 5630
"C:/Users/shashinda adithya/AppData/Local/UnrealEngine/Common/DerivedDataCache/8/4/1/TEXTURE_E01F4250BECD420DA9CE63B5EECEC2C2_OODLE_AUTODXT_11_C984DB2946C285665AFB__7D3FC98E74D187D8B64063BEC4A9D5B3F41CE82E.udd" 5631
"C:/Users/shashinda adithya/AppData/Local/UnrealEngine/Common/DerivedDataCache/3/7/9/TEXTURE_E01F4250BECD420DA9CE63B5EECEC2C2_OODLE_AUTODXT_11_C984DB2946C285665AFB__754708FCEC4FB6ED48D8DFCF095D47D6EA32347B.udd" 5632
"C:/Users/shashinda adithya/AppData/Local/UnrealEngine/Common/DerivedDataCache/8/7/8/TEXTURE_E01F4250BECD420DA9CE63B5EECEC2C2_OODLE_AUTODXT_11_C984DB2946C285665AFB__C7EF2AD665459BB261B2E0027ED72A7C905088EE.udd" 5633
"C:/Users/shashinda adithya/AppData/Local/UnrealEngine/Common/DerivedDataCache/3/2/9/TEXTURE_E01F4250BECD420DA9CE63B5EECEC2C2_OODLE_AUTODXT_11_2298BDDE4DB824B6BEB9__7918D42646880AD92C2BD5FE17F2F1E838B142C0.udd" 5634
"C:/Users/shashinda adithya/AppData/Local/UnrealEngine/Common/DerivedDataCache/9/7/2/TEXTURE_E01F4250BECD420DA9CE63B5EECEC2C2_OODLE_AUTODXT_11_2298BDDE4DB824B6BEB9__3E02B7AFF0B8B9DD6A1DA7746665EAC2C10B4D96.udd" 5635
"C:/Users/shashinda adithya/AppData/Local/UnrealEngine/Common/DerivedDataCache/4/1/7/TEXTURE_E01F4250BECD420DA9CE63B5EECEC2C2_OODLE_AUTODXT_11_2298BDDE4DB824B6BEB9__773D45C8A75796EC5F8277070405E0B662DBC5B6.udd" 5636
"C:/Users/shashinda adithya/AppData/Local/UnrealEngine/Common/DerivedDataCache/6/7/0/TEXTURE_E01F4250BECD420DA9CE63B5EECEC2C2_OODLE_AUTODXT_11_2298BDDE4DB824B6BEB9__9605A6CB7D7C677A3DF70D6ABA71DC68A1E8E2DE.udd" 5637
"C:/Users/shashinda adithya/AppData/Local/UnrealEngine/Common/DerivedDataCache/4/4/2/TEXTURE_E01F4250BECD420DA9CE63B5EECEC2C2_OODLE_AUTODXT_11_2298BDDE4DB824B6BEB9__A616D4F11FBE87BE157F3343673A2C85D768C14F.udd" 5638
"C:/Users/shashinda adithya/AppData/Local/UnrealEngine/Common/DerivedDataCache/2/9/6/TEXTURE_E01F4250BECD420DA9CE63B5EECEC2C2_OODLE_AUTODXT_11_2298BDDE4DB824B6BEB9__123515C1745A9BEC7154975457C8636928368892.udd" 5639
"C:/Users/shashinda adithya/AppData/Local/UnrealEngine/Common/DerivedDataCache/8/3/2/TEXTURE_E01F4250BECD420DA9CE63B5EECEC2C2_OODLE_BC5_11_589E222C4B97E240F55D1F8C__C227E4DED219C56AC4BE67D1EDCEFCF73F644A7E.udd" 5640
"C:/Users/shashinda adithya/AppData/Local/UnrealEngine/Common/DerivedDataCache/0/7/7/TEXTURE_E01F4250BECD420DA9CE63B5EECEC2C2_OODLE_BC5_11_589E222C4B97E240F55D1F8C__A8415714CE1E01006E0600A865AC82761F748232.udd" 5641
"C:/Users/shashinda adithya/AppData/Local/UnrealEngine/Common/DerivedDataCache/8/1/5/TEXTURE_E01F4250BECD420DA9CE63B5EECEC2C2_OODLE_BC5_11_589E222C4B97E240F55D1F8C__C8B33302A45FD4170BBD27EA0376C04064949D7E.udd" 5642
"C:/Users/shashinda adithya/AppData/Local/UnrealEngine/Common/DerivedDataCache/5/8/9/TEXTURE_E01F4250BECD420DA9CE63B5EECEC2C2_OODLE_BC5_11_589E222C4B97E240F55D1F8C__55AF690722CD59F24F17255D08DD25773B400DF9.udd" 5643
"C:/Users/shashinda adithya/AppData/Local/UnrealEngine/Common/DerivedDataCache/3/5/2/TEXTURE_E01F4250BECD420DA9CE63B5EECEC2C2_OODLE_BC5_11_589E222C4B97E240F55D1F8C__6D4CF5F72D451F967532885CEB95762A754A4F0D.udd" 5644
"C:/Users/shashinda adithya/AppData/Local/UnrealEngine/Common/DerivedDataCache/4/6/0/TEXTURE_E01F4250BECD420DA9CE63B5EECEC2C2_OODLE_BC5_11_589E222C4B97E240F55D1F8C__C73B9E06B4ED4F0FFFBB9C8E6BB4CE7D9020FEC2.udd" 5645
"C:/Users/shashinda adithya/AppData/Local/UnrealEngine/Common/DerivedDataCache/0/1/4/TEXTURE_E01F4250BECD420DA9CE63B5EECEC2C2_OODLE_AUTODXT_11_7B3DD4D34870C4C0F905__A6D2FBBD11CF26F8642F92C15A246F74D678DF76.udd" 5646
"C:/Users/shashinda adithya/AppData/Local/UnrealEngine/Common/DerivedDataCache/6/3/0/TEXTURE_E01F4250BECD420DA9CE63B5EECEC2C2_OODLE_AUTODXT_11_7B3DD4D34870C4C0F905__D873FED2D84C224E184C74F6AC00EF0685F64063.udd" 5647
"C:/Users/shashinda adithya/AppData/Local/UnrealEngine/Common/DerivedDataCache/1/2/8/TEXTURE_E01F4250BECD420DA9CE63B5EECEC2C2_OODLE_AUTODXT_11_7B3DD4D34870C4C0F905__34AE3810B815BB3866B931E15FCD8BF12330B5BD.udd" 5648
"C:/Users/shashinda adithya/AppData/Local/UnrealEngine/Common/DerivedDataCache/8/7/7/TEXTURE_E01F4250BECD420DA9CE63B5EECEC2C2_OODLE_AUTODXT_11_7B3DD4D34870C4C0F905__B52ED549B7D319D3058C08DCF6AF6FF7BF6625BC.udd" 5649
"C:/Users/shashinda adithya/AppData/Local/UnrealEngine/Common/DerivedDataCache/9/6/5/TEXTURE_E01F4250BECD420DA9CE63B5EECEC2C2_OODLE_AUTODXT_11_7B3DD4D34870C4C0F905__C6CE743E87A8CB1FF82CE9771126D9ABC936635E.udd" 5650
"C:/Users/shashinda adithya/AppData/Local/UnrealEngine/Common/DerivedDataCache/1/7/4/TEXTURE_E01F4250BECD420DA9CE63B5EECEC2C2_OODLE_AUTODXT_11_7B3DD4D34870C4C0F905__29FF845C69DF02134F7BD5211242752C06C995A7.udd" 5651
"C:/Users/shashinda adithya/AppData/Local/UnrealEngine/Common/DerivedDataCache/7/6/1/TEXTURE_E01F4250BECD420DA9CE63B5EECEC2C2_OODLE_AUTODXT_11_3B7CFD3349DB82AA2205__6FDEF78B5EF5A5E357E48C9EA83E95B56E2DDF31.udd" 5652
"C:/Users/shashinda adithya/AppData/Local/UnrealEngine/Common/DerivedDataCache/6/4/6/TEXTURE_E01F4250BECD420DA9CE63B5EECEC2C2_OODLE_AUTODXT_11_3B7CFD3349DB82AA2205__06512E25EE265DA357457482E3FA3F1AD8D69CB3.udd" 5653
"C:/Users/shashinda adithya/AppData/Local/UnrealEngine/Common/DerivedDataCache/7/0/4/TEXTURE_E01F4250BECD420DA9CE63B5EECEC2C2_OODLE_AUTODXT_11_3B7CFD3349DB82AA2205__9C2F310EB742E8BFB8DB9B730629BCFD9D33F48E.udd" 5654
"C:/Users/shashinda adithya/AppData/Local/UnrealEngine/Common/DerivedDataCache/7/0/4/TEXTURE_E01F4250BECD420DA9CE63B5EECEC2C2_OODLE_AUTODXT_11_3B7CFD3349DB82AA2205__3F386A0D6A53C9F61DD12834F822C1FA34BC792B.udd" 5655
"C:/Users/shashinda adithya/AppData/Local/UnrealEngine/Common/DerivedDataCache/0/3/3/TEXTURE_E01F4250BECD420DA9CE63B5EECEC2C2_OODLE_AUTODXT_11_3B7CFD3349DB82AA2205__2D595F57446424D6CD005B2F172FF8CAD112F0DA.udd" 5656
"C:/Users/shashinda adithya/AppData/Local/UnrealEngine/Common/DerivedDataCache/4/6/7/TEXTURE_E01F4250BECD420DA9CE63B5EECEC2C2_OODLE_AUTODXT_11_3B7CFD3349DB82AA2205__53FEB3DAC4F85F3D09B498F6BF131081D2968D88.udd" 5657
"C:/Users/shashinda adithya/AppData/Local/UnrealEngine/Common/DerivedDataCache/5/8/6/TEXTURE_E01F4250BECD420DA9CE63B5EECEC2C2_OODLE_BC5_11_04C00A594EE8B04D48AEC590__AFD81F4AA1F328BDBDAD9A7A8FD6490B99346FE3.udd" 5658
"C:/Users/shashinda adithya/AppData/Local/UnrealEngine/Common/DerivedDataCache/0/1/4/TEXTURE_E01F4250BECD420DA9CE63B5EECEC2C2_OODLE_BC5_11_04C00A594EE8B04D48AEC590__2A200F81715D0A2F45AED1D130480B69633A4089.udd" 5659
"C:/Users/shashinda adithya/AppData/Local/UnrealEngine/Common/DerivedDataCache/4/4/8/TEXTURE_E01F4250BECD420DA9CE63B5EECEC2C2_OODLE_BC5_11_04C00A594EE8B04D48AEC590__42478BE61E28E0ADECB1D0E2091A60BBBE1DEA95.udd" 5660
"C:/Users/shashinda adithya/AppData/Local/UnrealEngine/Common/DerivedDataCache/7/6/6/TEXTURE_E01F4250BECD420DA9CE63B5EECEC2C2_OODLE_BC5_11_04C00A594EE8B04D48AEC590__E605B4564B2BBB0A68352D22978DA45EC236E850.udd" 5661
"C:/Users/shashinda adithya/AppData/Local/UnrealEngine/Common/DerivedDataCache/0/7/2/TEXTURE_E01F4250BECD420DA9CE63B5EECEC2C2_OODLE_BC5_11_04C00A594EE8B04D48AEC590__2DCC51EE142B2F2569AD2077FF102CAC914A8F4E.udd" 5662
"C:/Users/shashinda adithya/AppData/Local/UnrealEngine/Common/DerivedDataCache/0/2/1/TEXTURE_E01F4250BECD420DA9CE63B5EECEC2C2_OODLE_BC5_11_04C00A594EE8B04D48AEC590__128649262ED17C5183206303E916A5A204A67E64.udd" 5663
"C:/Users/shashinda adithya/AppData/Local/UnrealEngine/Common/DerivedDataCache/8/1/5/TEXTURE_E01F4250BECD420DA9CE63B5EECEC2C2_OODLE_AUTODXT_11_96CF3D8F4D448574E9F9__5D27A3EB77FDD338120FB9664C631A6F65D99B83.udd" 5664
"C:/Users/shashinda adithya/AppData/Local/UnrealEngine/Common/DerivedDataCache/6/5/2/TEXTURE_E01F4250BECD420DA9CE63B5EECEC2C2_OODLE_AUTODXT_11_96CF3D8F4D448574E9F9__F6F6BFBCC8B6BD0B4AB7DAAE1804F3AEEB806EBC.udd" 5665
"C:/Users/shashinda adithya/AppData/Local/UnrealEngine/Common/DerivedDataCache/0/6/8/TEXTURE_E01F4250BECD420DA9CE63B5EECEC2C2_OODLE_AUTODXT_11_96CF3D8F4D448574E9F9__E969363FE03AB43BCE0DDBBD832C3BB79F85F401.udd" 5666
"C:/Users/shashinda adithya/AppData/Local/UnrealEngine/Common/DerivedDataCache/1/8/8/TEXTURE_E01F4250BECD420DA9CE63B5EECEC2C2_OODLE_AUTODXT_11_96CF3D8F4D448574E9F9__D9958B1211802E15A8211E97912D9BAD92AEEF10.udd" 5667
"C:/Users/shashinda adithya/AppData/Local/UnrealEngine/Common/DerivedDataCache/1/5/7/TEXTURE_E01F4250BECD420DA9CE63B5EECEC2C2_OODLE_AUTODXT_11_96CF3D8F4D448574E9F9__49C173D0990944A45F170571E7C63A572C1E4F71.udd" 5668
"C:/Users/shashinda adithya/AppData/Local/UnrealEngine/Common/DerivedDataCache/5/4/6/TEXTURE_E01F4250BECD420DA9CE63B5EECEC2C2_OODLE_AUTODXT_11_96CF3D8F4D448574E9F9__163DC2CEA3474C5E218F61D03D2C92335AC93916.udd" 5669
"C:/Users/shashinda adithya/AppData/Local/UnrealEngine/Common/DerivedDataCache/2/3/0/TEXTURE_E01F4250BECD420DA9CE63B5EECEC2C2_OODLE_AUTODXT_11_F0E96C5B4EEA20A3729B__1568DF387D31D0500AA953D105B98B60E91135AB.udd" 5670
"C:/Users/shashinda adithya/AppData/Local/UnrealEngine/Common/DerivedDataCache/5/4/1/TEXTURE_E01F4250BECD420DA9CE63B5EECEC2C2_OODLE_AUTODXT_11_F0E96C5B4EEA20A3729B__57315237CE9B1825433528845E215F33EA4EA30A.udd" 5671
"C:/Users/shashinda adithya/AppData/Local/UnrealEngine/Common/DerivedDataCache/4/5/8/TEXTURE_E01F4250BECD420DA9CE63B5EECEC2C2_OODLE_AUTODXT_11_F0E96C5B4EEA20A3729B__EEF0204D0C50D4E6A9BDD8347E0EF0820590B403.udd" 5672
"C:/Users/shashinda adithya/AppData/Local/UnrealEngine/Common/DerivedDataCache/9/1/6/TEXTURE_E01F4250BECD420DA9CE63B5EECEC2C2_OODLE_AUTODXT_11_F0E96C5B4EEA20A3729B__AFE5D67F8A6D5141832DF445C40995A388C9CBA1.udd" 5673
"C:/Users/shashinda adithya/AppData/Local/UnrealEngine/Common/DerivedDataCache/4/1/7/TEXTURE_E01F4250BECD420DA9CE63B5EECEC2C2_OODLE_AUTODXT_11_F0E96C5B4EEA20A3729B__04E54FDAAA7469321658FCBF7ADCA2E6673D4957.udd" 5674
"C:/Users/shashinda adithya/AppData/Local/UnrealEngine/Common/DerivedDataCache/3/9/2/TEXTURE_E01F4250BECD420DA9CE63B5EECEC2C2_OODLE_AUTODXT_11_F0E96C5B4EEA20A3729B__EE9DE497B1439473738AAB1BE28C2C2E29C3329D.udd" 5675
"C:/Users/shashinda adithya/AppData/Local/UnrealEngine/Common/DerivedDataCache/0/0/2/TEXTURE_E01F4250BECD420DA9CE63B5EECEC2C2_OODLE_BC5_11_C6D2AE4B488D93123C158DAB__9799F738DBC5FB7F52F40B24DC5901BF4D0F69C1.udd" 5676
"C:/Users/shashinda adithya/AppData/Local/UnrealEngine/Common/DerivedDataCache/4/0/4/TEXTURE_E01F4250BECD420DA9CE63B5EECEC2C2_OODLE_BC5_11_C6D2AE4B488D93123C158DAB__7F8C13A4C8F2213F0EFC5A902E5FA1214F49F12D.udd" 5677
"C:/Users/shashinda adithya/AppData/Local/UnrealEngine/Common/DerivedDataCache/1/4/0/TEXTURE_E01F4250BECD420DA9CE63B5EECEC2C2_OODLE_BC5_11_C6D2AE4B488D93123C158DAB__A8F5F6B2D6D2F264E5D3437DE8B14E704DF0ECB3.udd" 5678
"C:/Users/shashinda adithya/AppData/Local/UnrealEngine/Common/DerivedDataCache/6/3/8/TEXTURE_E01F4250BECD420DA9CE63B5EECEC2C2_OODLE_BC5_11_C6D2AE4B488D93123C158DAB__F91F0C6802762DB72A6D52E7D2AF6DA78986876C.udd" 5679
"C:/Users/shashinda adithya/AppData/Local/UnrealEngine/Common/DerivedDataCache/6/6/4/TEXTURE_E01F4250BECD420DA9CE63B5EECEC2C2_OODLE_BC5_11_C6D2AE4B488D93123C158DAB__EA8C323C581BE4674E6A3C30894F7F885251B074.udd" 5680
"C:/Users/shashinda adithya/AppData/Local/UnrealEngine/Common/DerivedDataCache/8/4/8/TEXTURE_E01F4250BECD420DA9CE63B5EECEC2C2_OODLE_BC5_11_C6D2AE4B488D93123C158DAB__AFDAB0985D0F288CE2F40ACFAA97C2C15CEA2F6B.udd" 5681
"C:/Users/shashinda adithya/AppData/Local/UnrealEngine/Common/DerivedDataCache/8/0/7/TEXTURE_E01F4250BECD420DA9CE63B5EECEC2C2_OODLE_AUTODXT_11_18C62B7D490F9C723FFE__F57325DC6EF4A1153E180E1468EF991226983C26.udd" 5682
"C:/Users/shashinda adithya/AppData/Local/UnrealEngine/Common/DerivedDataCache/8/8/0/TEXTURE_E01F4250BECD420DA9CE63B5EECEC2C2_OODLE_AUTODXT_11_18C62B7D490F9C723FFE__0D01C07A6CD100F1F60DD64280ADE450D3CFEF93.udd" 5683
"C:/Users/shashinda adithya/AppData/Local/UnrealEngine/Common/DerivedDataCache/1/5/2/TEXTURE_E01F4250BECD420DA9CE63B5EECEC2C2_OODLE_AUTODXT_11_18C62B7D490F9C723FFE__CBDB0F3D52DEA4764DE221D400849CF1F8677B42.udd" 5684
"C:/Users/shashinda adithya/AppData/Local/UnrealEngine/Common/DerivedDataCache/3/2/9/TEXTURE_E01F4250BECD420DA9CE63B5EECEC2C2_OODLE_AUTODXT_11_18C62B7D490F9C723FFE__E09CBCA849643D7D36B8005FA51E0E7E9E42007E.udd" 5685
"C:/Users/shashinda adithya/AppData/Local/UnrealEngine/Common/DerivedDataCache/8/4/4/TEXTURE_E01F4250BECD420DA9CE63B5EECEC2C2_OODLE_AUTODXT_11_18C62B7D490F9C723FFE__657C380786D2AD486D460C7A6CE2FC2C31823A29.udd" 5686
"C:/Users/shashinda adithya/AppData/Local/UnrealEngine/Common/DerivedDataCache/0/7/0/TEXTURE_E01F4250BECD420DA9CE63B5EECEC2C2_OODLE_AUTODXT_11_18C62B7D490F9C723FFE__8245D6FCE64D34D1FFC3DB1E0F72F9DFCF512F01.udd" 5687
"C:/Users/shashinda adithya/AppData/Local/UnrealEngine/Common/DerivedDataCache/8/9/9/TEXTURE_E01F4250BECD420DA9CE63B5EECEC2C2_OODLE_AUTODXT_11_9620B5FB4595DCE0169D__3E33C52C587DD3DBAC2DBD96E140B74C50BF436B.udd" 5688
"C:/Users/shashinda adithya/AppData/Local/UnrealEngine/Common/DerivedDataCache/1/0/9/TEXTURE_E01F4250BECD420DA9CE63B5EECEC2C2_OODLE_AUTODXT_11_9620B5FB4595DCE0169D__6813318E86AEE76C10783A62B128B222AF344C0F.udd" 5689
"C:/Users/shashinda adithya/AppData/Local/UnrealEngine/Common/DerivedDataCache/9/6/5/TEXTURE_E01F4250BECD420DA9CE63B5EECEC2C2_OODLE_AUTODXT_11_9620B5FB4595DCE0169D__57C1AD5DDFAECF657BFD15407AC2A5DF9FEC2D04.udd" 5690
"C:/Users/shashinda adithya/AppData/Local/UnrealEngine/Common/DerivedDataCache/4/6/0/TEXTURE_E01F4250BECD420DA9CE63B5EECEC2C2_OODLE_AUTODXT_11_9620B5FB4595DCE0169D__CED59F27BB44E917051C6CBE5E35F2A98063CA89.udd" 5691
"C:/Users/shashinda adithya/AppData/Local/UnrealEngine/Common/DerivedDataCache/0/3/1/TEXTURE_E01F4250BECD420DA9CE63B5EECEC2C2_OODLE_AUTODXT_11_9620B5FB4595DCE0169D__D6B09CAFD612A4E65F71CFBDF47E428AF91CA60B.udd" 5692
"C:/Users/shashinda adithya/AppData/Local/UnrealEngine/Common/DerivedDataCache/4/0/1/TEXTURE_E01F4250BECD420DA9CE63B5EECEC2C2_OODLE_AUTODXT_11_9620B5FB4595DCE0169D__843CC2A47274561A35352E7C3BB55A1F68FFF7BC.udd" 5693
"C:/Users/shashinda adithya/AppData/Local/UnrealEngine/Common/DerivedDataCache/2/3/7/TEXTURE_E01F4250BECD420DA9CE63B5EECEC2C2_OODLE_BC5_11_3129175D4ECA73060F19958A__37695419A9C5CFBE209282A75C9ED54BCD068802.udd" 5694
"C:/Users/shashinda adithya/AppData/Local/UnrealEngine/Common/DerivedDataCache/8/6/1/TEXTURE_E01F4250BECD420DA9CE63B5EECEC2C2_OODLE_BC5_11_3129175D4ECA73060F19958A__4F09875B97285CD8F1780907FEF3239CE1093AF7.udd" 5695
"C:/Users/shashinda adithya/AppData/Local/UnrealEngine/Common/DerivedDataCache/8/2/1/TEXTURE_E01F4250BECD420DA9CE63B5EECEC2C2_OODLE_BC5_11_3129175D4ECA73060F19958A__3B773C294206AC6C187B75F6FC024C91542F9AE8.udd" 5696
"C:/Users/shashinda adithya/AppData/Local/UnrealEngine/Common/DerivedDataCache/6/2/6/TEXTURE_E01F4250BECD420DA9CE63B5EECEC2C2_OODLE_BC5_11_3129175D4ECA73060F19958A__66F548792BE3D6C91AD809B3760EE1D1CA2F1426.udd" 5697
"C:/Users/shashinda adithya/AppData/Local/UnrealEngine/Common/DerivedDataCache/4/3/4/TEXTURE_E01F4250BECD420DA9CE63B5EECEC2C2_OODLE_BC5_11_3129175D4ECA73060F19958A__74294E9A89FECA0C03E656D9BF1D47956A63DD52.udd" 5698
"C:/Users/shashinda adithya/AppData/Local/UnrealEngine/Common/DerivedDataCache/6/8/6/TEXTURE_E01F4250BECD420DA9CE63B5EECEC2C2_OODLE_BC5_11_3129175D4ECA73060F19958A__830C6F2A5EF28DE262CAC237DE22F7BFA8BB7550.udd" 5699
"C:/Users/shashinda adithya/AppData/Local/UnrealEngine/Common/DerivedDataCache/8/4/9/TEXTURE_E01F4250BECD420DA9CE63B5EECEC2C2_OODLE_AUTODXT_11_7BEB7A5A4C75F126630D__6B7E5D377F1AACC6069ADC4063168CE76E64C82F.udd" 5700
"C:/Users/shashinda adithya/AppData/Local/UnrealEngine/Common/DerivedDataCache/1/0/4/TEXTURE_E01F4250BECD420DA9CE63B5EECEC2C2_OODLE_AUTODXT_11_7BEB7A5A4C75F126630D__5AF457DD9B8311DE0FD1FA2F1DABEE798BBA35A3.udd" 5701
"C:/Users/shashinda adithya/AppData/Local/UnrealEngine/Common/DerivedDataCache/8/9/9/TEXTURE_E01F4250BECD420DA9CE63B5EECEC2C2_OODLE_AUTODXT_11_7BEB7A5A4C75F126630D__D2230893AD131D1966CFB26AF1DE1BD3B153929E.udd" 5702
"C:/Users/shashinda adithya/AppData/Local/UnrealEngine/Common/DerivedDataCache/7/8/5/TEXTURE_E01F4250BECD420DA9CE63B5EECEC2C2_OODLE_AUTODXT_11_7BEB7A5A4C75F126630D__DEDC836CCF8C2B72F6C85DE4984FD2116DE37B28.udd" 5703
"C:/Users/shashinda adithya/AppData/Local/UnrealEngine/Common/DerivedDataCache/6/7/9/TEXTURE_E01F4250BECD420DA9CE63B5EECEC2C2_OODLE_AUTODXT_11_7BEB7A5A4C75F126630D__FFAF2F5D3BA69FBFF55789C46106B977575B74C2.udd" 5704
"C:/Users/shashinda adithya/AppData/Local/UnrealEngine/Common/DerivedDataCache/2/6/6/TEXTURE_E01F4250BECD420DA9CE63B5EECEC2C2_OODLE_AUTODXT_11_7BEB7A5A4C75F126630D__BCDD99199EAF5DE1584230CEC0E060030BC9BFCA.udd" 5705
"C:/Users/shashinda adithya/AppData/Local/UnrealEngine/Common/DerivedDataCache/4/1/2/TEXTURE_E01F4250BECD420DA9CE63B5EECEC2C2_OODLE_BC5_11_968BB06D4F7CC27AC8BDAB98__07C3EF515A87A70506934DE16DCFD792D4DAA225.udd" 5706
"C:/Users/shashinda adithya/AppData/Local/UnrealEngine/Common/DerivedDataCache/4/3/0/TEXTURE_E01F4250BECD420DA9CE63B5EECEC2C2_OODLE_BC5_11_968BB06D4F7CC27AC8BDAB98__75B0731A72EE3F5F352BAB9B84D71883F3C96C32.udd" 5707
"C:/Users/shashinda adithya/AppData/Local/UnrealEngine/Common/DerivedDataCache/5/7/5/TEXTURE_E01F4250BECD420DA9CE63B5EECEC2C2_OODLE_BC5_11_968BB06D4F7CC27AC8BDAB98__6649612E182E663E7514B72D3EC110AF1E9DBEEC.udd" 5708
"C:/Users/shashinda adithya/AppData/Local/UnrealEngine/Common/DerivedDataCache/5/2/3/TEXTURE_E01F4250BECD420DA9CE63B5EECEC2C2_OODLE_BC5_11_968BB06D4F7CC27AC8BDAB98__60B42F68C642739178129643D5ECCA18CC00D811.udd" 5709
"C:/Users/shashinda adithya/AppData/Local/UnrealEngine/Common/DerivedDataCache/7/2/8/TEXTURE_E01F4250BECD420DA9CE63B5EECEC2C2_OODLE_BC5_11_968BB06D4F7CC27AC8BDAB98__C4210D25C85664468FAEE40A9F33A0AB6F4EA8EC.udd" 5710
"C:/Users/shashinda adithya/AppData/Local/UnrealEngine/Common/DerivedDataCache/4/9/5/TEXTURE_E01F4250BECD420DA9CE63B5EECEC2C2_OODLE_AUTODXT_11_F2A1C9E24084DC60B5F8__300AAC14F16E617EED78ED217948D53F9449AA4B.udd" 5711
"C:/Users/shashinda adithya/AppData/Local/UnrealEngine/Common/DerivedDataCache/5/5/7/TEXTURE_E01F4250BECD420DA9CE63B5EECEC2C2_OODLE_BC5_11_968BB06D4F7CC27AC8BDAB98__1561131D2E1F4423A7F2E58DA84E5F1D1DF4EFE1.udd" 5712
"C:/Users/shashinda adithya/AppData/Local/UnrealEngine/Common/DerivedDataCache/8/2/5/TEXTURE_E01F4250BECD420DA9CE63B5EECEC2C2_OODLE_AUTODXT_11_F2A1C9E24084DC60B5F8__4252F2ECD0C02BD728AB389ED9FA005709BF5EF6.udd" 5713
"C:/Users/shashinda adithya/AppData/Local/UnrealEngine/Common/DerivedDataCache/1/2/8/TEXTURE_E01F4250BECD420DA9CE63B5EECEC2C2_OODLE_AUTODXT_11_F2A1C9E24084DC60B5F8__59DAA27EB8778E0136E61D9452621CEB67EB3EAD.udd" 5714
"C:/Users/shashinda adithya/AppData/Local/UnrealEngine/Common/DerivedDataCache/9/0/6/TEXTURE_E01F4250BECD420DA9CE63B5EECEC2C2_OODLE_AUTODXT_11_F2A1C9E24084DC60B5F8__819D822EB7A4FEDB6F0471C78419565D32451A12.udd" 5715
"C:/Users/shashinda adithya/AppData/Local/UnrealEngine/Common/DerivedDataCache/7/6/0/TEXTURE_E01F4250BECD420DA9CE63B5EECEC2C2_OODLE_AUTODXT_11_F2A1C9E24084DC60B5F8__C2DB485BA8560478AF43EFDDB3080187AE65BCC3.udd" 5716
"C:/Users/shashinda adithya/AppData/Local/UnrealEngine/Common/DerivedDataCache/9/1/5/TEXTURE_E01F4250BECD420DA9CE63B5EECEC2C2_OODLE_AUTODXT_11_F2A1C9E24084DC60B5F8__13E01CB617EFE3D58164B4705969FA24C3E85F70.udd" 5717
"C:/Users/shashinda adithya/AppData/Local/UnrealEngine/Common/DerivedDataCache/0/6/7/TEXTURE_E01F4250BECD420DA9CE63B5EECEC2C2_OODLE_AUTODXT_11_A0EAE0E94539774B996A__3359A36BB5FB99DEC197F5CA604503F70A7BDD0F.udd" 5718
"C:/Users/shashinda adithya/AppData/Local/UnrealEngine/Common/DerivedDataCache/5/5/8/TEXTURE_E01F4250BECD420DA9CE63B5EECEC2C2_OODLE_AUTODXT_11_A0EAE0E94539774B996A__A0E204A9A9CD557114B769DEA1F45CF6BB2286A0.udd" 5719
"C:/Users/shashinda adithya/AppData/Local/UnrealEngine/Common/DerivedDataCache/0/4/4/TEXTURE_E01F4250BECD420DA9CE63B5EECEC2C2_OODLE_AUTODXT_11_A0EAE0E94539774B996A__E7F79721C489A7623B771BD35DD72881E1D680FC.udd" 5720
"C:/Users/shashinda adithya/AppData/Local/UnrealEngine/Common/DerivedDataCache/4/2/7/TEXTURE_E01F4250BECD420DA9CE63B5EECEC2C2_OODLE_AUTODXT_11_A0EAE0E94539774B996A__9FD196523051C2C12271FF4EB4184DEB6405A395.udd" 5721
"C:/Users/shashinda adithya/AppData/Local/UnrealEngine/Common/DerivedDataCache/5/8/9/TEXTURE_E01F4250BECD420DA9CE63B5EECEC2C2_OODLE_AUTODXT_11_A0EAE0E94539774B996A__34449916388A0387DC2F71C453AD7C910A98A792.udd" 5722
"C:/Users/shashinda adithya/AppData/Local/UnrealEngine/Common/DerivedDataCache/2/6/3/TEXTURE_E01F4250BECD420DA9CE63B5EECEC2C2_OODLE_AUTODXT_11_A0EAE0E94539774B996A__6AA5BCD653C192071CBA57BD7E75E6AAE2BC5609.udd" 5723
"C:/Users/shashinda adithya/AppData/Local/UnrealEngine/Common/DerivedDataCache/4/1/6/TEXTURE_E01F4250BECD420DA9CE63B5EECEC2C2_OODLE_AUTODXT_11_95DDEC7547AD56E4F182__CCB89682466BF706E38A916CE8AE082B2A32BB81.udd" 5724
"C:/Users/shashinda adithya/AppData/Local/UnrealEngine/Common/DerivedDataCache/2/0/9/TEXTURE_E01F4250BECD420DA9CE63B5EECEC2C2_OODLE_AUTODXT_11_95DDEC7547AD56E4F182__F7A282368C4FAB0BAD68ED10A5D70A5E4B80F3BF.udd" 5725
"C:/Users/shashinda adithya/AppData/Local/UnrealEngine/Common/DerivedDataCache/7/4/0/TEXTURE_E01F4250BECD420DA9CE63B5EECEC2C2_OODLE_AUTODXT_11_95DDEC7547AD56E4F182__8C0CE4E60D3C8C0D58C6E4087823E362CF5C1FA1.udd" 5726
"C:/Users/shashinda adithya/AppData/Local/UnrealEngine/Common/DerivedDataCache/2/4/7/TEXTURE_E01F4250BECD420DA9CE63B5EECEC2C2_OODLE_AUTODXT_11_95DDEC7547AD56E4F182__7BF91CE3B4848150364486196A4A5A411D910940.udd" 5727
"C:/Users/shashinda adithya/AppData/Local/UnrealEngine/Common/DerivedDataCache/8/0/4/TEXTURE_E01F4250BECD420DA9CE63B5EECEC2C2_OODLE_AUTODXT_11_95DDEC7547AD56E4F182__33E286AC465E135F9AA7A43483FC0B21F971AFC3.udd" 5728
"C:/Users/shashinda adithya/AppData/Local/UnrealEngine/Common/DerivedDataCache/1/7/1/TEXTURE_E01F4250BECD420DA9CE63B5EECEC2C2_OODLE_AUTODXT_11_95DDEC7547AD56E4F182__22DFD1CF21E8C107B7683F3BAD9EAA3AD7BC0DB5.udd" 5729
"C:/Users/shashinda adithya/AppData/Local/UnrealEngine/Common/DerivedDataCache/6/7/7/TEXTURE_E01F4250BECD420DA9CE63B5EECEC2C2_OODLE_BC5_11_860917FB4584987B343756B6__0564D46B3FCE116C21BA0789ADC27FD589D6CEB8.udd" 5730
"C:/Users/shashinda adithya/AppData/Local/UnrealEngine/Common/DerivedDataCache/7/0/8/TEXTURE_E01F4250BECD420DA9CE63B5EECEC2C2_OODLE_BC5_11_860917FB4584987B343756B6__2C9521EB2E832DE2CF97C3207149CF0E9346A160.udd" 5731
"C:/Users/shashinda adithya/AppData/Local/UnrealEngine/Common/DerivedDataCache/4/4/5/TEXTURE_E01F4250BECD420DA9CE63B5EECEC2C2_OODLE_BC5_11_860917FB4584987B343756B6__AC16C52D3ECCE37E4DAAB361C9C41BD7AF8D9FE0.udd" 5732
"C:/Users/shashinda adithya/AppData/Local/UnrealEngine/Common/DerivedDataCache/6/8/9/TEXTURE_E01F4250BECD420DA9CE63B5EECEC2C2_OODLE_BC5_11_860917FB4584987B343756B6__2419866101ADDFAAC74E659B8BAB8F037C32172A.udd" 5733
"C:/Users/shashinda adithya/AppData/Local/UnrealEngine/Common/DerivedDataCache/7/5/5/TEXTURE_E01F4250BECD420DA9CE63B5EECEC2C2_OODLE_BC5_11_860917FB4584987B343756B6__1064E0DE34B625AB6FC3147A6BB727437CA33128.udd" 5734
"C:/Users/shashinda adithya/AppData/Local/UnrealEngine/Common/DerivedDataCache/7/8/6/TEXTURE_E01F4250BECD420DA9CE63B5EECEC2C2_OODLE_BC5_11_860917FB4584987B343756B6__B8000C40504A9C8ED8D8D2846E0E4622B88CC0FA.udd" 5735
"C:/Users/shashinda adithya/AppData/Local/UnrealEngine/Common/DerivedDataCache/9/9/2/TEXTURE_E01F4250BECD420DA9CE63B5EECEC2C2_OODLE_AUTODXT_11_DFEC7A33418888614D62__BF7A0BB25AF7A9AB930BC7E234FBA5A8016C6944.udd" 5736
"C:/Users/shashinda adithya/AppData/Local/UnrealEngine/Common/DerivedDataCache/2/8/8/TEXTURE_E01F4250BECD420DA9CE63B5EECEC2C2_OODLE_AUTODXT_11_DFEC7A33418888614D62__E105EBFF28C8F919205B9BB7C056BC62232E7C58.udd" 5737
"C:/Users/shashinda adithya/AppData/Local/UnrealEngine/Common/DerivedDataCache/7/0/1/TEXTURE_E01F4250BECD420DA9CE63B5EECEC2C2_OODLE_AUTODXT_11_DFEC7A33418888614D62__3CFF7AFD390851229D6F68A1151711CCFDBEFFED.udd" 5738
"C:/Users/shashinda adithya/AppData/Local/UnrealEngine/Common/DerivedDataCache/2/4/6/TEXTURE_E01F4250BECD420DA9CE63B5EECEC2C2_OODLE_AUTODXT_11_DFEC7A33418888614D62__F45B08152BB55B15986A281196B7DCE2FFCBDD8C.udd" 5739
"C:/Users/shashinda adithya/AppData/Local/UnrealEngine/Common/DerivedDataCache/3/7/7/TEXTURE_E01F4250BECD420DA9CE63B5EECEC2C2_OODLE_AUTODXT_11_DFEC7A33418888614D62__CE75089FD00ADB5ADB530CBF09D81E5A921DE537.udd" 5740
"C:/Users/shashinda adithya/AppData/Local/UnrealEngine/Common/DerivedDataCache/3/3/8/TEXTURE_E01F4250BECD420DA9CE63B5EECEC2C2_OODLE_AUTODXT_11_DFEC7A33418888614D62__A0D5BC3979AAF730AC4244C6B7A9D1672CF48946.udd" 5741
"C:/Users/shashinda adithya/AppData/Local/UnrealEngine/Common/DerivedDataCache/5/4/6/TEXTURE_E01F4250BECD420DA9CE63B5EECEC2C2_OODLE_AUTODXT_11_FCFD2E3C42320F9A214F__212114E3A2407BD30B6268DDBA72EEC94DB312B7.udd" 5742
"C:/Users/shashinda adithya/AppData/Local/UnrealEngine/Common/DerivedDataCache/7/0/4/TEXTURE_E01F4250BECD420DA9CE63B5EECEC2C2_OODLE_AUTODXT_11_FCFD2E3C42320F9A214F__B0B81F60E019B5FCCA4DD016E0EBAEA81687F9AF.udd" 5743
"C:/Users/shashinda adithya/AppData/Local/UnrealEngine/Common/DerivedDataCache/1/1/0/TEXTURE_E01F4250BECD420DA9CE63B5EECEC2C2_OODLE_AUTODXT_11_FCFD2E3C42320F9A214F__57CBA5860BAADCA045971B30152402D469042BC3.udd" 5744
"C:/Users/shashinda adithya/AppData/Local/UnrealEngine/Common/DerivedDataCache/1/0/5/TEXTURE_E01F4250BECD420DA9CE63B5EECEC2C2_OODLE_AUTODXT_11_FCFD2E3C42320F9A214F__3DBE4B0C51EC0802792D307875E5BA9AFAE71479.udd" 5745
"C:/Users/shashinda adithya/AppData/Local/UnrealEngine/Common/DerivedDataCache/5/4/9/TEXTURE_E01F4250BECD420DA9CE63B5EECEC2C2_OODLE_AUTODXT_11_FCFD2E3C42320F9A214F__5AA32B7FFE0DB44780E0C5FA00C04D8DB5EC0AA9.udd" 5746
"C:/Users/shashinda adithya/AppData/Local/UnrealEngine/Common/DerivedDataCache/6/9/6/TEXTURE_E01F4250BECD420DA9CE63B5EECEC2C2_OODLE_AUTODXT_11_FCFD2E3C42320F9A214F__23BE376C8504C78DEF1C2FF37784DCE2BDA77BC8.udd" 5747
"C:/Users/shashinda adithya/AppData/Local/UnrealEngine/Common/DerivedDataCache/8/4/2/TEXTURE_E01F4250BECD420DA9CE63B5EECEC2C2_OODLE_BC5_11_D68D0681438648EC41B70B81__D00468D63B5722021ED130B6FB55DCA45D045AE6.udd" 5748
"C:/Users/shashinda adithya/AppData/Local/UnrealEngine/Common/DerivedDataCache/4/6/6/TEXTURE_E01F4250BECD420DA9CE63B5EECEC2C2_OODLE_BC5_11_D68D0681438648EC41B70B81__3E33368B8E32E92E779C3DDE7B6C347460573BFF.udd" 5749
"C:/Users/shashinda adithya/AppData/Local/UnrealEngine/Common/DerivedDataCache/8/0/9/TEXTURE_E01F4250BECD420DA9CE63B5EECEC2C2_OODLE_BC5_11_D68D0681438648EC41B70B81__68D76EC8A5E4A2F76998193EFB942E1C102A1806.udd" 5750
"C:/Users/shashinda adithya/AppData/Local/UnrealEngine/Common/DerivedDataCache/7/8/0/TEXTURE_E01F4250BECD420DA9CE63B5EECEC2C2_OODLE_BC5_11_D68D0681438648EC41B70B81__5CD25A51750D4A99ABDE6FACC6C1F53BB095B05E.udd" 5751
"C:/Users/shashinda adithya/AppData/Local/UnrealEngine/Common/DerivedDataCache/4/0/4/TEXTURE_E01F4250BECD420DA9CE63B5EECEC2C2_OODLE_BC5_11_D68D0681438648EC41B70B81__0C8ABEA379FD775A869B0F434A63159D69C84904.udd" 5752
"C:/Users/shashinda adithya/AppData/Local/UnrealEngine/Common/DerivedDataCache/7/4/7/TEXTURE_E01F4250BECD420DA9CE63B5EECEC2C2_OODLE_BC5_11_D68D0681438648EC41B70B81__E05311B84A83B316302FDB2C78D6B00FA5241CE5.udd" 5753
"C:/Users/shashinda adithya/AppData/Local/UnrealEngine/Common/DerivedDataCache/7/4/6/TEXTURE_E01F4250BECD420DA9CE63B5EECEC2C2_OODLE_AUTODXT_11_A6BBD829437178A975E5__2F1005BE6031255FEFE2069C28E4C1012AB85B5C.udd" 5754
"C:/Users/shashinda adithya/AppData/Local/UnrealEngine/Common/DerivedDataCache/4/4/5/TEXTURE_E01F4250BECD420DA9CE63B5EECEC2C2_OODLE_AUTODXT_11_A6BBD829437178A975E5__96370B2FB8FC833FDFAC81AA25802BB064FE2667.udd" 5755
"C:/Users/shashinda adithya/AppData/Local/UnrealEngine/Common/DerivedDataCache/3/6/2/TEXTURE_E01F4250BECD420DA9CE63B5EECEC2C2_OODLE_AUTODXT_11_A6BBD829437178A975E5__D38C4F350D7EF19538AC156FC5370D01216BB842.udd" 5756
"C:/Users/shashinda adithya/AppData/Local/UnrealEngine/Common/DerivedDataCache/3/9/0/TEXTURE_E01F4250BECD420DA9CE63B5EECEC2C2_OODLE_AUTODXT_11_A6BBD829437178A975E5__457CDE3B78B46478E36DBD09143685BD91294591.udd" 5757
"C:/Users/shashinda adithya/AppData/Local/UnrealEngine/Common/DerivedDataCache/6/7/3/TEXTURE_E01F4250BECD420DA9CE63B5EECEC2C2_OODLE_AUTODXT_11_A6BBD829437178A975E5__41BE7F5384195F17DC7C13E7B06A1B0D0AB32E32.udd" 5758
"C:/Users/shashinda adithya/AppData/Local/UnrealEngine/Common/DerivedDataCache/6/5/3/TEXTURE_E01F4250BECD420DA9CE63B5EECEC2C2_OODLE_AUTODXT_11_A6BBD829437178A975E5__5FA198976A676EA0B93ED3D4E268F524B8769A2F.udd" 5759
"C:/Users/shashinda adithya/AppData/Local/UnrealEngine/Common/DerivedDataCache/0/5/3/TEXTURE_E01F4250BECD420DA9CE63B5EECEC2C2_OODLE_AUTODXT_11_3D9587FC4E209C2BB91D__43A2EE272FB5816FEC4DD6DA66BDAA3B8A664132.udd" 5760
"C:/Users/shashinda adithya/AppData/Local/UnrealEngine/Common/DerivedDataCache/1/4/3/TEXTURE_E01F4250BECD420DA9CE63B5EECEC2C2_OODLE_AUTODXT_11_3D9587FC4E209C2BB91D__0DB10BEB2FBEB48B47091C2CB2766C034B3AB995.udd" 5761
"C:/Users/shashinda adithya/AppData/Local/UnrealEngine/Common/DerivedDataCache/2/7/1/TEXTURE_E01F4250BECD420DA9CE63B5EECEC2C2_OODLE_AUTODXT_11_3D9587FC4E209C2BB91D__17629175C865D6309E8675F82448189D90CEF879.udd" 5762
"C:/Users/shashinda adithya/AppData/Local/UnrealEngine/Common/DerivedDataCache/7/2/1/TEXTURE_E01F4250BECD420DA9CE63B5EECEC2C2_OODLE_AUTODXT_11_3D9587FC4E209C2BB91D__557089818BEBAE4B78CDCE9F7C3E74541B80B57A.udd" 5763
"C:/Users/shashinda adithya/AppData/Local/UnrealEngine/Common/DerivedDataCache/8/6/6/TEXTURE_E01F4250BECD420DA9CE63B5EECEC2C2_OODLE_AUTODXT_11_3D9587FC4E209C2BB91D__0F11CB8EDFE1EF8A2390147A6A8CB666EFC68F88.udd" 5764
"C:/Users/shashinda adithya/AppData/Local/UnrealEngine/Common/DerivedDataCache/8/3/0/TEXTURE_E01F4250BECD420DA9CE63B5EECEC2C2_OODLE_AUTODXT_11_3D9587FC4E209C2BB91D__78CAB3197486ECA1726A1ACA02A7C574B9413865.udd" 5765
"C:/Users/shashinda adithya/AppData/Local/UnrealEngine/Common/DerivedDataCache/6/6/4/TEXTURE_E01F4250BECD420DA9CE63B5EECEC2C2_OODLE_BC5_11_FC0351644C2AB2059DE21DAE__560AC5331D194067E03ED7E350743A63633A89A2.udd" 5766
"C:/Users/shashinda adithya/AppData/Local/UnrealEngine/Common/DerivedDataCache/7/0/2/TEXTURE_E01F4250BECD420DA9CE63B5EECEC2C2_OODLE_BC5_11_FC0351644C2AB2059DE21DAE__CC28AB105C540DD48EA96EB382E4680791FF5821.udd" 5767
"C:/Users/shashinda adithya/AppData/Local/UnrealEngine/Common/DerivedDataCache/4/6/4/TEXTURE_E01F4250BECD420DA9CE63B5EECEC2C2_OODLE_BC5_11_FC0351644C2AB2059DE21DAE__AE6FFACE98050D167353C32A71C54178F2145C35.udd" 5768
"C:/Users/shashinda adithya/AppData/Local/UnrealEngine/Common/DerivedDataCache/4/8/2/TEXTURE_E01F4250BECD420DA9CE63B5EECEC2C2_OODLE_BC5_11_FC0351644C2AB2059DE21DAE__C25AF9C9D1F987B1AB6C6FFD3CDD8A9C63324269.udd" 5769
"C:/Users/shashinda adithya/AppData/Local/UnrealEngine/Common/DerivedDataCache/4/7/1/TEXTURE_E01F4250BECD420DA9CE63B5EECEC2C2_OODLE_BC5_11_FC0351644C2AB2059DE21DAE__7C2E405138359E3067E7DAF6B0F76C9BA5245115.udd" 5770
"C:/Users/shashinda adithya/AppData/Local/UnrealEngine/Common/DerivedDataCache/9/0/8/TEXTURE_E01F4250BECD420DA9CE63B5EECEC2C2_OODLE_AUTODXT_11_602D1A644FAE113F7E7C__F1704BE99450776A750C9F97F2BAF4228C971105.udd" 5771
"C:/Users/shashinda adithya/AppData/Local/UnrealEngine/Common/DerivedDataCache/2/4/9/TEXTURE_E01F4250BECD420DA9CE63B5EECEC2C2_OODLE_AUTODXT_11_602D1A644FAE113F7E7C__30EC2BA2636C343D512132FAFB9938C2F78B7B10.udd" 5772
"C:/Users/shashinda adithya/AppData/Local/UnrealEngine/Common/DerivedDataCache/1/9/8/TEXTURE_E01F4250BECD420DA9CE63B5EECEC2C2_OODLE_AUTODXT_11_602D1A644FAE113F7E7C__3E1EF4BB91D0387F2D3E1EE5B36ACB42B7D96F9D.udd" 5773
"C:/Users/shashinda adithya/AppData/Local/UnrealEngine/Common/DerivedDataCache/6/2/0/TEXTURE_E01F4250BECD420DA9CE63B5EECEC2C2_OODLE_AUTODXT_11_602D1A644FAE113F7E7C__85325970424654A6AA88544B57E581DFC2391C67.udd" 5774
"C:/Users/shashinda adithya/AppData/Local/UnrealEngine/Common/DerivedDataCache/6/2/1/TEXTURE_E01F4250BECD420DA9CE63B5EECEC2C2_OODLE_AUTODXT_11_602D1A644FAE113F7E7C__7EF710A8E66B812E4993ACEF84DC2414F95CC218.udd" 5775
"C:/Users/shashinda adithya/AppData/Local/UnrealEngine/Common/DerivedDataCache/5/8/6/TEXTURE_E01F4250BECD420DA9CE63B5EECEC2C2_OODLE_AUTODXT_11_602D1A644FAE113F7E7C__01A2FC62FD6ABDD368FA55483BA8947AD8765192.udd" 5776
"C:/Users/shashinda adithya/AppData/Local/UnrealEngine/Common/DerivedDataCache/8/2/2/TEXTURE_E01F4250BECD420DA9CE63B5EECEC2C2_OODLE_BC5_11_FC0351644C2AB2059DE21DAE__238F7673C67EA7ED95B238A2C49E9FC99343BB3D.udd" 5777
"C:/Users/shashinda adithya/AppData/Local/UnrealEngine/Common/DerivedDataCache/0/3/0/TEXTURE_E01F4250BECD420DA9CE63B5EECEC2C2_OODLE_AUTODXT_11_464602104B43A1FFDB08__2FC366CEFF6116EEE20AB0D63CD254969F611018.udd" 5778
"C:/Users/shashinda adithya/AppData/Local/UnrealEngine/Common/DerivedDataCache/8/0/2/TEXTURE_E01F4250BECD420DA9CE63B5EECEC2C2_OODLE_AUTODXT_11_464602104B43A1FFDB08__25DEC2AC93F3EC604CE7C8FC3D5E0817E84A1A29.udd" 5779
"C:/Users/shashinda adithya/AppData/Local/UnrealEngine/Common/DerivedDataCache/2/0/5/TEXTURE_E01F4250BECD420DA9CE63B5EECEC2C2_OODLE_AUTODXT_11_464602104B43A1FFDB08__584FB19FE557EDC260124C937EAFA06B556070E9.udd" 5780
"C:/Users/shashinda adithya/AppData/Local/UnrealEngine/Common/DerivedDataCache/5/1/5/TEXTURE_E01F4250BECD420DA9CE63B5EECEC2C2_OODLE_AUTODXT_11_464602104B43A1FFDB08__F2298652C869ECA697E3A040163F546E5CAEF2A0.udd" 5781
"C:/Users/shashinda adithya/AppData/Local/UnrealEngine/Common/DerivedDataCache/0/6/5/TEXTURE_E01F4250BECD420DA9CE63B5EECEC2C2_OODLE_AUTODXT_11_464602104B43A1FFDB08__3DD64FE88AAE1DBBC8911CEBC8327D54110D73E7.udd" 5782
"C:/Users/shashinda adithya/AppData/Local/UnrealEngine/Common/DerivedDataCache/8/1/0/TEXTURE_E01F4250BECD420DA9CE63B5EECEC2C2_OODLE_AUTODXT_11_464602104B43A1FFDB08__9FF634EEC6532752DEADCDE17CF4FE747725AB8E.udd" 5783
"C:/Users/shashinda adithya/AppData/Local/UnrealEngine/Common/DerivedDataCache/9/6/7/TEXTURE_E01F4250BECD420DA9CE63B5EECEC2C2_OODLE_BC5_11_49A669AC41DE5EE979736A8B__81CD9FDDA07C98327068939230D24011556DA21C.udd" 5784
"C:/Users/shashinda adithya/AppData/Local/UnrealEngine/Common/DerivedDataCache/4/5/2/TEXTURE_E01F4250BECD420DA9CE63B5EECEC2C2_OODLE_BC5_11_49A669AC41DE5EE979736A8B__D17D6C450657DF8669C38344664FCC1E97003E60.udd" 5785
"C:/Users/shashinda adithya/AppData/Local/UnrealEngine/Common/DerivedDataCache/8/0/9/TEXTURE_E01F4250BECD420DA9CE63B5EECEC2C2_OODLE_BC5_11_49A669AC41DE5EE979736A8B__BB87BF63ABB1158480847CDF33229188B53B2D95.udd" 5786
"C:/Users/shashinda adithya/AppData/Local/UnrealEngine/Common/DerivedDataCache/1/1/5/TEXTURE_E01F4250BECD420DA9CE63B5EECEC2C2_OODLE_BC5_11_49A669AC41DE5EE979736A8B__55647CA48A18312376C514384279C6F42F082226.udd" 5787
"C:/Users/shashinda adithya/AppData/Local/UnrealEngine/Common/DerivedDataCache/5/2/2/TEXTURE_E01F4250BECD420DA9CE63B5EECEC2C2_OODLE_BC5_11_49A669AC41DE5EE979736A8B__5EEDCEC49C4FC25EE4854F9CD68145187BD4B481.udd" 5788
"C:/Users/shashinda adithya/AppData/Local/UnrealEngine/Common/DerivedDataCache/1/5/2/TEXTURE_E01F4250BECD420DA9CE63B5EECEC2C2_OODLE_BC5_11_49A669AC41DE5EE979736A8B__7408E6AA4540EAD30857365D4E3CEF8E33625215.udd" 5789
"C:/Users/shashinda adithya/AppData/Local/UnrealEngine/Common/DerivedDataCache/1/2/1/TEXTURE_E01F4250BECD420DA9CE63B5EECEC2C2_OODLE_AUTODXT_11_23FA39AF4A9F6AB79D5E__70AB4E70007D72A4E0F044F996C881A237809E2A.udd" 5790
"C:/Users/shashinda adithya/AppData/Local/UnrealEngine/Common/DerivedDataCache/2/7/4/TEXTURE_E01F4250BECD420DA9CE63B5EECEC2C2_OODLE_AUTODXT_11_23FA39AF4A9F6AB79D5E__6D2AB74668E91BBB9753BE86E9285525A0705905.udd" 5791
"C:/Users/shashinda adithya/AppData/Local/UnrealEngine/Common/DerivedDataCache/8/1/7/TEXTURE_E01F4250BECD420DA9CE63B5EECEC2C2_OODLE_AUTODXT_11_23FA39AF4A9F6AB79D5E__1054043B0FF46A5D94C1DB2D38EE50AB3C9E6797.udd" 5792
"C:/Users/shashinda adithya/AppData/Local/UnrealEngine/Common/DerivedDataCache/4/4/7/TEXTURE_E01F4250BECD420DA9CE63B5EECEC2C2_OODLE_AUTODXT_11_23FA39AF4A9F6AB79D5E__F2DA54C5B3968A5A84B4563D423C026E0501176B.udd" 5793
"C:/Users/shashinda adithya/AppData/Local/UnrealEngine/Common/DerivedDataCache/6/9/2/TEXTURE_E01F4250BECD420DA9CE63B5EECEC2C2_OODLE_AUTODXT_11_23FA39AF4A9F6AB79D5E__F1A2B2E79F06D688A15838BBA4F6E455F9732CD0.udd" 5794
"C:/Users/shashinda adithya/AppData/Local/UnrealEngine/Common/DerivedDataCache/8/2/0/TEXTURE_E01F4250BECD420DA9CE63B5EECEC2C2_OODLE_AUTODXT_11_23FA39AF4A9F6AB79D5E__90ACA894477683FC51FFE0D5E856A01D326C13C4.udd" 5795
"C:/Users/shashinda adithya/AppData/Local/UnrealEngine/Common/DerivedDataCache/4/1/9/TEXTURE_E01F4250BECD420DA9CE63B5EECEC2C2_OODLE_AUTODXT_11_4BF98A9F44B5C8C044DA__8523C1EE12C9337E6EBB397DFC24CDD43F13CCF6.udd" 5796
"C:/Users/shashinda adithya/AppData/Local/UnrealEngine/Common/DerivedDataCache/6/3/9/TEXTURE_E01F4250BECD420DA9CE63B5EECEC2C2_OODLE_AUTODXT_11_4BF98A9F44B5C8C044DA__D663DDD41D32F9F218D1CC3287EBE8C94EC6D258.udd" 5797
"C:/Users/shashinda adithya/AppData/Local/UnrealEngine/Common/DerivedDataCache/7/9/5/TEXTURE_E01F4250BECD420DA9CE63B5EECEC2C2_OODLE_AUTODXT_11_4BF98A9F44B5C8C044DA__154D068B0B3113D1141F229EAFB2531812F07B28.udd" 5798
"C:/Users/shashinda adithya/AppData/Local/UnrealEngine/Common/DerivedDataCache/0/2/6/TEXTURE_E01F4250BECD420DA9CE63B5EECEC2C2_OODLE_AUTODXT_11_4BF98A9F44B5C8C044DA__85AB3CC1C0A7C0795CA73C800FCC67E2C691F19E.udd" 5799
"C:/Users/shashinda adithya/AppData/Local/UnrealEngine/Common/DerivedDataCache/1/5/7/TEXTURE_E01F4250BECD420DA9CE63B5EECEC2C2_OODLE_AUTODXT_11_4BF98A9F44B5C8C044DA__ADED97D8408B07CB53B4528735FA7E8B5E0AB9B2.udd" 5800
"C:/Users/shashinda adithya/AppData/Local/UnrealEngine/Common/DerivedDataCache/6/2/7/TEXTURE_E01F4250BECD420DA9CE63B5EECEC2C2_OODLE_AUTODXT_11_4BF98A9F44B5C8C044DA__F9EDCDC49863F2A79897057D7F2C55ED1A47EBFE.udd" 5801
"C:/Users/shashinda adithya/AppData/Local/UnrealEngine/Common/DerivedDataCache/9/8/0/TEXTURE_E01F4250BECD420DA9CE63B5EECEC2C2_OODLE_BC5_11_006247044F75E3EB463B9C9A__AFF4E5DA5F5F9D0A31E29871735651F6A806A10A.udd" 5802
"C:/Users/shashinda adithya/AppData/Local/UnrealEngine/Common/DerivedDataCache/9/2/6/TEXTURE_E01F4250BECD420DA9CE63B5EECEC2C2_OODLE_BC5_11_006247044F75E3EB463B9C9A__83179CDB0B822E228B19F7527C5085F2BC5D9714.udd" 5803
"C:/Users/shashinda adithya/AppData/Local/UnrealEngine/Common/DerivedDataCache/5/1/4/TEXTURE_E01F4250BECD420DA9CE63B5EECEC2C2_OODLE_BC5_11_006247044F75E3EB463B9C9A__9AB79A02AC54CBCA52A7C07DBFF4FA0E665BB85B.udd" 5804
"C:/Users/shashinda adithya/AppData/Local/UnrealEngine/Common/DerivedDataCache/6/2/7/TEXTURE_E01F4250BECD420DA9CE63B5EECEC2C2_OODLE_BC5_11_006247044F75E3EB463B9C9A__9777F29590EE08CC74B3D252CB3FAE720A20B6E2.udd" 5805
"C:/Users/shashinda adithya/AppData/Local/UnrealEngine/Common/DerivedDataCache/8/2/1/TEXTURE_E01F4250BECD420DA9CE63B5EECEC2C2_OODLE_BC5_11_006247044F75E3EB463B9C9A__A4258D78B9F3D4686AB8063CAA8C013EF5C47EB5.udd" 5806
"C:/Users/shashinda adithya/AppData/Local/UnrealEngine/Common/DerivedDataCache/7/9/4/TEXTURE_E01F4250BECD420DA9CE63B5EECEC2C2_OODLE_BC5_11_006247044F75E3EB463B9C9A__92D5201B077A555F45F3530A39D7323473D7DD79.udd" 5807
"C:/Users/shashinda adithya/AppData/Local/UnrealEngine/Common/DerivedDataCache/2/1/7/TEXTURE_E01F4250BECD420DA9CE63B5EECEC2C2_OODLE_AUTODXT_11_348ECB174B39016A4F39__5E8D31F50098C1BE49B8B3298ADCB314BE476057.udd" 5808
"C:/Users/shashinda adithya/AppData/Local/UnrealEngine/Common/DerivedDataCache/0/3/3/TEXTURE_E01F4250BECD420DA9CE63B5EECEC2C2_OODLE_AUTODXT_11_348ECB174B39016A4F39__FEC73772A46EBBF6CF3C59178927C63836B1421E.udd" 5809
"C:/Users/shashinda adithya/AppData/Local/UnrealEngine/Common/DerivedDataCache/9/1/1/TEXTURE_E01F4250BECD420DA9CE63B5EECEC2C2_OODLE_AUTODXT_11_348ECB174B39016A4F39__04732254C14745D162E875580E19FB24AF9EED49.udd" 5810
"C:/Users/shashinda adithya/AppData/Local/UnrealEngine/Common/DerivedDataCache/0/8/7/TEXTURE_E01F4250BECD420DA9CE63B5EECEC2C2_OODLE_AUTODXT_11_348ECB174B39016A4F39__7CF8DB390AAE4BD5D34AC519EF08DFBFD1D07793.udd" 5811
"C:/Users/shashinda adithya/AppData/Local/UnrealEngine/Common/DerivedDataCache/5/6/5/TEXTURE_E01F4250BECD420DA9CE63B5EECEC2C2_OODLE_AUTODXT_11_348ECB174B39016A4F39__FCB39056C159FAF56D4899A38BFCACB5AA091D3C.udd" 5812
"C:/Users/shashinda adithya/AppData/Local/UnrealEngine/Common/DerivedDataCache/0/9/8/TEXTURE_E01F4250BECD420DA9CE63B5EECEC2C2_OODLE_AUTODXT_11_348ECB174B39016A4F39__8A8C46191B3A5B591612BE3802B64457E0A6B824.udd" 5813
"C:/Users/shashinda adithya/AppData/Local/UnrealEngine/Common/DerivedDataCache/7/4/8/TEXTURE_E01F4250BECD420DA9CE63B5EECEC2C2_OODLE_AUTODXT_11_334892394EBCC4E23A77__488B10C2792D0ED9229FD8272ED3C6C8035298B2.udd" 5814
"C:/Users/shashinda adithya/AppData/Local/UnrealEngine/Common/DerivedDataCache/1/5/4/TEXTURE_E01F4250BECD420DA9CE63B5EECEC2C2_OODLE_AUTODXT_11_334892394EBCC4E23A77__29E5FDA8021BD77365EB88EAE55F16EC14B647C5.udd" 5815
"C:/Users/shashinda adithya/AppData/Local/UnrealEngine/Common/DerivedDataCache/8/0/3/TEXTURE_E01F4250BECD420DA9CE63B5EECEC2C2_OODLE_AUTODXT_11_334892394EBCC4E23A77__91EFA6866A073BA1F843CEC26B700DED8F3A9D51.udd" 5816
"C:/Users/shashinda adithya/AppData/Local/UnrealEngine/Common/DerivedDataCache/6/6/4/TEXTURE_E01F4250BECD420DA9CE63B5EECEC2C2_OODLE_AUTODXT_11_334892394EBCC4E23A77__676739AABB2F6D3B5ED690B2691667251DE4B2BE.udd" 5817
"C:/Users/shashinda adithya/AppData/Local/UnrealEngine/Common/DerivedDataCache/2/7/5/TEXTURE_E01F4250BECD420DA9CE63B5EECEC2C2_OODLE_AUTODXT_11_334892394EBCC4E23A77__FAB818BBDD2D678167C4E21A11D96EEC8F8266A7.udd" 5818
"C:/Users/shashinda adithya/AppData/Local/UnrealEngine/Common/DerivedDataCache/2/6/8/TEXTURE_E01F4250BECD420DA9CE63B5EECEC2C2_OODLE_AUTODXT_11_334892394EBCC4E23A77__D577D1540B581622C7CC3DE59C7BC834B53DD137.udd" 5819
"C:/Users/shashinda adithya/AppData/Local/UnrealEngine/Common/DerivedDataCache/6/6/5/TEXTURE_E01F4250BECD420DA9CE63B5EECEC2C2_OODLE_BC5_11_7DD1278542C30521C9C5829B__CF7A0B84DF9E1B0E99E4E27816C83AA7217989AA.udd" 5820
"C:/Users/shashinda adithya/AppData/Local/UnrealEngine/Common/DerivedDataCache/4/3/2/TEXTURE_E01F4250BECD420DA9CE63B5EECEC2C2_OODLE_BC5_11_7DD1278542C30521C9C5829B__C57072CAB8C6AC3A5249B49ADDF9C72F6C4B8E7A.udd" 5821
"C:/Users/shashinda adithya/AppData/Local/UnrealEngine/Common/DerivedDataCache/0/3/4/TEXTURE_E01F4250BECD420DA9CE63B5EECEC2C2_OODLE_BC5_11_7DD1278542C30521C9C5829B__E8B6D43B0E8119390D44850898EAEDC4C8E82577.udd" 5822
"C:/Users/shashinda adithya/AppData/Local/UnrealEngine/Common/DerivedDataCache/7/3/3/TEXTURE_E01F4250BECD420DA9CE63B5EECEC2C2_OODLE_BC5_11_7DD1278542C30521C9C5829B__511504D4FE9874A583C536C30B9A2E2E59A5A0B6.udd" 5823
"C:/Users/shashinda adithya/AppData/Local/UnrealEngine/Common/DerivedDataCache/4/9/6/TEXTURE_E01F4250BECD420DA9CE63B5EECEC2C2_OODLE_BC5_11_7DD1278542C30521C9C5829B__0D1585EB479D414C99FDDFEA7B44C2387DC2E485.udd" 5824
"C:/Users/shashinda adithya/AppData/Local/UnrealEngine/Common/DerivedDataCache/7/6/9/TEXTURE_E01F4250BECD420DA9CE63B5EECEC2C2_OODLE_BC5_11_7DD1278542C30521C9C5829B__5B388519538524B3208837386DB73EC677EB4036.udd" 5825
"C:/Users/shashinda adithya/AppData/Local/UnrealEngine/Common/DerivedDataCache/6/3/2/TEXTURE_E01F4250BECD420DA9CE63B5EECEC2C2_OODLE_AUTODXT_11_0ABC4FEF40CDFB4EFEC5__6955B2E0EED69E9BAC8BDEF93F8D11B6F1A206DF.udd" 5826
"C:/Users/shashinda adithya/AppData/Local/UnrealEngine/Common/DerivedDataCache/1/5/3/TEXTURE_E01F4250BECD420DA9CE63B5EECEC2C2_OODLE_AUTODXT_11_0ABC4FEF40CDFB4EFEC5__4F6ED7B1845A79FB6717990C5C8EBE41137E75D8.udd" 5827
"C:/Users/shashinda adithya/AppData/Local/UnrealEngine/Common/DerivedDataCache/5/0/6/TEXTURE_E01F4250BECD420DA9CE63B5EECEC2C2_OODLE_AUTODXT_11_0ABC4FEF40CDFB4EFEC5__85CCB800A48F869E6A7848E7E0E39CE5F919DF0C.udd" 5828
"C:/Users/shashinda adithya/AppData/Local/UnrealEngine/Common/DerivedDataCache/8/7/7/TEXTURE_E01F4250BECD420DA9CE63B5EECEC2C2_OODLE_AUTODXT_11_0ABC4FEF40CDFB4EFEC5__5AF0BECF5D32D998630E4AA38B3007838884A60C.udd" 5829
"C:/Users/shashinda adithya/AppData/Local/UnrealEngine/Common/DerivedDataCache/7/9/0/TEXTURE_E01F4250BECD420DA9CE63B5EECEC2C2_OODLE_AUTODXT_11_902BF52E4BEB1EADB2C1__1F5F13943B5BB52F1A74978D28399139D5529A3E.udd" 5830
"C:/Users/shashinda adithya/AppData/Local/UnrealEngine/Common/DerivedDataCache/6/2/8/TEXTURE_E01F4250BECD420DA9CE63B5EECEC2C2_OODLE_AUTODXT_11_0ABC4FEF40CDFB4EFEC5__44887CF7B41A1F49F698C59EC1B4774249F290CC.udd" 5831
"C:/Users/shashinda adithya/AppData/Local/UnrealEngine/Common/DerivedDataCache/5/4/5/TEXTURE_E01F4250BECD420DA9CE63B5EECEC2C2_OODLE_AUTODXT_11_902BF52E4BEB1EADB2C1__41F25FDB5E93DB03DAD6C3135D786448FCA95AE4.udd" 5832
"C:/Users/shashinda adithya/AppData/Local/UnrealEngine/Common/DerivedDataCache/0/1/0/TEXTURE_E01F4250BECD420DA9CE63B5EECEC2C2_OODLE_AUTODXT_11_0ABC4FEF40CDFB4EFEC5__3B9793D62C35FB45BA7FFDD26F9945B53E89DBE6.udd" 5833
"C:/Users/shashinda adithya/AppData/Local/UnrealEngine/Common/DerivedDataCache/3/2/8/TEXTURE_E01F4250BECD420DA9CE63B5EECEC2C2_OODLE_AUTODXT_11_902BF52E4BEB1EADB2C1__357C8F4A7CDB088CC71E775608F8AD87A8A6F91A.udd" 5834
"C:/Users/shashinda adithya/AppData/Local/UnrealEngine/Common/DerivedDataCache/4/8/8/TEXTURE_E01F4250BECD420DA9CE63B5EECEC2C2_OODLE_AUTODXT_11_902BF52E4BEB1EADB2C1__A0B10096B5DBC56F7837189118E0174CCF2D2D7E.udd" 5835
"C:/Users/shashinda adithya/AppData/Local/UnrealEngine/Common/DerivedDataCache/8/0/4/TEXTURE_E01F4250BECD420DA9CE63B5EECEC2C2_OODLE_AUTODXT_11_902BF52E4BEB1EADB2C1__B92F9A6709BC27C303E2B8CBA76BE1CCB7385E04.udd" 5836
"C:/Users/shashinda adithya/AppData/Local/UnrealEngine/Common/DerivedDataCache/6/3/8/TEXTURE_E01F4250BECD420DA9CE63B5EECEC2C2_OODLE_AUTODXT_11_42A319C84254BAC05560__6E3A7FD474789447FC4194806B735C239ACF14B2.udd" 5837
"C:/Users/shashinda adithya/AppData/Local/UnrealEngine/Common/DerivedDataCache/3/6/3/TEXTURE_E01F4250BECD420DA9CE63B5EECEC2C2_OODLE_AUTODXT_11_42A319C84254BAC05560__EAA55B786ED5911A3A2D041145729707CE3A274B.udd" 5838
"C:/Users/shashinda adithya/AppData/Local/UnrealEngine/Common/DerivedDataCache/1/8/5/TEXTURE_E01F4250BECD420DA9CE63B5EECEC2C2_OODLE_AUTODXT_11_42A319C84254BAC05560__6BCDA12208DF761E3EF0BDA9D421998F11F56EBE.udd" 5839
"C:/Users/shashinda adithya/AppData/Local/UnrealEngine/Common/DerivedDataCache/3/6/1/TEXTURE_E01F4250BECD420DA9CE63B5EECEC2C2_OODLE_AUTODXT_11_42A319C84254BAC05560__96401553B6923F3BA5428EEA99C6EE64E9714A06.udd" 5840
"C:/Users/shashinda adithya/AppData/Local/UnrealEngine/Common/DerivedDataCache/9/6/2/TEXTURE_E01F4250BECD420DA9CE63B5EECEC2C2_OODLE_AUTODXT_11_42A319C84254BAC05560__BAD5507E881501CF75617617A015AFE9F37E0F4C.udd" 5841
"C:/Users/shashinda adithya/AppData/Local/UnrealEngine/Common/DerivedDataCache/7/9/9/TEXTURE_E01F4250BECD420DA9CE63B5EECEC2C2_OODLE_AUTODXT_11_562A298E4E2112E3F823__48B628C6B3176541DC80FBC7385E057F9B4C8236.udd" 5842
"C:/Users/shashinda adithya/AppData/Local/UnrealEngine/Common/DerivedDataCache/0/1/9/TEXTURE_E01F4250BECD420DA9CE63B5EECEC2C2_OODLE_DXT1_11_C154467B4C8815060E6C909__5A2B59F87964CD8B9F5709C6920A6169FBEE17D1.udd" 5843
"C:/Users/shashinda adithya/AppData/Local/UnrealEngine/Common/DerivedDataCache/8/8/3/TEXTURE_E01F4250BECD420DA9CE63B5EECEC2C2_OODLE_DXT1_11_30D2378C4E33C427514701B__BE06445DC4A13CADFCCE84DA5A866F034847861C.udd" 5844
"C:/Users/shashinda adithya/AppData/Local/UnrealEngine/Common/DerivedDataCache/3/4/6/TEXTURE_E01F4250BECD420DA9CE63B5EECEC2C2_OODLE_DXT1_11_C154467B4C8815060E6C909__A8F8C587CC481A1BDF4526A87B3CC86E0466E001.udd" 5845
"C:/Users/shashinda adithya/AppData/Local/UnrealEngine/Common/DerivedDataCache/2/9/8/TEXTURE_E01F4250BECD420DA9CE63B5EECEC2C2_OODLE_DXT1_11_30D2378C4E33C427514701B__106B22F6B8D707529BD3175EBD1D10304AB46F79.udd" 5846
"C:/Users/shashinda adithya/AppData/Local/UnrealEngine/Common/DerivedDataCache/1/6/7/TEXTURE_E01F4250BECD420DA9CE63B5EECEC2C2_OODLE_DXT1_11_7ACD17744351E54142AAA38__5E259DD0528BA519AF81F2615043FD11785DF3C4.udd" 5847
"C:/Users/shashinda adithya/AppData/Local/UnrealEngine/Common/DerivedDataCache/7/0/3/TEXTURE_E01F4250BECD420DA9CE63B5EECEC2C2_OODLE_DXT1_11_30D2378C4E33C427514701B__9C53D2149558EF664C390BBFE8906BC956CB6112.udd" 5848
"C:/Users/shashinda adithya/AppData/Local/UnrealEngine/Common/DerivedDataCache/9/4/0/TEXTURE_E01F4250BECD420DA9CE63B5EECEC2C2_OODLE_DXT1_11_30D2378C4E33C427514701B__35B58F3C65CC2F62721A679EF80A39029A59E9F7.udd" 5849
"C:/Users/shashinda adithya/AppData/Local/UnrealEngine/Common/DerivedDataCache/6/2/2/TEXTURE_E01F4250BECD420DA9CE63B5EECEC2C2_OODLE_DXT1_11_30D2378C4E33C427514701B__F79452BFEFDE1596F0A62F85AD19A34A232FE93F.udd" 5850
"C:/Users/shashinda adithya/AppData/Local/UnrealEngine/Common/DerivedDataCache/9/3/7/TEXTURE_E01F4250BECD420DA9CE63B5EECEC2C2_OODLE_DXT1_11_C154467B4C8815060E6C909__C11D8359410EDEDF9607071238994DF9ADFCD6EA.udd" 5851
"C:/Users/shashinda adithya/AppData/Local/UnrealEngine/Common/DerivedDataCache/5/6/3/TEXTURE_E01F4250BECD420DA9CE63B5EECEC2C2_OODLE_DXT1_11_C154467B4C8815060E6C909__5CAF3A4396A07C09FB1AA0B758C2B0976F1CF6DF.udd" 5852
"C:/Users/shashinda adithya/AppData/Local/UnrealEngine/Common/DerivedDataCache/3/1/4/TEXTURE_E01F4250BECD420DA9CE63B5EECEC2C2_OODLE_DXT1_11_C154467B4C8815060E6C909__285BB4BC9E9A36B91055B757119DAF6D13BF19A8.udd" 5853
"C:/Users/shashinda adithya/AppData/Local/UnrealEngine/Common/DerivedDataCache/8/0/6/TEXTURE_E01F4250BECD420DA9CE63B5EECEC2C2_OODLE_AUTODXT_11_96BA039F475040D6F3D3__C65206BB1B79FA47A7F657D38340370B67359764.udd" 5854
"C:/Users/shashinda adithya/AppData/Local/UnrealEngine/Common/DerivedDataCache/1/3/2/TEXTURE_E01F4250BECD420DA9CE63B5EECEC2C2_OODLE_AUTODXT_11_96BA039F475040D6F3D3__F0AAC4F9173C9A281FA848C617424478BB6D5201.udd" 5855
"C:/Users/shashinda adithya/AppData/Local/UnrealEngine/Common/DerivedDataCache/2/4/7/TEXTURE_E01F4250BECD420DA9CE63B5EECEC2C2_OODLE_AUTODXT_11_96BA039F475040D6F3D3__BBA198850A022B5971C2AC5976117F2AF8004903.udd" 5856
"C:/Users/shashinda adithya/AppData/Local/UnrealEngine/Common/DerivedDataCache/9/4/5/TEXTURE_E01F4250BECD420DA9CE63B5EECEC2C2_OODLE_AUTODXT_11_96BA039F475040D6F3D3__BDED9C6C84F733FF0E316DADFA2A120279F7F051.udd" 5857
"C:/Users/shashinda adithya/AppData/Local/UnrealEngine/Common/DerivedDataCache/5/6/3/TEXTURE_E01F4250BECD420DA9CE63B5EECEC2C2_OODLE_AUTODXT_11_96BA039F475040D6F3D3__2120369C002EE7FF05A45DED83F67024DB968F09.udd" 5858
"C:/Users/shashinda adithya/AppData/Local/UnrealEngine/Common/DerivedDataCache/5/9/3/TEXTURE_E01F4250BECD420DA9CE63B5EECEC2C2_OODLE_AUTODXT_11_96BA039F475040D6F3D3__42BFC776C348149286F9CD2C6C095333FFE03ED0.udd" 5859
"C:/Users/shashinda adithya/AppData/Local/UnrealEngine/Common/DerivedDataCache/5/2/6/TEXTURE_E01F4250BECD420DA9CE63B5EECEC2C2_OODLE_BC5_11_3E0312D349E8D4566B8A18B8__A5D97ECAB2C948205016D21E632E57299AE16277.udd" 5860
"C:/Users/shashinda adithya/AppData/Local/UnrealEngine/Common/DerivedDataCache/7/2/3/TEXTURE_E01F4250BECD420DA9CE63B5EECEC2C2_OODLE_BC5_11_3E0312D349E8D4566B8A18B8__1941285768E260A504F3411313529ABC35CDAB27.udd" 5861
"C:/Users/shashinda adithya/AppData/Local/UnrealEngine/Common/DerivedDataCache/1/5/8/TEXTURE_E01F4250BECD420DA9CE63B5EECEC2C2_OODLE_BC5_11_3E0312D349E8D4566B8A18B8__FC6BA5AFC8F87B08F084058C327A45D0D435C99C.udd" 5862
"C:/Users/shashinda adithya/AppData/Local/UnrealEngine/Common/DerivedDataCache/9/1/4/TEXTURE_E01F4250BECD420DA9CE63B5EECEC2C2_OODLE_BC5_11_3E0312D349E8D4566B8A18B8__C89E6507A0E33ACA030B99ED425AC846D96BB531.udd" 5863
"C:/Users/shashinda adithya/AppData/Local/UnrealEngine/Common/DerivedDataCache/5/3/1/TEXTURE_E01F4250BECD420DA9CE63B5EECEC2C2_OODLE_BC5_11_3E0312D349E8D4566B8A18B8__ACD6ADDD2639B656FE8E416EA32268DD3E943918.udd" 5864
"C:/Users/shashinda adithya/AppData/Local/UnrealEngine/Common/DerivedDataCache/0/7/6/TEXTURE_E01F4250BECD420DA9CE63B5EECEC2C2_OODLE_BC5_11_3E0312D349E8D4566B8A18B8__8AC7FC9EA88E648E503A6784DEBB58AD1A6B6662.udd" 5865
"C:/Users/shashinda adithya/AppData/Local/UnrealEngine/Common/DerivedDataCache/5/6/3/TEXTURE_E01F4250BECD420DA9CE63B5EECEC2C2_OODLE_AUTODXT_11_2F9517E147BCF9DDC5C5__F0A9742D3593D26B2C96931F93C35C7E1FE70AD8.udd" 5866
"C:/Users/shashinda adithya/AppData/Local/UnrealEngine/Common/DerivedDataCache/3/2/1/TEXTURE_E01F4250BECD420DA9CE63B5EECEC2C2_OODLE_AUTODXT_11_2F9517E147BCF9DDC5C5__37DFAC4B14B7D23273AEA242D4638495A9221E20.udd" 5867
"C:/Users/shashinda adithya/AppData/Local/UnrealEngine/Common/DerivedDataCache/9/9/6/TEXTURE_E01F4250BECD420DA9CE63B5EECEC2C2_OODLE_AUTODXT_11_2F9517E147BCF9DDC5C5__4C6A2B9BF194B8C253FB97CBE778E45B37EC818A.udd" 5868
"C:/Users/shashinda adithya/AppData/Local/UnrealEngine/Common/DerivedDataCache/2/6/2/TEXTURE_E01F4250BECD420DA9CE63B5EECEC2C2_OODLE_AUTODXT_11_2F9517E147BCF9DDC5C5__071DAE468596327F4CCA8BE4429C17D236F0B2D0.udd" 5869
"C:/Users/shashinda adithya/AppData/Local/UnrealEngine/Common/DerivedDataCache/4/4/8/TEXTURE_E01F4250BECD420DA9CE63B5EECEC2C2_OODLE_AUTODXT_11_2F9517E147BCF9DDC5C5__E422C2D88CA7AD303360283CBE8857B06A1EF2A9.udd" 5870
"C:/Users/shashinda adithya/AppData/Local/UnrealEngine/Common/DerivedDataCache/9/4/7/TEXTURE_E01F4250BECD420DA9CE63B5EECEC2C2_OODLE_AUTODXT_11_2F9517E147BCF9DDC5C5__0B3BF87A61FEE8D8E8B0E6743861D7ABA573DFDD.udd" 5871
"C:/Users/shashinda adithya/AppData/Local/UnrealEngine/Common/DerivedDataCache/8/3/8/TEXTURE_E01F4250BECD420DA9CE63B5EECEC2C2_OODLE_AUTODXT_11_ED9CA7C74BDFD1125ACF__091E7D26CADC30763850AE8BC31C060DCC4C3B09.udd" 5872
"C:/Users/shashinda adithya/AppData/Local/UnrealEngine/Common/DerivedDataCache/9/8/3/TEXTURE_E01F4250BECD420DA9CE63B5EECEC2C2_OODLE_AUTODXT_11_752DB038464AD66961B0__2E7AF3B3C1084A4227F8613F90B8E6D41C1EF3CC.udd" 5873
"C:/Users/shashinda adithya/AppData/Local/UnrealEngine/Common/DerivedDataCache/4/4/7/TEXTURE_E01F4250BECD420DA9CE63B5EECEC2C2_OODLE_DXT1_11_B8C98D2D485D3C4339BF139__FF243D95D1F1AC31EA8A99BD7F4FA391C158AE37.udd" 5874
"C:/Users/shashinda adithya/AppData/Local/UnrealEngine/Common/DerivedDataCache/2/6/4/TEXTURE_E01F4250BECD420DA9CE63B5EECEC2C2_OODLE_AUTODXT_11_ED9CA7C74BDFD1125ACF__3B8118FD1115E74B98B66678D2A07E74F6185C5B.udd" 5875
"C:/Users/shashinda adithya/AppData/Local/UnrealEngine/Common/DerivedDataCache/8/8/5/TEXTURE_E01F4250BECD420DA9CE63B5EECEC2C2_OODLE_AUTODXT_11_ED9CA7C74BDFD1125ACF__5A01A1A7DFE40F11EAF0D6E019D70E0B9E9C616E.udd" 5876
"C:/Users/shashinda adithya/AppData/Local/UnrealEngine/Common/DerivedDataCache/8/5/4/TEXTURE_E01F4250BECD420DA9CE63B5EECEC2C2_OODLE_AUTODXT_11_752DB038464AD66961B0__30D80EC68987CE6DE198208B4C4F22463B77CD29.udd" 5877
"C:/Users/shashinda adithya/AppData/Local/UnrealEngine/Common/DerivedDataCache/6/8/2/TEXTURE_E01F4250BECD420DA9CE63B5EECEC2C2_OODLE_DXT1_11_B8C98D2D485D3C4339BF139__538604ADA0A98AFF652E74A69099AC618ADA2ACA.udd" 5878
"C:/Users/shashinda adithya/AppData/Local/UnrealEngine/Common/DerivedDataCache/3/8/6/TEXTURE_E01F4250BECD420DA9CE63B5EECEC2C2_OODLE_AUTODXT_11_752DB038464AD66961B0__571E2246397FE97968DF0FF7A676CC82BC0420B7.udd" 5879
"C:/Users/shashinda adithya/AppData/Local/UnrealEngine/Common/DerivedDataCache/0/8/6/TEXTURE_E01F4250BECD420DA9CE63B5EECEC2C2_OODLE_AUTODXT_11_752DB038464AD66961B0__69100435496233F04AE9642BF09ADF6551A82FB1.udd" 5880
"C:/Users/shashinda adithya/AppData/Local/UnrealEngine/Common/DerivedDataCache/7/1/9/TEXTURE_E01F4250BECD420DA9CE63B5EECEC2C2_OODLE_AUTODXT_11_752DB038464AD66961B0__70D8F40FD5AC8A764C48C17FE8BF3BEE93994AED.udd" 5881
"C:/Users/shashinda adithya/AppData/Local/UnrealEngine/Common/DerivedDataCache/8/3/4/TEXTURE_E01F4250BECD420DA9CE63B5EECEC2C2_OODLE_AUTODXT_11_ED9CA7C74BDFD1125ACF__303A6BDC7895F2BC53CE655A88B3B5648E37B808.udd" 5882
"C:/Users/shashinda adithya/AppData/Local/UnrealEngine/Common/DerivedDataCache/5/2/7/TEXTURE_E01F4250BECD420DA9CE63B5EECEC2C2_OODLE_DXT1_11_B8C98D2D485D3C4339BF139__1C85AF02BD516BEA2D3B774F4B018AA48BDBF9B0.udd" 5883
"C:/Users/shashinda adithya/AppData/Local/UnrealEngine/Common/DerivedDataCache/3/4/3/TEXTURE_E01F4250BECD420DA9CE63B5EECEC2C2_OODLE_AUTODXT_11_ED9CA7C74BDFD1125ACF__B691BBF7BECF40D65B34B9DA971495E572200478.udd" 5884
"C:/Users/shashinda adithya/AppData/Local/UnrealEngine/Common/DerivedDataCache/4/1/2/TEXTURE_E01F4250BECD420DA9CE63B5EECEC2C2_OODLE_DXT1_11_B8C98D2D485D3C4339BF139__A7AFD7869C50B418DB680192E7A79CB590C2BC43.udd" 5885
"C:/Users/shashinda adithya/AppData/Local/UnrealEngine/Common/DerivedDataCache/2/3/9/TEXTURE_E01F4250BECD420DA9CE63B5EECEC2C2_OODLE_DXT1_11_9194000A4667A7ED6321A08__C5C367EBC73ECD1F8F2631E95F69AEC9681CAE5F.udd" 5886
"C:/Users/shashinda adithya/AppData/Local/UnrealEngine/Common/DerivedDataCache/9/3/7/TEXTURE_E01F4250BECD420DA9CE63B5EECEC2C2_OODLE_DXT1_11_B8C98D2D485D3C4339BF139__44F22D8298C7CBACAEC3F1E770F15D5B8C73D62C.udd" 5887
"C:/Users/shashinda adithya/AppData/Local/UnrealEngine/Common/DerivedDataCache/6/7/6/TEXTURE_E01F4250BECD420DA9CE63B5EECEC2C2_OODLE_DXT1_11_9194000A4667A7ED6321A08__9489CD364A15143D750387900F8A10F559B046C6.udd" 5888
"C:/Users/shashinda adithya/AppData/Local/UnrealEngine/Common/DerivedDataCache/0/6/5/TEXTURE_E01F4250BECD420DA9CE63B5EECEC2C2_OODLE_DXT1_11_9194000A4667A7ED6321A08__0E86FAF15D13227A7E11593494DCD20CF94FABD5.udd" 5889
"C:/Users/shashinda adithya/AppData/Local/UnrealEngine/Common/DerivedDataCache/9/8/4/TEXTURE_E01F4250BECD420DA9CE63B5EECEC2C2_OODLE_DXT1_11_9194000A4667A7ED6321A08__4C551B7D6A74890AB01CD1964D6396EECED84D2E.udd" 5890
"C:/Users/shashinda adithya/AppData/Local/UnrealEngine/Common/DerivedDataCache/7/2/7/TEXTURE_E01F4250BECD420DA9CE63B5EECEC2C2_OODLE_DXT1_11_9194000A4667A7ED6321A08__5F4585942C48E919BAF21E4BE586DEA8FFDF9AFF.udd" 5891
"C:/Users/shashinda adithya/AppData/Local/UnrealEngine/Common/DerivedDataCache/1/8/3/MATSM_0BA69734E4FD45E082FA4560DBE25454_PCD3D_SM5_8__BC5N_NOCCBN_NOIRIS_DEV_SL___FB1D92550E04F4240A9F0038F93945DD0EBD43DE.udd" 5892
"C:/Users/shashinda adithya/AppData/Local/UnrealEngine/Common/DerivedDataCache/8/1/8/TEXTURE_E01F4250BECD420DA9CE63B5EECEC2C2_OODLE_BC5_11_78B66E9C44AFE0FA588E338B__1E3DC15DFC9C0CAAEF7025E9DDE78983D7E83934.udd" 5893
"C:/Users/shashinda adithya/AppData/Local/UnrealEngine/Common/DerivedDataCache/9/0/9/TEXTURE_E01F4250BECD420DA9CE63B5EECEC2C2_OODLE_BC5_11_78B66E9C44AFE0FA588E338B__F9B9D2350FDE397DD020570875A3B45394637BFD.udd" 5894
"C:/Users/shashinda adithya/AppData/Local/UnrealEngine/Common/DerivedDataCache/0/7/7/TEXTURE_E01F4250BECD420DA9CE63B5EECEC2C2_OODLE_BC5_11_FEEEB0E94D76BF9DF3F487B9__292EE77494D4476439D13EC49BA270210374F0A4.udd" 5895
"C:/Users/shashinda adithya/AppData/Local/UnrealEngine/Common/DerivedDataCache/2/1/7/TEXTURE_E01F4250BECD420DA9CE63B5EECEC2C2_OODLE_BC5_11_FEEEB0E94D76BF9DF3F487B9__D7D863A9C57FBE763E6B1B989952EA2B266F6559.udd" 5896
"C:/Users/shashinda adithya/AppData/Local/UnrealEngine/Common/DerivedDataCache/1/0/9/TEXTURE_E01F4250BECD420DA9CE63B5EECEC2C2_OODLE_BC5_11_FEEEB0E94D76BF9DF3F487B9__5E2EE564F4424DA655CACFEE6B87B05128EE2518.udd" 5897
"C:/Users/shashinda adithya/AppData/Local/UnrealEngine/Common/DerivedDataCache/6/9/0/TEXTURE_E01F4250BECD420DA9CE63B5EECEC2C2_OODLE_BC5_11_FEEEB0E94D76BF9DF3F487B9__51178E8358F4C3C7ACB8D1AB6320DC69846EBB01.udd" 5898
"C:/Users/shashinda adithya/AppData/Local/UnrealEngine/Common/DerivedDataCache/1/7/3/TEXTURE_E01F4250BECD420DA9CE63B5EECEC2C2_OODLE_BC5_11_FEEEB0E94D76BF9DF3F487B9__697A0927BA86F7456DFBE94F6A4A6BEF0029CFF6.udd" 5899
"C:/Users/shashinda adithya/AppData/Local/UnrealEngine/Common/DerivedDataCache/6/9/6/TEXTURE_E01F4250BECD420DA9CE63B5EECEC2C2_OODLE_BC5_11_78B66E9C44AFE0FA588E338B__367113FD86EAD8838335AA96AF3716BA39AC17EC.udd" 5900
"C:/Users/shashinda adithya/AppData/Local/UnrealEngine/Common/DerivedDataCache/3/9/0/TEXTURE_E01F4250BECD420DA9CE63B5EECEC2C2_OODLE_BC5_11_FEEEB0E94D76BF9DF3F487B9__4D81A6F6C0D3924413BEDEA15B9E7FF5287D09EC.udd" 5901
"C:/Users/shashinda adithya/AppData/Local/UnrealEngine/Common/DerivedDataCache/3/2/0/TEXTURE_E01F4250BECD420DA9CE63B5EECEC2C2_OODLE_BC5_11_78B66E9C44AFE0FA588E338B__46E02F6EEF3B7BEE5BC12951E9348A881C3F2DB4.udd" 5902
"C:/Users/shashinda adithya/AppData/Local/UnrealEngine/Common/DerivedDataCache/9/1/2/MATSM_0BA69734E4FD45E082FA4560DBE25454_PCD3D_SM5_8__BC5N_NOCCBN_NOIRIS_DEV_SL___50A3AC44C58156EC1493C41EF09E89D9DF8FE073.udd" 5903
"C:/Users/shashinda adithya/AppData/Local/UnrealEngine/Common/DerivedDataCache/4/9/4/TEXTURE_E01F4250BECD420DA9CE63B5EECEC2C2_OODLE_BC5_11_78B66E9C44AFE0FA588E338B__E828B1240FC02152484B0B5FBDA7E699EED644CD.udd" 5904
"C:/Users/shashinda adithya/AppData/Local/UnrealEngine/Common/DerivedDataCache/8/7/6/TEXTURE_E01F4250BECD420DA9CE63B5EECEC2C2_OODLE_BC5_11_78B66E9C44AFE0FA588E338B__A271CF1AA641F388C4BE7D37DC891A4C6D360AF8.udd" 5905
"C:/Users/shashinda adithya/AppData/Local/UnrealEngine/Common/DerivedDataCache/8/0/0/TEXTURE_E01F4250BECD420DA9CE63B5EECEC2C2_BGRA8_4EADCB464A92DB40D7E815B11BEAD24__D7EDC7A1B89EF43D223D6BFA0F0710C8F358CF25.udd" 5906
"C:/Users/shashinda adithya/AppData/Local/UnrealEngine/Common/DerivedDataCache/7/3/6/TEXTURE_E01F4250BECD420DA9CE63B5EECEC2C2_OODLE_AUTODXT_11_F76330DC4B645697FE41__6FB6071CA608AEB9C7D6782B28F33549F11428D6.udd" 5907
"C:/Users/shashinda adithya/AppData/Local/UnrealEngine/Common/DerivedDataCache/8/7/2/TEXTURE_E01F4250BECD420DA9CE63B5EECEC2C2_OODLE_AUTODXT_11_2E6B917D40F2F2918B61__C592433979767325FA73998A5FB3D3738F622955.udd" 5908
"C:/Users/shashinda adithya/AppData/Local/UnrealEngine/Common/DerivedDataCache/1/7/4/TEXTURE_E01F4250BECD420DA9CE63B5EECEC2C2_OODLE_AUTODXT_11_2E6B917D40F2F2918B61__494E59F1359A6992E0758031604F9C4417086ABA.udd" 5909
"C:/Users/shashinda adithya/AppData/Local/UnrealEngine/Common/DerivedDataCache/8/8/8/TEXTURE_E01F4250BECD420DA9CE63B5EECEC2C2_OODLE_AUTODXT_11_2E6B917D40F2F2918B61__E1E2DB9EFD01D6A77E315CA5AA5BD9CFFDB1844D.udd" 5910
"C:/Users/shashinda adithya/AppData/Local/UnrealEngine/Common/DerivedDataCache/8/7/2/TEXTURE_E01F4250BECD420DA9CE63B5EECEC2C2_OODLE_AUTODXT_11_2E6B917D40F2F2918B61__16AA3AF794A1B5B1C4818C43AFB830CE9C87DD7E.udd" 5911
"C:/Users/shashinda adithya/AppData/Local/UnrealEngine/Common/DerivedDataCache/4/9/8/TEXTURE_E01F4250BECD420DA9CE63B5EECEC2C2_OODLE_AUTODXT_11_2E6B917D40F2F2918B61__0F56515C9875B196F0CDDE35B4E464608D5FDC63.udd" 5912
"C:/Users/shashinda adithya/AppData/Local/UnrealEngine/Common/DerivedDataCache/4/7/4/TEXTURE_E01F4250BECD420DA9CE63B5EECEC2C2_OODLE_AUTODXT_11_2E6B917D40F2F2918B61__AA982D07D9BB85B6AC3AD610DD280368805E80CD.udd" 5913
"C:/Users/shashinda adithya/AppData/Local/UnrealEngine/Common/DerivedDataCache/1/4/0/TEXTURE_E01F4250BECD420DA9CE63B5EECEC2C2_OODLE_AUTODXT_11_313BD5494B805762DD2B__28B1BEA2C4B410C854AB03C65DC4D49490272347.udd" 5914
"C:/Users/shashinda adithya/AppData/Local/UnrealEngine/Common/DerivedDataCache/2/5/6/TEXTURE_E01F4250BECD420DA9CE63B5EECEC2C2_OODLE_AUTODXT_11_313BD5494B805762DD2B__A3084D935D016F2C8FD6503107B7099C1623FC84.udd" 5915
"C:/Users/shashinda adithya/AppData/Local/UnrealEngine/Common/DerivedDataCache/4/9/1/TEXTURE_E01F4250BECD420DA9CE63B5EECEC2C2_OODLE_AUTODXT_11_313BD5494B805762DD2B__EEF943D3311A72D0C7E786C5BF04F7EB6A0585D8.udd" 5916
"C:/Users/shashinda adithya/AppData/Local/UnrealEngine/Common/DerivedDataCache/8/9/8/TEXTURE_E01F4250BECD420DA9CE63B5EECEC2C2_OODLE_AUTODXT_11_313BD5494B805762DD2B__97AEA90AB3151B241D14A1FFFFF633C09F7DFA08.udd" 5917
"C:/Users/shashinda adithya/AppData/Local/UnrealEngine/Common/DerivedDataCache/3/9/4/TEXTURE_E01F4250BECD420DA9CE63B5EECEC2C2_OODLE_AUTODXT_11_313BD5494B805762DD2B__01B48202B6C520DD36817C8CE153CE45BBAF3011.udd" 5918
"C:/Users/shashinda adithya/AppData/Local/UnrealEngine/Common/DerivedDataCache/7/8/7/TEXTURE_E01F4250BECD420DA9CE63B5EECEC2C2_OODLE_AUTODXT_11_313BD5494B805762DD2B__8677C41E46EB04B17AD42AD11C98BC406E8EF684.udd" 5919
"C:/Users/shashinda adithya/AppData/Local/UnrealEngine/Common/DerivedDataCache/9/4/1/TEXTURE_E01F4250BECD420DA9CE63B5EECEC2C2_OODLE_AUTODXT_11_313BD5494B805762DD2B__B41DFCD97F6E541C9C6F4014730D75B42C21F24A.udd" 5920
"C:/Users/shashinda adithya/AppData/Local/UnrealEngine/Common/DerivedDataCache/1/5/9/TEXTURE_E01F4250BECD420DA9CE63B5EECEC2C2_OODLE_AUTODXT_11_DCEEDC5347AF86E51CA1__10B379834A4EC4267793BEC7033D15DAC0E3EFD3.udd" 5921
"C:/Users/shashinda adithya/AppData/Local/UnrealEngine/Common/DerivedDataCache/1/3/2/TEXTURE_E01F4250BECD420DA9CE63B5EECEC2C2_OODLE_AUTODXT_11_DCEEDC5347AF86E51CA1__990A29D96C15652F30F0B325DEC037408B9ABAE9.udd" 5922
"C:/Users/shashinda adithya/AppData/Local/UnrealEngine/Common/DerivedDataCache/4/5/6/TEXTURE_E01F4250BECD420DA9CE63B5EECEC2C2_OODLE_AUTODXT_11_DCEEDC5347AF86E51CA1__0D6D86B0E77A797935BD0EF9B96DFE8E5818491A.udd" 5923
"C:/Users/shashinda adithya/AppData/Local/UnrealEngine/Common/DerivedDataCache/2/0/6/TEXTURE_E01F4250BECD420DA9CE63B5EECEC2C2_OODLE_AUTODXT_11_DCEEDC5347AF86E51CA1__FE786DA4D598FEF756653279A6234C2012C96645.udd" 5924
"C:/Users/shashinda adithya/AppData/Local/UnrealEngine/Common/DerivedDataCache/1/2/6/TEXTURE_E01F4250BECD420DA9CE63B5EECEC2C2_OODLE_AUTODXT_11_DCEEDC5347AF86E51CA1__F4CCEA7F33E47FF3148BAA3806E03590AFD12EE9.udd" 5925
"C:/Users/shashinda adithya/AppData/Local/UnrealEngine/Common/DerivedDataCache/8/1/7/TEXTURE_E01F4250BECD420DA9CE63B5EECEC2C2_OODLE_AUTODXT_11_DCEEDC5347AF86E51CA1__A5FEE45F84A49A73FBA3C161EE9871728A6A1A8D.udd" 5926
"C:/Users/shashinda adithya/AppData/Local/UnrealEngine/Common/DerivedDataCache/3/2/3/TEXTURE_E01F4250BECD420DA9CE63B5EECEC2C2_OODLE_AUTODXT_11_DCEEDC5347AF86E51CA1__BFD7002D6E2158E7A80E6CBC98CEB6BE35F2CFE1.udd" 5927
"C:/Users/shashinda adithya/AppData/Local/UnrealEngine/Common/DerivedDataCache/4/0/9/TEXTURE_E01F4250BECD420DA9CE63B5EECEC2C2_OODLE_AUTODXT_11_23538310456F327A0CF1__7D3A289B8A92AA573BB8F92C2B5A02DF80097B63.udd" 5928
"C:/Users/shashinda adithya/AppData/Local/UnrealEngine/Common/DerivedDataCache/2/9/0/TEXTURE_E01F4250BECD420DA9CE63B5EECEC2C2_OODLE_AUTODXT_11_C8749A4641EA667F2975__60B135B24723727D1539C5247BE42CC7DA9550CE.udd" 5929
"C:/Users/shashinda adithya/AppData/Local/UnrealEngine/Common/DerivedDataCache/0/3/3/TEXTURE_E01F4250BECD420DA9CE63B5EECEC2C2_OODLE_AUTODXT_11_23538310456F327A0CF1__666D877219697AC5FB51100B3C399A1BC3856C5D.udd" 5930
"C:/Users/shashinda adithya/AppData/Local/UnrealEngine/Common/DerivedDataCache/3/0/9/MATSM_0BA69734E4FD45E082FA4560DBE25454_PCD3D_SM5_8__BC5N_NOCCBN_NOIRIS_DEV_SL___2EA59F70B6DBA4480EDA37673CC6F06E98657A3E.udd" 5931
"C:/Users/shashinda adithya/AppData/Local/UnrealEngine/Common/DerivedDataCache/3/4/2/TEXTURE_E01F4250BECD420DA9CE63B5EECEC2C2_OODLE_AUTODXT_11_C8749A4641EA667F2975__B14A516A5307268C3C835EFB75F9781A199275D3.udd" 5932
"C:/Users/shashinda adithya/AppData/Local/UnrealEngine/Common/DerivedDataCache/5/4/5/TEXTURE_E01F4250BECD420DA9CE63B5EECEC2C2_OODLE_AUTODXT_11_23538310456F327A0CF1__2DCBA59DC77FC260253B92397D2B8575C4D573DC.udd" 5933
"C:/Users/shashinda adithya/AppData/Local/UnrealEngine/Common/DerivedDataCache/1/1/3/TEXTURE_E01F4250BECD420DA9CE63B5EECEC2C2_OODLE_AUTODXT_11_23538310456F327A0CF1__6885BFD45A3163057882AED01750A061BA13AAB8.udd" 5934
"C:/Users/shashinda adithya/AppData/Local/UnrealEngine/Common/DerivedDataCache/6/0/8/TEXTURE_E01F4250BECD420DA9CE63B5EECEC2C2_OODLE_AUTODXT_11_23538310456F327A0CF1__0D44808AFFD21D0DB6D4CFFE8AF5C5AB0B2DA4A0.udd" 5935
"C:/Users/shashinda adithya/AppData/Local/UnrealEngine/Common/DerivedDataCache/4/6/6/TEXTURE_E01F4250BECD420DA9CE63B5EECEC2C2_OODLE_AUTODXT_11_23538310456F327A0CF1__06AB629EE19D244A04362DFBCF694D981B3BB4DD.udd" 5936
"C:/Users/shashinda adithya/AppData/Local/UnrealEngine/Common/DerivedDataCache/0/9/8/TEXTURE_E01F4250BECD420DA9CE63B5EECEC2C2_OODLE_AUTODXT_11_C8749A4641EA667F2975__8A2DF0CB45C1742BA1F2CA699D93A44500C3A61A.udd" 5937
"C:/Users/shashinda adithya/AppData/Local/UnrealEngine/Common/DerivedDataCache/6/7/7/MATSM_0BA69734E4FD45E082FA4560DBE25454_PCD3D_SM5_8__BC5N_NOCCBN_NOIRIS_DEV_SL___EB0C9BD2BCABBAA1D7B71845695A8825987C8950.udd" 5938
"C:/Users/shashinda adithya/AppData/Local/UnrealEngine/Common/DerivedDataCache/8/8/6/TEXTURE_E01F4250BECD420DA9CE63B5EECEC2C2_OODLE_AUTODXT_11_C8749A4641EA667F2975__4CEA75189342CC884FE51B74D5CEF1186CEADC25.udd" 5939
"C:/Users/shashinda adithya/AppData/Local/UnrealEngine/Common/DerivedDataCache/9/5/6/TEXTURE_E01F4250BECD420DA9CE63B5EECEC2C2_OODLE_AUTODXT_11_C8749A4641EA667F2975__C836359BA8300245A242B2791BD6155489CF853E.udd" 5940
"C:/Users/shashinda adithya/AppData/Local/UnrealEngine/Common/DerivedDataCache/0/5/6/TEXTURE_E01F4250BECD420DA9CE63B5EECEC2C2_OODLE_AUTODXT_11_C8749A4641EA667F2975__FE0C355145F1B1028E990C26BDCB6695A061ACB8.udd" 5941
"C:/Users/shashinda adithya/AppData/Local/UnrealEngine/Common/DerivedDataCache/1/2/1/TEXTURE_E01F4250BECD420DA9CE63B5EECEC2C2_OODLE_AUTODXT_11_C8749A4641EA667F2975__86982A17FE40FDD2A0CFF072C74BA8AF68BEF4A2.udd" 5942
"C:/Users/shashinda adithya/AppData/Local/UnrealEngine/Common/DerivedDataCache/7/6/1/MATSM_0BA69734E4FD45E082FA4560DBE25454_PCD3D_SM5_8__BC5N_NOCCBN_NOIRIS_DEV_SL___D0B5EA4FDC4622A6E465AB684458A027A70759B1.udd" 5943
"C:/Users/shashinda adithya/AppData/Local/UnrealEngine/Common/DerivedDataCache/9/4/6/TEXTURE_E01F4250BECD420DA9CE63B5EECEC2C2_OODLE_AUTODXT_11_23538310456F327A0CF1__D79011A5B414CC9294415E27211B260FB1A12EFC.udd" 5944
"C:/Users/shashinda adithya/AppData/Local/UnrealEngine/Common/DerivedDataCache/1/6/8/MATSM_0BA69734E4FD45E082FA4560DBE25454_PCD3D_SM5_8__BC5N_NOCCBN_NOIRIS_DEV_SL___6A856396E39E530D08CCF1F3151E6BE62D5947CD.udd" 5945
"C:/Users/shashinda adithya/AppData/Local/UnrealEngine/Common/DerivedDataCache/9/1/6/TEXTURE_E01F4250BECD420DA9CE63B5EECEC2C2_OODLE_AUTODXT_11_7834B2B94A3C2C2FC044__3B7299AC2B17466774E06DE73B64B468D5F04361.udd" 5946
"C:/Users/shashinda adithya/AppData/Local/UnrealEngine/Common/DerivedDataCache/9/0/8/TEXTURE_E01F4250BECD420DA9CE63B5EECEC2C2_OODLE_DXT1_11_ACD6EDFC472E708EE2B419A__84391B7ECB042F9A2EDC1B5BFD83F0A0080D4174.udd" 5947
"C:/Users/shashinda adithya/AppData/Local/UnrealEngine/Common/DerivedDataCache/0/5/2/TEXTURE_E01F4250BECD420DA9CE63B5EECEC2C2_OODLE_DXT1_11_ACD6EDFC472E708EE2B419A__B4FF8DBD6B0B4C7B025800EC04BE2C36A9F222D1.udd" 5948
"C:/Users/shashinda adithya/AppData/Local/UnrealEngine/Common/DerivedDataCache/0/9/0/TEXTURE_E01F4250BECD420DA9CE63B5EECEC2C2_OODLE_AUTODXT_11_7834B2B94A3C2C2FC044__A865A1A5E8C0124545C62618FAC302A3DBD16948.udd" 5949
"C:/Users/shashinda adithya/AppData/Local/UnrealEngine/Common/DerivedDataCache/1/7/6/TEXTURE_E01F4250BECD420DA9CE63B5EECEC2C2_OODLE_DXT1_11_DA412831474D98DB88BC58B__A90B2D4D74418ED5F08C9933B17109E3ECA98DBC.udd" 5950
"C:/Users/shashinda adithya/AppData/Local/UnrealEngine/Common/DerivedDataCache/6/6/8/TEXTURE_E01F4250BECD420DA9CE63B5EECEC2C2_G8_C21A34DD42A061FB070F828781742F14_0__3F19D4FA618F0681CAAD0B62D819C266FFBD0DBC.udd" 5951
"C:/Users/shashinda adithya/AppData/Local/UnrealEngine/Common/DerivedDataCache/8/1/9/TEXTURE_E01F4250BECD420DA9CE63B5EECEC2C2_OODLE_AUTODXT_11_874920B74E0617947715__9B742311322062CE7084D0D94C0A54C5C333B309.udd" 5952
"C:/Users/shashinda adithya/AppData/Local/UnrealEngine/Common/DerivedDataCache/7/8/5/TEXTURE_E01F4250BECD420DA9CE63B5EECEC2C2_OODLE_DXT1_11_ACD6EDFC472E708EE2B419A__E2D02614EE979BB1DDB2A7B9A4E9E86C53579871.udd" 5953
"C:/Users/shashinda adithya/AppData/Local/UnrealEngine/Common/DerivedDataCache/0/3/1/TEXTURE_E01F4250BECD420DA9CE63B5EECEC2C2_OODLE_AUTODXT_11_7834B2B94A3C2C2FC044__9A0120ABAFDB1BBE0179D5814AB8376D55027825.udd" 5954
"C:/Users/shashinda adithya/AppData/Local/UnrealEngine/Common/DerivedDataCache/9/7/1/SKELETALMESH_91550326BADA436B92C8BF16C910465C_516AD6A96F4A1937B2594C56CA994BF6__A3BA2E93E5827B1BAAE67BB0A26F5D27C656EE0B.udd" 5955
"C:/Users/shashinda adithya/AppData/Local/UnrealEngine/Common/DerivedDataCache/6/4/6/TEXTURE_E01F4250BECD420DA9CE63B5EECEC2C2_G8_DE647F6B4057961B4532E5A4FE3546B8_0__351F6DD1C21AAC0EAFE1FB011DB48128B5CA248D.udd" 5956
"C:/Users/shashinda adithya/AppData/Local/UnrealEngine/Common/DerivedDataCache/2/3/4/TEXTURE_E01F4250BECD420DA9CE63B5EECEC2C2_G8_C21A34DD42A061FB070F828781742F14_0__437BC0F70566C97E43BF971CEDF70A63FB560EDD.udd" 5957
"C:/Users/shashinda adithya/AppData/Local/UnrealEngine/Common/DerivedDataCache/4/8/8/TEXTURE_E01F4250BECD420DA9CE63B5EECEC2C2_OODLE_AUTODXT_11_A074E1274AB090136F9E__978CE404E51215EA41FE9660399406CDA38C1D17.udd" 5958
"C:/Users/shashinda adithya/AppData/Local/UnrealEngine/Common/DerivedDataCache/4/6/6/TEXTURE_E01F4250BECD420DA9CE63B5EECEC2C2_OODLE_AUTODXT_11_A074E1274AB090136F9E__8A58F2D828D8FFE55C60CC9642E5CD720C2DD7DE.udd" 5959
"C:/Users/shashinda adithya/AppData/Local/UnrealEngine/Common/DerivedDataCache/2/5/8/TEXTURE_E01F4250BECD420DA9CE63B5EECEC2C2_OODLE_AUTODXT_11_A074E1274AB090136F9E__92C8B47F85E063AA10206F55E644B4ADEB7E34A2.udd" 5960
"C:/Users/shashinda adithya/AppData/Local/UnrealEngine/Common/DerivedDataCache/1/2/1/TEXTURE_E01F4250BECD420DA9CE63B5EECEC2C2_OODLE_BC5_11_B316F28648F3C700DF6158BA__CA5EB146B01B849CF82314E2C77373D3C265D57D.udd" 5961
"C:/Users/shashinda adithya/AppData/Local/UnrealEngine/Common/DerivedDataCache/3/6/5/TEXTURE_E01F4250BECD420DA9CE63B5EECEC2C2_OODLE_BC5_11_B316F28648F3C700DF6158BA__095BEBBAF2D1CE7D0FB2DDE85E402CFE05C3D7BF.udd" 5962
"C:/Users/shashinda adithya/AppData/Local/UnrealEngine/Common/DerivedDataCache/8/9/6/TEXTURE_E01F4250BECD420DA9CE63B5EECEC2C2_OODLE_BC5_11_B316F28648F3C700DF6158BA__4B06B79A21B08C0FF5C9DB6CC1E9493787576922.udd" 5963
"C:/Users/shashinda adithya/AppData/Local/UnrealEngine/Common/DerivedDataCache/7/2/1/TEXTURE_E01F4250BECD420DA9CE63B5EECEC2C2_OODLE_BC5_11_B316F28648F3C700DF6158BA__41ABF8C34579B31B7598B70BAD629B1E32994974.udd" 5964
"C:/Users/shashinda adithya/AppData/Local/UnrealEngine/Common/DerivedDataCache/9/0/3/TEXTURE_E01F4250BECD420DA9CE63B5EECEC2C2_OODLE_BC5_11_B316F28648F3C700DF6158BA__6F0A7F1A3E3212E2C223235B8B747976A971EC2E.udd" 5965
"C:/Users/shashinda adithya/AppData/Local/UnrealEngine/Common/DerivedDataCache/1/6/2/TEXTURE_E01F4250BECD420DA9CE63B5EECEC2C2_RGBA16F_9CCF4B7B407C2DA3086FDCBBCA2F0__C4631D31F25A581E2D2B3101D21B735017B1AFB0.udd" 5966
"C:/Users/shashinda adithya/AppData/Local/UnrealEngine/Common/DerivedDataCache/0/2/2/TEXTURE_E01F4250BECD420DA9CE63B5EECEC2C2_RGBA16F_75B9A5C24FD2FA0B7030F2AC63D8C__1A49BF80E05DD53E4E5E87E664616C992A6CCFE7.udd" 5967
"C:/Users/shashinda adithya/AppData/Local/UnrealEngine/Common/DerivedDataCache/8/0/2/TEXTURE_E01F4250BECD420DA9CE63B5EECEC2C2_OODLE_BC5_11_6DF659F845E3580B22A546B6__011EB1682A04F4893FEC37ABC17DEC4B8E6E5038.udd" 5968
"C:/Users/shashinda adithya/AppData/Local/UnrealEngine/Common/DerivedDataCache/5/8/8/TEXTURE_E01F4250BECD420DA9CE63B5EECEC2C2_OODLE_BC5_11_6DF659F845E3580B22A546B6__C438C442CAE0EADFB61CBCC4AFF204B866A153B3.udd" 5969
"C:/Users/shashinda adithya/AppData/Local/UnrealEngine/Common/DerivedDataCache/5/0/8/TEXTURE_E01F4250BECD420DA9CE63B5EECEC2C2_OODLE_BC5_11_6DF659F845E3580B22A546B6__31B9E08694EF7FE1B45F03C9984C41A1BE3BBBE4.udd" 5970
"C:/Users/shashinda adithya/AppData/Local/UnrealEngine/Common/DerivedDataCache/9/7/3/TEXTURE_E01F4250BECD420DA9CE63B5EECEC2C2_OODLE_AUTODXT_11_FAECCC4D41218DA7B665__784C91D77EC0B67169C266D7CD6A1D45190C71B7.udd" 5971
"C:/Users/shashinda adithya/AppData/Local/UnrealEngine/Common/DerivedDataCache/3/6/4/TEXTURE_E01F4250BECD420DA9CE63B5EECEC2C2_OODLE_BC5_11_6DF659F845E3580B22A546B6__A662CC0A4EAD505FBDDFCAD4B244FB07C3E5FE55.udd" 5972
"C:/Users/shashinda adithya/AppData/Local/UnrealEngine/Common/DerivedDataCache/4/4/0/TEXTURE_E01F4250BECD420DA9CE63B5EECEC2C2_OODLE_BC5_11_6DF659F845E3580B22A546B6__DDF75060EC2E057BA2E72F71CADFA32DCAE49460.udd" 5973
"C:/Users/shashinda adithya/AppData/Local/UnrealEngine/Common/DerivedDataCache/6/5/1/TEXTURE_E01F4250BECD420DA9CE63B5EECEC2C2_OODLE_BC5_11_6DF659F845E3580B22A546B6__818B96370E669FEF8E23D782491EF32486E6563A.udd" 5974
"C:/Users/shashinda adithya/AppData/Local/UnrealEngine/Common/DerivedDataCache/3/0/7/TEXTURE_E01F4250BECD420DA9CE63B5EECEC2C2_OODLE_AUTODXT_11_0AC1CA844E9B2C50635B__DCE858CAE268BF09042B76504FB83EBFE90CB5C6.udd" 5975
"C:/Users/shashinda adithya/AppData/Local/UnrealEngine/Common/DerivedDataCache/2/1/8/TEXTURE_E01F4250BECD420DA9CE63B5EECEC2C2_OODLE_AUTODXT_11_0AC1CA844E9B2C50635B__62431454813B91E114CA833235F4DAD2DC10A34D.udd" 5976
"C:/Users/shashinda adithya/AppData/Local/UnrealEngine/Common/DerivedDataCache/4/6/4/TEXTURE_E01F4250BECD420DA9CE63B5EECEC2C2_OODLE_AUTODXT_11_0AC1CA844E9B2C50635B__2BE151026E0013FCF11D1A957899C45C4741589C.udd" 5977
"C:/Users/shashinda adithya/AppData/Local/UnrealEngine/Common/DerivedDataCache/7/0/7/TEXTURE_E01F4250BECD420DA9CE63B5EECEC2C2_OODLE_AUTODXT_11_0AC1CA844E9B2C50635B__65A20ABF43126267B60AE40FA185E2BA8BDC58A8.udd" 5978
"C:/Users/shashinda adithya/AppData/Local/UnrealEngine/Common/DerivedDataCache/3/2/8/TEXTURE_E01F4250BECD420DA9CE63B5EECEC2C2_OODLE_BC5_11_04C86EE84CB869E30D2E91B3__DC84784664ABAB8CF996B769010244F69AD0BA8C.udd" 5979
"C:/Users/shashinda adithya/AppData/Local/UnrealEngine/Common/DerivedDataCache/7/1/2/TEXTURE_E01F4250BECD420DA9CE63B5EECEC2C2_OODLE_BC5_11_04C86EE84CB869E30D2E91B3__5A02A4574453A838F208D4F98E56E1550BFDF9D1.udd" 5980
"C:/Users/shashinda adithya/AppData/Local/UnrealEngine/Common/DerivedDataCache/9/0/3/TEXTURE_E01F4250BECD420DA9CE63B5EECEC2C2_OODLE_BC5_11_04C86EE84CB869E30D2E91B3__B0A2614B38DF366414F76F79DCA5EF551B8A1965.udd" 5981
"C:/Users/shashinda adithya/AppData/Local/UnrealEngine/Common/DerivedDataCache/7/1/5/TEXTURE_E01F4250BECD420DA9CE63B5EECEC2C2_OODLE_BC5_11_04C86EE84CB869E30D2E91B3__83FD3EE13FA132ECE533D44F6BEB16E211B99C89.udd" 5982
"C:/Users/shashinda adithya/AppData/Local/UnrealEngine/Common/DerivedDataCache/8/3/3/TEXTURE_E01F4250BECD420DA9CE63B5EECEC2C2_OODLE_BC5_11_04C86EE84CB869E30D2E91B3__C65DE60C517CCF6D98A09E7CF7C1731E6A3F5167.udd" 5983
"C:/Users/shashinda adithya/AppData/Local/UnrealEngine/Common/DerivedDataCache/4/8/2/TEXTURE_E01F4250BECD420DA9CE63B5EECEC2C2_OODLE_BC5_11_04C86EE84CB869E30D2E91B3__48A6886349654B4DB3A567EA4622F9FEFF12CFFF.udd" 5984
"C:/Users/shashinda adithya/AppData/Local/UnrealEngine/Common/DerivedDataCache/5/7/3/TEXTURE_E01F4250BECD420DA9CE63B5EECEC2C2_OODLE_AUTODXT_11_7782355B45E33F875912__CEC633B55F336ED634ADA1085EB435FC24A28945.udd" 5985
"C:/Users/shashinda adithya/AppData/Local/UnrealEngine/Common/DerivedDataCache/0/5/3/TEXTURE_E01F4250BECD420DA9CE63B5EECEC2C2_OODLE_AUTODXT_11_7782355B45E33F875912__FA861F8FAF1878AA5541990A400328276FC342B6.udd" 5986
"C:/Users/shashinda adithya/AppData/Local/UnrealEngine/Common/DerivedDataCache/7/6/4/TEXTURE_E01F4250BECD420DA9CE63B5EECEC2C2_OODLE_AUTODXT_11_7782355B45E33F875912__659E8B5CB6BC7E5E822796EB1E4A1E62A33FEFA9.udd" 5987
"C:/Users/shashinda adithya/AppData/Local/UnrealEngine/Common/DerivedDataCache/6/2/5/TEXTURE_E01F4250BECD420DA9CE63B5EECEC2C2_OODLE_AUTODXT_11_7782355B45E33F875912__53C4BAA0A0C7D0C3EB7E6CCB42DBA82FE22EF2D3.udd" 5988
"C:/Users/shashinda adithya/AppData/Local/UnrealEngine/Common/DerivedDataCache/3/6/0/TEXTURE_E01F4250BECD420DA9CE63B5EECEC2C2_OODLE_AUTODXT_11_7782355B45E33F875912__BB38708112E556416B242F83FA37669F0D7855B3.udd" 5989
"C:/Users/shashinda adithya/AppData/Local/UnrealEngine/Common/DerivedDataCache/0/3/7/TEXTURE_E01F4250BECD420DA9CE63B5EECEC2C2_OODLE_AUTODXT_11_7782355B45E33F875912__F8C938F0AF89B4AC0B302D5A1A32AA7348E98662.udd" 5990
"C:/Users/shashinda adithya/AppData/Local/UnrealEngine/Common/DerivedDataCache/1/8/7/PHYSX_A08609EF508D460CBB6710540B03AACF_PHYSXPC_7A14E39545845B2C0A2652B0BD3FC4F__717131E81CFE263034395F750C4F763B77BA97E2.udd" 5991
"C:/Users/shashinda adithya/AppData/Local/UnrealEngine/Common/DerivedDataCache/1/2/6/NAVCOLLISION_2983273BE5D6425391E8C0B3D1C0A55D_NAVCOLLISION_X_7A14E39545845B2C0__1B93162F055DE209899A236E9A9A491F55859F62.udd" 5992
"C:/Users/shashinda adithya/AppData/Local/UnrealEngine/Common/DerivedDataCache/7/4/7/STATICMESH_9CE2B6FB46754B699726C4AA1515F12E_228332BAE0224DD294E232B87D83948FQU__655D0801DC10A16075D895EC8929527D3C538BFA.udd" 5993
"C:/Users/shashinda adithya/AppData/Local/UnrealEngine/Common/DerivedDataCache/3/9/1/PHYSX_A08609EF508D460CBB6710540B03AACF_PHYSXPC_0E0C8288428F8D5BE0CF9EB978BEC40__D59C5B6093E9D1897B734CEB3923B8293228024D.udd" 5994
"C:/Users/shashinda adithya/AppData/Local/UnrealEngine/Common/DerivedDataCache/1/2/3/NAVCOLLISION_2983273BE5D6425391E8C0B3D1C0A55D_NAVCOLLISION_X_0E0C8288428F8D5BE__65A760F2C8220BC8CB52EE2B0ED7D8F34B7CFF1F.udd" 5995
"C:/Users/shashinda adithya/AppData/Local/UnrealEngine/Common/DerivedDataCache/5/6/8/MATSM_0BA69734E4FD45E082FA4560DBE25454_PCD3D_SM5_8__BC5N_NOCCBN_NOIRIS_DEV_SL___0E3415D0625DC8B2B29581C18059A121518017E3.udd" 5996
"C:/Users/shashinda adithya/AppData/Local/UnrealEngine/Common/DerivedDataCache/0/6/0/TEXTURE_E01F4250BECD420DA9CE63B5EECEC2C2_OODLE_AUTODXT_11_2F739EB84CCDE765DFEB__AB3CCAD077C30FA60617A74DA2ADD3B25BF8B20A.udd" 5997
"C:/Users/shashinda adithya/AppData/Local/UnrealEngine/Common/DerivedDataCache/4/7/5/TEXTURE_E01F4250BECD420DA9CE63B5EECEC2C2_OODLE_AUTODXT_11_2F739EB84CCDE765DFEB__298E9FAB9F8626B7FCA3218AB8A62954ACDA833C.udd" 5998
"C:/Users/shashinda adithya/AppData/Local/UnrealEngine/Common/DerivedDataCache/9/9/5/TEXTURE_E01F4250BECD420DA9CE63B5EECEC2C2_OODLE_AUTODXT_11_2F739EB84CCDE765DFEB__F4689C4306D1E5D7692369D7A468A527E1501B63.udd" 5999
"C:/Users/shashinda adithya/AppData/Local/UnrealEngine/Common/DerivedDataCache/2/3/5/TEXTURE_E01F4250BECD420DA9CE63B5EECEC2C2_OODLE_AUTODXT_11_2F739EB84CCDE765DFEB__663AD4A1A9EC8012A055D9CF88952410A5D44163.udd" 6000
"C:/Users/shashinda adithya/AppData/Local/UnrealEngine/Common/DerivedDataCache/3/1/0/TEXTURE_E01F4250BECD420DA9CE63B5EECEC2C2_OODLE_AUTODXT_11_2F739EB84CCDE765DFEB__F62DE4765CF2CACC253D24A54D88B06DBFE9EFEE.udd" 6001
"C:/Users/shashinda adithya/AppData/Local/UnrealEngine/Common/DerivedDataCache/4/0/2/TEXTURE_E01F4250BECD420DA9CE63B5EECEC2C2_OODLE_AUTODXT_11_2F739EB84CCDE765DFEB__176722DC55A16495BC97C8D4609269793492BDA6.udd" 6002
"C:/Users/shashinda adithya/AppData/Local/UnrealEngine/Common/DerivedDataCache/2/7/5/MATSM_0BA69734E4FD45E082FA4560DBE25454_PCD3D_SM5_8__BC5N_NOCCBN_NOIRIS_DEV_SL___BCABAE7FBAB02024E753B530360C57D73C5EAAB4.udd" 6003
"C:/Users/shashinda adithya/AppData/Local/UnrealEngine/Common/DerivedDataCache/1/7/4/TEXTURE_E01F4250BECD420DA9CE63B5EECEC2C2_OODLE_AUTODXT_11_2DC68A7343078C94EA55__6B694CB371D09F6BE29EFE61885A5EC596DAACEB.udd" 6004
"C:/Users/shashinda adithya/AppData/Local/UnrealEngine/Common/DerivedDataCache/1/1/8/TEXTURE_E01F4250BECD420DA9CE63B5EECEC2C2_OODLE_AUTODXT_11_2DC68A7343078C94EA55__6874A609EE8D405A6FB4546C2D7714E22EBBB191.udd" 6005
"C:/Users/shashinda adithya/AppData/Local/UnrealEngine/Common/DerivedDataCache/3/8/6/TEXTURE_E01F4250BECD420DA9CE63B5EECEC2C2_OODLE_AUTODXT_11_2DC68A7343078C94EA55__5E3162B1D6636E04D484029CBCC5E0915CE07718.udd" 6006
"C:/Users/shashinda adithya/AppData/Local/UnrealEngine/Common/DerivedDataCache/6/8/6/TEXTURE_E01F4250BECD420DA9CE63B5EECEC2C2_OODLE_AUTODXT_11_2DC68A7343078C94EA55__E2E5B51959981BFFEE409F1C9FFF77C5055D94FF.udd" 6007
"C:/Users/shashinda adithya/AppData/Local/UnrealEngine/Common/DerivedDataCache/9/5/5/TEXTURE_E01F4250BECD420DA9CE63B5EECEC2C2_OODLE_AUTODXT_11_2DC68A7343078C94EA55__43A278999067A506F73B3D60ECD466E34443B5C0.udd" 6008
"C:/Users/shashinda adithya/AppData/Local/UnrealEngine/Common/DerivedDataCache/5/3/5/TEXTURE_E01F4250BECD420DA9CE63B5EECEC2C2_OODLE_AUTODXT_11_2DC68A7343078C94EA55__C15AB31BCED2CCD81BFCB62233E2A0714EA232D9.udd" 6009
